fpr,tpr
0.0,0.0
1.560378859987205e-05,0.0
7.801894299936025e-05,0.0
7.801894299936025e-05,0.00017943656917279743
9.362273159923229e-05,0.00017943656917279743
9.362273159923229e-05,0.0005383097075183922
0.00010922652019910435,0.0005383097075183922
0.00010922652019910435,0.0007177462766911897
0.00014043409739884844,0.0007177462766911897
0.00014043409739884844,0.0010766194150367845
0.0001560378859987205,0.0010766194150367845
0.0001560378859987205,0.001256055984209582
0.00017164167459859253,0.001256055984209582
0.00017164167459859253,0.0016149291225551767
0.00020284925179833664,0.0016149291225551767
0.00020284925179833664,0.0019738022609007717
0.000312075771997441,0.0019738022609007717
0.000312075771997441,0.002153238830073569
0.00034328334919718506,0.002153238830073569
0.00034328334919718506,0.002332675399246366
0.00039009471499680125,0.002332675399246366
0.00039009471499680125,0.002691548537591961
0.0004056985035966733,0.002691548537591961
0.0004056985035966733,0.002870985106764759
0.0004213022921965453,0.002870985106764759
0.0004213022921965453,0.003409294814283151
0.0004369060807964174,0.003409294814283151
0.0004369060807964174,0.0035887313834559484
0.0004525098693962894,0.0035887313834559484
0.0004525098693962894,0.004485914229319935
0.00048371744659603353,0.004485914229319935
0.00048371744659603353,0.005383097075183922
0.0004993212351959056,0.005383097075183922
0.0004993212351959056,0.00556253364435672
0.0005617363895953938,0.00556253364435672
0.0005617363895953938,0.005741970213529518
0.0005929439667951378,0.005741970213529518
0.0005929439667951378,0.005921406782702315
0.000624151543994882,0.005921406782702315
0.000624151543994882,0.006100843351875112
0.0006553591211946261,0.006100843351875112
0.0006553591211946261,0.0062802799210479095
0.0007645856413937304,0.0062802799210479095
0.0007645856413937304,0.006459716490220707
0.0007801894299936025,0.006459716490220707
0.0007801894299936025,0.006639153059393504
0.0008270007957932186,0.006639153059393504
0.0008270007957932186,0.007177462766911897
0.0008738121615928348,0.007177462766911897
0.0008738121615928348,0.007356899336084694
0.0009206235273924509,0.007356899336084694
0.0009206235273924509,0.007536335905257491
0.000951831104592195,0.007536335905257491
0.000951831104592195,0.0077157724744302885
0.0010922652019910435,0.0077157724744302885
0.0010922652019910435,0.007895209043603087
0.0011546803563905316,0.007895209043603087
0.0011546803563905316,0.008254082181948681
0.0012014917221901478,0.008254082181948681
0.0012014917221901478,0.00897182845863987
0.0012170955107900197,0.00897182845863987
0.0012170955107900197,0.009330701596985465
0.001248303087989764,0.009330701596985465
0.001248303087989764,0.009510138166158264
0.0013263220309891242,0.009510138166158264
0.0013263220309891242,0.010227884442849453
0.0013419258195889962,0.010227884442849453
0.0013419258195889962,0.01040732101202225
0.0014043409739884845,0.01040732101202225
0.0014199447625883564,0.010586757581195047
0.0014355485511882286,0.010586757581195047
0.0014355485511882286,0.010766194150367845
0.0014667561283879726,0.010766194150367845
0.0014667561283879726,0.010945630719540642
0.0014979637055877167,0.010945630719540642
0.0014979637055877167,0.01112506728871344
0.0015291712827874607,0.01112506728871344
0.0015291712827874607,0.011304503857886236
0.001591586437186949,0.011304503857886236
0.001591586437186949,0.011483940427059035
0.001607190225786821,0.011483940427059035
0.001607190225786821,0.011663376996231833
0.0017008129573860534,0.011663376996231833
0.0017008129573860534,0.01184281356540463
0.0017164167459859253,0.01184281356540463
0.0017164167459859253,0.012022250134577427
0.0017476243231856696,0.012022250134577427
0.0017476243231856696,0.012381123272923022
0.0018100394775851577,0.012381123272923022
0.0018100394775851577,0.012560559842095819
0.0018256432661850298,0.012560559842095819
0.0018256432661850298,0.013098869549614211
0.0018568508433847739,0.013098869549614211
0.0018568508433847739,0.013278306118787008
0.0019348697863841341,0.013278306118787008
0.0019348697863841341,0.013457742687959805
0.001966077363583878,0.013457742687959805
0.001966077363583878,0.013637179257132604
0.0020284925179833665,0.013637179257132604
0.0020284925179833665,0.013816615826305402
0.0020597000951831103,0.013816615826305402
0.0020597000951831103,0.013996052395478199
0.0021221152495825985,0.013996052395478199
0.0021221152495825985,0.014354925533823793
0.002137719038182471,0.014354925533823793
0.002137719038182471,0.015072671810514983
0.0021689266153822146,0.015072671810514983
0.0021689266153822146,0.01525210837968778
0.002231341769781703,0.01525210837968778
0.002231341769781703,0.015431544948860577
0.002246945558381575,0.015431544948860577
0.002246945558381575,0.015610981518033374
0.0022937569241811913,0.015610981518033374
0.0022937569241811913,0.015790418087206173
0.0023873796557804237,0.015790418087206173
0.0023873796557804237,0.01596985465637897
0.0024653985987797837,0.01596985465637897
0.0024653985987797837,0.016149291225551768
0.002496606175979528,0.016149291225551768
0.002496606175979528,0.016508164363897362
0.002527813753179272,0.016508164363897362
0.002527813753179272,0.017584783778934146
0.002543417541779144,0.017584783778934146
0.002543417541779144,0.017764220348106943
0.00259022890757876,0.017764220348106943
0.00259022890757876,0.01794365691727974
0.0026526440619782485,0.01794365691727974
0.0026526440619782485,0.018302530055625335
0.0027150592163777366,0.018302530055625335
0.0027150592163777366,0.018481966624798132
0.002761870582177353,0.018481966624798132
0.002761870582177353,0.01866140319397093
0.002761870582177353,0.019020276332316528
0.002761870582177353,0.01955858603983492
0.0027930781593770966,0.01955858603983492
0.0027930781593770966,0.019738022609007717
0.002824285736576841,0.019738022609007717
0.002824285736576841,0.019917459178180514
0.002902304679576201,0.019917459178180514
0.002902304679576201,0.02027633231652611
0.0030115311997753053,0.02027633231652611
0.0030115311997753053,0.020635205454871703
0.0030895501427746657,0.020635205454871703
0.0030895501427746657,0.021352951731562892
0.0031051539313745376,0.021352951731562892
0.0031051539313745376,0.02153238830073569
0.003136361508574282,0.02153238830073569
0.003136361508574282,0.021711824869908487
0.0031675690857740258,0.021711824869908487
0.0031675690857740258,0.021891261439081284
0.0032299842401735143,0.021891261439081284
0.0032299842401735143,0.02225013457742688
0.0033236069717727463,0.02225013457742688
0.0033236069717727463,0.022429571146599676
0.0033392107603726186,0.022429571146599676
0.0033392107603726186,0.022609007715772473
0.003386022126172235,0.022609007715772473
0.003386022126172235,0.02296788085411807
0.0034172297033719786,0.02296788085411807
0.0034172297033719786,0.023147317423290868
0.0034328334919718506,0.023147317423290868
0.0034328334919718506,0.024044500269154855
0.0035576638007708272,0.024044500269154855
0.0035576638007708272,0.024223936838327652
0.003573267589370699,0.024223936838327652
0.003573267589370699,0.02440337340750045
0.0036668903209699315,0.02440337340750045
0.0036668903209699315,0.024582809976673246
0.003698097898169676,0.024582809976673246
0.003698097898169676,0.024762246545846044
0.0037137016867695477,0.024762246545846044
0.0037137016867695477,0.02494168311501884
0.0037449092639692916,0.02494168311501884
0.0037449092639692916,0.025300556253364435
0.003776116841169036,0.025300556253364435
0.003776116841169036,0.02565942939171003
0.0037917206297689078,0.02565942939171003
0.0037917206297689078,0.025838865960882827
0.003838531995568524,0.025838865960882827
0.003838531995568524,0.026197739099228422
0.00388534336136814,0.026197739099228422
0.00388534336136814,0.026556612237574016
0.003900947149968012,0.026556612237574016
0.003900947149968012,0.026736048806746814
0.0039945698815672444,0.026736048806746814
0.0039945698815672444,0.02691548537591961
0.004119400190366221,0.02691548537591961
0.004119400190366221,0.02727435851426521
0.004135003978966093,0.02727435851426521
0.004135003978966093,0.027453795083438006
0.004197419133365582,0.027453795083438006
0.004197419133365582,0.027633231652610803
0.004213022921965453,0.027633231652610803
0.004213022921965453,0.0278126682217836
0.004259834287765069,0.0278126682217836
0.004291041864964813,0.0278126682217836
0.004369060807964174,0.0278126682217836
0.004369060807964174,0.028171541360129195
0.004400268385163918,0.028171541360129195
0.004400268385163918,0.028889287636820384
0.004431475962363662,0.028889287636820384
0.004431475962363662,0.02906872420599318
0.004478287328163278,0.02906872420599318
0.004478287328163278,0.02924816077516598
0.004509494905363023,0.02924816077516598
0.004509494905363023,0.029427597344338776
0.004556306271162638,0.029427597344338776
0.004556306271162638,0.029607033913511573
0.004603117636962254,0.029607033913511573
0.004603117636962254,0.02978647048268437
0.00464992900276187,0.02978647048268437
0.00464992900276187,0.029965907051857168
0.004665532791361743,0.029965907051857168
0.004665532791361743,0.030145343621029965
0.004712344157161359,0.030145343621029965
0.004712344157161359,0.030324780190202762
0.004790363100160719,0.030324780190202762
0.004790363100160719,0.03050421675937556
0.004805966888760591,0.03050421675937556
0.004805966888760591,0.030863089897721154
0.004868382043160079,0.030863089897721154
0.004868382043160079,0.03122196303606675
0.004883985831759951,0.03122196303606675
0.004883985831759951,0.03140139960523955
0.004899589620359824,0.03140139960523955
0.004899589620359824,0.031760272743585144
0.004993212351959056,0.031760272743585144
0.004993212351959056,0.03193970931275794
0.0050244199291588,0.03193970931275794
0.0050244199291588,0.032298582451103536
0.005055627506358544,0.032298582451103536
0.005055627506358544,0.03247801902027633
0.005071231294958416,0.03247801902027633
0.005071231294958416,0.03283689215862193
0.00510243887215816,0.03283689215862193
0.00510243887215816,0.033016328727794725
0.005118042660758032,0.033016328727794725
0.005118042660758032,0.03355463843531312
0.005133646449357904,0.03355463843531312
0.005133646449357904,0.033734075004485914
0.005227269180957136,0.033734075004485914
0.005227269180957136,0.03391351157365871
0.005274080546756752,0.03391351157365871
0.005274080546756752,0.03409294814283151
0.005336495701156241,0.03409294814283151
0.005336495701156241,0.034272384712004306
0.005492533587154961,0.034272384712004306
0.005492533587154961,0.0348106944195227
0.005508137375754833,0.0348106944195227
0.005508137375754833,0.034990130988695495
0.0055549487415544494,0.034990130988695495
0.0055549487415544494,0.03516956755786829
0.005601760107354066,0.03516956755786829
0.005601760107354066,0.03534900412704109
0.0056329676845538095,0.03534900412704109
0.0056329676845538095,0.035707877265386684
0.005679779050353426,0.035707877265386684
0.005679779050353426,0.03606675040373228
0.005773401781952658,0.03606675040373228
0.005773401781952658,0.036246186972905076
0.00578900557055253,0.036246186972905076
0.00578900557055253,0.03660506011125067
0.005820213147752274,0.03660506011125067
0.005820213147752274,0.03678449668042347
0.005835816936352147,0.03678449668042347
0.0058670245135518904,0.036963933249596265
0.005882628302151763,0.036963933249596265
0.005882628302151763,0.03714336981876906
0.005898232090751634,0.03714336981876906
0.005898232090751634,0.03732280638794186
0.005929439667951379,0.03732280638794186
0.005929439667951379,0.03750224295711466
0.0059450434565512505,0.03750224295711466
0.0059450434565512505,0.038040552664633055
0.006132288919749715,0.038040552664633055
0.006132288919749715,0.03821998923380585
0.006163496496949459,0.03821998923380585
0.006194704074149204,0.03821998923380585
0.006194704074149204,0.03857886237215145
0.006225911651348948,0.03857886237215145
0.006225911651348948,0.038758298941324244
0.0062571192285486915,0.038758298941324244
0.0062571192285486915,0.03893773551049704
0.006303930594348308,0.03893773551049704
0.006303930594348308,0.03911717207966984
0.0063351381715480515,0.03911717207966984
0.0063351381715480515,0.039296608648842636
0.0064755722689469,0.039296608648842636
0.0064755722689469,0.03947604521801543
0.0064911760575467724,0.03947604521801543
0.0064911760575467724,0.040014354925533825
0.00655359121194626,0.040014354925533825
0.00655359121194626,0.04037322806387942
0.006616006366345749,0.04037322806387942
0.006616006366345749,0.04055266463305222
0.006631610154945621,0.04055266463305222
0.006631610154945621,0.040732101202225014
0.006662817732145365,0.040732101202225014
0.006662817732145365,0.04109097434057061
0.006725232886544853,0.04109097434057061
0.006725232886544853,0.0414498474789162
0.00677204425234447,0.0414498474789162
0.00677204425234447,0.041629284048089
0.006818855618144086,0.041629284048089
0.006818855618144086,0.041988157186434595
0.006834459406743957,0.041988157186434595
0.006834459406743957,0.04216759375560739
0.006865666983943701,0.04216759375560739
0.006865666983943701,0.042705903463125784
0.0068812707725435735,0.042705903463125784
0.0068812707725435735,0.04288534003229858
0.006896874561143446,0.04288534003229858
0.006896874561143446,0.04306477660147138
0.006912478349743317,0.04306477660147138
0.006912478349743317,0.043244213170644176
0.006943685926943062,0.043244213170644176
0.006943685926943062,0.04342364973981697
0.0069592897155429335,0.04342364973981697
0.0069592897155429335,0.04360308630898977
0.006974893504142806,0.04360308630898977
0.006974893504142806,0.04378252287816257
0.006990497292742678,0.04378252287816257
0.006990497292742678,0.043961959447335365
0.00700610108134255,0.043961959447335365
0.00700610108134255,0.04450026915485376
0.007068516235742038,0.04450026915485376
0.007068516235742038,0.044679705724026554
0.007099723812941782,0.044679705724026554
0.007099723812941782,0.04485914229319935
0.0071153276015416544,0.04485914229319935
0.0071153276015416544,0.04503857886237215
0.007146535178741398,0.04503857886237215
0.007146535178741398,0.045218015431544946
0.007208950333140887,0.045218015431544946
0.007208950333140887,0.04539745200071774
0.007255761698940503,0.04539745200071774
0.007255761698940503,0.04557688856989054
0.007286969276140247,0.04557688856989054
0.007286969276140247,0.04575632513906334
0.007349384430539735,0.04575632513906334
0.007349384430539735,0.04593576170823614
0.007364988219139607,0.04593576170823614
0.007364988219139607,0.04611519827740894
0.007380592007739479,0.04611519827740894
0.007380592007739479,0.046294634846581736
0.007396195796339352,0.046294634846581736
0.007396195796339352,0.04683294455410013
0.007489818527938583,0.04683294455410013
0.007489818527938583,0.047012381123272926
0.007521026105138328,0.047012381123272926
0.007521026105138328,0.04755069083079132
0.0075834412595378155,0.04755069083079132
0.0075834412595378155,0.047730127399964115
0.007630252625337432,0.047730127399964115
0.007630252625337432,0.04808900053830971
0.007645856413937304,0.04808900053830971
0.007645856413937304,0.048268437107482506
0.007677063991137048,0.048268437107482506
0.007677063991137048,0.048447873676655304
0.00769266777973692,0.048447873676655304
0.00769266777973692,0.0486273102458281
0.007755082934136408,0.0486273102458281
0.007755082934136408,0.048986183384173695
0.00777068672273628,0.048986183384173695
0.00777068672273628,0.04934505652251929
0.007801894299936024,0.04934505652251929
0.007801894299936024,0.049703929660864885
0.007833101877135769,0.049703929660864885
0.007833101877135769,0.050242239368383276
0.007895517031535257,0.050242239368383276
0.007895517031535257,0.05060111250672887
0.007989139763134489,0.05060111250672887
0.007989139763134489,0.050959985645074465
0.008051554917533977,0.050959985645074465
0.008051554917533977,0.05113942221424726
0.008113970071933466,0.05113942221424726
0.008113970071933466,0.05149829535259286
0.008223196592132569,0.05149829535259286
0.008223196592132569,0.052216041629284046
0.008238800380732441,0.052216041629284046
0.008238800380732441,0.052395478198456844
0.008316819323731801,0.052395478198456844
0.008316819323731801,0.05257491476762964
0.008332423112331674,0.05257491476762964
0.008332423112331674,0.05275435133680244
0.008426045843930906,0.05275435133680244
0.008426045843930906,0.05311322447514803
0.008472857209730523,0.05311322447514803
0.008472857209730523,0.05329266104432083
0.008488460998330394,0.05329266104432083
0.008488460998330394,0.05347209761349363
0.008504064786930266,0.05347209761349363
0.008504064786930266,0.05383097075183922
0.008597687518529499,0.05383097075183922
0.008597687518529499,0.05401040732101202
0.008628895095729243,0.05401040732101202
0.008628895095729243,0.05418984389018482
0.008660102672928988,0.05418984389018482
0.008660102672928988,0.05436928045935762
0.008706914038728603,0.05436928045935762
0.008706914038728603,0.05454871702853042
0.008753725404528219,0.05454871702853042
0.008753725404528219,0.054728153597703215
0.008847348136127451,0.054728153597703215
0.008862951924727323,0.05490759016687601
0.008878555713327196,0.05490759016687601
0.008878555713327196,0.05508702673604881
0.008956574656326556,0.05508702673604881
0.008956574656326556,0.05526646330522161
0.008972178444926428,0.05526646330522161
0.008972178444926428,0.055445899874394404
0.009034593599325916,0.055445899874394404
0.009034593599325916,0.0556253364435672
0.009097008753725405,0.0556253364435672
0.009097008753725405,0.05580477301274
0.009112612542325276,0.05580477301274
0.009112612542325276,0.05634308272025839
0.009128216330925148,0.05634308272025839
0.009128216330925148,0.05652251928943119
0.009190631485324638,0.05652251928943119
0.009190631485324638,0.056701955858603985
0.009253046639724125,0.056701955858603985
0.009253046639724125,0.05706082899694958
0.009346669371323358,0.05706082899694958
0.009346669371323358,0.057419702135295174
0.00944029210292259,0.057419702135295174
0.00944029210292259,0.05759913870446797
0.009487103468722205,0.05759913870446797
0.00951831104592195,0.05759913870446797
0.009549518623121695,0.05759913870446797
0.009549518623121695,0.057958011842813566
0.009736764086320158,0.057958011842813566
0.009736764086320158,0.05813744841198636
0.009845990606519263,0.05813744841198636
0.009845990606519263,0.05831688498115916
0.009877198183719007,0.05831688498115916
0.009877198183719007,0.05849632155033196
0.010017632281117855,0.05849632155033196
0.010017632281117855,0.058675758119504755
0.010033236069717727,0.058675758119504755
0.010033236069717727,0.05885519468867755
0.01012685880131696,0.05885519468867755
0.01012685880131696,0.05903463125785035
0.010236085321516064,0.05903463125785035
0.010236085321516064,0.059393504396195944
0.010298500475915552,0.059393504396195944
0.010298500475915552,0.059931814103714336
0.010314104264515424,0.059931814103714336
0.010329708053115297,0.06011125067288713
0.010516953516313762,0.06011125067288713
0.010516953516313762,0.06047012381123273
0.010563764882113377,0.06047012381123273
0.010563764882113377,0.060649560380405525
0.010594972459313122,0.060649560380405525
0.010594972459313122,0.06100843351875112
0.010672991402312482,0.06100843351875112
0.010672991402312482,0.061187870087923917
0.010688595190912354,0.061187870087923917
0.010688595190912354,0.061367306657096714
0.01073540655671197,0.061367306657096714
0.01073540655671197,0.06172617979544231
0.010829029288311202,0.06172617979544231
0.010829029288311202,0.061905616364615106
0.010907048231310562,0.061905616364615106
0.010907048231310562,0.0620850529337879
0.010953859597110179,0.0620850529337879
0.010953859597110179,0.0624439260721335
0.010985067174309922,0.0624439260721335
0.010985067174309922,0.0626233626413063
0.011078689905909154,0.0626233626413063
0.011078689905909154,0.0628027992104791
0.011094293694509027,0.0629822357796519
0.011109897483108899,0.0629822357796519
0.011109897483108899,0.0631616723488247
0.011141105060308644,0.0631616723488247
0.011141105060308644,0.06334110891799749
0.011187916426108259,0.06334110891799749
0.011187916426108259,0.06352054548717029
0.011250331580507747,0.06352054548717029
0.011250331580507747,0.06369998205634309
0.011312746734907236,0.06369998205634309
0.011312746734907236,0.06387941862551588
0.011343954312106979,0.06387941862551588
0.011343954312106979,0.06405885519468868
0.011359558100706851,0.06405885519468868
0.011359558100706851,0.06441772833303427
0.011421973255106339,0.06441772833303427
0.011421973255106339,0.06459716490220707
0.011437577043706211,0.06459716490220707
0.011437577043706211,0.06513547460972546
0.011468784620905956,0.06513547460972546
0.011468784620905956,0.06531491117889826
0.011484388409505828,0.06531491117889826
0.011484388409505828,0.06567378431724386
0.011515595986705571,0.06567378431724386
0.011515595986705571,0.06585322088641665
0.011531199775305444,0.06585322088641665
0.011531199775305444,0.06603265745558945
0.011546803563905316,0.06603265745558945
0.011546803563905316,0.06639153059393504
0.011609218718304804,0.06639153059393504
0.011609218718304804,0.06657096716310784
0.011624822506904676,0.06657096716310784
0.011624822506904676,0.06746815000897183
0.011687237661304164,0.06746815000897183
0.011687237661304164,0.06764758657814463
0.011702841449904036,0.06764758657814463
0.011702841449904036,0.06782702314731742
0.011718445238503909,0.06782702314731742
0.011718445238503909,0.06836533285483581
0.011734049027103781,0.06836533285483581
0.011734049027103781,0.06872420599318141
0.011796464181503269,0.06872420599318141
0.011796464181503269,0.069083079131527
0.011952502067501989,0.069083079131527
0.011952502067501989,0.0692625157006998
0.011968105856101861,0.0692625157006998
0.011968105856101861,0.0694419522698726
0.011983709644701733,0.0694419522698726
0.011983709644701733,0.06980082540821819
0.011999313433301606,0.06980082540821819
0.011999313433301606,0.07051857168490938
0.012046124799101221,0.07051857168490938
0.012046124799101221,0.07069800825408218
0.012124143742100583,0.07069800825408218
0.012124143742100583,0.07087744482325498
0.012217766473699815,0.07087744482325498
0.012217766473699815,0.07105688139242777
0.012326992993898918,0.07105688139242777
0.012326992993898918,0.07123631796160057
0.012405011936898278,0.07123631796160057
0.012405011936898278,0.07141575453077337
0.01257665361149687,0.07141575453077337
0.01257665361149687,0.07159519109994616
0.01263906876589636,0.07159519109994616
0.01263906876589636,0.07195406423829176
0.012685880131695975,0.07195406423829176
0.012685880131695975,0.07213350080746456
0.012701483920295848,0.07213350080746456
0.012701483920295848,0.07231293737663735
0.012732691497495592,0.07231293737663735
0.012732691497495592,0.07249237394581015
0.01279510665189508,0.07249237394581015
0.01279510665189508,0.07267181051498295
0.012810710440494952,0.07267181051498295
0.012810710440494952,0.07285124708415575
0.012826314229094825,0.07285124708415575
0.012826314229094825,0.07303068365332854
0.01287312559489444,0.07303068365332854
0.012904333172094185,0.07303068365332854
0.012919936960694057,0.07303068365332854
0.012919936960694057,0.07321012022250134
0.012935540749293928,0.07321012022250134
0.012935540749293928,0.07374842993001973
0.01302916348089316,0.07374842993001973
0.01302916348089316,0.07392786649919253
0.01310718242389252,0.07392786649919253
0.01310718242389252,0.07410730306836533
0.013122786212492393,0.07410730306836533
0.013122786212492393,0.07428673963753812
0.013153993789692137,0.07428673963753812
0.013153993789692137,0.07446617620671092
0.013185201366891882,0.07446617620671092
0.013185201366891882,0.07464561277588372
0.013263220309891242,0.07464561277588372
0.013263220309891242,0.07482504934505652
0.013294427887090985,0.07482504934505652
0.013294427887090985,0.07500448591422933
0.013310031675690857,0.07500448591422933
0.013310031675690857,0.07518392248340212
0.013341239252890602,0.07518392248340212
0.013341239252890602,0.07536335905257492
0.01340365440729009,0.07536335905257492
0.01340365440729009,0.07554279562174772
0.013450465773089707,0.07554279562174772
0.013450465773089707,0.07590166876009331
0.01355969229328881,0.07590166876009331
0.01355969229328881,0.07608110532926611
0.013575296081888682,0.07608110532926611
0.013575296081888682,0.07626054189843891
0.013590899870488555,0.07626054189843891
0.013590899870488555,0.0764399784676117
0.0136221074476883,0.0764399784676117
0.0136221074476883,0.0766194150367845
0.013746937756487275,0.0766194150367845
0.013746937756487275,0.0769782881751301
0.013902975642485996,0.0769782881751301
0.013902975642485996,0.0771577247443029
0.013965390796885484,0.0771577247443029
0.013965390796885484,0.07733716131347569
0.014027805951284972,0.07733716131347569
0.014027805951284972,0.07787547102099408
0.014043409739884844,0.07787547102099408
0.014043409739884844,0.07823434415933968
0.014183843837283692,0.07823434415933968
0.014183843837283692,0.07859321729768527
0.014230655203083309,0.07859321729768527
0.014246258991683181,0.07877265386685807
0.014246258991683181,0.07895209043603087
0.014324277934682541,0.07895209043603087
0.014324277934682541,0.07913152700520366
0.014355485511882284,0.07913152700520366
0.014355485511882284,0.07931096357437646
0.014386693089082029,0.07931096357437646
0.014386693089082029,0.07949040014354926
0.014449108243481517,0.07949040014354926
0.014449108243481517,0.07966983671272206
0.014464712032081389,0.07966983671272206
0.014464712032081389,0.08002870985106765
0.014511523397881006,0.08002870985106765
0.014511523397881006,0.08038758298941324
0.014589542340880366,0.08038758298941324
0.014589542340880366,0.08056701955858604
0.014667561283879726,0.08056701955858604
0.014667561283879726,0.08074645612775884
0.014792391592678703,0.08074645612775884
0.014792391592678703,0.08092589269693164
0.014807995381278574,0.08092589269693164
0.014807995381278574,0.08110532926610443
0.014823599169878446,0.08110532926610443
0.014823599169878446,0.08128476583527723
0.014839202958478319,0.08128476583527723
0.014839202958478319,0.08146420240445003
0.014870410535678063,0.08146420240445003
0.014870410535678063,0.08164363897362283
0.014886014324277934,0.08164363897362283
0.014886014324277934,0.08182307554279562
0.015213693884875248,0.08182307554279562
0.015213693884875248,0.08200251211196842
0.015244901462074991,0.08200251211196842
0.015244901462074991,0.08254082181948681
0.015260505250674863,0.08254082181948681
0.015260505250674863,0.08272025838865961
0.015276109039274736,0.08272025838865961
0.015276109039274736,0.0828996949578324
0.015291712827874608,0.0828996949578324
0.015291712827874608,0.0830791315270052
0.01538533555947384,0.0830791315270052
0.01538533555947384,0.083258568096178
0.0154633545024732,0.083258568096178
0.0154633545024732,0.0834380046653508
0.015494562079672945,0.0834380046653508
0.015494562079672945,0.0836174412345236
0.01554137344547256,0.0836174412345236
0.01554137344547256,0.08379687780369639
0.015572581022672305,0.08379687780369639
0.015728618908671024,0.08379687780369639
0.015728618908671024,0.08397631437286919
0.015791034063070513,0.08397631437286919
0.015791034063070513,0.08415575094204199
0.01583784542887013,0.08415575094204199
0.01583784542887013,0.08433518751121478
0.015869053006069875,0.08433518751121478
0.015869053006069875,0.08469406064956038
0.015962675737669105,0.08469406064956038
0.015962675737669105,0.08487349721873318
0.016009487103468723,0.08487349721873318
0.016009487103468723,0.08559124349542437
0.01608750604646808,0.08559124349542437
0.01608750604646808,0.08612955320294276
0.016118713623667826,0.08612955320294276
0.016118713623667826,0.08648842634128835
0.016134317412267698,0.08648842634128835
0.016134317412267698,0.08666786291046115
0.016243543932466804,0.08666786291046115
0.016243543932466804,0.08684729947963395
0.016337166664066035,0.08684729947963395
0.016337166664066035,0.08702673604880674
0.016446393184265138,0.08702673604880674
0.016446393184265138,0.08738560918715234
0.016493204550064755,0.08738560918715234
0.016493204550064755,0.08756504575632514
0.016540015915864372,0.08756504575632514
0.016540015915864372,0.08774448232549793
0.016555619704464244,0.08774448232549793
0.016555619704464244,0.08792391889467073
0.016649242436063475,0.08792391889467073
0.016649242436063475,0.08810335546384353
0.01675846895626258,0.08810335546384353
0.01675846895626258,0.08846222860218912
0.016820884110662068,0.08846222860218912
0.016820884110662068,0.08864166517136192
0.0169145068422613,0.08864166517136192
0.0169145068422613,0.08882110174053472
0.017023733362460405,0.08882110174053472
0.017023733362460405,0.08900053830970751
0.017101752305459766,0.08900053830970751
0.017101752305459766,0.08917997487888031
0.017164167459859252,0.08917997487888031
0.017195375037058997,0.08917997487888031
0.017195375037058997,0.08935941144805311
0.017226582614258742,0.08935941144805311
0.017226582614258742,0.0895388480172259
0.017242186402858614,0.0895388480172259
0.017242186402858614,0.0900771577247443
0.01736701671165759,0.0900771577247443
0.01736701671165759,0.0902565942939171
0.017413828077457207,0.0902565942939171
0.017413828077457207,0.09043603086308989
0.017569865963455927,0.09043603086308989
0.017569865963455927,0.09079490400143549
0.017632281117855416,0.09079490400143549
0.017632281117855416,0.09133321370895388
0.017710300060854774,0.09133321370895388
0.017710300060854774,0.09151265027812668
0.01774150763805452,0.09151265027812668
0.01774150763805452,0.09169208684729949
0.017772715215254264,0.09169208684729949
0.017772715215254264,0.09187152341647228
0.017866337946853494,0.09187152341647228
0.017866337946853494,0.09205095998564508
0.017881941735453367,0.09205095998564508
0.017881941735453367,0.09223039655481788
0.018006772044252346,0.09223039655481788
0.018006772044252346,0.09240983312399068
0.01813160235305132,0.09240983312399068
0.01813160235305132,0.09258926969316347
0.018209621296050683,0.09258926969316347
0.018209621296050683,0.09276870626233627
0.018240828873250424,0.09276870626233627
0.018240828873250424,0.09294814283150907
0.01842807433644889,0.09294814283150907
0.01842807433644889,0.09312757940068186
0.01850609327944825,0.09312757940068186
0.01850609327944825,0.09330701596985466
0.018646527376847098,0.09330701596985466
0.018646527376847098,0.09348645253902746
0.0187557538970462,0.09348645253902746
0.0187557538970462,0.09366588910820026
0.018786961474245946,0.09366588910820026
0.018786961474245946,0.09402476224654585
0.01880256526284582,0.09402476224654585
0.01880256526284582,0.09420419881571865
0.018849376628645435,0.09420419881571865
0.018849376628645435,0.09438363538489145
0.018896187994445052,0.09438363538489145
0.018896187994445052,0.09456307195406424
0.01897420693744441,0.09456307195406424
0.01897420693744441,0.09492194509240984
0.019052225880443772,0.09492194509240984
0.019052225880443772,0.09510138166158263
0.019223867555042365,0.09510138166158263
0.019223867555042365,0.09528081823075543
0.01925507513224211,0.09528081823075543
0.01925507513224211,0.09581912793827382
0.019426716806840702,0.09581912793827382
0.019426716806840702,0.09599856450744662
0.019457924384040447,0.09599856450744662
0.019457924384040447,0.09617800107661942
0.019613962270039167,0.09617800107661942
0.019613962270039167,0.09689574735331061
0.01962956605863904,0.09689574735331061
0.01962956605863904,0.0970751839224834
0.019645169847238908,0.0970751839224834
0.019645169847238908,0.0972546204916562
0.019676377424438653,0.0972546204916562
0.019676377424438653,0.097434057060829
0.019707585001638397,0.097434057060829
0.019832415310437373,0.097434057060829
0.019832415310437373,0.0976134936300018
0.019848019099037245,0.0976134936300018
0.019848019099037245,0.0977929301991746
0.019863622887637118,0.0977929301991746
0.019863622887637118,0.09797236676834739
0.020050868350835582,0.09797236676834739
0.020050868350835582,0.09833123990669299
0.020066472139435455,0.09833123990669299
0.020066472139435455,0.09851067647586578
0.020144491082434816,0.09851067647586578
0.020144491082434816,0.09869011304503858
0.02019130244823443,0.09869011304503858
0.02019130244823443,0.09886954961421138
0.020300528968433536,0.09886954961421138
0.020300528968433536,0.09904898618338417
0.02033173654563328,0.09904898618338417
0.02033173654563328,0.09922842275255697
0.020378547911432895,0.09922842275255697
0.020378547911432895,0.09940785932172977
0.02047217064303213,0.09940785932172977
0.02047217064303213,0.09958729589090257
0.020550189586031487,0.09958729589090257
0.020550189586031487,0.09994616902924816
0.020659416106230594,0.09994616902924816
0.020659416106230594,0.10012560559842096
0.020706227472030207,0.10012560559842096
0.020706227472030207,0.10030504216759376
0.020831057780829186,0.10030504216759376
0.020831057780829186,0.10048447873676655
0.020909076723828544,0.10048447873676655
0.020909076723828544,0.10066391530593935
0.021143133552826626,0.10066391530593935
0.021143133552826626,0.10102278844428494
0.021345982804624963,0.10102278844428494
0.021345982804624963,0.10138166158263054
0.021377190381824708,0.10138166158263054
0.021377190381824708,0.10174053472097613
0.021439605536224194,0.10174053472097613
0.021439605536224194,0.10191997129014893
0.0215488320564233,0.10191997129014893
0.0215488320564233,0.10209940785932173
0.02164245478802253,0.10209940785932173
0.02164245478802253,0.10227884442849453
0.021720473731021893,0.10227884442849453
0.021751681308221638,0.10227884442849453
0.02178288888542138,0.10227884442849453
0.02178288888542138,0.10245828099766732
0.021970134348619844,0.10245828099766732
0.02200134192581959,0.10245828099766732
0.02207936086881895,0.10245828099766732
0.02207936086881895,0.10263771756684012
0.022110568446018695,0.10263771756684012
0.022126172234618564,0.10281715413601292
0.022141776023218436,0.10281715413601292
0.022141776023218436,0.10299659070518571
0.02215737981181831,0.10299659070518571
0.022188587389018053,0.10299659070518571
0.02223539875481767,0.10299659070518571
0.02223539875481767,0.10317602727435851
0.022251002543417542,0.10317602727435851
0.022266606332017415,0.10335546384353131
0.022360229063616646,0.10335546384353131
0.022360229063616646,0.1035349004127041
0.02239143664081639,0.1035349004127041
0.02239143664081639,0.1037143369818769
0.02245385179521588,0.1037143369818769
0.02245385179521588,0.1040732101202225
0.022500663161015493,0.1040732101202225
0.022500663161015493,0.10443208325856809
0.02254747452681511,0.10443208325856809
0.02254747452681511,0.10461151982774089
0.022563078315414983,0.10461151982774089
0.022563078315414983,0.10479095639691369
0.022625493469814472,0.10479095639691369
0.022625493469814472,0.10514982953525928
0.022672304835614086,0.10514982953525928
0.022672304835614086,0.10532926610443208
0.022734719990013575,0.10532926610443208
0.022734719990013575,0.10550870267360488
0.02276592756721332,0.10550870267360488
0.02276592756721332,0.10568813924277767
0.022843946510212678,0.10568813924277767
0.022843946510212678,0.10586757581195047
0.02292196545321204,0.10586757581195047
0.02292196545321204,0.10604701238112327
0.0229999843962114,0.10604701238112327
0.0229999843962114,0.10622644895029607
0.023046795762011015,0.10622644895029607
0.023046795762011015,0.10640588551946886
0.023109210916410505,0.10640588551946886
0.023109210916410505,0.10658532208864166
0.023218437436609608,0.10658532208864166
0.023218437436609608,0.10694419522698725
0.023327663956808714,0.10694419522698725
0.023327663956808714,0.10712363179616005
0.0233900791112082,0.10712363179616005
0.0233900791112082,0.10730306836533285
0.023499305631407306,0.10730306836533285
0.023499305631407306,0.10766194150367844
0.023577324574406665,0.10766194150367844
0.023577324574406665,0.10784137807285124
0.023655343517406027,0.10784137807285124
0.023655343517406027,0.10802081464202404
0.023717758671805516,0.10802081464202404
0.023717758671805516,0.10820025121119684
0.023795777614804874,0.10820025121119684
0.023795777614804874,0.10837968778036965
0.023811381403404747,0.10837968778036965
0.02384258898060449,0.10837968778036965
0.023858192769204364,0.10837968778036965
0.023858192769204364,0.10873856091871524
0.023951815500803594,0.10873856091871524
0.023951815500803594,0.10891799748788804
0.02399862686660321,0.10891799748788804
0.02399862686660321,0.10909743405706084
0.024029834443802956,0.10909743405706084
0.024029834443802956,0.10927687062623363
0.024092249598202442,0.10927687062623363
0.024092249598202442,0.10963574376457923
0.024123457175402187,0.10963574376457923
0.024123457175402187,0.10981518033375202
0.02429509885000078,0.10981518033375202
0.02429509885000078,0.10999461690292482
0.02443553294739963,0.10999461690292482
0.02443553294739963,0.11017405347209762
0.024638382199197964,0.11017405347209762
0.024638382199197964,0.11053292661044321
0.024700797353597453,0.11053292661044321
0.024716401142197326,0.11071236317961601
0.02474760871939707,0.11071236317961601
0.02474760871939707,0.1110712363179616
0.024810023873796556,0.1110712363179616
0.024810023873796556,0.11160954602548
0.02482562766239643,0.11160954602548
0.02482562766239643,0.11196841916382559
0.0248412314509963,0.11196841916382559
0.0248412314509963,0.11214785573299839
0.024950457971195408,0.11214785573299839
0.024950457971195408,0.11232729230217119
0.02504408070279464,0.11232729230217119
0.02504408070279464,0.11250672887134398
0.025075288279994383,0.11250672887134398
0.025075288279994383,0.11268616544051678
0.025137703434393872,0.11268616544051678
0.025137703434393872,0.11286560200968958
0.025246929954592975,0.11286560200968958
0.025246929954592975,0.11322447514803517
0.025262533743192848,0.11322447514803517
0.025262533743192848,0.11340391171720797
0.025309345108992465,0.11340391171720797
0.025309345108992465,0.11376278485555356
0.02535615647479208,0.11376278485555356
0.025387364051991823,0.11376278485555356
0.025387364051991823,0.11394222142472636
0.025402967840591695,0.11394222142472636
0.025402967840591695,0.11412165799389916
0.02549659057219093,0.11412165799389916
0.02549659057219093,0.11430109456307196
0.025574609515190288,0.11430109456307196
0.025574609515190288,0.11465996770141755
0.02559021330379016,0.11465996770141755
0.02559021330379016,0.11483940427059035
0.025605817092390033,0.11483940427059035
0.025605817092390033,0.11501884083976315
0.025621420880989905,0.11501884083976315
0.025621420880989905,0.11519827740893594
0.02565262845818965,0.11519827740893594
0.02565262845818965,0.11537771397810874
0.025715043612589136,0.11537771397810874
0.025715043612589136,0.11555715054728154
0.025793062555588497,0.11555715054728154
0.025793062555588497,0.11573658711645433
0.02580866634418837,0.11573658711645433
0.02580866634418837,0.11591602368562713
0.025839873921388114,0.11591602368562713
0.025839873921388114,0.11609546025479993
0.025886685287187728,0.11609546025479993
0.025886685287187728,0.11627489682397273
0.025933496652987345,0.11627489682397273
0.025933496652987345,0.11681320653149112
0.02596470423018709,0.11681320653149112
0.02596470423018709,0.11699264310066392
0.026042723173186448,0.11699264310066392
0.026042723173186448,0.11735151623900951
0.026073930750386193,0.11735151623900951
0.026073930750386193,0.1175309528081823
0.026105138327585937,0.1175309528081823
0.026105138327585937,0.1177103893773551
0.02619876105918517,0.1177103893773551
0.02619876105918517,0.1178898259465279
0.026261176213584658,0.1178898259465279
0.026261176213584658,0.1180692625157007
0.02635479894518389,0.1180692625157007
0.02635479894518389,0.1182486990848735
0.026417214099583378,0.1182486990848735
0.026417214099583378,0.1184281356540463
0.026479629253982867,0.1184281356540463
0.026479629253982867,0.11878700879239189
0.02649523304258274,0.11878700879239189
0.02649523304258274,0.11932531849991028
0.02658885577418197,0.11932531849991028
0.02658885577418197,0.11950475506908308
0.026604459562781842,0.11950475506908308
0.026604459562781842,0.11968419163825587
0.026620063351381715,0.11968419163825587
0.02665127092858146,0.11968419163825587
0.026666874717181332,0.11968419163825587
0.026666874717181332,0.11986362820742867
0.026682478505781204,0.11986362820742867
0.026682478505781204,0.12004306477660147
0.026760497448780562,0.12004306477660147
0.026760497448780562,0.12022250134577427
0.026791705025980307,0.12022250134577427
0.026791705025980307,0.12040193791494706
0.02686972396897967,0.12040193791494706
0.02686972396897967,0.12058137448411986
0.02688532775757954,0.12058137448411986
0.02688532775757954,0.12076081105329266
0.026932139123379155,0.12076081105329266
0.026932139123379155,0.12147855732998385
0.027010158066378517,0.12147855732998385
0.027010158066378517,0.12165799389915664
0.027072573220778006,0.12165799389915664
0.027072573220778006,0.12183743046832944
0.027134988375177492,0.12183743046832944
0.027134988375177492,0.12201686703750224
0.02725981868397647,0.12201686703750224
0.027275422472576343,0.12219630360667504
0.027291026261176212,0.12219630360667504
0.027291026261176212,0.12237574017584783
0.0273534414155757,0.12237574017584783
0.0273534414155757,0.12255517674502063
0.02740025278137532,0.12255517674502063
0.02740025278137532,0.12273461331419343
0.02755629066737404,0.12273461331419343
0.02755629066737404,0.12291404988336622
0.027618705821773528,0.12291404988336622
0.027618705821773528,0.12309348645253902
0.02766551718757314,0.12309348645253902
0.02766551718757314,0.12363179616005741
0.027743536130572503,0.12363179616005741
0.027743536130572503,0.12381123272923021
0.027774743707772248,0.12381123272923021
0.027774743707772248,0.1241701058675758
0.02779034749637212,0.1241701058675758
0.02779034749637212,0.1243495424367486
0.02782155507357186,0.1243495424367486
0.02782155507357186,0.1245289790059214
0.027899574016571223,0.1245289790059214
0.027899574016571223,0.1247084155750942
0.02794638538237084,0.1247084155750942
0.02794638538237084,0.124887852144267
0.027961989170970713,0.124887852144267
0.027961989170970713,0.1250672887134398
0.028008800536770326,0.1250672887134398
0.028008800536770326,0.1252467252826126
0.028055611902569944,0.1252467252826126
0.028055611902569944,0.1254261618517854
0.028086819479769688,0.1254261618517854
0.028086819479769688,0.1256055984209582
0.02819604599996879,0.1256055984209582
0.02819604599996879,0.125785034990131
0.02824285736576841,0.125785034990131
0.02824285736576841,0.1259644715593038
0.028274064942968153,0.1259644715593038
0.028274064942968153,0.1261439081284766
0.028289668731568025,0.1261439081284766
0.028289668731568025,0.1263233446976494
0.028305272520167898,0.1263233446976494
0.028305272520167898,0.12650278126682218
0.02832087630876777,0.12650278126682218
0.02835208388596751,0.12650278126682218
0.02855493313776585,0.12650278126682218
0.02855493313776585,0.12668221783599498
0.028679763446564827,0.12668221783599498
0.028679763446564827,0.12686165440516778
0.02871097102376457,0.12686165440516778
0.02871097102376457,0.12704109097434058
0.02878898996676393,0.12704109097434058
0.02878898996676393,0.12722052754351337
0.028804593755363803,0.12722052754351337
0.028804593755363803,0.12739996411268617
0.028867008909763292,0.12739996411268617
0.028867008909763292,0.12757940068185897
0.028960631641362523,0.12757940068185897
0.028960631641362523,0.12775883725103176
0.029054254372961757,0.12775883725103176
0.029054254372961757,0.12793827382020456
0.029303914990559708,0.12793827382020456
0.029303914990559708,0.12847658352772295
0.029335122567759452,0.12847658352772295
0.029350726356359325,0.12865602009689575
0.029522368030957917,0.12865602009689575
0.029522368030957917,0.12883545666606855
0.029662802128356765,0.12883545666606855
0.029662802128356765,0.12901489323524135
0.029678405916956637,0.12901489323524135
0.029678405916956637,0.12919432980441414
0.02985004759155523,0.12919432980441414
0.02985004759155523,0.12937376637358694
0.029896858957354847,0.12937376637358694
0.029896858957354847,0.12955320294275974
0.029990481688954077,0.12955320294275974
0.029990481688954077,0.12973263951193253
0.030021689266153822,0.12973263951193253
0.030021689266153822,0.13009151265027813
0.030193330940752414,0.13009151265027813
0.030193330940752414,0.13027094921945093
0.030208934729352287,0.13027094921945093
0.030208934729352287,0.13045038578862372
0.030271349883751776,0.13045038578862372
0.030271349883751776,0.13062982235779652
0.03028695367235165,0.13062982235779652
0.03028695367235165,0.13098869549614212
0.03038057640395088,0.13098869549614212
0.03038057640395088,0.1313475686344877
0.03039618019255075,0.1313475686344877
0.030427387769750496,0.1313475686344877
0.03045859534695024,0.1313475686344877
0.03045859534695024,0.1315270052036605
0.030630237021548833,0.1315270052036605
0.030630237021548833,0.1317064417728333
0.030645840810148706,0.1317064417728333
0.030645840810148706,0.1318858783420061
0.03070825596454819,0.1318858783420061
0.03070825596454819,0.1320653149111789
0.03075506733034781,0.1320653149111789
0.03075506733034781,0.1322447514803517
0.03077067111894768,0.1322447514803517
0.03077067111894768,0.1326036246186973
0.030786274907547553,0.1326036246186973
0.030786274907547553,0.1327830611878701
0.030801878696147426,0.1327830611878701
0.030801878696147426,0.13296249775704289
0.03083308627334717,0.13296249775704289
0.03083308627334717,0.13314193432621568
0.03084869006194704,0.13314193432621568
0.03084869006194704,0.13332137089538848
0.030895501427746656,0.13332137089538848
0.03091110521634653,0.13350080746456128
0.030957916582146146,0.13350080746456128
0.030957916582146146,0.13368024403373407
0.030973520370746018,0.13368024403373407
0.030973520370746018,0.13385968060290687
0.031004727947945763,0.13385968060290687
0.031004727947945763,0.13403911717207967
0.031098350679544993,0.13403911717207967
0.031098350679544993,0.13421855374125247
0.031129558256744738,0.13421855374125247
0.03114516204534461,0.13421855374125247
0.03114516204534461,0.13439799031042526
0.031285596142743455,0.13439799031042526
0.031285596142743455,0.13475686344877086
0.03137921887434269,0.13475686344877086
0.03137921887434269,0.13511573658711645
0.031394822662942565,0.13511573658711645
0.031394822662942565,0.13529517315628925
0.03147284160594192,0.13529517315628925
0.03147284160594192,0.13547460972546205
0.03150404918314167,0.13547460972546205
0.03150404918314167,0.13583348286380764
0.031582068126141026,0.13583348286380764
0.031582068126141026,0.13601291943298044
0.0315976719147409,0.13601291943298044
0.0315976719147409,0.13619235600215324
0.031644483280540515,0.13619235600215324
0.031644483280540515,0.13637179257132603
0.03169129464634013,0.13637179257132603
0.031706898434940005,0.13655122914049883
0.031706898434940005,0.13691010227884443
0.03175370980073962,0.13691010227884443
0.03175370980073962,0.13708953884801722
0.03181612495513911,0.13708953884801722
0.03181612495513911,0.13726897541719002
0.03184733253233885,0.13726897541719002
0.03184733253233885,0.13744841198636282
0.03197216284113783,0.13744841198636282
0.03197216284113783,0.1379867216938812
0.03206578557273706,0.1379867216938812
0.03206578557273706,0.1383455948322268
0.03212820072713655,0.1383455948322268
0.03212820072713655,0.1385250314013996
0.03222182345873578,0.1385250314013996
0.03222182345873578,0.1387044679705724
0.03229984240173514,0.1387044679705724
0.03229984240173514,0.1388839045397452
0.032346653767534754,0.1388839045397452
0.032346653767534754,0.139063341108918
0.03250269165353348,0.139063341108918
0.03250269165353348,0.1394222142472636
0.032643125750932325,0.1394222142472636
0.032643125750932325,0.13960165081643638
0.032689937116731946,0.13960165081643638
0.032689937116731946,0.13978108738560918
0.032767956059731304,0.13978108738560918
0.032767956059731304,0.13996052395478198
0.03286157879133054,0.13996052395478198
0.03286157879133054,0.14031939709312757
0.03290839015713015,0.14031939709312757
0.03290839015713015,0.14049883366230037
0.033048824254529,0.14049883366230037
0.033048824254529,0.14085770680064597
0.03309563562032861,0.14085770680064597
0.03309563562032861,0.14103714336981876
0.03311123940892849,0.14103714336981876
0.03311123940892849,0.14121657993899156
0.03318925835192785,0.14121657993899156
0.03318925835192785,0.14157545307733715
0.03320486214052772,0.14157545307733715
0.03320486214052772,0.14175488964650995
0.03323606971772746,0.14175488964650995
0.03323606971772746,0.14193432621568275
0.03334529623792657,0.14193432621568275
0.03334529623792657,0.14229319935402834
0.03347012654672554,0.14229319935402834
0.03347012654672554,0.14265207249237394
0.03354814548972491,0.14265207249237394
0.03354814548972491,0.14301094563071953
0.033626164432724266,0.14301094563071953
0.033626164432724266,0.14319038219989233
0.03384461747312247,0.14319038219989233
0.03384461747312247,0.14336981876906513
0.03386022126172235,0.14336981876906513
0.03387582505032222,0.14354925533823792
0.03387582505032222,0.14390812847658352
0.03389142883892209,0.14390812847658352
0.03389142883892209,0.14408756504575632
0.033938240204721706,0.14408756504575632
0.033938240204721706,0.1442670016149291
0.034063070513520685,0.1442670016149291
0.034063070513520685,0.1444464381841019
0.0341098818793203,0.1444464381841019
0.0341098818793203,0.1449847478916203
0.03414108945652004,0.1449847478916203
0.03414108945652004,0.1451641844607931
0.03429712734251877,0.1451641844607931
0.03429712734251877,0.1455230575991387
0.03435954249691825,0.1455230575991387
0.03435954249691825,0.14606136730665709
0.034437561439917615,0.14606136730665709
0.034437561439917615,0.14624080387582988
0.034453165228517484,0.14624080387582988
0.034453165228517484,0.14642024044500268
0.03460920311451621,0.14642024044500268
0.03460920311451621,0.14659967701417548
0.03464041069171595,0.14659967701417548
0.03464041069171595,0.14695855015252107
0.034702825846115434,0.14695855015252107
0.034702825846115434,0.14713798672169387
0.034812052366314544,0.14713798672169387
0.034812052366314544,0.14731742329086667
0.03485886373211416,0.14731742329086667
0.03485886373211416,0.14749685986003946
0.03504610919531262,0.14749685986003946
0.03504610919531262,0.14767629642921226
0.03526456223571083,0.14767629642921226
0.03526456223571083,0.14785573299838506
0.03540499633310968,0.14785573299838506
0.03540499633310968,0.14803516956755786
0.03542060012170955,0.14803516956755786
0.03542060012170955,0.14821460613673065
0.0358419024139061,0.14821460613673065
0.0358419024139061,0.14839404270590345
0.03585750620250597,0.14839404270590345
0.03585750620250597,0.14857347927507625
0.035873109991105843,0.14857347927507625
0.035873109991105843,0.14875291584424905
0.03601354408850469,0.14875291584424905
0.03601354408850469,0.14893235241342184
0.03602914787710456,0.14893235241342184
0.03602914787710456,0.14929122555176744
0.03607595924290418,0.14929122555176744
0.03607595924290418,0.14947066212094023
0.03609156303150405,0.14947066212094023
0.03609156303150405,0.14965009869011303
0.03638803501490162,0.14965009869011303
0.03638803501490162,0.14982953525928583
0.036434846380701234,0.14982953525928583
0.036434846380701234,0.15000897182845865
0.036434846380701234,0.15036784496680425
0.036434846380701234,0.15054728153597705
0.03670011078689906,0.15054728153597705
0.03670011078689906,0.15072671810514984
0.036746922152698674,0.15072671810514984
0.036746922152698674,0.15090615467432264
0.03684054488429791,0.15090615467432264
0.03684054488429791,0.15108559124349544
0.03685614867289778,0.15108559124349544
0.03685614867289778,0.15126502781266823
0.03693416761589714,0.15126502781266823
0.03693416761589714,0.15144446438184103
0.03694977140449701,0.15144446438184103
0.03694977140449701,0.15198277408935942
0.037058997924696115,0.15198277408935942
0.037058997924696115,0.15216221065853222
0.03707460171329599,0.15216221065853222
0.03707460171329599,0.15234164722770502
0.03713701686769548,0.15234164722770502
0.03713701686769548,0.1527005203660506
0.03730865854229407,0.1527005203660506
0.03730865854229407,0.1530593935043962
0.03732426233089394,0.1530593935043962
0.03732426233089394,0.153238830073569
0.03733986611949381,0.153238830073569
0.03733986611949381,0.1534182666427418
0.037417885062493175,0.1534182666427418
0.037417885062493175,0.1537771397810874
0.03752711158269228,0.1537771397810874
0.03752711158269228,0.1539565763502602
0.037683149468690995,0.1539565763502602
0.037683149468690995,0.154136012919433
0.03769875325729087,0.154136012919433
0.03769875325729087,0.1543154494886058
0.037729960834490615,0.1543154494886058
0.037729960834490615,0.15449488605777859
0.03776116841169036,0.15449488605777859
0.03776116841169036,0.15503319576529698
0.03782358356608985,0.15503319576529698
0.03782358356608985,0.15521263233446977
0.03790160250908921,0.15521263233446977
0.03790160250908921,0.15557150547281537
0.037979621452088566,0.15557150547281537
0.037979621452088566,0.15575094204198817
0.03802643281788819,0.15575094204198817
0.03802643281788819,0.15593037861116096
0.03833850858988563,0.15593037861116096
0.03833850858988563,0.15610981518033376
0.038354112378485496,0.15610981518033376
0.038354112378485496,0.15646868831867936
0.03849454647588434,0.15646868831867936
0.03849454647588434,0.15664812488785215
0.03852575405308409,0.15664812488785215
0.03852575405308409,0.15682756145702495
0.03863498057328319,0.15682756145702495
0.03863498057328319,0.15700699802619775
0.03868179193908281,0.15700699802619775
0.03868179193908281,0.15718643459537054
0.03869739572768268,0.15718643459537054
0.03869739572768268,0.15736587116454334
0.038712999516282556,0.15736587116454334
0.038712999516282556,0.15754530773371614
0.03875981088208217,0.15754530773371614
0.03875981088208217,0.15772474430288894
0.038806622247881783,0.15772474430288894
0.038806622247881783,0.15790418087206173
0.039025075288279996,0.15790418087206173
0.039025075288279996,0.15808361744123453
0.03919671696287859,0.15808361744123453
0.03919671696287859,0.15826305401040733
0.03927473590587795,0.15826305401040733
0.03927473590587795,0.15862192714875292
0.039290339694477816,0.15862192714875292
0.039290339694477816,0.15880136371792572
0.03938396242607705,0.15880136371792572
0.03938396242607705,0.15898080028709852
0.03946198136907641,0.15898080028709852
0.03946198136907641,0.15916023685627131
0.03955560410067564,0.15916023685627131
0.03955560410067564,0.1595191099946169
0.03968043440947462,0.1595191099946169
0.03968043440947462,0.1596985465637897
0.039727245775274235,0.1596985465637897
0.039727245775274235,0.1600574197021353
0.03974284956387411,0.1600574197021353
0.03974284956387411,0.1602368562713081
0.03982086850687347,0.1602368562713081
0.03982086850687347,0.1604162928404809
0.03989888744987283,0.1604162928404809
0.03989888744987283,0.1605957294096537
0.03994569881567245,0.1605957294096537
0.03994569881567245,0.1607751659788265
0.03996130260427232,0.1607751659788265
0.03996130260427232,0.1609546025479993
0.040164151856070654,0.1609546025479993
0.040164151856070654,0.16113403911717208
0.04022656701047014,0.16113403911717208
0.04022656701047014,0.16149291225551768
0.04024217079907001,0.16149291225551768
0.04024217079907001,0.16167234882469048
0.04025777458766989,0.16167234882469048
0.04025777458766989,0.16203122196303607
0.04032018974206938,0.16203122196303607
0.04032018974206938,0.16221065853220887
0.040351397319269115,0.16221065853220887
0.040351397319269115,0.16239009510138167
0.04042941626226848,0.16239009510138167
0.04042941626226848,0.16256953167055446
0.04063226551406682,0.16256953167055446
0.04063226551406682,0.16274896823972726
0.04066347309126656,0.16274896823972726
0.04069468066846631,0.16274896823972726
0.04075709582286579,0.16274896823972726
0.04075709582286579,0.16292840480890006
0.040835114765865155,0.16292840480890006
0.040835114765865155,0.16310784137807285
0.04088192613166477,0.16310784137807285
0.04088192613166477,0.16328727794724565
0.04092873749746438,0.16328727794724565
0.04092873749746438,0.16346671451641845
0.04099115265186387,0.16346671451641845
0.04100675644046375,0.16364615108559125
0.04119400190366221,0.16364615108559125
0.04119400190366221,0.16418446079310964
0.041209605692262084,0.16418446079310964
0.041209605692262084,0.16436389736228244
0.04127202084666157,0.16436389736228244
0.04127202084666157,0.16472277050062803
0.04130322842386131,0.16472277050062803
0.04130322842386131,0.16490220706980083
0.04131883221246119,0.16490220706980083
0.04135003978966093,0.16490220706980083
0.04142805873266029,0.16490220706980083
0.04142805873266029,0.16526108020814642
0.04155288904145927,0.16526108020814642
0.04155288904145927,0.16561995334649202
0.04159970040725888,0.16561995334649202
0.04159970040725888,0.1659788264848376
0.041646511773058496,0.1659788264848376
0.041646511773058496,0.1663376996231832
0.04166211556165837,0.1663376996231832
0.04166211556165837,0.166517136192356
0.04167771935025824,0.166517136192356
0.04167771935025824,0.1666965727615288
0.04169332313885812,0.1666965727615288
0.04169332313885812,0.1668760093307016
0.04186496481345671,0.1668760093307016
0.04186496481345671,0.1672348824690472
0.04197419133365581,0.1672348824690472
0.04197419133365581,0.16741431903822
0.042208248162653894,0.16741431903822
0.042208248162653894,0.16759375560739279
0.04222385195125376,0.16759375560739279
0.04222385195125376,0.16777319217656558
0.042317474682853,0.16777319217656558
0.042317474682853,0.16795262874573838
0.04234868226005274,0.16795262874573838
0.04234868226005274,0.16813206531491118
0.04248911635745159,0.16813206531491118
0.04248911635745159,0.16831150188408397
0.04259834287765069,0.16831150188408397
0.04259834287765069,0.16849093845325677
0.04269196560924993,0.16849093845325677
0.04269196560924993,0.16867037502242957
0.04273877697504954,0.16867037502242957
0.04273877697504954,0.16884981159160237
0.042832399706648774,0.16884981159160237
0.042832399706648774,0.16920868472994796
0.04284800349524864,0.16920868472994796
0.04284800349524864,0.16938812129912076
0.042894814861048264,0.16938812129912076
0.042894814861048264,0.16956755786829356
0.04291041864964813,0.16956755786829356
0.04291041864964813,0.16974699443746635
0.04294162622684788,0.16974699443746635
0.043019645169847236,0.16974699443746635
0.043019645169847236,0.16992643100663915
0.043066456535646856,0.16992643100663915
0.043066456535646856,0.17010586757581195
0.04311326790144647,0.17010586757581195
0.04311326790144647,0.17064417728333034
0.04328490957604506,0.17064417728333034
0.04328490957604506,0.17082361385250314
0.043378532307644296,0.17082361385250314
0.043378532307644296,0.17100305042167593
0.04340973988484404,0.17100305042167593
0.04340973988484404,0.17118248699084873
0.04342534367344391,0.17118248699084873
0.04342534367344391,0.17136192356002153
0.043456551250643655,0.17136192356002153
0.0434877588278434,0.17136192356002153
0.043831042177040584,0.17136192356002153
0.04386224975424033,0.17136192356002153
0.043877853542840205,0.17136192356002153
0.043877853542840205,0.17154136012919433
0.043893457331440074,0.17154136012919433
0.043893457331440074,0.17172079669836712
0.04400268385163918,0.17172079669836712
0.04400268385163918,0.17190023326753992
0.044080702794638535,0.17190023326753992
0.044080702794638535,0.17225910640588551
0.044143117949038024,0.17225910640588551
0.044143117949038024,0.1726179795442311
0.04417432552623777,0.1726179795442311
0.04417432552623777,0.1727974161134039
0.044189929314837645,0.1727974161134039
0.044189929314837645,0.1729768526825767
0.04422113689203739,0.1729768526825767
0.04422113689203739,0.1731562892517495
0.04423674068063726,0.1731562892517495
0.04423674068063726,0.1733357258209223
0.044267948257837,0.1733357258209223
0.044267948257837,0.1735151623900951
0.04428355204643687,0.1735151623900951
0.04428355204643687,0.1738740355284407
0.04431475962363662,0.1738740355284407
0.04431475962363662,0.1740534720976135
0.04440838235523585,0.1740534720976135
0.04440838235523585,0.17423290866678628
0.04442398614383573,0.17423290866678628
0.04442398614383573,0.17441234523595908
0.044564420241234574,0.17441234523595908
0.044564420241234574,0.17459178180513188
0.04461123160703419,0.17459178180513188
0.04461123160703419,0.17477121837430468
0.04464243918423393,0.17477121837430468
0.04464243918423393,0.17495065494347747
0.04476726949303291,0.17495065494347747
0.04476726949303291,0.17513009151265027
0.044814080858832525,0.17513009151265027
0.044814080858832525,0.17530952808182307
0.044876496013232015,0.17530952808182307
0.044876496013232015,0.17548896465099587
0.044938911167631504,0.17548896465099587
0.044938911167631504,0.17566840122016866
0.045001326322030986,0.17566840122016866
0.045001326322030986,0.17602727435851426
0.04503253389923073,0.17602727435851426
0.04503253389923073,0.17620671092768705
0.04523538315102907,0.17620671092768705
0.04523538315102907,0.17638614749685985
0.04529779830542856,0.17638614749685985
0.04529779830542856,0.17656558406603265
0.04534460967122817,0.17656558406603265
0.04534460967122817,0.17692445720437824
0.045438232402827405,0.17692445720437824
0.045438232402827405,0.17710389377355104
0.045500647557226895,0.17710389377355104
0.045500647557226895,0.17728333034272384
0.04553185513442664,0.17728333034272384
0.04553185513442664,0.17746276691189664
0.045563062711626384,0.17746276691189664
0.045563062711626384,0.17764220348106943
0.04570349680902523,0.17764220348106943
0.04570349680902523,0.17800107661941503
0.0457191005976251,0.17800107661941503
0.0457191005976251,0.17835994975776062
0.04576591196342472,0.17835994975776062
0.04576591196342472,0.17853938632693342
0.045797119540624466,0.17853938632693342
0.045797119540624466,0.17871882289610622
0.04584393090642408,0.17871882289610622
0.04584393090642408,0.178898259465279
0.045937553638023314,0.178898259465279
0.045937553638023314,0.1790776960344518
0.04596876121522306,0.1790776960344518
0.04596876121522306,0.1796160057419702
0.046062383946822286,0.1796160057419702
0.04607798773542216,0.179795442311143
0.04609359152402203,0.179795442311143
0.04609359152402203,0.1799748788803158
0.046171610467021396,0.1799748788803158
0.046171610467021396,0.1801543154494886
0.046249629410020754,0.1801543154494886
0.046249629410020754,0.1803337520186614
0.04640566729601947,0.1803337520186614
0.04640566729601947,0.1805131885878342
0.04645247866181909,0.1805131885878342
0.04645247866181909,0.18087206172617978
0.046499290027618705,0.18087206172617978
0.046499290027618705,0.18105149829535258
0.04663972412501755,0.18105149829535258
0.04663972412501755,0.18123093486452538
0.04671774306801692,0.18123093486452538
0.04671774306801692,0.18158980800287097
0.0467801582224164,0.18158980800287097
0.0467801582224164,0.18176924457204377
0.046811365799616145,0.18176924457204377
0.046811365799616145,0.18194868114121657
0.04682696958821602,0.18194868114121657
0.04682696958821602,0.18212811771038936
0.04684257337681589,0.18212811771038936
0.04684257337681589,0.18230755427956216
0.046936196108415124,0.18230755427956216
0.04696740368561487,0.18230755427956216
0.04701421505141448,0.18230755427956216
0.04701421505141448,0.18248699084873496
0.0470610264172141,0.18248699084873496
0.0470610264172141,0.18284586398708055
0.04721706430321282,0.18284586398708055
0.04721706430321282,0.18302530055625335
0.04731068703481205,0.18302530055625335
0.04731068703481205,0.18320473712542615
0.04732629082341192,0.18320473712542615
0.04732629082341192,0.18338417369459897
0.04743551734361103,0.18338417369459897
0.04743551734361103,0.18374304683294457
0.0474511211322109,0.18374304683294457
0.0474511211322109,0.18392248340211736
0.04746672492081077,0.18392248340211736
0.04746672492081077,0.18410191997129016
0.047544743863810135,0.18410191997129016
0.047560347652410004,0.18428135654046296
0.04759155522960975,0.18428135654046296
0.04759155522960975,0.18446079310963576
0.04771638553840873,0.18446079310963576
0.04771638553840873,0.18464022967880855
0.047872423424407444,0.18464022967880855
0.047872423424407444,0.18481966624798135
0.04788802721300732,0.18481966624798135
0.04788802721300732,0.18535797595549974
0.04790363100160719,0.18535797595549974
0.04790363100160719,0.18553741252467254
0.04802846131040617,0.18553741252467254
0.04802846131040617,0.18571684909384534
0.048044065099006036,0.18571684909384534
0.048044065099006036,0.18589628566301813
0.0481220840420054,0.18589628566301813
0.0481220840420054,0.18607572223219093
0.04813768783060527,0.18607572223219093
0.04813768783060527,0.18625515880136373
0.048184499196404884,0.18625515880136373
0.048184499196404884,0.18661403193970932
0.048231310562204505,0.18661403193970932
0.048231310562204505,0.18679346850888212
0.04827812192800412,0.18679346850888212
0.04827812192800412,0.18697290507805492
0.04830932950520386,0.18697290507805492
0.04830932950520386,0.1875112147855733
0.048418556025402966,0.1875112147855733
0.048418556025402966,0.1876906513547461
0.04843415981400284,0.1876906513547461
0.04843415981400284,0.1878700879239189
0.0486214052772013,0.1878700879239189
0.0486214052772013,0.1882289610622645
0.0486214052772013,0.1884083976314373
0.04902710378079798,0.1884083976314373
0.04902710378079798,0.1885878342006101
0.04926116060979606,0.1885878342006101
0.04926116060979606,0.1889467073389557
0.04927676439839593,0.1889467073389557
0.04927676439839593,0.18930558047730128
0.04935478334139529,0.18930558047730128
0.04935478334139529,0.18948501704647408
0.04937038712999516,0.18948501704647408
0.04937038712999516,0.18984389018481967
0.04938599091859504,0.18984389018481967
0.04938599091859504,0.19002332675399247
0.049417198495794776,0.19002332675399247
0.049417198495794776,0.19038219989233807
0.049479613650194265,0.19038219989233807
0.049479613650194265,0.19056163646151086
0.0495732363817935,0.19056163646151086
0.0495732363817935,0.19074107303068366
0.049604443958993244,0.19074107303068366
0.049604443958993244,0.19092050959985646
0.04963565153619299,0.19092050959985646
0.04963565153619299,0.19109994616902926
0.04965125532479286,0.19109994616902926
0.04965125532479286,0.19145881930737485
0.04972927426779222,0.19145881930737485
0.04972927426779222,0.19181769244572044
0.04974487805639209,0.19181769244572044
0.04974487805639209,0.19217656558406604
0.04976048184499196,0.19217656558406604
0.04976048184499196,0.19253543872241163
0.049791689422191705,0.19253543872241163
0.049791689422191705,0.19271487529158443
0.049900915942390815,0.19271487529158443
0.049900915942390815,0.19289431186075723
0.0499633310967903,0.19289431186075723
0.0499633310967903,0.19307374842993003
0.050212991714388255,0.19307374842993003
0.050212991714388255,0.19325318499910282
0.050228595502988124,0.19325318499910282
0.050228595502988124,0.19361205813744842
0.050540671274985564,0.19361205813744842
0.050540671274985564,0.193970931275794
0.05079033189258352,0.193970931275794
0.05079033189258352,0.1941503678449668
0.05080593568118339,0.1941503678449668
0.05080593568118339,0.1943298044141396
0.05082153946978327,0.1943298044141396
0.05082153946978327,0.1945092409833124
0.050852747046983005,0.1945092409833124
0.050852747046983005,0.194868114121658
0.05086835083558288,0.194868114121658
0.05086835083558288,0.1950475506908308
0.05124284176197981,0.1950475506908308
0.05124284176197981,0.1952269872600036
0.051289653127779423,0.1952269872600036
0.051289653127779423,0.1955858603983492
0.051336464493579044,0.1955858603983492
0.051336464493579044,0.19576529696752198
0.05136767207077878,0.19576529696752198
0.05136767207077878,0.19594473353669478
0.051461294802378016,0.19594473353669478
0.051461294802378016,0.19612417010586758
0.05149250237957776,0.19612417010586758
0.05149250237957776,0.19630360667504038
0.051539313745377374,0.19630360667504038
0.051539313745377374,0.19648304324421317
0.05163293647697661,0.19648304324421317
0.05163293647697661,0.19666247981338597
0.05175776678577559,0.19666247981338597
0.05175776678577559,0.19684191638255877
0.05186699330597469,0.19684191638255877
0.05186699330597469,0.19702135295173157
0.05194501224897405,0.19702135295173157
0.05194501224897405,0.19720078952090436
0.05200742740337354,0.19720078952090436
0.05200742740337354,0.19738022609007716
0.05210105013497277,0.19738022609007716
0.05210105013497277,0.19755966265924996
0.05213225771217252,0.19755966265924996
0.05213225771217252,0.19773909922842275
0.05231950317537098,0.19773909922842275
0.05231950317537098,0.19809797236676835
0.05235071075257072,0.19809797236676835
0.05235071075257072,0.19845684550511394
0.05244433348416996,0.19845684550511394
0.05244433348416996,0.19863628207428674
0.052459937272769826,0.19863628207428674
0.052459937272769826,0.19881571864345954
0.052506748638569446,0.19881571864345954
0.052506748638569446,0.19899515521263234
0.05255356000436906,0.19899515521263234
0.05255356000436906,0.19917459178180513
0.05261597515876855,0.19917459178180513
0.05261597515876855,0.19935402835097793
0.05269399410176791,0.19935402835097793
0.05269399410176791,0.19953346492015073
0.05272520167896765,0.19953346492015073
0.0527564092561674,0.19953346492015073
0.0527564092561674,0.19971290148932352
0.052818824410566886,0.19971290148932352
0.052818824410566886,0.19989233805849632
0.05292805093076599,0.19989233805849632
0.05292805093076599,0.20007177462766912
0.0529748622965656,0.20007177462766912
0.0529748622965656,0.20025121119684192
0.05305288123956497,0.20025121119684192
0.05305288123956497,0.2004306477660147
0.05309969260536458,0.2004306477660147
0.05309969260536458,0.2006100843351875
0.053146503971164195,0.2006100843351875
0.053146503971164195,0.2007895209043603
0.05316210775976407,0.2007895209043603
0.05316210775976407,0.2009689574735331
0.053208919125563685,0.2009689574735331
0.053208919125563685,0.2011483940427059
0.05334935322296253,0.2011483940427059
0.05334935322296253,0.2013278306118787
0.05338056080016228,0.2013278306118787
0.05338056080016228,0.2016867037502243
0.0534273721659619,0.2016867037502243
0.0534273721659619,0.2018661403193971
0.05345857974316164,0.2018661403193971
0.05345857974316164,0.20240445002691548
0.053567806263360745,0.20240445002691548
0.053567806263360745,0.20258388659608828
0.05367703278355985,0.20258388659608828
0.05367703278355985,0.20276332316526108
0.05370824036075959,0.20276332316526108
0.05370824036075959,0.20294275973443388
0.05378625930375895,0.20294275973443388
0.05378625930375895,0.20330163287277947
0.05383307066955857,0.20330163287277947
0.05383307066955857,0.20348106944195227
0.053957900978357544,0.20348106944195227
0.053957900978357544,0.20366050601112506
0.054129542652956136,0.20366050601112506
0.054129542652956136,0.20401937914947066
0.05414514644155601,0.20401937914947066
0.05414514644155601,0.20419881571864346
0.054254372961755115,0.20419881571864346
0.054254372961755115,0.20437825228781625
0.05433239190475447,0.20437825228781625
0.05433239190475447,0.20455768885698905
0.05451963736795294,0.20455768885698905
0.05451963736795294,0.20491656199533465
0.05453524115655281,0.20491656199533465
0.05453524115655281,0.20509599856450744
0.054566448733752555,0.20509599856450744
0.054566448733752555,0.20527543513368024
0.0545976563109523,0.20527543513368024
0.0545976563109523,0.20545487170285304
0.05484731692855025,0.20545487170285304
0.05484731692855025,0.20563430827202583
0.054862920717150127,0.20563430827202583
0.054862920717150127,0.20581374484119863
0.05489412829434987,0.20581374484119863
0.05489412829434987,0.20599318141037143
0.05490973208294974,0.20599318141037143
0.05490973208294974,0.20617261797954423
0.054956543448749354,0.20617261797954423
0.054956543448749354,0.20635205454871702
0.05497214723734923,0.20635205454871702
0.05497214723734923,0.20671092768706262
0.05505016618034859,0.20671092768706262
0.05505016618034859,0.20689036425623542
0.0550969775461482,0.20689036425623542
0.0550969775461482,0.2070698008254082
0.05520620406634731,0.2070698008254082
0.05520620406634731,0.207249237394581
0.055237411643547056,0.207249237394581
0.055237411643547056,0.2074286739637538
0.055377845740945904,0.2074286739637538
0.055377845740945904,0.2076081105329266
0.05540905331814565,0.2076081105329266
0.05540905331814565,0.2079669836712722
0.05544026089534539,0.2079669836712722
0.05544026089534539,0.2083258568096178
0.055549487415544496,0.2083258568096178
0.055549487415544496,0.2085052933787906
0.05558069499274424,0.2085052933787906
0.05558069499274424,0.2086847299479634
0.0556587139357436,0.2086847299479634
0.0556587139357436,0.20886416651713618
0.05575233666734283,0.20886416651713618
0.05575233666734283,0.20904360308630898
0.0557679404559427,0.20904360308630898
0.0557679404559427,0.20922303965548178
0.055877166976141805,0.20922303965548178
0.055877166976141805,0.20940247622465458
0.0560488086507404,0.20940247622465458
0.0560488086507404,0.20958191279382737
0.05608001622794014,0.20958191279382737
0.05608001622794014,0.20994078593217297
0.05611122380513989,0.20994078593217297
0.05611122380513989,0.21012022250134577
0.056251657902538735,0.21012022250134577
0.056251657902538735,0.21029965907051856
0.056314073056938224,0.21029965907051856
0.056314073056938224,0.21047909563969136
0.056376488211337714,0.21047909563969136
0.056376488211337714,0.21065853220886416
0.05650131852013669,0.21065853220886416
0.05650131852013669,0.21083796877803695
0.05651692230873656,0.21083796877803695
0.05651692230873656,0.21101740534720975
0.05653252609733643,0.21101740534720975
0.05653252609733643,0.21119684191638255
0.056563733674536175,0.21119684191638255
0.056563733674536175,0.21137627848555535
0.056688563983335154,0.21137627848555535
0.05670416777193502,0.21155571505472814
0.05678218671493439,0.21155571505472814
0.05678218671493439,0.21173515162390094
0.056922620812333236,0.21173515162390094
0.056922620812333236,0.21191458819307374
0.057000639755332594,0.21191458819307374
0.057000639755332594,0.21227346133141933
0.05709426248693183,0.21227346133141933
0.05709426248693183,0.21245289790059213
0.057172281429931186,0.21245289790059213
0.057172281429931186,0.21281177103893772
0.057312715527330034,0.21281177103893772
0.057312715527330034,0.21299120760811052
0.05764039508792735,0.21299120760811052
0.05764039508792735,0.21317064417728332
0.05771841403092671,0.21317064417728332
0.05771841403092671,0.21335008074645612
0.05779643297392607,0.21335008074645612
0.05779643297392607,0.21352951731562891
0.057858848128325556,0.21352951731562891
0.057858848128325556,0.2137089538848017
0.05795247085992479,0.2137089538848017
0.05795247085992479,0.2138883904539745
0.05803048980292415,0.2138883904539745
0.05803048980292415,0.2140678270231473
0.05809290495732364,0.2140678270231473
0.05809290495732364,0.2142472635923201
0.05818652768892287,0.2142472635923201
0.05818652768892287,0.2144267001614929
0.05821773526612262,0.2144267001614929
0.05821773526612262,0.2146061367306657
0.058280150420522106,0.2146061367306657
0.058280150420522106,0.2147855732998385
0.058607829981119415,0.2147855732998385
0.058607829981119415,0.2149650098690113
0.05865464134691903,0.2149650098690113
0.05865464134691903,0.2151444464381841
0.05871705650131852,0.2151444464381841
0.05871705650131852,0.21550331957652968
0.058904301964516986,0.21550331957652968
0.058904301964516986,0.21586219271487528
0.058919905753116855,0.21586219271487528
0.058919905753116855,0.21604162928404808
0.058982320907516345,0.21604162928404808
0.058982320907516345,0.21640050242239367
0.05899792469611622,0.21640050242239367
0.05899792469611622,0.21657993899156647
0.05907594363911558,0.21657993899156647
0.05907594363911558,0.2167593755607393
0.05926318910231404,0.2167593755607393
0.05926318910231404,0.2169388121299121
0.05931000046811366,0.2169388121299121
0.05931000046811366,0.21729768526825768
0.059356811833913274,0.21729768526825768
0.059356811833913274,0.21747712183743048
0.05946603835411238,0.21747712183743048
0.05946603835411238,0.21765655840660328
0.059512849719912,0.21765655840660328
0.059512849719912,0.21801543154494887
0.05955966108571161,0.21801543154494887
0.05955966108571161,0.21819486811412167
0.0596220762401111,0.21819486811412167
0.059653283817310845,0.21819486811412167
0.059653283817310845,0.21837430468329447
0.05987173685770905,0.21837430468329447
0.05987173685770905,0.21855374125246727
0.05988734064630893,0.21855374125246727
0.05988734064630893,0.21873317782164006
0.060043378532307644,0.21873317782164006
0.060043378532307644,0.21891261439081286
0.06019941641830637,0.21891261439081286
0.06019941641830637,0.21909205095998566
0.06026183157270585,0.21909205095998566
0.06026183157270585,0.21945092409833125
0.06032424672710534,0.21945092409833125
0.06032424672710534,0.21963036066750405
0.06041786945870457,0.21963036066750405
0.06041786945870457,0.21980979723667685
0.06043347324730444,0.21980979723667685
0.06043347324730444,0.21998923380584964
0.06054269976750355,0.21998923380584964
0.06054269976750355,0.22016867037502244
0.06063632249910278,0.22016867037502244
0.06063632249910278,0.22052754351336804
0.060667530076302524,0.22052754351336804
0.060667530076302524,0.22070698008254083
0.06069873765350227,0.22070698008254083
0.06069873765350227,0.22088641665171363
0.06076115280790176,0.22088641665171363
0.06076115280790176,0.22106585322088643
0.06093279448250035,0.22106585322088643
0.06093279448250035,0.22124528979005922
0.060964002059700095,0.22124528979005922
0.060964002059700095,0.22142472635923202
0.06122926646589792,0.22142472635923202
0.06122926646589792,0.22178359949757762
0.061400908140496514,0.22178359949757762
0.061400908140496514,0.2219630360667504
0.06141651192909638,0.2219630360667504
0.06141651192909638,0.2221424726359232
0.061775399066893444,0.2221424726359232
0.061775399066893444,0.222321909205096
0.061947040741492036,0.222321909205096
0.061947040741492036,0.2225013457742688
0.06218109757049012,0.2225013457742688
0.06218109757049012,0.2226807823434416
0.062337135456488835,0.2226807823434416
0.062337135456488835,0.2228602189126144
0.06236834303368858,0.2228602189126144
0.06241515439948819,0.2228602189126144
0.06241515439948819,0.2230396554817872
0.062461965765287814,0.2230396554817872
0.062461965765287814,0.22321909205096
0.06275843774868538,0.22321909205096
0.06275843774868538,0.2233985286201328
0.06277404153728525,0.2233985286201328
0.06277404153728525,0.2235779651893056
0.06278964532588513,0.2235779651893056
0.06278964532588513,0.22375740175847839
0.06296128700048371,0.22375740175847839
0.06296128700048371,0.22393683832765118
0.06299249457768347,0.22393683832765118
0.06299249457768347,0.22411627489682398
0.06311732488648243,0.22411627489682398
0.06311732488648243,0.22429571146599678
0.06316413625228205,0.22429571146599678
0.0631953438294818,0.22429571146599678
0.06327336277248116,0.22429571146599678
0.06327336277248116,0.22447514803516957
0.06332017413828077,0.22447514803516957
0.06332017413828077,0.22465458460434237
0.06336698550408039,0.22465458460434237
0.06336698550408039,0.22483402117351517
0.06341379686988001,0.22483402117351517
0.06341379686988001,0.22519289431186076
0.0634762120242795,0.22519289431186076
0.0634762120242795,0.22537233088103356
0.06360104233307848,0.22537233088103356
0.06360104233307848,0.22555176745020636
0.06372587264187744,0.22555176745020636
0.06372587264187744,0.22573120401937916
0.06377268400767706,0.22573120401937916
0.06377268400767706,0.22591064058855195
0.06399113704807527,0.22591064058855195
0.06399113704807527,0.22609007715772475
0.06406915599107463,0.22609007715772475
0.06406915599107463,0.22626951372689755
0.06417838251127374,0.22626951372689755
0.06417838251127374,0.22644895029607034
0.06424079766567323,0.22644895029607034
0.0642564014542731,0.22662838686524314
0.06427200524287296,0.22662838686524314
0.06427200524287296,0.22680782343441594
0.06430321282007272,0.22680782343441594
0.06430321282007272,0.22698726000358874
0.06431881660867259,0.22698726000358874
0.06431881660867259,0.22716669657276153
0.06438123176307207,0.22716669657276153
0.06438123176307207,0.22734613314193433
0.06439683555167194,0.22734613314193433
0.06439683555167194,0.22752556971110713
0.06445925070607143,0.22752556971110713
0.06445925070607143,0.22788444284945272
0.06450606207187105,0.22788444284945272
0.06450606207187105,0.22806387941862552
0.06461528859207015,0.22806387941862552
0.06461528859207015,0.22824331598779832
0.06466209995786977,0.22824331598779832
0.06466209995786977,0.22842275255697111
0.06497417572986722,0.22842275255697111
0.06497417572986722,0.2286021891261439
0.06498977951846709,0.2286021891261439
0.06502098709566682,0.2286021891261439
0.0650365908842667,0.2286021891261439
0.0650365908842667,0.2287816256953167
0.06506779846146644,0.2287816256953167
0.06506779846146644,0.2289610622644895
0.06517702498166555,0.2289610622644895
0.06517702498166555,0.2293199354028351
0.06528625150186465,0.2293199354028351
0.06528625150186465,0.2294993719720079
0.06534866665626414,0.2294993719720079
0.06534866665626414,0.2296788085411807
0.06555151590806248,0.2296788085411807
0.06555151590806248,0.2298582451103535
0.0655983272738621,0.2298582451103535
0.0655983272738621,0.2300376816795263
0.06575436515986081,0.2300376816795263
0.06575436515986081,0.2302171182486991
0.06576996894846068,0.2302171182486991
0.06576996894846068,0.23057599138704468
0.06578557273706055,0.23057599138704468
0.06578557273706055,0.23093486452539028
0.06594161062305928,0.23093486452539028
0.06594161062305928,0.23129373766373587
0.06628489397225647,0.23129373766373587
0.06628489397225647,0.23147317423290867
0.06630049776085634,0.23147317423290867
0.06630049776085634,0.23165261080208147
0.06633170533805607,0.23165261080208147
0.06633170533805607,0.23183204737125426
0.06639412049245556,0.23183204737125426
0.06639412049245556,0.23201148394042706
0.06642532806965531,0.23201148394042706
0.06642532806965531,0.23254979364794545
0.06651895080125454,0.23254979364794545
0.06651895080125454,0.23272923021711825
0.06653455458985441,0.23272923021711825
0.06653455458985441,0.23290866678629105
0.06656576216705416,0.23290866678629105
0.06656576216705416,0.23326753992463664
0.06675300763025263,0.23326753992463664
0.06675300763025263,0.23344697649380944
0.06679981899605224,0.23344697649380944
0.06679981899605224,0.23362641306298224
0.06681542278465212,0.23362641306298224
0.06681542278465212,0.23380584963215503
0.06701827203645044,0.23380584963215503
0.06701827203645044,0.23416472277050063
0.06712749855664955,0.23416472277050063
0.06712749855664955,0.23434415933967342
0.06717430992244917,0.23434415933967342
0.06717430992244917,0.23452359590884622
0.0672679326540484,0.23452359590884622
0.0672679326540484,0.23470303247801902
0.06734595159704776,0.23470303247801902
0.06734595159704776,0.23488246904719182
0.06740836675144725,0.23488246904719182
0.06740836675144725,0.2350619056163646
0.06745517811724687,0.2350619056163646
0.06745517811724687,0.2352413421855374
0.06748638569444661,0.2352413421855374
0.06748638569444661,0.2354207787547102
0.0679388955638429,0.2354207787547102
0.0679388955638429,0.235600215323883
0.06800131071824239,0.235600215323883
0.06800131071824239,0.2357796518930558
0.06801691450684226,0.2357796518930558
0.06801691450684226,0.2361385250314014
0.06811053723844149,0.2361385250314014
0.06811053723844149,0.2363179616005742
0.06825097133584034,0.2363179616005742
0.06825097133584034,0.236497398169747
0.06851623574203816,0.236497398169747
0.06851623574203816,0.2366768347389198
0.0686098584736374,0.2366768347389198
0.0686098584736374,0.23703570787726538
0.06870348120523663,0.23703570787726538
0.06870348120523663,0.23721514444643818
0.06876589635963612,0.23721514444643818
0.06876589635963612,0.23739458101561098
0.06878150014823599,0.23739458101561098
0.06878150014823599,0.23757401758478378
0.06879710393683586,0.23757401758478378
0.06879710393683586,0.23775345415395657
0.06885951909123535,0.23775345415395657
0.06885951909123535,0.23793289072312937
0.06887512287983523,0.23793289072312937
0.06887512287983523,0.23811232729230217
0.0688907266684351,0.23811232729230217
0.0688907266684351,0.23829176386147496
0.06895314182283459,0.23829176386147496
0.06895314182283459,0.23847120043064776
0.06901555697723408,0.23847120043064776
0.06901555697723408,0.23883007356899336
0.06907797213163357,0.23883007356899336
0.06907797213163357,0.23900951013816615
0.06912478349743317,0.23900951013816615
0.06912478349743317,0.23936838327651175
0.06914038728603304,0.23936838327651175
0.06914038728603304,0.23954781984568455
0.06915599107463292,0.23972725641485734
0.06915599107463292,0.23990669298403014
0.0691715948632328,0.23990669298403014
0.0691715948632328,0.24026556612237573
0.06923401001763228,0.24026556612237573
0.06923401001763228,0.24044500269154853
0.06929642517203177,0.24044500269154853
0.06929642517203177,0.24080387582989413
0.06949927442383011,0.24080387582989413
0.06949927442383011,0.24098331239906692
0.06953048200102985,0.24098331239906692
0.06953048200102985,0.24116274896823972
0.0696085009440292,0.24116274896823972
0.0696085009440292,0.24134218553741252
0.06968651988702856,0.24134218553741252
0.06968651988702856,0.2417010586757581
0.06982695398442743,0.2417010586757581
0.06982695398442743,0.2418804952449309
0.06987376535022703,0.2418804952449309
0.06987376535022703,0.2420599318141037
0.06996738808182627,0.2420599318141037
0.06996738808182627,0.2422393683832765
0.07017023733362461,0.2422393683832765
0.07017023733362461,0.2424188049524493
0.07031067143102346,0.2424188049524493
0.07031067143102346,0.2425982415216221
0.07065395478022064,0.2425982415216221
0.07065395478022064,0.2427776780907949
0.07073197372322,0.2427776780907949
0.07073197372322,0.2429571146599677
0.07095042676361821,0.2429571146599677
0.07095042676361821,0.2431365512291405
0.07116887980401641,0.2431365512291405
0.07116887980401641,0.2433159877983133
0.07124689874701577,0.2433159877983133
0.07124689874701577,0.24349542436748609
0.07137172905581475,0.24349542436748609
0.07137172905581475,0.24367486093665888
0.07165259725061245,0.24367486093665888
0.07165259725061245,0.24385429750583168
0.07166820103921231,0.24385429750583168
0.07166820103921231,0.24403373407500448
0.0716838048278122,0.24403373407500448
0.0716838048278122,0.24421317064417727
0.07176182377081156,0.24421317064417727
0.07176182377081156,0.24439260721335007
0.07180863513661116,0.24439260721335007
0.07180863513661116,0.24475148035169567
0.07204269196560925,0.24475148035169567
0.07204269196560925,0.24493091692086846
0.07210510712000874,0.24493091692086846
0.07210510712000874,0.24511035349004126
0.07224554121740759,0.24511035349004126
0.07224554121740759,0.24528979005921406
0.07229235258320721,0.24528979005921406
0.07229235258320721,0.24546922662838686
0.07271365487540375,0.24546922662838686
0.07274486245260349,0.24546922662838686
0.07280727760700298,0.24546922662838686
0.07280727760700298,0.24564866319755965
0.07283848518420273,0.24564866319755965
0.07283848518420273,0.24582809976673245
0.07299452307020145,0.24582809976673245
0.07299452307020145,0.24600753633590525
0.07310374959040054,0.24600753633590525
0.07310374959040054,0.24618697290507804
0.0731349571676003,0.24618697290507804
0.0731349571676003,0.24654584604342364
0.07319737232199978,0.24654584604342364
0.07319737232199978,0.24672528261259644
0.07327539126499914,0.24672528261259644
0.07327539126499914,0.24690471918176923
0.07343142915099786,0.24690471918176923
0.07343142915099786,0.24708415575094203
0.07344703293959773,0.24708415575094203
0.07344703293959773,0.24726359232011483
0.07349384430539735,0.24726359232011483
0.07349384430539735,0.24762246545846042
0.07355625945979684,0.24762246545846042
0.07355625945979684,0.24780190202763322
0.07358746703699658,0.24780190202763322
0.07358746703699658,0.24816077516597881
0.07360307082559646,0.24816077516597881
0.07360307082559646,0.2483402117351516
0.07371229734579555,0.2483402117351516
0.07371229734579555,0.2485196483043244
0.07375910871159518,0.2485196483043244
0.07375910871159518,0.2486990848734972
0.07379031628879491,0.2486990848734972
0.07379031628879491,0.24887852144267
0.07383712765459453,0.24887852144267
0.07383712765459453,0.2490579580118428
0.07388393902039415,0.2490579580118428
0.07391514659759389,0.2490579580118428
0.07393075038619376,0.2490579580118428
0.07394635417479364,0.2492373945810156
0.07397756175199338,0.2492373945810156
0.07397756175199338,0.2494168311501884
0.07408678827219249,0.2494168311501884
0.07408678827219249,0.2495962677193612
0.0741335996379921,0.2495962677193612
0.0741335996379921,0.249775704288534
0.07419601479239159,0.249775704288534
0.07419601479239159,0.2499551408577068
0.07427403373539096,0.2499551408577068
0.07427403373539096,0.2501345774268796
0.07435205267839032,0.2501345774268796
0.07435205267839032,0.2504934505652252
0.07441446783278981,0.2504934505652252
0.07441446783278981,0.250672887134398
0.07443007162138968,0.250672887134398
0.07443007162138968,0.2508523237035708
0.07447688298718928,0.2508523237035708
0.07447688298718928,0.2510317602727436
0.0745236943529889,0.2510317602727436
0.0745236943529889,0.2512111968419164
0.07471093981618737,0.2512111968419164
0.07471093981618737,0.2513906334110892
0.07475775118198699,0.2513906334110892
0.07475775118198699,0.251570069980262
0.07478895875918673,0.251570069980262
0.07478895875918673,0.2517495065494348
0.07483577012498635,0.2517495065494348
0.07483577012498635,0.2521083796877804
0.07489818527938584,0.2521083796877804
0.07489818527938584,0.2522878162569532
0.07511663831978405,0.2522878162569532
0.07514784589698378,0.2522878162569532
0.07516344968558367,0.2522878162569532
0.07516344968558367,0.252467252826126
0.07522586483998314,0.252467252826126
0.07522586483998314,0.2526466893952988
0.07541311030318161,0.2526466893952988
0.07544431788038136,0.2526466893952988
0.07555354440058046,0.2526466893952988
0.07555354440058046,0.25282612596447157
0.075974846692777,0.25282612596447157
0.075974846692777,0.25300556253364437
0.07602165805857662,0.25300556253364437
0.07602165805857662,0.25318499910281717
0.07616209215597547,0.25318499910281717
0.07616209215597547,0.25336443567198996
0.07617769594457534,0.25336443567198996
0.07617769594457534,0.25372330881033556
0.07628692246477445,0.25372330881033556
0.07628692246477445,0.25390274537950835
0.07630252625337432,0.25390274537950835
0.07630252625337432,0.25444105508702675
0.07641175277357343,0.25444105508702675
0.07644296035077316,0.25444105508702675
0.07644296035077316,0.25462049165619954
0.07652097929377252,0.25462049165619954
0.07652097929377252,0.25479992822537234
0.07656779065957214,0.25479992822537234
0.07656779065957214,0.25497936479454514
0.07661460202537176,0.25497936479454514
0.07661460202537176,0.25515880136371794
0.07669262096837112,0.25515880136371794
0.07669262096837112,0.25533823793289073
0.07677063991137048,0.25533823793289073
0.07677063991137048,0.25551767450206353
0.07678624369997035,0.25551767450206353
0.07678624369997035,0.2560559842095819
0.07697348916316882,0.2560559842095819
0.07697348916316882,0.2562354207787547
0.07728556493516626,0.2562354207787547
0.07728556493516626,0.2564148573479275
0.07739479145536536,0.2564148573479275
0.07739479145536536,0.2565942939171003
0.07742599903256511,0.2565942939171003
0.07742599903256511,0.2567737304862731
0.07748841418696459,0.2567737304862731
0.07748841418696459,0.2569531670554459
0.07764445207296332,0.2569531670554459
0.07767565965016306,0.2569531670554459
0.07778488617036217,0.2569531670554459
0.07778488617036217,0.2571326036246187
0.07783169753616179,0.2571326036246187
0.07783169753616179,0.2574914767629643
0.0778785089019614,0.2574914767629643
0.0778785089019614,0.2576709133321371
0.07789411269056126,0.2578503499013099
0.0779877354221605,0.2578503499013099
0.0779877354221605,0.2580297864704827
0.07811256573095948,0.2580297864704827
0.07811256573095948,0.2582092230396555
0.07814377330815922,0.2582092230396555
0.07817498088535897,0.2582092230396555
0.07825299982835833,0.2582092230396555
0.07825299982835833,0.2583886596088283
0.07831541498275782,0.2583886596088283
0.07834662255995756,0.2583886596088283
0.07847145286875654,0.2583886596088283
0.07847145286875654,0.2585680961780011
0.07850266044595627,0.2585680961780011
0.07850266044595627,0.2587475327471739
0.07851826423455616,0.2589269693163467
0.07856507560035576,0.2589269693163467
0.07856507560035576,0.2591064058855195
0.07862749075475525,0.2591064058855195
0.07862749075475525,0.2592858424546923
0.07864309454335512,0.2592858424546923
0.07864309454335512,0.25946527902386507
0.07868990590915474,0.25946527902386507
0.07868990590915474,0.25964471559303787
0.07873671727495436,0.25964471559303787
0.07873671727495436,0.25982415216221066
0.07875232106355423,0.25982415216221066
0.07875232106355423,0.26000358873138346
0.07878352864075397,0.26000358873138346
0.07878352864075397,0.26036246186972906
0.07886154758375334,0.26036246186972906
0.07886154758375334,0.26054189843890185
0.07892396273815282,0.26054189843890185
0.07892396273815282,0.26072133500807465
0.0789863778925523,0.26072133500807465
0.0789863778925523,0.26090077157724745
0.07908000062415155,0.26090077157724745
0.07908000062415155,0.26108020814642025
0.07909560441275142,0.26108020814642025
0.07909560441275142,0.26125964471559304
0.07914241577855104,0.26125964471559304
0.07914241577855104,0.26143908128476584
0.07917362335575077,0.26143908128476584
0.07920483093295053,0.26143908128476584
0.07926724608735,0.26143908128476584
0.07926724608735,0.26161851785393864
0.07931405745314962,0.26161851785393864
0.07931405745314962,0.26179795442311143
0.07947009533914834,0.26179795442311143
0.07947009533914834,0.26197739099228423
0.0796105294365472,0.26197739099228423
0.07964173701374694,0.26197739099228423
0.07967294459094668,0.26197739099228423
0.07967294459094668,0.26215682756145703
0.07973535974534617,0.26215682756145703
0.07973535974534617,0.2623362641306298
0.07975096353394605,0.2623362641306298
0.07975096353394605,0.2625157006998026
0.0798289824769454,0.2625157006998026
0.0798289824769454,0.2626951372689754
0.07992260520854463,0.2626951372689754
0.07992260520854463,0.2628745738381482
0.08003183172874374,0.2628745738381482
0.08004743551734361,0.263054010407321
0.08004743551734361,0.2632334469764938
0.08009424688314323,0.2632334469764938
0.08009424688314323,0.2634128835456666
0.0801098506717431,0.2634128835456666
0.0801098506717431,0.2635923201148394
0.08012545446034297,0.2635923201148394
0.08012545446034297,0.2637717566840122
0.08017226582614259,0.2637717566840122
0.08017226582614259,0.2641306298223578
0.08020347340334233,0.2641306298223578
0.08020347340334233,0.2643100663915306
0.08025028476914195,0.2643100663915306
0.08025028476914195,0.2644895029607034
0.08034390750074118,0.2644895029607034
0.08034390750074118,0.264848376099049
0.08035951128934105,0.264848376099049
0.08035951128934105,0.2650278126682218
0.08037511507794093,0.2650278126682218
0.08037511507794093,0.2652072492373946
0.08043753023234042,0.2652072492373946
0.08043753023234042,0.2653866858065674
0.08049994538673991,0.2653866858065674
0.08049994538673991,0.2655661223757402
0.08056236054113938,0.2655661223757402
0.08056236054113938,0.265745558944913
0.08065598327273862,0.265745558944913
0.08065598327273862,0.26592499551408577
0.08073400221573798,0.26592499551408577
0.08073400221573798,0.26610443208325857
0.08084322873593709,0.26610443208325857
0.08084322873593709,0.26628386865243137
0.08095245525613619,0.26628386865243137
0.08095245525613619,0.26646330522160416
0.08103047419913555,0.26646330522160416
0.08103047419913555,0.26664274179077696
0.08107728556493517,0.26664274179077696
0.08107728556493517,0.26682217835994976
0.08109288935353504,0.26682217835994976
0.08109288935353504,0.26700161492912255
0.08115530450793453,0.26700161492912255
0.08115530450793453,0.26718105149829535
0.08126453102813364,0.26718105149829535
0.08126453102813364,0.26736048806746815
0.08142056891413235,0.26736048806746815
0.08142056891413235,0.26753992463664095
0.08146738027993197,0.26753992463664095
0.08146738027993197,0.26771936120581374
0.0815610030115312,0.26771936120581374
0.0815610030115312,0.26789879777498654
0.08170143710893005,0.26789879777498654
0.08170143710893005,0.26807823434415934
0.08174824847472967,0.26807823434415934
0.08174824847472967,0.26825767091333214
0.08182626741772903,0.26825767091333214
0.08182626741772903,0.26843710748250493
0.08190428636072838,0.26843710748250493
0.08190428636072838,0.26861654405167773
0.08191989014932825,0.26861654405167773
0.081951097726528,0.26861654405167773
0.08199790909232761,0.26861654405167773
0.08199790909232761,0.2687959806208505
0.0820603242467271,0.2687959806208505
0.0820603242467271,0.2689754171900233
0.08210713561252672,0.2689754171900233
0.08210713561252672,0.2691548537591961
0.08216955076692621,0.2691548537591961
0.08216955076692621,0.2693342903283689
0.08226317349852544,0.2693342903283689
0.08226317349852544,0.2695137268975417
0.08230998486432506,0.2695137268975417
0.08230998486432506,0.2696931634667145
0.08232558865292493,0.2696931634667145
0.08235679623012468,0.2696931634667145
0.08246602275032378,0.2696931634667145
0.08246602275032378,0.2700520366050601
0.08265326821352224,0.2700520366050601
0.08265326821352224,0.2702314731742329
0.08270007957932186,0.2702314731742329
0.08270007957932186,0.2704109097434057
0.08282490988812083,0.2704109097434057
0.08282490988812083,0.2705903463125785
0.08291853261972007,0.2705903463125785
0.08291853261972007,0.2709492194509241
0.0830121553513193,0.2709492194509241
0.0830121553513193,0.2711286560200969
0.08316819323731803,0.2711286560200969
0.08316819323731803,0.2713080925892697
0.08321500460311763,0.2713080925892697
0.08321500460311763,0.2716669657276153
0.08327741975751712,0.2716669657276153
0.08330862733471688,0.2716669657276153
0.08351147658651521,0.2716669657276153
0.08351147658651521,0.2718464022967881
0.08369872204971367,0.2718464022967881
0.08369872204971367,0.2720258388659609
0.08377674099271303,0.2720258388659609
0.08377674099271303,0.2722052754351337
0.0839639864559115,0.2722052754351337
0.0839639864559115,0.2723847120043065
0.08401079782171111,0.2723847120043065
0.08401079782171111,0.27256414857347927
0.08440089253670792,0.27256414857347927
0.08440089253670792,0.27274358514265207
0.08449451526830715,0.27274358514265207
0.08449451526830715,0.27310245828099766
0.08452572284550688,0.27310245828099766
0.08452572284550688,0.27417907769603445
0.08468176073150561,0.27417907769603445
0.08468176073150561,0.27435851426520724
0.08475977967450497,0.27435851426520724
0.08475977967450497,0.27453795083438004
0.08483779861750433,0.27453795083438004
0.08483779861750433,0.27471738740355284
0.08496262892630331,0.27471738740355284
0.08496262892630331,0.27489682397272563
0.08504064786930267,0.27489682397272563
0.08504064786930267,0.27507626054189843
0.08508745923510229,0.27507626054189843
0.08508745923510229,0.27525569711107123
0.08538393121849985,0.27525569711107123
0.08538393121849985,0.275435133680244
0.08539953500709972,0.275435133680244
0.08539953500709972,0.2756145702494168
0.08550876152729883,0.2756145702494168
0.08550876152729883,0.2757940068185896
0.08555557289309844,0.2757940068185896
0.08555557289309844,0.2759734433877624
0.08582083729929627,0.2759734433877624
0.08582083729929627,0.2761528799569352
0.08586764866509589,0.2761528799569352
0.08586764866509589,0.276332316526108
0.08594566760809524,0.276332316526108
0.08594566760809524,0.2765117530952808
0.08599247897389486,0.2765117530952808
0.08599247897389486,0.2766911896644536
0.08605489412829435,0.2766911896644536
0.08605489412829435,0.2768706262336264
0.08610170549409396,0.2768706262336264
0.08610170549409396,0.2770500628027992
0.0864761964204909,0.2770500628027992
0.0864761964204909,0.277229499371972
0.08650740399769064,0.277229499371972
0.08650740399769064,0.2774089359411448
0.08653861157489039,0.2774089359411448
0.08653861157489039,0.2775883725103176
0.08655421536349026,0.2775883725103176
0.08655421536349026,0.2777678090794904
0.08663223430648961,0.2777678090794904
0.08663223430648961,0.2779472456486632
0.08666344188368937,0.2779472456486632
0.08666344188368937,0.278126682217836
0.08675706461528859,0.278126682217836
0.08675706461528859,0.2783061187870088
0.08683508355828795,0.2783061187870088
0.08683508355828795,0.2784855553561816
0.08694431007848706,0.2784855553561816
0.08694431007848706,0.2786649919253544
0.08700672523288655,0.2786649919253544
0.08700672523288655,0.27938273820204557
0.08713155554168552,0.27938273820204557
0.08716276311888527,0.27938273820204557
0.08717836690748514,0.27938273820204557
0.08717836690748514,0.27956217477121836
0.08745923510228283,0.27956217477121836
0.08745923510228283,0.27974161134039116
0.08752165025668232,0.27974161134039116
0.08752165025668232,0.27992104790956396
0.08755285783388207,0.27992104790956396
0.08769329193128092,0.27992104790956396
0.08769329193128092,0.28010048447873676
0.08770889571988079,0.28010048447873676
0.08770889571988079,0.28045935761708235
0.08777131087428028,0.28045935761708235
0.08777131087428028,0.28063879418625515
0.0878649336058795,0.28063879418625515
0.0878649336058795,0.28081823075542794
0.08791174497167913,0.28081823075542794
0.08791174497167913,0.28117710389377354
0.08805217906907797,0.28117710389377354
0.08805217906907797,0.28135654046294634
0.08808338664627771,0.28135654046294634
0.08808338664627771,0.28153597703211913
0.0881458018006772,0.28153597703211913
0.0881458018006772,0.28171541360129193
0.08836425484107541,0.28171541360129193
0.08836425484107541,0.28189485017046473
0.08858270788147363,0.28189485017046473
0.08858270788147363,0.2820742867396375
0.08873874576747234,0.2820742867396375
0.08873874576747234,0.2822537233088103
0.08892599123067081,0.2822537233088103
0.08892599123067081,0.2824331598779831
0.08894159501927068,0.2824331598779831
0.08894159501927068,0.2826125964471559
0.08897280259647042,0.2826125964471559
0.08897280259647042,0.2827920330163287
0.08933168973426749,0.2827920330163287
0.08933168973426749,0.2829714695855015
0.08983101096946339,0.2829714695855015
0.08983101096946339,0.2831509061546743
0.08989342612386288,0.2831509061546743
0.08989342612386288,0.2835097792930199
0.08992463370106261,0.2835097792930199
0.08992463370106261,0.2836892158621927
0.08994023748966248,0.2836892158621927
0.08994023748966248,0.2838686524313655
0.08995584127826237,0.2838686524313655
0.08995584127826237,0.2840480890005383
0.09006506779846146,0.2840480890005383
0.09006506779846146,0.2842275255697111
0.09022110568446019,0.2842275255697111
0.09022110568446019,0.2844069621388839
0.09028352083885967,0.2844069621388839
0.09028352083885967,0.2845863987080567
0.09042395493625853,0.2845863987080567
0.09042395493625853,0.2847658352772295
0.0904395587248584,0.2847658352772295
0.0904395587248584,0.2849452718464023
0.090486370090658,0.2849452718464023
0.090486370090658,0.2851247084155751
0.09057999282225725,0.2851247084155751
0.09057999282225725,0.2853041449847479
0.09073603070825596,0.2853041449847479
0.09073603070825596,0.2854835815539207
0.09075163449685583,0.2854835815539207
0.09075163449685583,0.28566301812309347
0.09086086101705494,0.28566301812309347
0.09086086101705494,0.28602189126143907
0.0909388799600543,0.28602189126143907
0.0909388799600543,0.28620132783061186
0.09095448374865417,0.28620132783061186
0.09095448374865417,0.28656020096895746
0.09103250269165353,0.28656020096895746
0.09103250269165353,0.28673963753813025
0.09125095573205175,0.28673963753813025
0.09125095573205175,0.28691907410730305
0.0914382011952502,0.28691907410730305
0.0914382011952502,0.28745738381482144
0.09156303150404918,0.28745738381482144
0.09157863529264905,0.28763682038399424
0.09157863529264905,0.28781625695316704
0.0916098428698488,0.28781625695316704
0.0916098428698488,0.28799569352233984
0.09162544665844867,0.28799569352233984
0.09162544665844867,0.28817513009151263
0.09165665423564842,0.28817513009151263
0.09165665423564842,0.28835456666068543
0.09168786181284816,0.28835456666068543
0.0917190693900479,0.28835456666068543
0.09173467317864778,0.28835456666068543
0.09173467317864778,0.2885340032298582
0.09178148454444739,0.2885340032298582
0.09178148454444739,0.288713439799031
0.09179708833304727,0.288713439799031
0.09179708833304727,0.2888928763682038
0.09206235273924508,0.2888928763682038
0.09206235273924508,0.2890723129373766
0.0921091641050447,0.2890723129373766
0.0921091641050447,0.2892517495065494
0.09212476789364457,0.2892517495065494
0.09212476789364457,0.2894311860757222
0.09217157925944419,0.2894311860757222
0.09217157925944419,0.289610622644895
0.09221839062524381,0.289610622644895
0.09221839062524381,0.2897900592140678
0.09229640956824317,0.2897900592140678
0.09229640956824317,0.2899694957832406
0.09254607018584113,0.2899694957832406
0.09254607018584113,0.2903283689215862
0.09265529670604022,0.2903283689215862
0.09265529670604022,0.290507805490759
0.0926709004946401,0.290507805490759
0.0926709004946401,0.2908666786291046
0.09281133459203894,0.2908666786291046
0.09281133459203894,0.2910461151982774
0.09298297626663754,0.2910461151982774
0.09298297626663754,0.291404988336623
0.0930609952096369,0.291404988336623
0.0930609952096369,0.2915844249057958
0.09312341036403639,0.2915844249057958
0.09312341036403639,0.2917638614749686
0.09317022172983601,0.2917638614749686
0.09317022172983601,0.29212273461331417
0.0932794482500351,0.29212273461331417
0.0932794482500351,0.29230217118248697
0.09329505203863499,0.29230217118248697
0.09329505203863499,0.29248160775165977
0.09338867477023421,0.29248160775165977
0.09338867477023421,0.29284048089000536
0.09341988234743395,0.29284048089000536
0.09341988234743395,0.29301991745917816
0.09396601494842947,0.29301991745917816
0.09396601494842947,0.29337879059752375
0.09420007177742756,0.29337879059752375
0.09420007177742756,0.29355822716669655
0.09424688314322717,0.29355822716669655
0.09424688314322717,0.29373766373586935
0.09427809072042692,0.29373766373586935
0.09427809072042692,0.29391710030504214
0.09437171345202615,0.29391710030504214
0.09437171345202615,0.29409653687421494
0.09449654376082513,0.29409653687421494
0.09449654376082513,0.29427597344338774
0.09463697785822398,0.29427597344338774
0.09463697785822398,0.29445541001256054
0.09465258164682384,0.29445541001256054
0.09465258164682384,0.29499371972007893
0.09466818543542373,0.29499371972007893
0.0946837892240236,0.2951731562892517
0.09469939301262346,0.2951731562892517
0.09469939301262346,0.2953525928584245
0.09474620437842309,0.2953525928584245
0.09474620437842309,0.2955320294275973
0.09480861953282257,0.2955320294275973
0.09480861953282257,0.2957114659967701
0.09488663847582193,0.2957114659967701
0.09488663847582193,0.2958909025659429
0.09494905363022142,0.2958909025659429
0.09494905363022142,0.2960703391351157
0.09513629909341988,0.2960703391351157
0.09513629909341988,0.2962497757042885
0.09516750667061963,0.2962497757042885
0.09516750667061963,0.2966086488426341
0.09533914834521821,0.2966086488426341
0.09533914834521821,0.2967880854118069
0.09543277107681745,0.2967880854118069
0.09543277107681745,0.2969675219809797
0.0955732051742163,0.2969675219809797
0.0955732051742163,0.2971469585501525
0.09562001654001591,0.2971469585501525
0.09562001654001591,0.2973263951193253
0.09569803548301528,0.2973263951193253
0.09569803548301528,0.2975058316884981
0.09576045063741477,0.2975058316884981
0.09576045063741477,0.2976852682576709
0.09582286579181425,0.2976852682576709
0.09582286579181425,0.2980441413960165
0.095854073369014,0.2980441413960165
0.095854073369014,0.2982235779651893
0.09586967715761387,0.2982235779651893
0.09590088473481362,0.2982235779651893
0.09591648852341349,0.2982235779651893
0.09591648852341349,0.2984030145343621
0.09601011125501271,0.2984030145343621
0.09601011125501271,0.2985824511035349
0.09618175292961131,0.2985824511035349
0.09618175292961131,0.29876188767270767
0.09621296050681105,0.29876188767270767
0.09621296050681105,0.29894132424188047
0.09630658323841029,0.29894132424188047
0.09630658323841029,0.29912076081105327
0.09638460218140965,0.29912076081105327
0.09638460218140965,0.29930019738022606
0.09655624385600824,0.29930019738022606
0.09655624385600824,0.29947963394939886
0.09661865901040773,0.29947963394939886
0.09661865901040773,0.29965907051857166
0.09671228174200695,0.29965907051857166
0.09671228174200695,0.3000179436569173
0.09672788553060684,0.3000179436569173
0.09672788553060684,0.3001973802260901
0.09675909310780657,0.3001973802260901
0.09675909310780657,0.3003768167952629
0.09691513099380529,0.3003768167952629
0.09691513099380529,0.3005562533644357
0.09696194235960491,0.3005562533644357
0.09696194235960491,0.3007356899336085
0.0970243575140044,0.3007356899336085
0.0970243575140044,0.3009151265027813
0.09707116887980402,0.3009151265027813
0.09707116887980402,0.3010945630719541
0.09718039540000312,0.3010945630719541
0.09718039540000312,0.3012739996411269
0.09721160297720287,0.3012739996411269
0.09721160297720287,0.3014534362102997
0.0973052257088021,0.3014534362102997
0.0973052257088021,0.3016328727794725
0.09746126359480081,0.3016328727794725
0.09746126359480081,0.3018123093486453
0.09758609390359979,0.3018123093486453
0.09758609390359979,0.3019917459178181
0.09794498104139684,0.3019917459178181
0.09794498104139684,0.3021711824869909
0.09799179240719647,0.3021711824869909
0.09799179240719647,0.30235061905616367
0.09803860377299609,0.30235061905616367
0.09803860377299609,0.30253005562533647
0.0980854151387957,0.30253005562533647
0.0980854151387957,0.30270949219450927
0.09811662271599544,0.30270949219450927
0.09811662271599544,0.30288892876368206
0.09813222650459531,0.30288892876368206
0.09816343408179506,0.30288892876368206
0.09822584923619455,0.30288892876368206
0.09822584923619455,0.30306836533285486
0.09824145302479442,0.30306836533285486
0.09824145302479442,0.30396554817871885
0.09827266060199416,0.30396554817871885
0.09828826439059403,0.30414498474789164
0.0983662833335934,0.30414498474789164
0.0983662833335934,0.30432442131706444
0.09838188712219327,0.30432442131706444
0.09838188712219327,0.30450385788623724
0.09842869848799289,0.30450385788623724
0.09842869848799289,0.30468329445541004
0.09849111364239237,0.30468329445541004
0.09849111364239237,0.30486273102458283
0.09856913258539174,0.30486273102458283
0.09856913258539174,0.30504216759375563
0.09866275531699097,0.30504216759375563
0.09866275531699097,0.30522160416292843
0.09870956668279059,0.30522160416292843
0.09870956668279059,0.3054010407321012
0.0987563780485902,0.3054010407321012
0.0987563780485902,0.305580477301274
0.09899043487758828,0.305580477301274
0.09899043487758828,0.3059393504396196
0.09909966139778738,0.3059393504396196
0.09909966139778738,0.3061187870087924
0.099146472763587,0.3061187870087924
0.099146472763587,0.3062982235779652
0.09922449170658636,0.3062982235779652
0.09922449170658636,0.306477660147138
0.09925569928378611,0.306477660147138
0.09928690686098585,0.306477660147138
0.09928690686098585,0.3066570967163108
0.0994273409583847,0.3066570967163108
0.0994273409583847,0.3068365332854836
0.09956777505578354,0.3068365332854836
0.09956777505578354,0.3070159698546564
0.09967700157598265,0.3070159698546564
0.09967700157598265,0.3071954064238292
0.09983303946198137,0.3071954064238292
0.09983303946198137,0.307374842993002
0.09995786977078035,0.307374842993002
0.09995786977078035,0.3075542795621748
0.10008270007957933,0.3075542795621748
0.10011390765677906,0.3075542795621748
0.10039477585157676,0.3075542795621748
0.10039477585157676,0.3079131527005204
0.1008160781437733,0.3079131527005204
0.1008160781437733,0.3080925892696932
0.10100332360697177,0.3080925892696932
0.10100332360697177,0.3084514624080388
0.10105013497277139,0.3084514624080388
0.10108134254997113,0.3084514624080388
0.10111255012717088,0.3084514624080388
0.10111255012717088,0.3086308989772116
0.10125298422456973,0.3086308989772116
0.10125298422456973,0.30898977211555717
0.10129979559036933,0.30898977211555717
0.10129979559036933,0.30916920868472997
0.10133100316756909,0.30916920868472997
0.10133100316756909,0.30952808182307556
0.10140902211056844,0.30952808182307556
0.10140902211056844,0.30970751839224836
0.10162747515096665,0.30970751839224836
0.10162747515096665,0.31006639153059395
0.10170549409396601,0.31006639153059395
0.10170549409396601,0.31042526466893955
0.10181472061416512,0.31042526466893955
0.10181472061416512,0.31060470123811235
0.10183032440276499,0.31060470123811235
0.10183032440276499,0.31078413780728514
0.10187713576856461,0.31078413780728514
0.10187713576856461,0.31096357437645794
0.10189273955716448,0.31096357437645794
0.10189273955716448,0.31114301094563074
0.10200196607736359,0.31114301094563074
0.10200196607736359,0.31132244751480354
0.10201756986596346,0.31132244751480354
0.10201756986596346,0.31150188408397633
0.10203317365456332,0.31150188408397633
0.10203317365456332,0.31168132065314913
0.10212679638616257,0.31168132065314913
0.10212679638616257,0.3118607572223219
0.10239206079236038,0.3118607572223219
0.10239206079236038,0.3120401937914947
0.10248568352395962,0.3120401937914947
0.10248568352395962,0.3122196303606675
0.10254809867835911,0.3122196303606675
0.10254809867835911,0.3123990669298403
0.1026105138327586,0.3123990669298403
0.1026105138327586,0.3125785034990131
0.10276655171875732,0.3125785034990131
0.10276655171875732,0.3127579400681859
0.10278215550735718,0.3127579400681859
0.10278215550735718,0.3129373766373587
0.10279775929595705,0.3129373766373587
0.10279775929595705,0.3131168132065315
0.10284457066175667,0.3131168132065315
0.10284457066175667,0.3132962497757043
0.10286017445035654,0.3132962497757043
0.10286017445035654,0.3134756863448771
0.1028913820275563,0.3134756863448771
0.1028913820275563,0.3136551229140499
0.10306302370215488,0.3136551229140499
0.10306302370215488,0.3140139960523955
0.1031098350679545,0.3140139960523955
0.1031098350679545,0.3141934326215683
0.10323466537675348,0.3141934326215683
0.10323466537675348,0.3143728691907411
0.10325026916535335,0.3143728691907411
0.10325026916535335,0.3145523057599139
0.1033282881083527,0.3145523057599139
0.1033282881083527,0.3147317423290867
0.10343751462855182,0.3147317423290867
0.10343751462855182,0.3149111788982595
0.10348432599435142,0.3149111788982595
0.10348432599435142,0.3150906154674323
0.10357794872595066,0.3150906154674323
0.10357794872595066,0.3152700520366051
0.10359355251455053,0.3152700520366051
0.10359355251455053,0.3154494886057779
0.10367157145754989,0.3154494886057779
0.10367157145754989,0.31598779831329626
0.103780797977749,0.31598779831329626
0.103780797977749,0.31616723488246906
0.10381200555494874,0.31616723488246906
0.10382760934354861,0.31634667145164186
0.10390562828654798,0.31634667145164186
0.10390562828654798,0.31652610802081466
0.10395243965234759,0.31652610802081466
0.10395243965234759,0.31688498115916025
0.10398364722954734,0.31688498115916025
0.10398364722954734,0.31706441772833305
0.10403045859534694,0.31706441772833305
0.10403045859534694,0.31724385429750585
0.10412408132694619,0.31724385429750585
0.10412408132694619,0.31742329086667864
0.10421770405854541,0.31742329086667864
0.10424891163574516,0.31742329086667864
0.10435813815594426,0.31742329086667864
0.10435813815594426,0.31760272743585144
0.10446736467614337,0.31760272743585144
0.10446736467614337,0.31778216400502424
0.10448296846474324,0.31778216400502424
0.10448296846474324,0.31796160057419703
0.10449857225334311,0.31796160057419703
0.10449857225334311,0.31814103714336983
0.10451417604194298,0.31814103714336983
0.10451417604194298,0.31832047371254263
0.10454538361914273,0.31832047371254263
0.10454538361914273,0.3184999102817154
0.10467021392794171,0.3184999102817154
0.10467021392794171,0.3186793468508882
0.10474823287094107,0.3186793468508882
0.10474823287094107,0.318858783420061
0.10485745939114016,0.318858783420061
0.10485745939114016,0.3190382199892338
0.10493547833413953,0.3190382199892338
0.10493547833413953,0.3192176565584066
0.10520074274033736,0.3192176565584066
0.10520074274033736,0.3193970931275794
0.10524755410613697,0.3193970931275794
0.10524755410613697,0.3195765296967522
0.10526315789473684,0.3195765296967522
0.10526315789473684,0.319755966265925
0.10532557304913633,0.319755966265925
0.10532557304913633,0.3199354028350978
0.10534117683773621,0.3199354028350978
0.10534117683773621,0.3201148394042706
0.10540359199213568,0.3201148394042706
0.10540359199213568,0.3202942759734434
0.10570006397553326,0.3202942759734434
0.10570006397553326,0.3204737125426162
0.105731271552733,0.3204737125426162
0.105731271552733,0.320653149111789
0.10605895111333032,0.320653149111789
0.10605895111333032,0.3208325856809618
0.10648025340552686,0.3208325856809618
0.10648025340552686,0.3210120222501346
0.10676112160032455,0.3210120222501346
0.10676112160032455,0.3211914588193074
0.10687034812052366,0.3211914588193074
0.10687034812052366,0.3213708953884802
0.10693276327492315,0.3213708953884802
0.10693276327492315,0.3217297685268258
0.107073197372322,0.3217297685268258
0.107073197372322,0.3219092050959986
0.10727604662412034,0.3219092050959986
0.10727604662412034,0.32208864166517137
0.10729165041272021,0.32208864166517137
0.10729165041272021,0.32226807823434417
0.10736966935571957,0.32226807823434417
0.10736966935571957,0.32244751480351697
0.10738527314431943,0.32244751480351697
0.10738527314431943,0.32280638794186256
0.10740087693291932,0.32280638794186256
0.10740087693291932,0.32298582451103536
0.10741648072151919,0.32298582451103536
0.10741648072151919,0.32316526108020815
0.10749449966451854,0.32316526108020815
0.10752570724171828,0.32316526108020815
0.10772855649351662,0.32316526108020815
0.10772855649351662,0.32352413421855375
0.10790019816811522,0.32352413421855375
0.10790019816811522,0.32370357078772655
0.10793140574531496,0.32370357078772655
0.10793140574531496,0.32388300735689934
0.10797821711111458,0.32388300735689934
0.10797821711111458,0.32406244392607214
0.10811865120851342,0.32406244392607214
0.1081342549971133,0.32424188049524494
0.10835270803751151,0.32424188049524494
0.10835270803751151,0.32442131706441774
0.1085243497121101,0.32442131706441774
0.1085243497121101,0.32460075363359053
0.1088052179069078,0.32460075363359053
0.1088052179069078,0.32478019020276333
0.10889884063850704,0.32478019020276333
0.10889884063850704,0.3254979364794545
0.10894565200430664,0.3254979364794545
0.10894565200430664,0.3258568096178001
0.10936695429650319,0.3258568096178001
0.10936695429650319,0.3260362461869729
0.10949178460530216,0.3260362461869729
0.10949178460530216,0.3262156827561457
0.1095854073369014,0.3262156827561457
0.1095854073369014,0.3265745558944913
0.10967903006850063,0.3265745558944913
0.10967903006850063,0.3271128656020097
0.10971023764570037,0.3271128656020097
0.10971023764570037,0.3272923021711825
0.10994429447469846,0.3272923021711825
0.10994429447469846,0.3274717387403553
0.11005352099489756,0.3274717387403553
0.11005352099489756,0.3276511753095281
0.1101471437264968,0.3276511753095281
0.1101471437264968,0.3278306118787009
0.11016274751509667,0.3278306118787009
0.11016274751509667,0.3280100484478737
0.11017835130369653,0.3280100484478737
0.11017835130369653,0.3281894850170465
0.11045921949849423,0.3281894850170465
0.11045921949849423,0.3283689215862193
0.11069327632749232,0.3283689215862193
0.11069327632749232,0.3285483581553921
0.11072448390469206,0.3285483581553921
0.11072448390469206,0.32872779472456487
0.1108181066362913,0.32872779472456487
0.1108181066362913,0.32890723129373767
0.11091172936789052,0.32890723129373767
0.11091172936789052,0.32908666786291046
0.11095854073369014,0.32908666786291046
0.11095854073369014,0.32926610443208326
0.11098974831088988,0.32926610443208326
0.11102095588808963,0.32926610443208326
0.1110365596766895,0.32926610443208326
0.1110365596766895,0.32944554100125606
0.11105216346528937,0.32944554100125606
0.11108337104248911,0.32944554100125606
0.11109897483108899,0.32944554100125606
0.11113018240828873,0.32944554100125606
0.11119259756268822,0.32944554100125606
0.11119259756268822,0.32962497757042886
0.11128622029428745,0.32962497757042886
0.11128622029428745,0.32980441413960165
0.11141105060308643,0.32980441413960165
0.11141105060308643,0.32998385070877445
0.11145786196888605,0.32998385070877445
0.11145786196888605,0.33016328727794725
0.111707522586484,0.33016328727794725
0.111707522586484,0.33034272384712005
0.11201959835848144,0.33034272384712005
0.11201959835848144,0.33070159698546564
0.11223805139887964,0.33070159698546564
0.11223805139887964,0.33088103355463844
0.11225365518747953,0.33088103355463844
0.11225365518747953,0.33106047012381123
0.11234727791907875,0.33106047012381123
0.11234727791907875,0.33123990669298403
0.11239408928487837,0.33123990669298403
0.11239408928487837,0.33141934326215683
0.11240969307347824,0.33141934326215683
0.11240969307347824,0.3319576529696752
0.11245650443927786,0.3319576529696752
0.11245650443927786,0.332137089538848
0.11247210822787773,0.332137089538848
0.11247210822787773,0.3323165261080208
0.11255012717087709,0.3323165261080208
0.11255012717087709,0.3326753992463664
0.11258133474807683,0.3326753992463664
0.11258133474807683,0.3328548358155392
0.11267495747967607,0.3328548358155392
0.11267495747967607,0.333034272384712
0.11269056126827594,0.333034272384712
0.11269056126827594,0.3332137089538848
0.1127685802112753,0.3332137089538848
0.1127685802112753,0.3333931455230576
0.11279978778847505,0.3333931455230576
0.11279978778847505,0.3335725820922304
0.11283099536567479,0.3335725820922304
0.11283099536567479,0.3337520186614032
0.11292461809727401,0.3337520186614032
0.11292461809727401,0.333931455230576
0.11320548629207171,0.333931455230576
0.11320548629207171,0.3341108917997488
0.1135487696412689,0.3341108917997488
0.1135487696412689,0.3342903283689216
0.11356437342986878,0.3342903283689216
0.11356437342986878,0.3344697649380944
0.11361118479566838,0.3344697649380944
0.11361118479566838,0.3346492015072672
0.11372041131586749,0.3346492015072672
0.11372041131586749,0.33482863807644
0.11375161889306723,0.33482863807644
0.11375161889306723,0.33518751121478557
0.11379843025886685,0.33518751121478557
0.11379843025886685,0.33554638435313117
0.11397007193346545,0.33554638435313117
0.11397007193346545,0.33572582092230396
0.11407929845366455,0.33572582092230396
0.11407929845366455,0.33590525749147676
0.1142197325510634,0.33590525749147676
0.1142197325510634,0.33608469406064956
0.11429775149406275,0.33608469406064956
0.11429775149406275,0.33626413062982236
0.114391374225662,0.33626413062982236
0.114391374225662,0.33662300376816795
0.11448499695726122,0.33662300376816795
0.11448499695726122,0.33698187690651354
0.11450060074586109,0.33698187690651354
0.11451620453446097,0.33716131347568634
0.11459422347746033,0.33716131347568634
0.11459422347746033,0.33734075004485914
0.11496871440385725,0.33734075004485914
0.11496871440385725,0.33769962318320473
0.11514035607845585,0.33769962318320473
0.11514035607845585,0.33787905975237753
0.11523397881005508,0.33787905975237753
0.11523397881005508,0.33805849632155033
0.11546803563905317,0.33805849632155033
0.11546803563905317,0.3382379328907231
0.11570209246805124,0.3382379328907231
0.11570209246805124,0.3384173694598959
0.11585813035404996,0.3384173694598959
0.11585813035404996,0.3385968060290687
0.11604537581724843,0.3385968060290687
0.11604537581724843,0.3387762425982415
0.11610779097164792,0.3387762425982415
0.11610779097164792,0.3389556791674143
0.11612339476024779,0.3389556791674143
0.11612339476024779,0.3391351157365871
0.11656030084104421,0.3391351157365871
0.11657590462964408,0.3393145523057599
0.11674754630424267,0.3393145523057599
0.11674754630424267,0.3398528620132783
0.11676315009284254,0.3398528620132783
0.11676315009284254,0.3400322985824511
0.11684116903584191,0.3400322985824511
0.11684116903584191,0.3402117351516239
0.1169035841902414,0.3402117351516239
0.1169035841902414,0.3403911717207967
0.11696599934464087,0.3403911717207967
0.11699720692184062,0.3403911717207967
0.11704401828764024,0.3403911717207967
0.11704401828764024,0.3405706082899695
0.11705962207624011,0.3405706082899695
0.11705962207624011,0.3407500448591423
0.11724686753943858,0.3407500448591423
0.11724686753943858,0.3409294814283151
0.11732488648243794,0.3409294814283151
0.11732488648243794,0.3411089179974879
0.1174029054254373,0.3411089179974879
0.11746532057983679,0.3411089179974879
0.11748092436843666,0.3411089179974879
0.11748092436843666,0.3412883545666607
0.11763696225443537,0.3412883545666607
0.11763696225443537,0.3414677911358335
0.11782420771763384,0.3414677911358335
0.11782420771763384,0.3416472277050063
0.11793343423783295,0.3416472277050063
0.11793343423783295,0.34182666427417907
0.11798024560363256,0.34182666427417907
0.11798024560363256,0.34200610084335187
0.11799584939223244,0.34200610084335187
0.11799584939223244,0.34218553741252467
0.11801145318083231,0.34218553741252467
0.11801145318083231,0.34236497398169746
0.1180738683352318,0.34236497398169746
0.1180738683352318,0.34254441055087026
0.1181206797010314,0.34254441055087026
0.1181206797010314,0.34272384712004306
0.11827671758703014,0.34272384712004306
0.11827671758703014,0.34290328368921585
0.1185731895704277,0.34290328368921585
0.1185731895704277,0.34308272025838865
0.11866681230202693,0.34308272025838865
0.11866681230202693,0.34326215682756145
0.11868241609062681,0.34326215682756145
0.11868241609062681,0.34344159339673425
0.11877603882222604,0.34344159339673425
0.11877603882222604,0.34362102996590704
0.11886966155382526,0.34362102996590704
0.11886966155382526,0.34380046653507984
0.11921294490302245,0.34380046653507984
0.11921294490302245,0.34397990310425264
0.11922854869162233,0.34397990310425264
0.11922854869162233,0.34415933967342544
0.1192441524802222,0.34415933967342544
0.1192441524802222,0.34433877624259823
0.11927536005742194,0.34433877624259823
0.11927536005742194,0.34451821281177103
0.11933777521182143,0.34451821281177103
0.11933777521182143,0.3446976493809438
0.11936898278902118,0.3446976493809438
0.11936898278902118,0.3448770859501166
0.11941579415482079,0.3448770859501166
0.11941579415482079,0.3452359590884622
0.11947820930922028,0.3452359590884622
0.11949381309782015,0.345415395657635
0.1197434737154181,0.345415395657635
0.1197434737154181,0.3455948322268078
0.12000873812161593,0.3455948322268078
0.12000873812161593,0.3459537053651534
0.1200243419102158,0.3459537053651534
0.1200243419102158,0.3461331419343262
0.12007115327601542,0.3461331419343262
0.12007115327601542,0.346312578503499
0.1201959835848144,0.346312578503499
0.1201959835848144,0.3464920150726718
0.12027400252781376,0.3464920150726718
0.12027400252781376,0.3466714516418446
0.12032081389361336,0.3466714516418446
0.12032081389361336,0.3468508882110174
0.12036762525941298,0.3468508882110174
0.12036762525941298,0.3470303247801902
0.12039883283661273,0.3470303247801902
0.12039883283661273,0.347209761349363
0.12047685177961209,0.347209761349363
0.12047685177961209,0.3473891979185358
0.12061728587701094,0.3473891979185358
0.12061728587701094,0.3475686344877086
0.12066409724281056,0.3475686344877086
0.12066409724281056,0.3477480710568814
0.12077332376300966,0.3477480710568814
0.12077332376300966,0.3479275076260542
0.12080453134020941,0.3479275076260542
0.12080453134020941,0.348106944195227
0.12092936164900837,0.348106944195227
0.12092936164900837,0.34828638076439977
0.12094496543760826,0.34828638076439977
0.12094496543760826,0.34864525390274537
0.120976173014808,0.34864525390274537
0.120976173014808,0.34882469047191816
0.12103858816920748,0.34882469047191816
0.12103858816920748,0.34900412704109096
0.1211478146894066,0.34900412704109096
0.1211478146894066,0.34918356361026376
0.12130385257540531,0.34918356361026376
0.12130385257540531,0.34936300017943656
0.12131945636400518,0.34936300017943656
0.12131945636400518,0.34954243674860935
0.12135066394120493,0.34954243674860935
0.12135066394120493,0.34972187331778215
0.12145989046140403,0.34972187331778215
0.12145989046140403,0.34990130988695495
0.1214754942500039,0.34990130988695495
0.1214754942500039,0.35008074645612774
0.12156911698160314,0.35008074645612774
0.12156911698160314,0.35026018302530054
0.12167834350180223,0.35026018302530054
0.12167834350180223,0.35043961959447334
0.12195921169659993,0.35043961959447334
0.12195921169659993,0.35061905616364614
0.12199041927379968,0.35061905616364614
0.12199041927379968,0.35079849273281893
0.12209964579399878,0.35079849273281893
0.12209964579399878,0.35097792930199173
0.12217766473699815,0.35097792930199173
0.12217766473699815,0.3513368024403373
0.12234930641159673,0.3513368024403373
0.12234930641159673,0.3515162390095101
0.12250534429759545,0.3515162390095101
0.12250534429759545,0.3516956755786829
0.12291104280119212,0.3516956755786829
0.12291104280119212,0.3518751121478557
0.12309828826439059,0.3518751121478557
0.12309828826439059,0.3520545487170285
0.12317630720738995,0.3520545487170285
0.1232075147845897,0.3520545487170285
0.12330113751618893,0.3520545487170285
0.12330113751618893,0.3522339852862013
0.12341036403638804,0.3522339852862013
0.12344157161358778,0.3522339852862013
0.12350398676798727,0.3522339852862013
0.12350398676798727,0.3524134218553741
0.12355079813378689,0.3524134218553741
0.12355079813378689,0.3525928584245469
0.12356640192238676,0.3527722949937197
0.1235976094995865,0.3527722949937197
0.1235976094995865,0.3529517315628925
0.12362881707678625,0.3529517315628925
0.12362881707678625,0.3531311681320653
0.1237692511741851,0.3531311681320653
0.1237692511741851,0.3534900412704109
0.12381606253998471,0.3534900412704109
0.12381606253998471,0.3536694778395837
0.12383166632858458,0.3536694778395837
0.12383166632858458,0.3538489144087565
0.1239877042145833,0.3538489144087565
0.1239877042145833,0.3542077875471021
0.12414374210058202,0.3542077875471021
0.12414374210058202,0.3543872241162749
0.12436219514098024,0.3543872241162749
0.12436219514098024,0.3547460972546205
0.12439340271817997,0.3547460972546205
0.12439340271817997,0.35492553382379327
0.12447142166117933,0.35492553382379327
0.12447142166117933,0.35510497039296607
0.1246586671243778,0.35510497039296607
0.1246586671243778,0.35528440696213887
0.12472108227877729,0.35528440696213887
0.12472108227877729,0.35546384353131166
0.12475228985597703,0.35546384353131166
0.12475228985597703,0.35564328010048446
0.12484591258757627,0.35564328010048446
0.12484591258757627,0.35582271666965726
0.1249395353191755,0.35582271666965726
0.1249395353191755,0.35618158980800285
0.12517359214817358,0.35618158980800285
0.12517359214817358,0.35636102637717565
0.12531402624557242,0.35636102637717565
0.12531402624557242,0.35654046294634845
0.12547006413157114,0.35654046294634845
0.1255012717087709,0.35654046294634845
0.12564170580616973,0.35654046294634845
0.12564170580616973,0.35671989951552124
0.12567291338336947,0.35671989951552124
0.12567291338336947,0.35689933608469404
0.12568851717196936,0.35689933608469404
0.12568851717196936,0.35707877265386684
0.12579774369216845,0.35707877265386684
0.12579774369216845,0.35725820922303964
0.1258757626351678,0.35725820922303964
0.1258757626351678,0.35743764579221243
0.12601619673256667,0.35743764579221243
0.12601619673256667,0.35761708236138523
0.12603180052116653,0.35761708236138523
0.12603180052116653,0.357796518930558
0.1260630080983663,0.357796518930558
0.1260630080983663,0.3579759554997308
0.12607861188696615,0.3579759554997308
0.12607861188696615,0.3581553920689036
0.12609421567556603,0.3581553920689036
0.12612542325276577,0.3581553920689036
0.1263906876589636,0.3581553920689036
0.1263906876589636,0.3583348286380764
0.12640629144756346,0.3583348286380764
0.12640629144756346,0.3585142652072492
0.12653112175636244,0.3585142652072492
0.12653112175636244,0.358693701776422
0.12654672554496232,0.358693701776422
0.12654672554496232,0.3588731383455948
0.1268900088941595,0.3588731383455948
0.1268900088941595,0.3590525749147676
0.12692121647135923,0.3590525749147676
0.12692121647135923,0.3592320114839404
0.12715527330035734,0.3592320114839404
0.12715527330035734,0.3594114480531132
0.1272332922433567,0.3594114480531132
0.1272332922433567,0.3597703211914588
0.12724889603195655,0.3597703211914588
0.12724889603195655,0.3599497577606316
0.12729570739775617,0.3599497577606316
0.12729570739775617,0.3601291943298044
0.12731131118635605,0.3601291943298044
0.12731131118635605,0.3603086308989772
0.12737372634075553,0.3603086308989772
0.12737372634075553,0.36048806746815
0.12757657559255386,0.36048806746815
0.12757657559255386,0.3606675040373228
0.1277794248443522,0.3606675040373228
0.1277794248443522,0.3608469406064956
0.1279510665189508,0.3608469406064956
0.1279510665189508,0.3612058137448412
0.12796667030755068,0.3612058137448412
0.12796667030755068,0.361385250314014
0.12832555744534774,0.361385250314014
0.12832555744534774,0.36174412345235957
0.12835676502254748,0.36174412345235957
0.12835676502254748,0.36210299659070516
0.12841918017694695,0.36210299659070516
0.12841918017694695,0.36228243315987796
0.12843478396554683,0.36228243315987796
0.12843478396554683,0.36246186972905076
0.12848159533134645,0.36246186972905076
0.1285128029085462,0.36246186972905076
0.1286220294287453,0.36246186972905076
0.1286220294287453,0.36264130629822355
0.12865323700594505,0.36264130629822355
0.12865323700594505,0.36317961600574195
0.1286844445831448,0.36317961600574195
0.12870004837174465,0.36335905257491474
0.1287936711033439,0.36335905257491474
0.1287936711033439,0.36353848914408754
0.12882487868054363,0.36353848914408754
0.12882487868054363,0.36371792571326034
0.12887169004634325,0.36371792571326034
0.12887169004634325,0.36389736228243313
0.12891850141214287,0.36389736228243313
0.12891850141214287,0.36407679885160593
0.12927738854993992,0.36407679885160593
0.12927738854993992,0.36425623542077873
0.12971429463073633,0.36425623542077873
0.12971429463073633,0.3644356719899515
0.12982352115093546,0.3644356719899515
0.12982352115093546,0.3646151085591243
0.12988593630533493,0.3646151085591243
0.12988593630533493,0.3647945451282971
0.13015120071153277,0.3647945451282971
0.13015120071153277,0.3649739816974699
0.13019801207733236,0.3649739816974699
0.13019801207733236,0.3651534182666427
0.1304008613291307,0.3651534182666427
0.1304008613291307,0.3653328548358155
0.13061931436952892,0.3653328548358155
0.13061931436952892,0.3655122914049883
0.1306349181581288,0.3655122914049883
0.1306349181581288,0.3656917279741611
0.13069733331252828,0.3656917279741611
0.13069733331252828,0.3658711645433339
0.1307441446783279,0.3658711645433339
0.1307441446783279,0.3662300376816795
0.13086897498712688,0.3662300376816795
0.13090018256432662,0.3662300376816795
0.1310250128731256,0.3662300376816795
0.1310250128731256,0.3664094742508523
0.13104061666172548,0.3664094742508523
0.13104061666172548,0.3665889108200251
0.1311342393933247,0.3665889108200251
0.1311342393933247,0.36676834738919795
0.13116544697052443,0.36676834738919795
0.13116544697052443,0.36694778395837074
0.13127467349072355,0.36694778395837074
0.13127467349072355,0.36712722052754354
0.13144631516532215,0.36712722052754354
0.1314775227425219,0.36712722052754354
0.131586749262721,0.36712722052754354
0.131586749262721,0.36730665709671634
0.13169597578292008,0.36730665709671634
0.13169597578292008,0.36748609366588914
0.13172718336011985,0.36748609366588914
0.13172718336011985,0.36766553023506193
0.1319144288233183,0.36766553023506193
0.1319144288233183,0.36784496680423473
0.13194563640051804,0.36784496680423473
0.13194563640051804,0.3680244033734075
0.13197684397771778,0.3680244033734075
0.13197684397771778,0.3682038399425803
0.13216408944091626,0.3682038399425803
0.13216408944091626,0.3683832765117531
0.13222650459531574,0.3683832765117531
0.13222650459531574,0.3685627130809259
0.13224210838391562,0.3685627130809259
0.13224210838391562,0.3687421496500987
0.1324605614243138,0.3687421496500987
0.1324605614243138,0.3689215862192715
0.13255418415591305,0.3689215862192715
0.13255418415591305,0.3691010227884443
0.1326946182533119,0.3691010227884443
0.1326946182533119,0.3692804593576171
0.13271022204191177,0.3692804593576171
0.13274142961911153,0.3692804593576171
0.1327570334077114,0.3692804593576171
0.1327570334077114,0.3698187690651355
0.13278824098491113,0.3698187690651355
0.13286625992791049,0.3698187690651355
0.13286625992791049,0.3699982056343083
0.13294427887090984,0.3699982056343083
0.13294427887090984,0.3701776422034811
0.1332563546429073,0.3701776422034811
0.1332563546429073,0.3705365153418267
0.13330316600870692,0.3705365153418267
0.13330316600870692,0.3707159519109995
0.13334997737450652,0.3707159519109995
0.13334997737450652,0.3708953884801723
0.13341239252890602,0.3708953884801723
0.13344360010610576,0.3708953884801723
0.13349041147190538,0.3708953884801723
0.13349041147190538,0.3710748250493451
0.13355282662630485,0.3710748250493451
0.13358403420350462,0.3710748250493451
0.13366205314650398,0.3710748250493451
0.13366205314650398,0.3712542616185179
0.13377127966670307,0.3712542616185179
0.13378688345530296,0.3714336981876907
0.1338024872439028,0.3714336981876907
0.1338024872439028,0.3716131347568635
0.13383369482110255,0.3716131347568635
0.1339273175527018,0.3716131347568635
0.1339273175527018,0.37179257132603627
0.1339897327071013,0.37179257132603627
0.1339897327071013,0.37215144446438186
0.13405214786150077,0.37215144446438186
0.13405214786150077,0.37233088103355466
0.13423939332469922,0.37233088103355466
0.13423939332469922,0.37251031760272746
0.134270600901899,0.37251031760272746
0.134270600901899,0.37268975417190026
0.13458267667389642,0.37268975417190026
0.13458267667389642,0.37304862731024585
0.1346450918282959,0.37304862731024585
0.1346450918282959,0.37322806387941865
0.13469190319409552,0.37322806387941865
0.13469190319409552,0.37340750044859145
0.13475431834849502,0.37340750044859145
0.13475431834849502,0.37358693701776424
0.13483233729149438,0.37358693701776424
0.13483233729149438,0.37376637358693704
0.13486354486869412,0.37376637358693704
0.13486354486869412,0.37412524672528263
0.13495716760029336,0.37412524672528263
0.13495716760029336,0.37430468329445543
0.13503518654329272,0.37430468329445543
0.13503518654329272,0.37448411986362823
0.13522243200649117,0.37448411986362823
0.13522243200649117,0.374663556432801
0.1353160547380904,0.374663556432801
0.13536286610389003,0.374663556432801
0.13545648883548925,0.374663556432801
0.135487696412689,0.374663556432801
0.1355501115670885,0.374663556432801
0.1355501115670885,0.3748429930019738
0.13561252672148796,0.3748429930019738
0.13561252672148796,0.3750224295711466
0.13562813051008785,0.3750224295711466
0.13562813051008785,0.3752018661403194
0.13573735703028694,0.3752018661403194
0.13573735703028694,0.3753813027094922
0.13579977218468645,0.3753813027094922
0.13579977218468645,0.375560739278665
0.13601822522508464,0.375560739278665
0.13601822522508464,0.3757401758478378
0.13609624416808402,0.3757401758478378
0.13609624416808402,0.3759196124170106
0.13623667826548286,0.3759196124170106
0.13623667826548286,0.3760990489861834
0.13628348963128248,0.3760990489861834
0.13637711236288172,0.3760990489861834
0.13637711236288172,0.376457922124529
0.13639271615148157,0.376457922124529
0.13639271615148157,0.3766373586937018
0.1364239237286813,0.3766373586937018
0.1364239237286813,0.3768167952628746
0.13648633888308082,0.3768167952628746
0.13648633888308082,0.3769962318320474
0.1365487540374803,0.3769962318320474
0.1365487540374803,0.3771756684012202
0.13675160328927863,0.3771756684012202
0.13675160328927863,0.377355104970393
0.13686082980947775,0.377355104970393
0.13686082980947775,0.3775345415395658
0.1370480752726762,0.3775345415395658
0.1370480752726762,0.3778934146779114
0.13718850937007507,0.3778934146779114
0.1372197169472748,0.3778934146779114
0.1372197169472748,0.3780728512470842
0.13723532073587466,0.3780728512470842
0.13723532073587466,0.37825228781625697
0.13753179271927224,0.37825228781625697
0.13754739650787212,0.37843172438542977
0.13754739650787212,0.37861116095460257
0.13756300029647198,0.37861116095460257
0.13756300029647198,0.37879059752377536
0.1377658495482703,0.37879059752377536
0.1377658495482703,0.37897003409294816
0.1378906798570693,0.37897003409294816
0.1378906798570693,0.37914947066212096
0.1379530950114688,0.37914947066212096
0.1379530950114688,0.37932890723129375
0.13835879351506547,0.37932890723129375
0.13835879351506547,0.37950834380046655
0.13854603897826392,0.37950834380046655
0.13854603897826392,0.37968778036963935
0.13863966170986317,0.37968778036963935
0.13863966170986317,0.37986721693881215
0.13873328444146238,0.37986721693881215
0.13873328444146238,0.38004665350798494
0.13874888823006226,0.38004665350798494
0.13874888823006226,0.38022609007715774
0.13893613369326072,0.38022609007715774
0.13893613369326072,0.38058496321550334
0.13901415263626007,0.38058496321550334
0.13901415263626007,0.38076439978467613
0.13902975642485996,0.38076439978467613
0.13902975642485996,0.38094383635384893
0.13932622840825754,0.38094383635384893
0.13935743598545727,0.38094383635384893
0.13948226629425625,0.38094383635384893
0.13948226629425625,0.3811232729230217
0.1394978700828561,0.3811232729230217
0.1394978700828561,0.3814821460613673
0.13952907766005587,0.3814821460613673
0.13952907766005587,0.3816615826305401
0.13971632312325433,0.3816615826305401
0.13971632312325433,0.3818410191997129
0.1397319269118542,0.3818410191997129
0.1397319269118542,0.3820204557688857
0.13979434206625369,0.3820204557688857
0.13979434206625369,0.3821998923380585
0.14004400268385164,0.3821998923380585
0.14004400268385164,0.3823793289072313
0.14015322920405074,0.3823793289072313
0.14018443678125048,0.3823793289072313
0.14018443678125048,0.3825587654764041
0.14020004056985036,0.3825587654764041
0.14020004056985036,0.3827382020455769
0.1402312481470501,0.3827382020455769
0.1402312481470501,0.3829176386147497
0.14030926709004946,0.3829176386147497
0.14030926709004946,0.3830970751839225
0.14032487087864934,0.3830970751839225
0.14032487087864934,0.3834559483222681
0.14034047466724922,0.3834559483222681
0.14034047466724922,0.3836353848914409
0.1404028898216487,0.3836353848914409
0.1404028898216487,0.3839942580297865
0.14052772013044768,0.3839942580297865
0.14054332391904756,0.3841736945989593
0.1406681542278465,0.3841736945989593
0.1406681542278465,0.3843531311681321
0.14105824894284333,0.3843531311681321
0.14105824894284333,0.3845325677373049
0.1411362678858427,0.3845325677373049
0.1411362678858427,0.38489144087565047
0.14121428682884204,0.38489144087565047
0.14121428682884204,0.38507087744482327
0.14133911713764102,0.38507087744482327
0.14135472092624088,0.38525031401399606
0.14137032471484076,0.38525031401399606
0.14137032471484076,0.38542975058316886
0.14144834365784012,0.38542975058316886
0.14144834365784012,0.38560918715234166
0.14161998533243872,0.38560918715234166
0.14161998533243872,0.38578862372151446
0.1417448156412377,0.38578862372151446
0.1417448156412377,0.38614749685986005
0.14194766489303604,0.38614749685986005
0.14194766489303604,0.38632693342903285
0.1420100800474355,0.38632693342903285
0.1420100800474355,0.38650636999820565
0.1420256838360354,0.38650636999820565
0.1420256838360354,0.38668580656737844
0.14205689141323513,0.38668580656737844
0.14205689141323513,0.38686524313655124
0.14207249520183501,0.38686524313655124
0.14207249520183501,0.38722411627489683
0.14208809899043487,0.38722411627489683
0.14208809899043487,0.38740355284406963
0.14216611793343423,0.38740355284406963
0.14216611793343423,0.38758298941324243
0.14224413687643359,0.38758298941324243
0.14225974066503347,0.3877624259824152
0.1422909482422332,0.3877624259824152
0.1423065520308331,0.387941862551588
0.14233775960803283,0.387941862551588
0.14236896718523256,0.387941862551588
0.14240017476243233,0.387941862551588
0.14240017476243233,0.3883007356899336
0.14243138233963207,0.3883007356899336
0.14243138233963207,0.3884801722591064
0.14244698612823192,0.3884801722591064
0.14244698612823192,0.3886596088282792
0.14266543916863014,0.3886596088282792
0.14269664674582988,0.3886596088282792
0.14269664674582988,0.388839045397452
0.14272785432302962,0.388839045397452
0.14272785432302962,0.3891979185357976
0.1427434581116295,0.3891979185357976
0.1427434581116295,0.3893773551049704
0.14300872251782734,0.3893773551049704
0.14300872251782734,0.3895567916741432
0.1430243263064272,0.3895567916741432
0.1430243263064272,0.389736228243316
0.14307113767222682,0.389736228243316
0.14307113767222682,0.3899156648124888
0.14325838313542527,0.3899156648124888
0.14325838313542527,0.3900951013816616
0.14328959071262504,0.3900951013816616
0.14328959071262504,0.3904539745200072
0.1434768361758235,0.3904539745200072
0.1434768361758235,0.39063341108918
0.14349243996442337,0.39063341108918
0.14349243996442337,0.3908128476583528
0.14353925133022297,0.3908128476583528
0.14353925133022297,0.3909922842275256
0.14366408163902195,0.3909922842275256
0.14366408163902195,0.3911717207966984
0.14367968542762183,0.3911717207966984
0.14367968542762183,0.39135115736587117
0.1436952892162217,0.39135115736587117
0.14371089300482157,0.39153059393504397
0.14372649679342145,0.39153059393504397
0.14372649679342145,0.39224834021173516
0.14394494983381964,0.39224834021173516
0.14394494983381964,0.39260721335008075
0.14399176119961926,0.39260721335008075
0.14399176119961926,0.39278664991925355
0.1440853839312185,0.39278664991925355
0.1440853839312185,0.39296608648842635
0.14411659150841824,0.39296608648842635
0.14414779908561798,0.39296608648842635
0.14414779908561798,0.39332495962677194
0.14455349758921465,0.39332495962677194
0.14455349758921465,0.39350439619594474
0.14461591274361416,0.39350439619594474
0.14461591274361416,0.39368383276511754
0.14474074305241313,0.39368383276511754
0.14474074305241313,0.39404270590346313
0.144756346841013,0.39404270590346313
0.144756346841013,0.3944015790418087
0.14494359230421147,0.3944015790418087
0.14494359230421147,0.3945810156109815
0.1449904036700111,0.3945810156109815
0.1449904036700111,0.3947604521801543
0.14506842261301045,0.3947604521801543
0.14506842261301045,0.3949398887493271
0.1452712718648088,0.3949398887493271
0.1452712718648088,0.3951193253184999
0.14531808323060838,0.3951193253184999
0.14531808323060838,0.3952987618876727
0.14533368701920826,0.3952987618876727
0.14533368701920826,0.3954781984568455
0.1454273097508075,0.3954781984568455
0.1454273097508075,0.3956576350260183
0.14550532869380686,0.3956576350260183
0.14550532869380686,0.3958370715951911
0.14552093248240672,0.3958370715951911
0.14552093248240672,0.3960165081643639
0.14555214005960648,0.3960165081643639
0.14555214005960648,0.3961959447335367
0.14594223477460327,0.3961959447335367
0.14594223477460327,0.3963753813027095
0.14611387644920187,0.3963753813027095
0.14611387644920187,0.3965548178718823
0.14617629160360135,0.3965548178718823
0.14617629160360135,0.3967342544410551
0.1462074991808011,0.3967342544410551
0.14623870675800085,0.3967342544410551
0.14633232948960007,0.3967342544410551
0.14633232948960007,0.3969136910102279
0.14634793327819995,0.3969136910102279
0.14634793327819995,0.3970931275794007
0.14661319768439776,0.3970931275794007
0.14661319768439776,0.3972725641485735
0.14666000905019738,0.3972725641485735
0.14666000905019738,0.3976314372869191
0.146706820415997,0.3976314372869191
0.146706820415997,0.3978108738560919
0.14672242420459689,0.3978108738560919
0.14675363178179662,0.3978108738560919
0.14678483935899636,0.3978108738560919
0.14678483935899636,0.39799031042526467
0.1468160469361961,0.39799031042526467
0.14692527345639522,0.39799031042526467
0.14692527345639522,0.39816974699443747
0.14695648103359496,0.39816974699443747
0.14695648103359496,0.39834918356361027
0.14708131134239394,0.39834918356361027
0.14708131134239394,0.39852862013278306
0.14723734922839266,0.39852862013278306
0.14723734922839266,0.39870805670195586
0.14728416059419228,0.39870805670195586
0.14728416059419228,0.39888749327112866
0.147315368171392,0.39888749327112866
0.147315368171392,0.39906692984030145
0.14745580226879088,0.39906692984030145
0.14745580226879088,0.39924636640947425
0.14753382121179023,0.39924636640947425
0.14753382121179023,0.39942580297864705
0.1478771045609874,0.39942580297864705
0.1478771045609874,0.39960523954781985
0.14792391592678703,0.39960523954781985
0.14792391592678703,0.39996411268616544
0.1479395197153869,0.39996411268616544
0.1479395197153869,0.40014354925533824
0.148048746235586,0.40014354925533824
0.148048746235586,0.40032298582451104
0.14828280306458408,0.40032298582451104
0.14829840685318396,0.40050242239368383
0.14842323716198294,0.40050242239368383
0.14842323716198294,0.40068185896285663
0.14854806747078192,0.40068185896285663
0.14854806747078192,0.4008612955320294
0.14865729399098102,0.4008612955320294
0.14865729399098102,0.401220168670375
0.14873531293398037,0.401220168670375
0.14873531293398037,0.4013996052395478
0.14879772808837985,0.4013996052395478
0.14879772808837985,0.4015790418087206
0.14881333187697973,0.4015790418087206
0.14881333187697973,0.4019379149470662
0.1488757470313792,0.4019379149470662
0.1488757470313792,0.402117351516239
0.1489381621857787,0.402117351516239
0.1489381621857787,0.4022967880854118
0.14918782280337667,0.4022967880854118
0.14918782280337667,0.4024762246545846
0.14928144553497588,0.4024762246545846
0.14928144553497588,0.4028350977929302
0.14934386068937539,0.4028350977929302
0.14934386068937539,0.403014534362103
0.14945308720957448,0.403014534362103
0.14945308720957448,0.4031939709312758
0.14971835161577232,0.4031939709312758
0.14971835161577232,0.4033734075004486
0.14992120086757066,0.4033734075004486
0.14992120086757066,0.4035528440696214
0.1500616349649695,0.4035528440696214
0.1500616349649695,0.403911717207967
0.1503893145255668,0.403911717207967
0.1503893145255668,0.4040911537771398
0.15057655998876526,0.4040911537771398
0.15057655998876526,0.40445002691548537
0.15060776756596503,0.40445002691548537
0.15060776756596503,0.40462946348465817
0.15079501302916348,0.40462946348465817
0.15082622060636322,0.40462946348465817
0.15116950395556042,0.40462946348465817
0.15116950395556042,0.40480890005383097
0.15127873047575952,0.40480890005383097
0.1512943342643594,0.40498833662300376
0.1514035607845585,0.40498833662300376
0.15141916457315835,0.40516777319217656
0.15145037215035811,0.40516777319217656
0.15145037215035811,0.40534720976134936
0.1515127873047576,0.40534720976134936
0.1515127873047576,0.40552664633052216
0.15191848580835426,0.40552664633052216
0.15191848580835426,0.40570608289969495
0.15198090096275377,0.40570608289969495
0.15198090096275377,0.40588551946886775
0.1521213350601526,0.40588551946886775
0.1521213350601526,0.40606495603804055
0.15230858052335106,0.40606495603804055
0.15230858052335106,0.40624439260721334
0.1524022032549503,0.40624439260721334
0.1524022032549503,0.40642382917638614
0.152558241140949,0.40642382917638614
0.152558241140949,0.40660326574555894
0.15288592070154633,0.40660326574555894
0.15288592070154633,0.40678270231473174
0.15291712827874607,0.40678270231473174
0.15291712827874607,0.40696213888390453
0.1530107510103453,0.40696213888390453
0.1530107510103453,0.40714157545307733
0.1530263547989452,0.40714157545307733
0.1530263547989452,0.40732101202225013
0.15308876995334467,0.40732101202225013
0.15310437374194455,0.4075004485914229
0.153291619205143,0.4075004485914229
0.153291619205143,0.4076798851605957
0.15332282678234274,0.4076798851605957
0.15336963814814236,0.4076798851605957
0.15336963814814236,0.4080387582989413
0.15343205330254187,0.4080387582989413
0.1534632608797416,0.4080387582989413
0.15347886466834149,0.4080387582989413
0.15347886466834149,0.4082181948681141
0.15366611013153994,0.4082181948681141
0.15366611013153994,0.4085770680064597
0.15368171392013982,0.4085770680064597
0.15368171392013982,0.4087565045756325
0.15375973286313918,0.4087565045756325
0.15377533665173904,0.4089359411448053
0.15394697832633764,0.4089359411448053
0.15397818590353737,0.4091153777139781
0.1543526768299343,0.4091153777139781
0.15438388440713405,0.4091153777139781
0.15457112987033253,0.4091153777139781
0.15457112987033253,0.4092948142831509
0.15461794123613212,0.4092948142831509
0.15461794123613212,0.4094742508523237
0.15477397912213087,0.4094742508523237
0.15477397912213087,0.4100125605598421
0.15478958291073072,0.4100125605598421
0.15478958291073072,0.4101919971290149
0.1548051866993306,0.4101919971290149
0.1548051866993306,0.4103714336981877
0.15486760185373008,0.4103714336981877
0.15486760185373008,0.4107303068365333
0.1549144132195297,0.4107303068365333
0.1549144132195297,0.4109097434057061
0.15499243216252906,0.4109097434057061
0.15499243216252906,0.41108917997487887
0.15503924352832868,0.41108917997487887
0.15503924352832868,0.41126861654405167
0.15507045110552842,0.41126861654405167
0.15507045110552842,0.41144805311322447
0.15513286625992792,0.41144805311322447
0.15513286625992792,0.41162748968239726
0.15521088520292728,0.41162748968239726
0.15521088520292728,0.41180692625157006
0.15546054582052524,0.41180692625157006
0.15546054582052524,0.41198636282074286
0.1556321874951238,0.41198636282074286
0.1556321874951238,0.41216579938991565
0.15574141401532293,0.41216579938991565
0.15574141401532293,0.41234523595908845
0.1557570178039228,0.41234523595908845
0.1557570178039228,0.41252467252826125
0.15594426326712127,0.41252467252826125
0.15594426326712127,0.41270410909743405
0.15602228221012063,0.41270410909743405
0.15602228221012063,0.41324241880495244
0.15613150873031972,0.41324241880495244
0.15613150873031972,0.41342185537412524
0.1561471125189196,0.41342185537412524
0.1561471125189196,0.41360129194329803
0.15630315040491832,0.41360129194329803
0.15630315040491832,0.4139601650816436
0.1564279807137173,0.4139601650816436
0.1564279807137173,0.4141396016508164
0.15656841481111614,0.4141396016508164
0.15658401859971602,0.4143190382199892
0.15674005648571473,0.4143190382199892
0.15674005648571473,0.414498474789162
0.1569273019489132,0.414498474789162
0.1569273019489132,0.4146779113583348
0.1569741133147128,0.4146779113583348
0.1569741133147128,0.4148573479275076
0.15705213225771217,0.4148573479275076
0.15705213225771217,0.4150367844966804
0.1570833398349119,0.4150367844966804
0.15711454741211167,0.4150367844966804
0.15716135877791126,0.4150367844966804
0.15716135877791126,0.415395657635026
0.15745783076130884,0.415395657635026
0.15745783076130884,0.4155750942041988
0.15752024591570835,0.4155750942041988
0.15752024591570835,0.4157545307733716
0.1575358497043082,0.4157545307733716
0.1575358497043082,0.4159339673425444
0.15758266107010782,0.4159339673425444
0.15758266107010782,0.4161134039117172
0.1578791330535054,0.4161134039117172
0.1578791330535054,0.41629284048089
0.15792594441930502,0.41629284048089
0.15792594441930502,0.4164722770500628
0.15806637851670385,0.4164722770500628
0.1580975860939036,0.4164722770500628
0.1582692277685022,0.4164722770500628
0.1582692277685022,0.4166517136192356
0.15834724671150155,0.4166517136192356
0.15834724671150155,0.4168311501884084
0.1585500959632999,0.4168311501884084
0.1585500959632999,0.4170105867575812
0.15906502098709566,0.4170105867575812
0.15909622856429542,0.417190023326754
0.1592210588730944,0.417190023326754
0.1592210588730944,0.4173694598959268
0.15931468160469361,0.4173694598959268
0.15931468160469361,0.4175488964650996
0.1594239081248927,0.4175488964650996
0.1594239081248927,0.41772833303427237
0.1594863232792922,0.41772833303427237
0.1594863232792922,0.41790776960344517
0.1595019270678921,0.41790776960344517
0.1595019270678921,0.41808720617261796
0.1595955497994913,0.41808720617261796
0.1595955497994913,0.41826664274179076
0.15967356874249067,0.41826664274179076
0.15967356874249067,0.41844607931096356
0.15968917253109055,0.41844607931096356
0.15968917253109055,0.41862551588013636
0.15982960662848938,0.41862551588013636
0.15982960662848938,0.41880495244930915
0.15986081420568915,0.41880495244930915
0.15986081420568915,0.41916382558765475
0.1599388331486885,0.41916382558765475
0.1599388331486885,0.41934326215682755
0.15998564451448813,0.41934326215682755
0.15998564451448813,0.41952269872600034
0.1601104748232871,0.41952269872600034
0.1601104748232871,0.41970213529517314
0.16012607861188696,0.41970213529517314
0.16012607861188696,0.41988157186434594
0.16045375817248428,0.41988157186434594
0.16045375817248428,0.42006100843351873
0.16056298469268337,0.42006100843351873
0.16059419226988314,0.42006100843351873
0.1607190225786821,0.42006100843351873
0.1607190225786821,0.42024044500269153
0.16073462636728197,0.42024044500269153
0.16073462636728197,0.42041988157186433
0.16109351350507903,0.42041988157186433
0.16109351350507903,0.4205993181410371
0.1611091172936789,0.4205993181410371
0.1611091172936789,0.4207787547102099
0.16126515517967763,0.4207787547102099
0.16126515517967763,0.4209581912793827
0.16146800443147596,0.4209581912793827
0.16146800443147596,0.4211376278485555
0.1615616271630752,0.4211376278485555
0.1615616271630752,0.4213170644177283
0.1616084385288748,0.4213170644177283
0.1616084385288748,0.4216759375560739
0.16162404231747468,0.4216759375560739
0.16162404231747468,0.4218553741252467
0.16174887262627366,0.4218553741252467
0.16174887262627366,0.4220348106944195
0.161951721878072,0.4220348106944195
0.161951721878072,0.4222142472635923
0.16198292945527173,0.4222142472635923
0.16198292945527173,0.4223936838327651
0.1620609483982711,0.4223936838327651
0.1620609483982711,0.4225731204019379
0.16215457112987033,0.4225731204019379
0.16218577870707007,0.4225731204019379
0.16246664690186777,0.4225731204019379
0.16246664690186777,0.4227525569711107
0.16271630751946572,0.4227525569711107
0.16271630751946572,0.4231114301094563
0.16304398708006304,0.4231114301094563
0.16307519465726278,0.4232908666786291
0.16324683633186138,0.4232908666786291
0.16324683633186138,0.4236497398169747
0.16343408179505983,0.4236497398169747
0.16343408179505983,0.4238291763861475
0.164027025761855,0.4238291763861475
0.164027025761855,0.42418804952449307
0.16415185607065397,0.42418804952449307
0.16415185607065397,0.42436748609366587
0.16437030911105216,0.42436748609366587
0.16437030911105216,0.42454692266283867
0.16469798867164948,0.42454692266283867
0.16469798867164948,0.42472635923201146
0.1647291962488492,0.42472635923201146
0.1647291962488492,0.42490579580118426
0.16482281898044845,0.42490579580118426
0.16482281898044845,0.42508523237035706
0.16483842276904834,0.42508523237035706
0.16483842276904834,0.42526466893952986
0.16497885686644717,0.42526466893952986
0.1650100644436469,0.42526466893952986
0.16560300841044207,0.42526466893952986
0.16560300841044207,0.42544410550870265
0.16568102735344142,0.42544410550870265
0.16568102735344142,0.42562354207787545
0.16575904629644078,0.42562354207787545
0.16579025387364052,0.42562354207787545
0.16586827281663988,0.42562354207787545
0.16586827281663988,0.42580297864704825
0.1660867258570381,0.42580297864704825
0.1660867258570381,0.42598241521622104
0.16632078268603617,0.42598241521622104
0.1663519902632359,0.42598241521622104
0.1663675940518358,0.42598241521622104
0.1663675940518358,0.42616185178539384
0.16644561299483515,0.42616185178539384
0.16644561299483515,0.42652072492373944
0.1664768205720349,0.42652072492373944
0.1664768205720349,0.42670016149291223
0.16683570770983194,0.42670016149291223
0.16683570770983194,0.42687959806208503
0.1669761418072308,0.42687959806208503
0.1669761418072308,0.4272384712004306
0.16728821757922824,0.4272384712004306
0.16728821757922824,0.4274179077696034
0.16738184031082748,0.4274179077696034
0.16738184031082748,0.4275973443387762
0.1676939160828249,0.4275973443387762
0.1676939160828249,0.427776780907949
0.16778753881442415,0.427776780907949
0.16778753881442415,0.4279562174771218
0.1678187463916239,0.4279562174771218
0.16784995396882363,0.4279562174771218
0.16788116154602337,0.4279562174771218
0.16789676533462325,0.4281356540462946
0.16800599185482235,0.4281356540462946
0.16800599185482235,0.4283150906154674
0.16803719943202208,0.4283150906154674
0.16803719943202208,0.4284945271846402
0.16817763352942094,0.4284945271846402
0.16822444489522057,0.4284945271846402
0.16822444489522057,0.428673963753813
0.16838048278121928,0.428673963753813
0.16838048278121928,0.4290328368921586
0.16839608656981916,0.4290328368921586
0.16839608656981916,0.4292122734613314
0.16841169035841902,0.4292122734613314
0.16841169035841902,0.4293917100305042
0.168536520667218,0.4293917100305042
0.168536520667218,0.429571146599677
0.16855212445581788,0.429571146599677
0.16855212445581788,0.4299300197380226
0.16856772824441774,0.4299300197380226
0.16856772824441774,0.4301094563071954
0.16872376613041645,0.4301094563071954
0.16872376613041645,0.4302888928763682
0.16884859643921543,0.4302888928763682
0.16884859643921543,0.430468329445541
0.1690358419024139,0.430468329445541
0.1690358419024139,0.4306477660147138
0.16906704947961365,0.4306477660147138
0.16906704947961365,0.43082720258388657
0.16908265326821353,0.43100663915305937
0.1690982570568134,0.43100663915305937
0.16912946463401313,0.43100663915305937
0.16923869115421225,0.43100663915305937
0.16923869115421225,0.43118607572223216
0.16939472904021097,0.43118607572223216
0.16939472904021097,0.43136551229140496
0.1694259366174107,0.43136551229140496
0.1694259366174107,0.43154494886057776
0.1697068048122084,0.43154494886057776
0.16973801238940814,0.43154494886057776
0.16978482375520776,0.43154494886057776
0.16978482375520776,0.43172438542975056
0.1698160313324075,0.43172438542975056
0.1698160313324075,0.43190382199892335
0.16994086164120648,0.43190382199892335
0.16994086164120648,0.43208325856809615
0.17006569195000545,0.43208325856809615
0.17006569195000545,0.43226269513726895
0.17020612604740432,0.43226269513726895
0.17020612604740432,0.43244213170644175
0.1702685412018038,0.43244213170644175
0.1702685412018038,0.43280100484478734
0.17039337151060277,0.43280100484478734
0.1704245790878025,0.43280100484478734
0.1704401828764024,0.43280100484478734
0.1704401828764024,0.43298044141396014
0.17064303212820073,0.43298044141396014
0.17064303212820073,0.43315987798313293
0.17068984349400035,0.43315987798313293
0.17068984349400035,0.4333393145523058
0.17090829653439854,0.4333393145523058
0.1709395041115983,0.4333393145523058
0.1711579571519965,0.4333393145523058
0.1711579571519965,0.4335187511214786
0.17120476851779612,0.4335187511214786
0.17120476851779612,0.4336981876906514
0.17125157988359574,0.4336981876906514
0.17125157988359574,0.4338776242598242
0.17134520261519498,0.4338776242598242
0.17137641019239472,0.4338776242598242
0.17157925944419306,0.4338776242598242
0.1716104670213928,0.4338776242598242
0.171828920061791,0.4338776242598242
0.171828920061791,0.434057060828997
0.17237505266278652,0.434057060828997
0.17237505266278652,0.4342364973981698
0.17253109054878524,0.4342364973981698
0.17253109054878524,0.43441593396734257
0.17254669433738512,0.43441593396734257
0.17254669433738512,0.43459537053651537
0.17292118526378206,0.43459537053651537
0.1729367890523819,0.43477480710568817
0.17304601557258104,0.43477480710568817
0.17304601557258104,0.43495424367486096
0.17315524209278013,0.43495424367486096
0.17315524209278013,0.43513368024403376
0.17317084588138,0.43513368024403376
0.17317084588138,0.43531311681320656
0.17318644966997987,0.43531311681320656
0.1732176572471796,0.43531311681320656
0.1732176572471796,0.43549255338237935
0.17329567619017897,0.43549255338237935
0.17329567619017897,0.43567198995155215
0.17342050649897794,0.43567198995155215
0.17342050649897794,0.43585142652072495
0.17354533680777692,0.43585142652072495
0.17357654438497666,0.43585142652072495
0.173779393636775,0.43585142652072495
0.173779393636775,0.43603086308989775
0.1738418087911745,0.43603086308989775
0.1738418087911745,0.43621029965907054
0.17415388456317193,0.43621029965907054
0.17415388456317193,0.43638973622824334
0.17416948835177182,0.43638973622824334
0.17420069592897156,0.43638973622824334
0.1742319035061713,0.43638973622824334
0.1742319035061713,0.43656917279741614
0.1742787148719709,0.43656917279741614
0.1742787148719709,0.43674860936658894
0.17435673381497027,0.43674860936658894
0.17435673381497027,0.43692804593576173
0.17438794139217,0.43692804593576173
0.17441914896936977,0.43692804593576173
0.174512771700969,0.43692804593576173
0.17454397927816873,0.43692804593576173
0.17454397927816873,0.43710748250493453
0.17460639443256823,0.43710748250493453
0.17463760200976797,0.43710748250493453
0.17474682852996706,0.43710748250493453
0.17474682852996706,0.4374663556432801
0.1748560550501662,0.4374663556432801
0.1748560550501662,0.4376457922124529
0.17496528157036528,0.4376457922124529
0.17496528157036528,0.4378252287816257
0.17516813082216362,0.4378252287816257
0.17516813082216362,0.4380046653507985
0.1751837346107635,0.4380046653507985
0.1751837346107635,0.4381841019199713
0.17527735734236272,0.4381841019199713
0.17527735734236272,0.4385429750583169
0.17533977249676222,0.4385429750583169
0.17533977249676222,0.4387224116274897
0.17537098007396196,0.4387224116274897
0.17544899901696132,0.4387224116274897
0.1754646028055612,0.4389018481966625
0.17560503690296003,0.4389018481966625
0.17560503690296003,0.4392607213350081
0.17563624448015977,0.4392607213350081
0.17563624448015977,0.4394401579041809
0.1757454710003589,0.4394401579041809
0.1757454710003589,0.4396195944733537
0.17576107478895875,0.4396195944733537
0.17576107478895875,0.4397990310425265
0.17580788615475837,0.4397990310425265
0.17580788615475837,0.4399784676116993
0.1758390937319581,0.4399784676116993
0.1758390937319581,0.4403373407500449
0.175854697520558,0.4403373407500449
0.175854697520558,0.4405167773192177
0.1760731505609562,0.4405167773192177
0.1760731505609562,0.4406962138883905
0.17615116950395557,0.4406962138883905
0.17615116950395557,0.4408756504575633
0.1761979808697552,0.4408756504575633
0.1761979808697552,0.44105508702673607
0.17632281117855414,0.44105508702673607
0.1763540187557539,0.44105508702673607
0.17647884906455288,0.44105508702673607
0.17651005664175262,0.44105508702673607
0.17652566043035248,0.44105508702673607
0.17652566043035248,0.44123452359590887
0.17660367937335186,0.44123452359590887
0.17660367937335186,0.44141396016508166
0.17671290589355096,0.44141396016508166
0.17671290589355096,0.44159339673425446
0.17675971725935058,0.44159339673425446
0.17675971725935058,0.44177283330342726
0.17677532104795043,0.44177283330342726
0.17677532104795043,0.44195226987260006
0.17682213241375005,0.44195226987260006
0.17682213241375005,0.44213170644177285
0.17686894377954968,0.44213170644177285
0.17686894377954968,0.44231114301094565
0.17693135893394915,0.44231114301094565
0.17693135893394915,0.44249057958011845
0.1770093778769485,0.44249057958011845
0.1770093778769485,0.44267001614929125
0.17704058545414827,0.44267001614929125
0.17705618924274813,0.44267001614929125
0.17705618924274813,0.44284945271846404
0.17711860439714763,0.44284945271846404
0.17711860439714763,0.44320832585680964
0.1773682650147456,0.44320832585680964
0.1773682650147456,0.44338776242598243
0.17750869911214442,0.44338776242598243
0.17750869911214442,0.44356719899515523
0.1776959445753429,0.44356719899515523
0.1776959445753429,0.44374663556432803
0.17775835972974238,0.44374663556432803
0.17775835972974238,0.4439260721335008
0.17796120898154072,0.4439260721335008
0.17796120898154072,0.4441055087026736
0.17813285065613932,0.4441055087026736
0.17813285065613932,0.4442849452718464
0.17822647338773853,0.4442849452718464
0.17824207717633841,0.4444643818410192
0.1783513036965375,0.4444643818410192
0.1783513036965375,0.444643818410192
0.17839811506233713,0.444643818410192
0.17839811506233713,0.4448232549793648
0.17842932263953687,0.4448232549793648
0.17842932263953687,0.4450026915485376
0.17874139841153433,0.4450026915485376
0.17874139841153433,0.4451821281177104
0.17888183250893316,0.4451821281177104
0.17888183250893316,0.4453615646868832
0.179147096915131,0.4453615646868832
0.179147096915131,0.445541001256056
0.17928753101252984,0.445541001256056
0.17928753101252984,0.4457204378252288
0.17939675753272893,0.4457204378252288
0.17939675753272893,0.4458998743944016
0.17944356889852855,0.4458998743944016
0.17944356889852855,0.4460793109635744
0.1795215878415279,0.4460793109635744
0.1795215878415279,0.4462587475327472
0.17959960678452727,0.4462587475327472
0.17959960678452727,0.44643818410192
0.17963081436172704,0.44643818410192
0.17974004088192613,0.44643818410192
0.17974004088192613,0.4466176206710928
0.17975564467052602,0.4466176206710928
0.17978685224772575,0.4466176206710928
0.18011453180832307,0.4466176206710928
0.1801457393855228,0.4466176206710928
0.1802705696943218,0.4466176206710928
0.18030177727152152,0.4466176206710928
0.18039540000312076,0.4466176206710928
0.18039540000312076,0.4467970572402656
0.18044221136892039,0.4467970572402656
0.18044221136892039,0.4469764938094384
0.18055143788911948,0.4469764938094384
0.18055143788911948,0.4471559303786112
0.18058264546631922,0.4471559303786112
0.18062945683211884,0.4471559303786112
0.18062945683211884,0.447335366947784
0.18064506062071872,0.447335366947784
0.18064506062071872,0.44751480351695677
0.18069187198651832,0.44751480351695677
0.18069187198651832,0.44769424008612957
0.1809883439699159,0.44769424008612957
0.1809883439699159,0.44787367665530237
0.18101955154711563,0.44787367665530237
0.18101955154711563,0.44805311322447516
0.18112877806731476,0.44805311322447516
0.18112877806731476,0.44823254979364796
0.18119119322171423,0.44823254979364796
0.18119119322171423,0.44841198636282076
0.1812067970103141,0.44841198636282076
0.1812067970103141,0.44859142293199356
0.18136283489631283,0.44859142293199356
0.18136283489631283,0.44877085950116635
0.18151887278231155,0.44877085950116635
0.18155008035951128,0.44877085950116635
0.18186215613150872,0.44877085950116635
0.18186215613150872,0.44895029607033915
0.1819869864403077,0.44895029607033915
0.1819869864403077,0.44912973263951195
0.1820494015947072,0.44912973263951195
0.1820494015947072,0.44930916920868474
0.1821586281149063,0.44930916920868474
0.1821586281149063,0.44948860577785754
0.18220543948070592,0.44948860577785754
0.18220543948070592,0.44966804234703034
0.1823302697895049,0.44966804234703034
0.1823302697895049,0.44984747891620314
0.18237708115530452,0.44984747891620314
0.18237708115530452,0.45002691548537593
0.18247070388690373,0.45002691548537593
0.18247070388690373,0.45020635205454873
0.1824863076755036,0.45020635205454873
0.1824863076755036,0.45038578862372153
0.18251751525270335,0.45038578862372153
0.18251751525270335,0.4505652251928943
0.1825487228299031,0.4505652251928943
0.1825487228299031,0.4507446617620671
0.1826579493501022,0.4507446617620671
0.1826579493501022,0.4509240983312399
0.18301683648789926,0.4509240983312399
0.18301683648789926,0.4511035349004127
0.18312606300809836,0.4511035349004127
0.18312606300809836,0.4512829714695855
0.18342253499149594,0.4512829714695855
0.18342253499149594,0.4516418446079311
0.18357857287749466,0.4516418446079311
0.18357857287749466,0.4518212811771039
0.18357857287749466,0.4521801543154495
0.18357857287749466,0.4523595908846223
0.18368779939769375,0.4523595908846223
0.18368779939769375,0.4525390274537951
0.18390625243809197,0.4525390274537951
0.18390625243809197,0.4530773371613135
0.18407789411269057,0.4530773371613135
0.18407789411269057,0.4532567737304863
0.18414030926709005,0.4532567737304863
0.18417151684428978,0.4532567737304863
0.18418712063288967,0.4532567737304863
0.18418712063288967,0.4537950834380047
0.18434315851888838,0.4537950834380047
0.18434315851888838,0.4539745200071775
0.18445238503908748,0.4539745200071775
0.18445238503908748,0.45415395657635027
0.18453040398208684,0.45415395657635027
0.18453040398208684,0.45433339314552307
0.18457721534788646,0.45433339314552307
0.18457721534788646,0.45451282971469587
0.18459281913648634,0.45451282971469587
0.18459281913648634,0.45469226628386866
0.1846708380794857,0.45469226628386866
0.1846708380794857,0.45487170285304146
0.18468644186808558,0.45487170285304146
0.18468644186808558,0.45505113942221426
0.18476446081108494,0.45505113942221426
0.18476446081108494,0.45523057599138705
0.18479566838828468,0.45523057599138705
0.18479566838828468,0.45541001256055985
0.18502972521728275,0.45541001256055985
0.1850609327944825,0.45541001256055985
0.18507653658308237,0.45541001256055985
0.18507653658308237,0.45558944912973265
0.1852793858348807,0.45558944912973265
0.1852793858348807,0.45576888569890545
0.1852949896234806,0.45576888569890545
0.1852949896234806,0.45594832226807824
0.1858411222244761,0.45594832226807824
0.1858411222244761,0.45612775883725104
0.1860127638990747,0.45612775883725104
0.1860127638990747,0.45630719540642384
0.1861219904192738,0.45630719540642384
0.1861219904192738,0.45648663197559664
0.18616880178507342,0.45648663197559664
0.18616880178507342,0.45666606854476943
0.18648087755707085,0.45666606854476943
0.18648087755707085,0.457024941683115
0.18649648134567073,0.457024941683115
0.18652768892287047,0.457024941683115
0.18652768892287047,0.4572043782522878
0.18654329271147035,0.4572043782522878
0.18654329271147035,0.4573838148214606
0.18660570786586983,0.4573838148214606
0.18660570786586983,0.4575632513906334
0.18665251923166945,0.4575632513906334
0.18665251923166945,0.457922124528979
0.18671493438606893,0.457922124528979
0.18671493438606893,0.4581015610981518
0.1867461419632687,0.4581015610981518
0.18677734954046843,0.4581015610981518
0.18677734954046843,0.4582809976673246
0.18696459500366688,0.4582809976673246
0.18696459500366688,0.4584604342364974
0.1870114063694665,0.4584604342364974
0.1870114063694665,0.4586398708056702
0.18760435033626163,0.4586398708056702
0.18760435033626163,0.458819307374843
0.1877291806450606,0.458819307374843
0.1877291806450606,0.4589987439440158
0.18777599201086023,0.4589987439440158
0.18777599201086023,0.4591781805131886
0.18780719958805997,0.4591781805131886
0.18780719958805997,0.4593576170823614
0.18786961474245947,0.4593576170823614
0.18786961474245947,0.459716490220707
0.18788521853105933,0.459716490220707
0.1879164261082591,0.459716490220707
0.1880100488398583,0.459716490220707
0.1880100488398583,0.4598959267898798
0.18804125641705807,0.4598959267898798
0.18805686020565793,0.4598959267898798
0.18808806778285767,0.4598959267898798
0.18822850188025653,0.4598959267898798
0.18822850188025653,0.4600753633590526
0.188290917034656,0.4600753633590526
0.188290917034656,0.4602547999282254
0.18850937007505422,0.4602547999282254
0.18850937007505422,0.4604342364973982
0.1888058420584518,0.4604342364973982
0.1888058420584518,0.46079310963574377
0.18885265342425142,0.46079310963574377
0.18885265342425142,0.46115198277408936
0.18913352161904912,0.46115198277408936
0.18913352161904912,0.46133141934326216
0.18927395571644795,0.46133141934326216
0.18927395571644795,0.46169029248160776
0.18939878602524693,0.46169029248160776
0.18939878602524693,0.46186972905078055
0.1894612011796464,0.46186972905078055
0.1894612011796464,0.46204916561995335
0.189632842854245,0.46204916561995335
0.18966405043144474,0.46204916561995335
0.18982008831744349,0.46204916561995335
0.18985129589464322,0.46204916561995335
0.18994491862624246,0.46204916561995335
0.1899761262034422,0.46204916561995335
0.19027259818683975,0.46204916561995335
0.19027259818683975,0.46222860218912615
0.19044423986143835,0.46222860218912615
0.19044423986143835,0.46240803875829894
0.19088114594223476,0.46240803875829894
0.19091235351943453,0.46240803875829894
0.19095916488523412,0.46240803875829894
0.1909903724624339,0.46240803875829894
0.1909903724624339,0.46258747532747174
0.19102158003963363,0.46258747532747174
0.19105278761683336,0.46258747532747174
0.19109959898263298,0.46258747532747174
0.19111520277123287,0.46276691189664454
0.19116201413703246,0.46276691189664454
0.19116201413703246,0.46294634846581734
0.19124003308003182,0.46294634846581734
0.19124003308003182,0.46312578503499013
0.19134925960023094,0.46312578503499013
0.19134925960023094,0.46330522160416293
0.19158331642922902,0.46330522160416293
0.1915989202178289,0.46348465817333573
0.1915989202178289,0.4636640947425085
0.1918641846240267,0.4636640947425085
0.19192659977842622,0.4636640947425085
0.1919890149328257,0.4636640947425085
0.1919890149328257,0.4638435313116813
0.1921606566074243,0.4638435313116813
0.1921606566074243,0.4640229678808541
0.19217626039602415,0.4642024044500269
0.19223867555042365,0.4642024044500269
0.19223867555042365,0.4643818410191997
0.19230109070482312,0.4643818410191997
0.19230109070482312,0.4645612775883725
0.19234790207062274,0.4645612775883725
0.19234790207062274,0.4647407141575453
0.19236350585922263,0.4647407141575453
0.19237910964782248,0.4649201507267181
0.19241031722502225,0.4649201507267181
0.19241031722502225,0.4650995872958909
0.19251954374522134,0.4650995872958909
0.19251954374522134,0.4652790238650637
0.19262877026542044,0.4652790238650637
0.19265997784262018,0.4652790238650637
0.19289403467161828,0.4652790238650637
0.19289403467161828,0.4654584604342365
0.193050072557617,0.4654584604342365
0.193050072557617,0.4656378970034093
0.19311248771201647,0.4656378970034093
0.19311248771201647,0.4658173335725821
0.19320611044361571,0.4658173335725821
0.19320611044361571,0.4659967701417549
0.1933309407524147,0.4659967701417549
0.19336214832961443,0.4659967701417549
0.19340895969541405,0.4659967701417549
0.19340895969541405,0.4661762067109277
0.1934245634840139,0.4661762067109277
0.19345577106121367,0.4661762067109277
0.19370543167881163,0.4661762067109277
0.19370543167881163,0.4663556432801005
0.19381465819901073,0.4663556432801005
0.19381465819901073,0.4665350798492733
0.19390828093060994,0.4665350798492733
0.19390828093060994,0.4667145164184461
0.19406431881660868,0.4667145164184461
0.19406431881660868,0.4668939529876189
0.19417354533680778,0.4668939529876189
0.19417354533680778,0.46725282612596447
0.19426716806840702,0.46725282612596447
0.19426716806840702,0.46743226269513727
0.19436079080000623,0.46743226269513727
0.19436079080000623,0.46761169926431007
0.19437639458860612,0.46761169926431007
0.19437639458860612,0.46779113583348286
0.1944856211088052,0.46779113583348286
0.1944856211088052,0.46797057240265566
0.19451682868600495,0.46797057240265566
0.19451682868600495,0.46815000897182846
0.1947196779378033,0.46815000897182846
0.1947196779378033,0.46832944554100125
0.19486011203520215,0.46832944554100125
0.19486011203520215,0.46850888211017405
0.1949381309782015,0.46850888211017405
0.1949381309782015,0.46868831867934685
0.19496933855540124,0.46868831867934685
0.19496933855540124,0.46904719181769244
0.19498494234400113,0.46904719181769244
0.19498494234400113,0.46922662838686524
0.19503175370980075,0.46922662838686524
0.19503175370980075,0.46940606495603804
0.1952189991729992,0.46940606495603804
0.19525020675019894,0.46940606495603804
0.19525020675019894,0.46958550152521084
0.19546865979059716,0.46958550152521084
0.19546865979059716,0.46976493809438363
0.1954998673677969,0.46976493809438363
0.19554667873359652,0.46976493809438363
0.19554667873359652,0.46994437466355643
0.1955622825221964,0.46994437466355643
0.1955622825221964,0.4701238112327292
0.19573392419679497,0.4701238112327292
0.19573392419679497,0.470303247801902
0.19596798102579308,0.470303247801902
0.19596798102579308,0.4704826843710748
0.19604599996879243,0.4704826843710748
0.19604599996879243,0.4706621209402476
0.1964048871065895,0.4706621209402476
0.1964048871065895,0.4708415575094204
0.1964985098381887,0.4708415575094204
0.1964985098381887,0.4710209940785932
0.19654532120398832,0.4710209940785932
0.19654532120398832,0.471200430647766
0.19687300076458564,0.471200430647766
0.19688860455318552,0.4713798672169388
0.1970134348619845,0.4713798672169388
0.1970134348619845,0.4715593037861116
0.19702903865058435,0.4715593037861116
0.19702903865058435,0.4717387403552844
0.19709145380498386,0.4717387403552844
0.19709145380498386,0.47209761349363
0.19734111442258181,0.47209761349363
0.19734111442258181,0.4722770500628028
0.19754396367438015,0.4722770500628028
0.19754396367438015,0.4726359232011484
0.19760637882877963,0.4726359232011484
0.19760637882877963,0.4728153597703212
0.19776241671477834,0.4728153597703212
0.19776241671477834,0.472994796339494
0.19794966217797683,0.472994796339494
0.19794966217797683,0.4731742329086668
0.19813690764117528,0.4731742329086668
0.19813690764117528,0.4733536694778396
0.19821492658417464,0.4733536694778396
0.19821492658417464,0.4735331060470124
0.19826173794997426,0.4735331060470124
0.19826173794997426,0.4737125426161852
0.19827734173857411,0.4737125426161852
0.19830854931577388,0.4737125426161852
0.19858941751057158,0.4737125426161852
0.19858941751057158,0.47389197918535797
0.198901493282569,0.47389197918535797
0.19893270085976875,0.47389197918535797
0.19905753116856773,0.47389197918535797
0.19905753116856773,0.47425085232370356
0.1990731349571676,0.47425085232370356
0.19910434253436735,0.47425085232370356
0.19911994632296723,0.47425085232370356
0.19911994632296723,0.47443028889287636
0.19916675768876682,0.47443028889287636
0.19916675768876682,0.47460972546204916
0.19921356905456644,0.47460972546204916
0.19921356905456644,0.47478916203122196
0.19930719178616568,0.47478916203122196
0.19930719178616568,0.47496859860039475
0.19943202209496466,0.47496859860039475
0.1994632296721644,0.47496859860039475
0.19983772059856134,0.47496859860039475
0.19986892817576107,0.47496859860039475
0.19999375848456005,0.47496859860039475
0.19999375848456005,0.47514803516956755
0.20004056985035967,0.47514803516956755
0.20004056985035967,0.47532747173874035
0.20010298500475915,0.47532747173874035
0.20010298500475915,0.47550690830791315
0.200243419102158,0.47550690830791315
0.200243419102158,0.47568634487708594
0.20030583425655749,0.47568634487708594
0.20030583425655749,0.47586578144625874
0.2003526456223571,0.47586578144625874
0.2003526456223571,0.47604521801543154
0.20066472139435454,0.47604521801543154
0.20066472139435454,0.47622465458460433
0.2012420615725498,0.47622465458460433
0.2012420615725498,0.47640409115377713
0.20133568430414905,0.47640409115377713
0.20133568430414905,0.47658352772294993
0.2013668918813488,0.47658352772294993
0.2013668918813488,0.4767629642921227
0.20139809945854853,0.4767629642921227
0.20144491082434815,0.4767629642921227
0.20146051461294803,0.4767629642921227
0.20146051461294803,0.4769424008612955
0.2014761184015479,0.4769424008612955
0.2014761184015479,0.4771218374304683
0.20206906236834304,0.4771218374304683
0.20206906236834304,0.4773012739996411
0.20219389267714202,0.4773012739996411
0.20219389267714202,0.4774807105688139
0.20220949646574188,0.4774807105688139
0.20220949646574188,0.4776601471379867
0.20239674192894036,0.4776601471379867
0.20239674192894036,0.4778395837071595
0.20241234571754022,0.4778395837071595
0.20241234571754022,0.4780190202763323
0.20255277981493908,0.4780190202763323
0.20255277981493908,0.4781984568455051
0.20274002527813753,0.4781984568455051
0.20274002527813753,0.4785573299838507
0.20277123285533727,0.4785573299838507
0.20277123285533727,0.4787367665530235
0.202802440432537,0.4787367665530235
0.202802440432537,0.4789162031221963
0.20295847831853575,0.4789162031221963
0.20295847831853575,0.4792750762605419
0.20308330862733473,0.4792750762605419
0.20308330862733473,0.4794545128297147
0.20317693135893394,0.4794545128297147
0.20319253514753383,0.4796339493988875
0.20327055409053318,0.4796339493988875
0.20327055409053318,0.4798133859680603
0.20337978061073228,0.4798133859680603
0.20337978061073228,0.4799928225372331
0.20344219576513178,0.4799928225372331
0.20344219576513178,0.4801722591064059
0.20358262986253062,0.4801722591064059
0.20358262986253062,0.48035169567557867
0.2037698753257291,0.48035169567557867
0.2037698753257291,0.48053113224475147
0.20395712078892755,0.48053113224475147
0.20395712078892755,0.48071056881392427
0.2040507435205268,0.48071056881392427
0.20408195109772653,0.48071056881392427
0.20417557382932577,0.48071056881392427
0.20417557382932577,0.48089000538309706
0.20425359277232513,0.48089000538309706
0.20425359277232513,0.48106944195226986
0.204269196560925,0.48106944195226986
0.204269196560925,0.48124887852144266
0.20445644202412347,0.48124887852144266
0.20445644202412347,0.48142831509061546
0.20453446096712283,0.48142831509061546
0.20453446096712283,0.48160775165978825
0.20472170643032128,0.48160775165978825
0.20472170643032128,0.48178718822896105
0.20484653673912026,0.48178718822896105
0.20484653673912026,0.48196662479813385
0.20490895189351974,0.48196662479813385
0.20490895189351974,0.48232549793647944
0.2049401594707195,0.48232549793647944
0.2049401594707195,0.48268437107482504
0.20523663145411705,0.48268437107482504
0.20523663145411705,0.48286380764399783
0.20542387691731553,0.48286380764399783
0.20542387691731553,0.48304324421317063
0.20553310343751463,0.48304324421317063
0.20553310343751463,0.48322268078234343
0.20557991480331425,0.48322268078234343
0.20557991480331425,0.4834021173515162
0.20592319815251142,0.4834021173515162
0.2059544057297112,0.4834021173515162
0.20601682088411066,0.4834021173515162
0.20601682088411066,0.4837609904898618
0.20603242467271055,0.4837609904898618
0.20603242467271055,0.4839404270590346
0.20617285877010938,0.4839404270590346
0.20617285877010938,0.4841198636282074
0.20623527392450888,0.4841198636282074
0.20623527392450888,0.4842993001973802
0.20629768907890836,0.4842993001973802
0.20629768907890836,0.484478736766553
0.20653174590790643,0.484478736766553
0.20653174590790643,0.4848376099048986
0.20662536863950567,0.4848376099048986
0.20662536863950567,0.4850170464740714
0.20673459515970477,0.4850170464740714
0.20673459515970477,0.4851964830432442
0.20685942546850375,0.4851964830432442
0.20685942546850375,0.485375919612417
0.20687502925710363,0.485375919612417
0.20690623683430337,0.485375919612417
0.2070466709317022,0.485375919612417
0.2070466709317022,0.4855553561815898
0.2070622747203021,0.4855553561815898
0.2070622747203021,0.4859142293199354
0.20707787850890197,0.4859142293199354
0.20707787850890197,0.4860936658891082
0.20714029366330144,0.4860936658891082
0.20714029366330144,0.486273102458281
0.20729633154930016,0.486273102458281
0.20729633154930016,0.4866319755966266
0.20748357701249864,0.4866319755966266
0.20748357701249864,0.4868114121657994
0.2076708224756971,0.4868114121657994
0.2076708224756971,0.48699084873497217
0.20792048309329506,0.48699084873497217
0.2079516906704948,0.48699084873497217
0.20820135128809275,0.48699084873497217
0.20820135128809275,0.48717028530414497
0.20824816265389237,0.48717028530414497
0.20826376644249223,0.48734972187331776
0.20837299296269135,0.48734972187331776
0.20837299296269135,0.48770859501166336
0.20870067252328867,0.48770859501166336
0.20870067252328867,0.48788803158083616
0.20871627631188852,0.48788803158083616
0.20874748388908826,0.48788803158083616
0.20879429525488788,0.48788803158083616
0.20879429525488788,0.48806746815000895
0.20882550283208762,0.48806746815000895
0.20882550283208762,0.48824690471918175
0.2090127482952861,0.48824690471918175
0.2090127482952861,0.48842634128835455
0.20905955966108572,0.48842634128835455
0.20905955966108572,0.48860577785752735
0.20907516344968557,0.48860577785752735
0.20907516344968557,0.48878521442670014
0.20910637102688534,0.48878521442670014
0.20910637102688534,0.48896465099587294
0.20915318239268493,0.48896465099587294
0.2091843899698847,0.48896465099587294
0.2092780127014839,0.48896465099587294
0.2092780127014839,0.48914408756504574
0.2092936164900838,0.48914408756504574
0.20932482406728353,0.48914408756504574
0.20934042785588342,0.48914408756504574
0.20934042785588342,0.48932352413421853
0.2094652581646824,0.48932352413421853
0.2094652581646824,0.48950296070339133
0.20966810741648073,0.48950296070339133
0.20966810741648073,0.4898618338417369
0.2097305225708802,0.4898618338417369
0.2097305225708802,0.4902207069800825
0.20977733393667983,0.4902207069800825
0.20977733393667983,0.4904001435492553
0.21016742865167662,0.4904001435492553
0.21016742865167662,0.4905795801184281
0.21022984380607612,0.4905795801184281
0.21026105138327586,0.4905795801184281
0.2106199385210729,0.4905795801184281
0.2106199385210729,0.4907590166876009
0.2106355423096728,0.4907590166876009
0.2106355423096728,0.4909384532567737
0.2110100332360697,0.4909384532567737
0.21104124081326947,0.4909384532567737
0.21110365596766895,0.4909384532567737
0.21110365596766895,0.4911178898259465
0.21116607112206845,0.4911178898259465
0.21116607112206845,0.4912973263951193
0.21130650521946728,0.4912973263951193
0.21130650521946728,0.4914767629642921
0.21132210900806717,0.4916561995334649
0.21140012795106652,0.4916561995334649
0.21140012795106652,0.4918356361026377
0.21141573173966638,0.4918356361026377
0.21144693931686614,0.4918356361026377
0.2115249582598655,0.4918356361026377
0.21155616583706524,0.4918356361026377
0.21158737341426498,0.4918356361026377
0.21158737341426498,0.4920150726718105
0.2117434113002637,0.4920150726718105
0.2117434113002637,0.4921945092409833
0.2118058264546632,0.4921945092409833
0.2118058264546632,0.4923739458101561
0.21182143024326305,0.4923739458101561
0.21182143024326305,0.4925533823793289
0.21199307191786165,0.4925533823793289
0.21199307191786165,0.4927328189485017
0.21218031738106014,0.4927328189485017
0.21218031738106014,0.4929122555176745
0.21228954390125923,0.4929122555176745
0.21228954390125923,0.4930916920868473
0.21258601588465678,0.4930916920868473
0.21258601588465678,0.4932711286560201
0.2126328272504564,0.4932711286560201
0.2126328272504564,0.49345056522519287
0.21271084619345576,0.49345056522519287
0.21271084619345576,0.49363000179436567
0.21274205377065553,0.49363000179436567
0.21274205377065553,0.49380943836353847
0.21278886513645512,0.49380943836353847
0.21278886513645512,0.49398887493271126
0.21302292196545322,0.49398887493271126
0.21303852575405308,0.49416831150188406
0.21321016742865168,0.49416831150188406
0.2132413750058514,0.49416831150188406
0.21331939394885077,0.49416831150188406
0.21331939394885077,0.49452718464022966
0.21339741289185013,0.49452718464022966
0.21339741289185013,0.49470662120940245
0.21355345077784887,0.49470662120940245
0.21355345077784887,0.49488605777857525
0.21363146972084823,0.49488605777857525
0.21363146972084823,0.49506549434774805
0.2137094886638476,0.49506549434774805
0.2137094886638476,0.49524493091692084
0.2138187151840467,0.49524493091692084
0.2138187151840467,0.49542436748609364
0.2139747530700454,0.49542436748609364
0.2139747530700454,0.49560380405526644
0.21419320611044362,0.49560380405526644
0.21419320611044362,0.49578324062443924
0.21441165915084182,0.49578324062443924
0.21441165915084182,0.49596267719361203
0.2148173576544385,0.49596267719361203
0.2148173576544385,0.49614211376278483
0.21483296144303837,0.49614211376278483
0.21484856523163826,0.49632155033195763
0.21489537659743785,0.49632155033195763
0.21489537659743785,0.4965009869011304
0.21495779175183735,0.4965009869011304
0.21495779175183735,0.4966804234703032
0.21502020690623683,0.4966804234703032
0.21502020690623683,0.496859860039476
0.2151450372150358,0.496859860039476
0.2151450372150358,0.4970392966086488
0.21561315087303198,0.4970392966086488
0.21564435845023172,0.4970392966086488
0.2160500569538284,0.4970392966086488
0.2160500569538284,0.4972187331778216
0.21611247210822787,0.4972187331778216
0.21611247210822787,0.4973981697469944
0.21628411378282647,0.4973981697469944
0.2163153213600262,0.4973981697469944
0.21634652893722595,0.4973981697469944
0.21634652893722595,0.49775704288534
0.21639334030302557,0.49775704288534
0.21642454788022533,0.49775704288534
0.2164401516688252,0.49775704288534
0.2164401516688252,0.4979364794545128
0.21645575545742507,0.4979364794545128
0.21645575545742507,0.4981159160236856
0.2165025668232247,0.4981159160236856
0.2165025668232247,0.4982953525928584
0.21653377440042443,0.4982953525928584
0.21653377440042443,0.4984747891620312
0.21654937818902428,0.4984747891620312
0.21656498197762417,0.498654225731204
0.2166117933434238,0.498654225731204
0.21664300092062352,0.498654225731204
0.21751681308221638,0.498654225731204
0.21751681308221638,0.4990130988695496
0.21753241687081623,0.4990130988695496
0.21753241687081623,0.4991925354387224
0.2175480206594161,0.4991925354387224
0.21756362444801597,0.4993719720078952
0.21775086991121445,0.4993719720078952
0.21775086991121445,0.499551408577068
0.21787570022001343,0.499551408577068
0.21787570022001343,0.4997308451462408
0.21792251158581302,0.4997308451462408
0.21792251158581302,0.4999102817154136
0.21798492674021253,0.4999102817154136
0.21798492674021253,0.5000897182845864
0.2180005305288124,0.5000897182845864
0.2180005305288124,0.5002691548537592
0.21801613431741226,0.5002691548537592
0.21801613431741226,0.500448591422932
0.21803173810601215,0.500448591422932
0.21803173810601215,0.5008074645612776
0.21826579493501022,0.5008074645612776
0.21826579493501022,0.5009869011304504
0.2182813987236101,0.5011663376996232
0.2184998517640083,0.5011663376996232
0.2184998517640083,0.501345774268796
0.2188275313246056,0.501345774268796
0.2188275313246056,0.5015252108379687
0.21913960709660305,0.5015252108379687
0.21913960709660305,0.5017046474071416
0.2192800411940019,0.5017046474071416
0.2192800411940019,0.5018840839763143
0.21954530560019972,0.5018840839763143
0.21954530560019972,0.5020635205454872
0.21962332454319908,0.5020635205454872
0.21962332454319908,0.5022429571146599
0.21968573969759858,0.5022429571146599
0.21968573969759858,0.5024223936838328
0.21971694727479832,0.5024223936838328
0.21974815485199806,0.5024223936838328
0.21977936242919782,0.5024223936838328
0.21977936242919782,0.5026018302530055
0.21981057000639756,0.5026018302530055
0.21981057000639756,0.5027812668221784
0.22009143820119526,0.5027812668221784
0.22009143820119526,0.5029607033913511
0.220122645778395,0.5029607033913511
0.220122645778395,0.503140139960524
0.22020066472139435,0.503140139960524
0.22020066472139435,0.5033195765296967
0.22032549503019333,0.5033195765296967
0.22032549503019333,0.5034990130988696
0.2203879101845928,0.5034990130988696
0.2203879101845928,0.5036784496680423
0.22043472155039243,0.5036784496680423
0.22043472155039243,0.5040373228063879
0.22065317459079065,0.5040373228063879
0.22068438216799038,0.5040373228063879
0.22080921247678936,0.5040373228063879
0.22080921247678936,0.5042167593755608
0.2209028352083886,0.5042167593755608
0.2209028352083886,0.5043961959447335
0.22113689203738668,0.5043961959447335
0.22113689203738668,0.5045756325139064
0.22123051476898592,0.5045756325139064
0.22123051476898592,0.5047550690830791
0.22126172234618566,0.5047550690830791
0.22143336402078426,0.5047550690830791
0.22143336402078426,0.504934505652252
0.22158940190678297,0.504934505652252
0.22158940190678297,0.5052933787905975
0.22177664736998143,0.5052933787905975
0.22177664736998143,0.5054728153597703
0.22187027010158067,0.5054728153597703
0.22187027010158067,0.5056522519289431
0.2219170814673803,0.5056522519289431
0.22194828904458003,0.5056522519289431
0.22202630798757939,0.5056522519289431
0.22205751556477912,0.5056522519289431
0.22226036481657746,0.5056522519289431
0.22226036481657746,0.5058316884981159
0.2223539875481767,0.5058316884981159
0.2223539875481767,0.5060111250672887
0.2224632140683758,0.5060111250672887
0.2224632140683758,0.5061905616364615
0.22247881785697568,0.5061905616364615
0.22247881785697568,0.5063699982056343
0.2225256292227753,0.5063699982056343
0.2225256292227753,0.5065494347748071
0.22286891257197247,0.5065494347748071
0.22286891257197247,0.5067288713439799
0.22288451636057235,0.5067288713439799
0.22288451636057235,0.5069083079131527
0.2231809883439699,0.5069083079131527
0.22321219592116967,0.5069083079131527
0.22338383759576824,0.5069083079131527
0.22338383759576824,0.5070877444823255
0.22358668684756658,0.5070877444823255
0.22358668684756658,0.5072671810514983
0.22361789442476634,0.5072671810514983
0.22364910200196608,0.5072671810514983
0.22368030957916582,0.5072671810514983
0.22372712094496544,0.5072671810514983
0.22389876261956404,0.5072671810514983
0.22389876261956404,0.5074466176206711
0.2240860080827625,0.5074466176206711
0.2240860080827625,0.5076260541898439
0.22416402702576185,0.5076260541898439
0.22416402702576185,0.5078054907590167
0.22417963081436174,0.5078054907590167
0.22417963081436174,0.5081643638973623
0.2243668762775602,0.5081643638973623
0.2243668762775602,0.508343800466535
0.22444489522055955,0.508343800466535
0.22444489522055955,0.5085232370357079
0.22456972552935853,0.5085232370357079
0.22456972552935853,0.5087026736048806
0.22460093310655826,0.5087026736048806
0.224632140683758,0.5087026736048806
0.22472576341535724,0.5087026736048806
0.22472576341535724,0.5088821101740535
0.22478817856975675,0.5088821101740535
0.22478817856975675,0.5090615467432262
0.22492861266715558,0.5090615467432262
0.22492861266715558,0.5092409833123991
0.22502223539875482,0.5092409833123991
0.22502223539875482,0.5094204198815718
0.22524068843915301,0.5094204198815718
0.22524068843915301,0.5095998564507447
0.2252562922277529,0.5095998564507447
0.2252562922277529,0.5097792930199174
0.22534991495935214,0.5097792930199174
0.22534991495935214,0.5099587295890903
0.2254123301137516,0.5099587295890903
0.2254123301137516,0.5103176027274359
0.22547474526815112,0.5103176027274359
0.22547474526815112,0.5104970392966086
0.22550595284535085,0.5104970392966086
0.22550595284535085,0.5106764758657815
0.2255839717883502,0.5106764758657815
0.2255839717883502,0.5108559124349542
0.22566199073134957,0.5108559124349542
0.22566199073134957,0.5112147855732998
0.2257088020971492,0.5112147855732998
0.2257088020971492,0.5113942221424727
0.22641097258414342,0.5113942221424727
0.22644218016134318,0.5113942221424727
0.22647338773854292,0.5113942221424727
0.22647338773854292,0.5115736587116454
0.22664502941314152,0.5115736587116454
0.22664502941314152,0.5117530952808182
0.22695710518513895,0.5117530952808182
0.2269883127623387,0.5117530952808182
0.22706633170533805,0.5117530952808182
0.22706633170533805,0.511932531849991
0.2271599544369373,0.511932531849991
0.2271599544369373,0.5121119684191638
0.22722236959133676,0.5121119684191638
0.22723797337993665,0.5122914049883366
0.22725357716853653,0.5122914049883366
0.22725357716853653,0.5124708415575094
0.227315992322936,0.5124708415575094
0.227315992322936,0.5126502781266822
0.2273315961115359,0.5126502781266822
0.2273315961115359,0.512829714695855
0.2273784074773355,0.512829714695855
0.2274252188431351,0.512829714695855
0.22786212492393154,0.512829714695855
0.22786212492393154,0.5130091512650278
0.22801816280993026,0.5130091512650278
0.2280337665985301,0.5131885878342006
0.2282054082731287,0.5131885878342006
0.2282054082731287,0.5133680244033734
0.2282210120617286,0.5133680244033734
0.2282210120617286,0.513726897541719
0.22842386131352693,0.513726897541719
0.2284394651021268,0.5139063341108918
0.2284862764679264,0.5139063341108918
0.2284862764679264,0.5140857706800646
0.2285955029881255,0.5140857706800646
0.2286111067767254,0.5142652072492374
0.22864231435392512,0.5142652072492374
0.22864231435392512,0.5144446438184102
0.22895439012592259,0.5144446438184102
0.22895439012592259,0.514624080387583
0.22898559770312232,0.514624080387583
0.22901680528032206,0.514624080387583
0.22945371136111847,0.514624080387583
0.22945371136111847,0.5149829535259286
0.22946931514971836,0.5149829535259286
0.2295005227269181,0.5149829535259286
0.2295629378813176,0.5149829535259286
0.2295629378813176,0.5151623900951013
0.22981259849891553,0.5151623900951013
0.22981259849891553,0.5153418266642742
0.22985940986471515,0.5153418266642742
0.22985940986471515,0.5155212632334469
0.2299530325963144,0.5155212632334469
0.2299530325963144,0.5157006998026198
0.23009346669371322,0.5157006998026198
0.230124674270913,0.5157006998026198
0.2302807121569117,0.5157006998026198
0.2302807121569117,0.5158801363717925
0.23031191973411144,0.5158801363717925
0.23031191973411144,0.5162390095101381
0.2306708068719085,0.5162390095101381
0.2306708068719085,0.516418446079311
0.23071761823770812,0.516418446079311
0.23071761823770812,0.5165978826484837
0.23081124096930736,0.5165978826484837
0.23081124096930736,0.5167773192176566
0.23085805233510695,0.5167773192176566
0.23090486370090657,0.5167773192176566
0.23093607127810634,0.5167773192176566
0.23093607127810634,0.5169567557868293
0.23102969400970555,0.5169567557868293
0.2310609015869053,0.5169567557868293
0.2311233167413048,0.5169567557868293
0.2311233167413048,0.5171361923560022
0.23148220387910184,0.5171361923560022
0.23148220387910184,0.5173156289251749
0.23151341145630158,0.5173156289251749
0.23151341145630158,0.5176745020635205
0.23171626070809992,0.5176745020635205
0.23174746828529966,0.5176745020635205
0.23174746828529966,0.5178539386326934
0.23188790238269852,0.5178539386326934
0.23188790238269852,0.5180333752018661
0.23205954405729712,0.5180333752018661
0.23205954405729712,0.518212811771039
0.23223118573189572,0.518212811771039
0.23223118573189572,0.5183922483402117
0.23224678952049557,0.5183922483402117
0.2322779970976953,0.5183922483402117
0.23232480846349493,0.5183922483402117
0.23232480846349493,0.5185716849093845
0.2324028274064943,0.5185716849093845
0.2324028274064943,0.5187511214785573
0.2324496387722939,0.5187511214785573
0.2324496387722939,0.5189305580477301
0.23252765771529327,0.5189305580477301
0.23252765771529327,0.5192894311860757
0.2325744690810929,0.5192894311860757
0.2325744690810929,0.5194688677552485
0.23260567665829263,0.5194688677552485
0.23260567665829263,0.5196483043244213
0.23263688423549236,0.5196483043244213
0.23263688423549236,0.5198277408935941
0.23276171454429134,0.5198277408935941
0.23276171454429134,0.5200071774627669
0.23277731833289123,0.5200071774627669
0.23277731833289123,0.5201866140319397
0.23282412969869085,0.5201866140319397
0.23282412969869085,0.5203660506011125
0.2328397334872907,0.5203660506011125
0.2328397334872907,0.5205454871702853
0.23285533727589058,0.5205454871702853
0.23288654485309032,0.5205454871702853
0.23288654485309032,0.5207249237394581
0.23305818652768892,0.5207249237394581
0.23305818652768892,0.5210837968778037
0.23312060168208842,0.5210837968778037
0.23312060168208842,0.5212632334469764
0.23326103577948726,0.5212632334469764
0.23326103577948726,0.5214426700161493
0.233292243356687,0.5214426700161493
0.23330784714528688,0.521622106585322
0.23333905472248662,0.521622106585322
0.23333905472248662,0.5218015431544949
0.23352630018568507,0.5218015431544949
0.23352630018568507,0.5219809797236676
0.2336355267058842,0.5219809797236676
0.2336355267058842,0.5221604162928405
0.2337291494374834,0.5221604162928405
0.2337291494374834,0.5225192894311861
0.23376035701468317,0.5225192894311861
0.23376035701468317,0.5226987260003588
0.23377596080328303,0.5226987260003588
0.23377596080328303,0.5230575991387044
0.23382277216908265,0.5230575991387044
0.23382277216908265,0.5232370357078773
0.2339163949006819,0.5232370357078773
0.23394760247788163,0.5232370357078773
0.23397881005508137,0.5232370357078773
0.23397881005508137,0.52341647227705
0.23405682899808072,0.52341647227705
0.23405682899808072,0.5235959088462229
0.23413484794108008,0.5235959088462229
0.23413484794108008,0.5237753454153956
0.23419726309547959,0.5237753454153956
0.23419726309547959,0.5241342185537412
0.23447813129027728,0.5241342185537412
0.23450933886747702,0.5241342185537412
0.23475899948507498,0.5241342185537412
0.23475899948507498,0.5243136551229141
0.23479020706227471,0.5243136551229141
0.23479020706227471,0.5244930916920868
0.2349150373710737,0.5244930916920868
0.23494624494827343,0.5244930916920868
0.23499305631407305,0.5244930916920868
0.2350242638912728,0.5244930916920868
0.2350866790456723,0.5244930916920868
0.2350866790456723,0.5246725282612597
0.23510228283427217,0.5246725282612597
0.23510228283427217,0.5248519648304324
0.2351334904114719,0.5248519648304324
0.23516469798867165,0.5248519648304324
0.23555479270366844,0.5248519648304324
0.23555479270366844,0.5250314013996052
0.2356328116466678,0.5250314013996052
0.2356328116466678,0.525210837968778
0.23566401922386757,0.525210837968778
0.23566401922386757,0.5253902745379508
0.23567962301246742,0.5253902745379508
0.23571083058966716,0.5253902745379508
0.2360853215160641,0.5253902745379508
0.2360853215160641,0.5255697111071236
0.23628817076786243,0.5255697111071236
0.23628817076786243,0.5257491476762964
0.23633498213366205,0.5257491476762964
0.23633498213366205,0.5259285842454692
0.23649102001966077,0.5259285842454692
0.23649102001966077,0.526108020814642
0.23658464275126,0.526108020814642
0.23658464275126,0.5262874573838148
0.2366938692714591,0.5262874573838148
0.2366938692714591,0.5264668939529876
0.2368030957916582,0.5264668939529876
0.2368030957916582,0.5266463305221604
0.23699034125485668,0.5266463305221604
0.23699034125485668,0.5268257670913332
0.2370371526206563,0.5268257670913332
0.2370371526206563,0.527005203660506
0.23706836019785604,0.527005203660506
0.23706836019785604,0.5271846402296788
0.23724000187245464,0.5271846402296788
0.23724000187245464,0.5273640767988516
0.2375988890102517,0.5273640767988516
0.2375988890102517,0.5275435133680244
0.23766130416465117,0.5275435133680244
0.23766130416465117,0.5277229499371971
0.2377549268962504,0.5277229499371971
0.2377549268962504,0.52790238650637
0.23778613447345015,0.52790238650637
0.23778613447345015,0.5282612596447156
0.23783294583924977,0.5282612596447156
0.23783294583924977,0.5284406962138883
0.238051398879648,0.5284406962138883
0.238051398879648,0.5287995693522339
0.23806700266824785,0.5287995693522339
0.23806700266824785,0.5289790059214068
0.23809821024544758,0.5289790059214068
0.23812941782264735,0.5289790059214068
0.2381450216112472,0.5289790059214068
0.2381450216112472,0.5293378790597524
0.23823864434284645,0.5293378790597524
0.23823864434284645,0.5295173156289251
0.23836347465164542,0.5295173156289251
0.23836347465164542,0.529696752198098
0.2387067580008426,0.529696752198098
0.2387067580008426,0.5298761887672707
0.2388627958868413,0.5298761887672707
0.2388627958868413,0.5302350619056163
0.23909685271583941,0.5302350619056163
0.23911245650443927,0.5304144984747892
0.23914366408163903,0.5304144984747892
0.2393777209106371,0.5304144984747892
0.23940892848783685,0.5304144984747892
0.23953375879663583,0.5304144984747892
0.23953375879663583,0.5305939350439619
0.23961177773963518,0.5305939350439619
0.23961177773963518,0.5309528081823075
0.23967419289403466,0.5309528081823075
0.23967419289403466,0.5311322447514804
0.23972100425983428,0.5311322447514804
0.23972100425983428,0.5313116813206531
0.2398302307800334,0.5313116813206531
0.2398302307800334,0.531491117889826
0.23990824972303276,0.531491117889826
0.23990824972303276,0.5316705544589987
0.24000187245463198,0.5316705544589987
0.24000187245463198,0.5318499910281715
0.24001747624323186,0.5318499910281715
0.24001747624323186,0.5320294275973443
0.24012670276343095,0.5320294275973443
0.24012670276343095,0.5322088641665171
0.24018911791783046,0.5322088641665171
0.2402203254950302,0.5322088641665171
0.24025153307222993,0.5322088641665171
0.24025153307222993,0.5323883007356899
0.240485589901228,0.5323883007356899
0.240485589901228,0.5325677373048627
0.24051679747842777,0.5325677373048627
0.24051679747842777,0.5331060470123811
0.24070404294162623,0.5331060470123811
0.24070404294162623,0.5332854835815539
0.2407820618846256,0.5332854835815539
0.2407820618846256,0.5334649201507268
0.24109413765662302,0.5334649201507268
0.24109413765662302,0.5336443567198995
0.2411097414452229,0.5336443567198995
0.24112534523382279,0.5338237932890724
0.24120336417682214,0.5338237932890724
0.24120336417682214,0.5340032298582451
0.24123457175402188,0.5340032298582451
0.24129698690842136,0.5340032298582451
0.24129698690842136,0.534182666427418
0.24135940206282086,0.534182666427418
0.2413906096400206,0.534182666427418
0.24143742100582022,0.534182666427418
0.24146862858301996,0.534182666427418
0.24148423237161984,0.534182666427418
0.24148423237161984,0.5343621029965907
0.24171828920061791,0.5343621029965907
0.24171828920061791,0.5345415395657636
0.24176510056641753,0.5345415395657636
0.24176510056641753,0.5347209761349363
0.24181191193221716,0.5347209761349363
0.24181191193221716,0.5349004127041092
0.24204596876121523,0.5349004127041092
0.24207717633841497,0.5349004127041092
0.24235804453321266,0.5349004127041092
0.24235804453321266,0.5350798492732819
0.2423892521104124,0.5350798492732819
0.2423892521104124,0.5352592858424547
0.24251408241921138,0.5352592858424547
0.24254528999641112,0.5352592858424547
0.24263891272801036,0.5352592858424547
0.2426701203052101,0.5352592858424547
0.24270132788240986,0.5352592858424547
0.24270132788240986,0.5354387224116275
0.24271693167100972,0.5354387224116275
0.24271693167100972,0.5356181589808003
0.24276374303680934,0.5356181589808003
0.24276374303680934,0.5357975955499731
0.24277934682540922,0.5357975955499731
0.24277934682540922,0.5361564686883187
0.24281055440260896,0.5361564686883187
0.24281055440260896,0.5363359052574915
0.2429041771342082,0.5363359052574915
0.2429041771342082,0.5365153418266643
0.24298219607720756,0.5365153418266643
0.24298219607720756,0.5366947783958371
0.24310702638600654,0.5366947783958371
0.24310702638600654,0.5368742149650099
0.2431226301746064,0.5368742149650099
0.2431226301746064,0.5370536515341827
0.2431850453290059,0.5370536515341827
0.2431850453290059,0.5372330881033555
0.24326306427200525,0.5372330881033555
0.24326306427200525,0.5374125246725283
0.24348151731240344,0.5374125246725283
0.24351272488960318,0.5374125246725283
0.24354393246680295,0.5374125246725283
0.24357514004400269,0.5374125246725283
0.24371557414140152,0.5374125246725283
0.24371557414140152,0.537591961241701
0.24388721581600012,0.537591961241701
0.24388721581600012,0.5377713978108739
0.2439028196046,0.5377713978108739
0.24393402718179974,0.5377713978108739
0.24399644233619924,0.5377713978108739
0.24399644233619924,0.5379508343800466
0.24415248022219796,0.5379508343800466
0.24415248022219796,0.5381302709492195
0.2441836877993977,0.5381302709492195
0.2441836877993977,0.5383097075183922
0.24423049916519732,0.5383097075183922
0.24423049916519732,0.5384891440875651
0.24430851810819668,0.5384891440875651
0.24430851810819668,0.5386685806567378
0.24432412189679653,0.5388480172259107
0.2443553294739963,0.5388480172259107
0.24443334841699565,0.5388480172259107
0.24443334841699565,0.5390274537950834
0.24455817872579463,0.5390274537950834
0.24455817872579463,0.5392068903642563
0.2446205938801941,0.5392068903642563
0.24465180145739385,0.5392068903642563
0.2450731037495904,0.5392068903642563
0.2450731037495904,0.539386326933429
0.245244745424189,0.539386326933429
0.245244745424189,0.5395657635026019
0.2452915567899886,0.5395657635026019
0.2452915567899886,0.5397452000717746
0.24554121740758655,0.5397452000717746
0.24554121740758655,0.5399246366409475
0.2456192363505859,0.5399246366409475
0.24565044392778568,0.5399246366409475
0.24566604771638553,0.5399246366409475
0.24566604771638553,0.5401040732101202
0.24569725529358527,0.5401040732101202
0.24571285908218515,0.5401040732101202
0.2457440666593849,0.5401040732101202
0.24585329317958401,0.5401040732101202
0.24588450075678375,0.5401040732101202
0.2459625196997831,0.5401040732101202
0.2459625196997831,0.5402835097792931
0.2462433878945808,0.5402835097792931
0.2462589916831807,0.5404629463484658
0.24629019926038043,0.5404629463484658
0.24629019926038043,0.5406423829176387
0.24638382199197964,0.5406423829176387
0.24638382199197964,0.5408218194868114
0.2464150295691794,0.5408218194868114
0.2464150295691794,0.5410012560559843
0.2469611621701749,0.5410012560559843
0.2469611621701749,0.5413601291943299
0.2472420303649726,0.5413601291943299
0.2472420303649726,0.5415395657635026
0.2473044455193721,0.5415395657635026
0.2473044455193721,0.5417190023326754
0.24746048340537083,0.5417190023326754
0.24746048340537083,0.5418984389018482
0.24747608719397068,0.5418984389018482
0.24747608719397068,0.5424367486093666
0.2475385023483702,0.5424367486093666
0.24756970992556993,0.5424367486093666
0.24785057812036762,0.5424367486093666
0.24785057812036762,0.5426161851785394
0.24788178569756736,0.5426161851785394
0.24788178569756736,0.5427956217477122
0.2479754084291666,0.5427956217477122
0.24800661600636634,0.5427956217477122
0.24806903116076584,0.5427956217477122
0.24806903116076584,0.542975058316885
0.24861516376176135,0.542975058316885
0.24861516376176135,0.5431544948860578
0.24863076755036123,0.5431544948860578
0.24863076755036123,0.5433339314552306
0.2486463713389611,0.5433339314552306
0.2486463713389611,0.5435133680244034
0.24881801301355969,0.5435133680244034
0.24881801301355969,0.5436928045935762
0.2493173342487556,0.5436928045935762
0.2493173342487556,0.543872241162749
0.24941095698035484,0.543872241162749
0.24941095698035484,0.5440516777319218
0.24944216455755458,0.5440516777319218
0.24944216455755458,0.5442311143010946
0.24945776834615443,0.5442311143010946
0.24947337213475432,0.5444105508702674
0.2494889759233542,0.5444105508702674
0.2494889759233542,0.5445899874394402
0.2495357872891538,0.5445899874394402
0.2495357872891538,0.544769424008613
0.24956699486635356,0.544769424008613
0.24962941002075303,0.544769424008613
0.24962941002075303,0.5449488605777858
0.24966061759795277,0.5449488605777858
0.24966061759795277,0.5453077337161314
0.24969182517515254,0.5453077337161314
0.24972303275235228,0.5453077337161314
0.249754240329552,0.5453077337161314
0.249754240329552,0.5454871702853041
0.2499882971585501,0.5454871702853041
0.2499882971585501,0.545666606854477
0.2500975236787492,0.545666606854477
0.2500975236787492,0.5458460434236497
0.2501131274673491,0.5458460434236497
0.2501131274673491,0.5460254799928226
0.25023795777614805,0.5460254799928226
0.25023795777614805,0.5462049165619953
0.25040959945074664,0.5462049165619953
0.25040959945074664,0.5463843531311682
0.2504252032393465,0.5463843531311682
0.2504252032393465,0.5465637897003409
0.2505032221823459,0.5465637897003409
0.2505032221823459,0.5467432262695138
0.25061244870254495,0.5467432262695138
0.2506436562797447,0.5467432262695138
0.25075288279994384,0.5467432262695138
0.25078409037714355,0.5467432262695138
0.2508933168973427,0.5467432262695138
0.25092452447454244,0.5467432262695138
0.2510337509947415,0.5467432262695138
0.2510337509947415,0.5469226628386865
0.2511585813035405,0.5469226628386865
0.2511585813035405,0.5471020994078594
0.2512053926693401,0.5471020994078594
0.2512053926693401,0.5472815359770321
0.2513926381325386,0.5472815359770321
0.2513926381325386,0.547460972546205
0.251704713904536,0.547460972546205
0.251704713904536,0.5476404091153777
0.25206360104233305,0.5476404091153777
0.25206360104233305,0.5478198456845506
0.25218843135113206,0.5478198456845506
0.25218843135113206,0.5479992822537233
0.2523288654485309,0.5479992822537233
0.2523288654485309,0.5481787188228961
0.25243809196873,0.5481787188228961
0.25243809196873,0.5483581553920689
0.25293741320392593,0.5483581553920689
0.25293741320392593,0.5485375919612417
0.25307784730132477,0.5485375919612417
0.25310905487852453,0.5485375919612417
0.2532338851873235,0.5485375919612417
0.2532338851873235,0.5487170285304145
0.25324948897592336,0.5487170285304145
0.25324948897592336,0.5488964650995873
0.2533431117075226,0.5488964650995873
0.2533431117075226,0.5490759016687601
0.25342113065052196,0.5490759016687601
0.25342113065052196,0.5492553382379329
0.2534523382277217,0.5492553382379329
0.25348354580492144,0.5492553382379329
0.25348354580492144,0.5494347748071057
0.2535615647479208,0.5494347748071057
0.2535615647479208,0.5496142113762785
0.2536083761137204,0.5496142113762785
0.2536083761137204,0.5497936479454513
0.25365518747952004,0.5497936479454513
0.25368639505671975,0.5497936479454513
0.2539516594629176,0.5497936479454513
0.2539516594629176,0.5499730845146241
0.25398286704011735,0.5499730845146241
0.25398286704011735,0.5503319576529697
0.2542949428121148,0.5503319576529697
0.2542949428121148,0.5505113942221425
0.254513395852513,0.5505113942221425
0.254513395852513,0.5506908307913153
0.25456020721831263,0.5506908307913153
0.25456020721831263,0.550870267360488
0.2547318488929112,0.550870267360488
0.2547318488929112,0.5510497039296609
0.2548098678359106,0.5510497039296609
0.2548098678359106,0.5512291404988336
0.25490349056750977,0.5512291404988336
0.25490349056750977,0.5514085770680065
0.25515315118510773,0.5514085770680065
0.25515315118510773,0.5515880136371792
0.2552155663395072,0.5515880136371792
0.2552155663395072,0.5517674502063521
0.2552311701281071,0.5517674502063521
0.2552311701281071,0.5519468867755248
0.25530918907110645,0.5519468867755248
0.25530918907110645,0.5521263233446977
0.2554028118027057,0.5521263233446977
0.25546522695710516,0.5521263233446977
0.25546522695710516,0.5523057599138704
0.2555276421115047,0.5523057599138704
0.2555276421115047,0.5524851964830433
0.2555432459001045,0.5524851964830433
0.2555744534773043,0.5524851964830433
0.2556836799975034,0.5524851964830433
0.2556836799975034,0.552664633052216
0.2557460951519029,0.552664633052216
0.2557460951519029,0.5530235061905616
0.2557929065177025,0.5530235061905616
0.25582411409490224,0.5530235061905616
0.2559177368265015,0.5530235061905616
0.2559177368265015,0.5532029427597345
0.2560113595581007,0.5532029427597345
0.2560113595581007,0.5533823793289072
0.25604256713530044,0.5533823793289072
0.25604256713530044,0.5535618158980801
0.2560893785011001,0.5535618158980801
0.2560893785011001,0.5537412524672528
0.2561361898668997,0.5537412524672528
0.2561361898668997,0.5539206890364257
0.25619860502129915,0.5539206890364257
0.25619860502129915,0.5541001256055984
0.2565106807932966,0.5541001256055984
0.2565106807932966,0.5542795621747713
0.256588699736296,0.5542795621747713
0.256588699736296,0.554458998743944
0.2566043035248958,0.554458998743944
0.2566043035248958,0.5548178718822896
0.2568227565652941,0.5548178718822896
0.2568227565652941,0.5551767450206352
0.25693198308549314,0.5551767450206352
0.2569631906626929,0.5551767450206352
0.2570100020284925,0.5551767450206352
0.2570100020284925,0.555356181589808
0.25732207780048993,0.555356181589808
0.2573376815890898,0.5555356181589808
0.25738449295488947,0.5555356181589808
0.25738449295488947,0.5557150547281536
0.2574157005320892,0.5557150547281536
0.2574157005320892,0.5558944912973264
0.25744690810928894,0.5558944912973264
0.25744690810928894,0.5560739278664992
0.2574781156864887,0.5560739278664992
0.2574781156864887,0.556253364435672
0.25749371947508853,0.556253364435672
0.25749371947508853,0.5564328010048448
0.25777458766988626,0.5564328010048448
0.25777458766988626,0.5566122375740176
0.2578526066128856,0.5566122375740176
0.2578838141900853,0.5566122375740176
0.2578838141900853,0.5567916741431904
0.2578994179786852,0.5567916741431904
0.257930625555885,0.5567916741431904
0.25794622934448486,0.5567916741431904
0.25794622934448486,0.5569711107123632
0.2580554558646839,0.5569711107123632
0.2580554558646839,0.557150547281536
0.2583987392138811,0.557150547281536
0.2584299467910809,0.557150547281536
0.25844555057968077,0.557150547281536
0.25844555057968077,0.5573299838507088
0.25850796573408025,0.5573299838507088
0.25850796573408025,0.5576888569890543
0.2588668528718773,0.5576888569890543
0.2588668528718773,0.5580477301273999
0.25894487181487663,0.5580477301273999
0.2589760793920764,0.5580477301273999
0.2591633248552749,0.5580477301273999
0.2591633248552749,0.5584066032657455
0.2591789286438747,0.5584066032657455
0.2591789286438747,0.5585860398349184
0.25921013622107447,0.5585860398349184
0.2593505703184733,0.5585860398349184
0.2593505703184733,0.5587654764040911
0.2593661741070732,0.5587654764040911
0.25939738168427295,0.5587654764040911
0.2595846271474714,0.5587654764040911
0.2595846271474714,0.5593037861116096
0.2596782498790706,0.5593037861116096
0.2596782498790706,0.5594832226807823
0.25977187261066986,0.5594832226807823
0.25977187261066986,0.5596626592499552
0.25978747639926975,0.5596626592499552
0.25978747639926975,0.5598420958191279
0.26000592943966794,0.5598420958191279
0.26000592943966794,0.5600215323883008
0.2601463635370668,0.5600215323883008
0.2601463635370668,0.5602009689574735
0.2602087786914663,0.5602009689574735
0.2602087786914663,0.5603804055266464
0.2602711938458658,0.5603804055266464
0.2602711938458658,0.5605598420958191
0.26031800521166537,0.5605598420958191
0.26031800521166537,0.560739278664992
0.26034921278886514,0.560739278664992
0.26072370371526205,0.560739278664992
0.26072370371526205,0.5609187152341647
0.26089534538986064,0.5609187152341647
0.2609265529670604,0.5609187152341647
0.2609265529670604,0.5610981518033376
0.26105138327585936,0.5610981518033376
0.26105138327585936,0.5612775883725103
0.26119181737325825,0.5612775883725103
0.26122302495045796,0.5612775883725103
0.26123862873905784,0.5612775883725103
0.26123862873905784,0.5614570249416831
0.26144147799085615,0.5614570249416831
0.2614726855680559,0.5614570249416831
0.26190959164885236,0.5614570249416831
0.26194079922605207,0.5614570249416831
0.2619876105918517,0.5614570249416831
0.2619876105918517,0.5616364615108559
0.2620032143804516,0.5616364615108559
0.2620344219576513,0.5616364615108559
0.2620968371120508,0.5616364615108559
0.2620968371120508,0.5618158980800287
0.26214364847785043,0.5618158980800287
0.26214364847785043,0.5619953346492015
0.2621592522664503,0.5619953346492015
0.2621592522664503,0.5621747712183743
0.2622528749980495,0.5621747712183743
0.2622528749980495,0.5623542077875471
0.2623933090954484,0.5623542077875471
0.2624245166726481,0.5623542077875471
0.262440120461248,0.5623542077875471
0.262440120461248,0.5625336443567199
0.26248693182704763,0.5625336443567199
0.26248693182704763,0.5627130809258927
0.26251813940424734,0.5627130809258927
0.26251813940424734,0.5628925174950655
0.2628926303306443,0.5628925174950655
0.2628926303306443,0.5630719540642383
0.2629550454850438,0.5630719540642383
0.2629862530622435,0.5630719540642383
0.2635011780860393,0.5630719540642383
0.2635011780860393,0.5632513906334111
0.26368842354923777,0.5632513906334111
0.26368842354923777,0.5634308272025839
0.26379765006943684,0.5634308272025839
0.26379765006943684,0.5636102637717567
0.26395368795543556,0.5636102637717567
0.26395368795543556,0.5637897003409295
0.2641565372072339,0.5637897003409295
0.2641877447844337,0.5637897003409295
0.2642189523616334,0.5637897003409295
0.2642189523616334,0.5639691369101023
0.2642345561502333,0.5639691369101023
0.2642345561502333,0.564148573479275
0.26426576372743305,0.564148573479275
0.26429697130463276,0.564148573479275
0.26435938645903223,0.564148573479275
0.26435938645903223,0.5643280100484479
0.26446861297923135,0.5643280100484479
0.26446861297923135,0.5645074466176206
0.2647650849626289,0.5645074466176206
0.2647650849626289,0.5648663197559662
0.2647806887512288,0.5648663197559662
0.2647806887512288,0.5650457563251391
0.26481189632842855,0.5650457563251391
0.26485870769422815,0.5650457563251391
0.26485870769422815,0.5652251928943118
0.2648899152714279,0.5652251928943118
0.2648899152714279,0.5654046294634847
0.2649211228486276,0.5654046294634847
0.2649211228486276,0.5655840660326574
0.2650771607346264,0.5655840660326574
0.2650771607346264,0.5657635026018303
0.2653424251408242,0.5657635026018303
0.2653424251408242,0.565942939171003
0.26548285923822307,0.565942939171003
0.26548285923822307,0.5663018123093486
0.26587295395321986,0.5663018123093486
0.26587295395321986,0.5664812488785215
0.2659977842620188,0.5664812488785215
0.2659977842620188,0.5666606854476942
0.2660133880506187,0.5666606854476942
0.2660133880506187,0.5668401220168671
0.26604459562781846,0.5668401220168671
0.26610701078221793,0.5668401220168671
0.26610701078221793,0.5670195585860398
0.26629425624541636,0.5670195585860398
0.26629425624541636,0.5671989951552127
0.26645029413141513,0.5671989951552127
0.26645029413141513,0.5673784317243854
0.2665283130744145,0.5673784317243854
0.2665283130744145,0.5675578682935583
0.2665751244402141,0.5675578682935583
0.26660633201741385,0.5675578682935583
0.2667155585376129,0.5675578682935583
0.2667311623262128,0.567737304862731
0.2667467661148127,0.567737304862731
0.2667467661148127,0.5679167414319038
0.2669028040008114,0.5679167414319038
0.26693401157801117,0.5679167414319038
0.2671212570412096,0.5679167414319038
0.26715246461840936,0.5679167414319038
0.26733971008160784,0.5679167414319038
0.26733971008160784,0.568634487708595
0.2674489366018069,0.568634487708595
0.2674489366018069,0.5688139242777678
0.2675113517562064,0.5688139242777678
0.2675113517562064,0.5689933608469406
0.26776101237380434,0.5689933608469406
0.26776101237380434,0.5691727974161134
0.26787023889400347,0.5691727974161134
0.26787023889400347,0.5693522339852862
0.2679950692028024,0.5693522339852862
0.2679950692028024,0.569531670554459
0.26804188056860206,0.569531670554459
0.26804188056860206,0.5697111071236318
0.2680730881458018,0.5697111071236318
0.26810429572300154,0.5697111071236318
0.26826033360900026,0.5697111071236318
0.26826033360900026,0.5698905436928046
0.268416371494999,0.5698905436928046
0.268416371494999,0.5700699802619774
0.2685880131695976,0.5700699802619774
0.2685880131695976,0.5702494168311502
0.26860361695819746,0.5702494168311502
0.26860361695819746,0.570428853400323
0.2687128434783966,0.570428853400323
0.2687440510555963,0.570428853400323
0.2690405230389939,0.570428853400323
0.2690405230389939,0.5706082899694958
0.2690873344047935,0.5706082899694958
0.2690873344047935,0.5707877265386686
0.26927457986799197,0.5707877265386686
0.26927457986799197,0.5709671631078413
0.2694150139653908,0.5709671631078413
0.2694150139653908,0.5711465996770142
0.2695242404855899,0.5711465996770142
0.2695242404855899,0.5713260362461869
0.26977390110318783,0.5713260362461869
0.2698051086803876,0.5713260362461869
0.2698207124689875,0.5713260362461869
0.2698207124689875,0.5715054728153598
0.26986752383478707,0.5715054728153598
0.26986752383478707,0.5716849093845325
0.26988312762338695,0.5716849093845325
0.26988312762338695,0.5718643459537054
0.2699143352005867,0.5718643459537054
0.26994554277778643,0.5718643459537054
0.2701327882409849,0.5718643459537054
0.2701483920295848,0.5720437825228781
0.27038244885858287,0.5720437825228781
0.27038244885858287,0.572223219092051
0.27042926022438246,0.572223219092051
0.2704604678015822,0.572223219092051
0.2704760715901821,0.572223219092051
0.2704760715901821,0.5724026556612237
0.2705072791673818,0.5724026556612237
0.2705072791673818,0.5725820922303966
0.27056969432178135,0.5725820922303966
0.27056969432178135,0.5727615287995693
0.2707101284191802,0.5727615287995693
0.2707101284191802,0.5729409653687422
0.27114703449997657,0.5729409653687422
0.27114703449997657,0.5731204019379149
0.27117824207717633,0.5731204019379149
0.2712094496543761,0.5731204019379149
0.2712094496543761,0.5732998385070878
0.2712406572315758,0.5732998385070878
0.2712406572315758,0.5734792750762605
0.27128746859737546,0.5734792750762605
0.27128746859737546,0.5736587116454334
0.27150592163777365,0.5736587116454334
0.27150592163777365,0.5738381482146061
0.271708770889572,0.5738381482146061
0.271708770889572,0.5741970213529517
0.27184920498697085,0.5741970213529517
0.27184920498697085,0.5743764579221246
0.27189601635277044,0.5743764579221246
0.27189601635277044,0.5745558944912973
0.27206765802736904,0.5745558944912973
0.27206765802736904,0.5747353310604701
0.27211446939316863,0.5747353310604701
0.2721456769703684,0.5747353310604701
0.2721612807589683,0.5747353310604701
0.2721612807589683,0.5749147676296429
0.27223929970196764,0.5749147676296429
0.27223929970196764,0.5750942041988157
0.2723017148563671,0.5750942041988157
0.2723017148563671,0.5752736407679885
0.2723329224335669,0.5752736407679885
0.2723329224335669,0.5754530773371613
0.27234852622216676,0.5754530773371613
0.27234852622216676,0.5756325139063341
0.27276982851436327,0.5756325139063341
0.27280103609156303,0.5756325139063341
0.2728322436687628,0.5756325139063341
0.2728478474573626,0.5758119504755069
0.2728946588231623,0.5758119504755069
0.2728946588231623,0.5761708236138525
0.27297267776616163,0.5761708236138525
0.27300388534336134,0.5761708236138525
0.273050696709161,0.5761708236138525
0.27308190428636075,0.5761708236138525
0.2731599232293601,0.5761708236138525
0.2731599232293601,0.5763502601830253
0.2731911308065598,0.5763502601830253
0.2731911308065598,0.5765296967521981
0.2732223383837596,0.5765296967521981
0.2732223383837596,0.5770680064597165
0.27328475353815906,0.5770680064597165
0.27328475353815906,0.5772474430288893
0.273659244464556,0.5772474430288893
0.273659244464556,0.577426879598062
0.2737528671961552,0.577426879598062
0.2737528671961552,0.5776063161672349
0.27390890508215393,0.5776063161672349
0.27390890508215393,0.5777857527364076
0.2739245088707538,0.5777857527364076
0.2739245088707538,0.5779651893055805
0.2741273581225522,0.5779651893055805
0.2741273581225522,0.5781446258747532
0.27422098085415136,0.5781446258747532
0.27425218843135113,0.5781446258747532
0.274267792219951,0.5781446258747532
0.274267792219951,0.5783240624439261
0.27478271724374675,0.5783240624439261
0.27478271724374675,0.5785034990130988
0.27509479301574424,0.5785034990130988
0.27509479301574424,0.5786829355822717
0.2751572081701437,0.5786829355822717
0.2751572081701437,0.5788623721514444
0.27526643469034284,0.5788623721514444
0.27526643469034284,0.5790418087206173
0.2754068687877417,0.5790418087206173
0.2754380763649414,0.5790418087206173
0.27567213319393946,0.5790418087206173
0.27567213319393946,0.5794006818589629
0.2757189445597391,0.5794006818589629
0.275734548348339,0.5795801184281356
0.275734548348339,0.5797595549973085
0.2757501521369389,0.5797595549973085
0.2757501521369389,0.5799389915664812
0.27579696350273847,0.5799389915664812
0.27582817107993823,0.5799389915664812
0.27598420896593695,0.5799389915664812
0.27598420896593695,0.5802978647048268
0.2760466241203364,0.5802978647048268
0.2760466241203364,0.5804773012739997
0.2760622279089363,0.5804773012739997
0.276093435486136,0.5804773012739997
0.27656154914413217,0.5804773012739997
0.27656154914413217,0.5806567378431724
0.27659275672133193,0.5806567378431724
0.27659275672133193,0.5808361744123453
0.2766551718757314,0.5808361744123453
0.2766551718757314,0.581015610981518
0.27674879460733065,0.581015610981518
0.27674879460733065,0.5811950475506908
0.277201304476727,0.5811950475506908
0.277201304476727,0.5813744841198636
0.2773573423627257,0.5813744841198636
0.2773573423627257,0.5815539206890364
0.2773885499399254,0.5815539206890364
0.27741975751712517,0.5815539206890364
0.2775289840373243,0.5815539206890364
0.2775289840373243,0.5817333572582092
0.2777786446549222,0.5817333572582092
0.2777942484435221,0.581912793827382
0.27785666359792155,0.581912793827382
0.27785666359792155,0.5820922303965548
0.27832477725591775,0.5820922303965548
0.27832477725591775,0.5822716669657276
0.27838719241031723,0.5822716669657276
0.27838719241031723,0.5824511035349004
0.27854323029631595,0.5824511035349004
0.27854323029631595,0.582809976673246
0.27859004166211554,0.582809976673246
0.2786056454507154,0.582809976673246
0.2786056454507154,0.5829894132424188
0.27869926818231466,0.5829894132424188
0.27873047575951443,0.5829894132424188
0.27876168333671414,0.5829894132424188
0.2787928909139139,0.5829894132424188
0.2789645325885125,0.5829894132424188
0.2789645325885125,0.5831688498115916
0.27924540078331017,0.5831688498115916
0.27927660836050994,0.5831688498115916
0.2797291182299062,0.5831688498115916
0.2797291182299062,0.5833482863807644
0.2801816280993025,0.5833482863807644
0.2801816280993025,0.5835277229499372
0.2803532697739011,0.5835277229499372
0.28038447735110084,0.5835277229499372
0.2806185341800989,0.5835277229499372
0.2806185341800989,0.58370715951911
0.2806497417572987,0.58370715951911
0.28066534554589856,0.5838865960882827
0.2807901758546975,0.5838865960882827
0.2807901758546975,0.5840660326574556
0.280977421317896,0.5840660326574556
0.2809930251064959,0.5842454692266283
0.2811334592038947,0.5842454692266283
0.2811334592038947,0.5844249057958012
0.2811958743582942,0.5844249057958012
0.2811958743582942,0.5846043423649739
0.281336308455693,0.5846043423649739
0.281336308455693,0.5847837789341468
0.2813675160328928,0.5847837789341468
0.28138311982149267,0.5849632155033195
0.28139872361009255,0.5849632155033195
0.28139872361009255,0.5851426520724924
0.281461138764492,0.5851426520724924
0.281461138764492,0.5853220886416651
0.2814923463416918,0.5853220886416651
0.28177321453648946,0.5853220886416651
0.28177321453648946,0.585501525210838
0.28178881832508934,0.585501525210838
0.28178881832508934,0.5858603983491836
0.28196045999968794,0.5858603983491836
0.28196045999968794,0.5860398349183563
0.2820852903084869,0.5860398349183563
0.2820852903084869,0.5862192714875292
0.28228813956028526,0.5862192714875292
0.28228813956028526,0.5863987080567019
0.28233495092608485,0.5863987080567019
0.28233495092608485,0.5865781446258748
0.282444177446284,0.5865781446258748
0.282444177446284,0.5869370177642204
0.2825846115436828,0.5869370177642204
0.2826470266980823,0.5869370177642204
0.28284987594988065,0.5869370177642204
0.28284987594988065,0.5871164543333931
0.28292789489288,0.5871164543333931
0.2829591024700797,0.5871164543333931
0.28311514035607843,0.5871164543333931
0.2831463479332782,0.5871164543333931
0.2833335933964767,0.5871164543333931
0.2833335933964767,0.587295890902566
0.2839265373632718,0.587295890902566
0.2839265373632718,0.5874753274717387
0.28394214115187166,0.5874753274717387
0.28394214115187166,0.5876547640409115
0.28400455630627114,0.5876547640409115
0.2840357638834709,0.5876547640409115
0.28414499040367003,0.5876547640409115
0.28414499040367003,0.5878342006100843
0.28430102828966874,0.5878342006100843
0.28430102828966874,0.5880136371792571
0.28434783965546834,0.5880136371792571
0.28434783965546834,0.5881930737484299
0.2845350851186668,0.5881930737484299
0.2845350851186668,0.5883725103176027
0.28464431163886594,0.5883725103176027
0.28464431163886594,0.5887313834559483
0.2847067267932654,0.5887313834559483
0.28473793437046513,0.5889108200251211
0.284753538159065,0.5889108200251211
0.2847847457362648,0.5889108200251211
0.28486276467926414,0.5889108200251211
0.28489397225646385,0.5889108200251211
0.2849563874108634,0.5889108200251211
0.2849563874108634,0.5890902565942939
0.2849875949880631,0.5890902565942939
0.2849875949880631,0.5892696931634667
0.28503440635386273,0.5892696931634667
0.28506561393106244,0.5892696931634667
0.28506561393106244,0.5896285663018123
0.28522165181706116,0.5896285663018123
0.2852528593942609,0.5896285663018123
0.2852684631828608,0.5896285663018123
0.2852684631828608,0.5898080028709851
0.2852996707600605,0.5898080028709851
0.2853308783372603,0.5898080028709851
0.2857209730522571,0.5898080028709851
0.28573657684085696,0.5899874394401579
0.28575218062945684,0.5899874394401579
0.28578338820665655,0.5899874394401579
0.2858770109382558,0.5899874394401579
0.2858770109382558,0.5901668760093307
0.28611106776725387,0.5901668760093307
0.28614227534445363,0.5901668760093307
0.2861734829216534,0.5901668760093307
0.2862046904988531,0.5901668760093307
0.286220294287453,0.5901668760093307
0.286220294287453,0.5903463125785035
0.28646995490505095,0.5903463125785035
0.28646995490505095,0.5905257491476763
0.28668840794544914,0.5905257491476763
0.2867352193112488,0.5905257491476763
0.2869380685630471,0.5905257491476763
0.28696927614024687,0.5905257491476763
0.28707850266044593,0.5905257491476763
0.28707850266044593,0.590705185716849
0.2874529935868429,0.590705185716849
0.2874529935868429,0.5908846222860219
0.2874998049526425,0.5908846222860219
0.2874998049526425,0.5910640588551946
0.28753101252984226,0.5910640588551946
0.28756222010704197,0.5910640588551946
0.28776506935884033,0.5910640588551946
0.28776506935884033,0.5912434954243675
0.2878118807246399,0.5912434954243675
0.2878118807246399,0.5914229319935402
0.2878430883018397,0.5914229319935402
0.2878430883018397,0.5916023685627131
0.28793671103343893,0.5916023685627131
0.28793671103343893,0.5917818051318858
0.28829559817123596,0.5917818051318858
0.28829559817123596,0.5919612417010587
0.2885452587888339,0.5919612417010587
0.2885452587888339,0.5921406782702314
0.28859207015463356,0.5921406782702314
0.28859207015463356,0.5923201148394043
0.2887481080406323,0.5923201148394043
0.2887481080406323,0.5926789879777499
0.2888885421380311,0.5926789879777499
0.2888885421380311,0.5928584245469226
0.2889197497152309,0.5928584245469226
0.2889197497152309,0.5930378611160955
0.2891069951784293,0.5930378611160955
0.28916941033282884,0.5930378611160955
0.28920061791002855,0.5930378611160955
0.2892318254872283,0.5930378611160955
0.28935665579602726,0.5930378611160955
0.28938786337322703,0.5930378611160955
0.2895751088364255,0.5930378611160955
0.2895751088364255,0.5932172976852682
0.2896843353566246,0.5932172976852682
0.2896843353566246,0.5933967342544411
0.28987158081982306,0.5933967342544411
0.28987158081982306,0.5937556073927867
0.2900276187058218,0.5937556073927867
0.2900276187058218,0.5939350439619594
0.2903552982664191,0.5939350439619594
0.2903552982664191,0.5941144805311322
0.2905269399410177,0.5941144805311322
0.2905269399410177,0.594293917100305
0.2905581475182174,0.594293917100305
0.2905581475182174,0.5944733536694778
0.2906673740384165,0.5944733536694778
0.2906673740384165,0.5946527902386506
0.2906985816156163,0.5946527902386506
0.2906985816156163,0.595191099946169
0.29077660055861565,0.595191099946169
0.29077660055861565,0.5953705365153418
0.29093263844461437,0.5953705365153418
0.29093263844461437,0.5957294096536874
0.29094824223321425,0.5957294096536874
0.29094824223321425,0.5959088462228602
0.2910106573876137,0.5959088462228602
0.2910106573876137,0.596088282792033
0.2911198839078128,0.596088282792033
0.2911198839078128,0.5962677193612058
0.29116669527361244,0.5962677193612058
0.29116669527361244,0.5964471559303786
0.29150997862280964,0.5964471559303786
0.29150997862280964,0.5966265924995514
0.2915723937772091,0.5966265924995514
0.2916036013544088,0.5966265924995514
0.2916504127202085,0.5966265924995514
0.2916504127202085,0.5968060290687242
0.2917596392404076,0.5968060290687242
0.2917596392404076,0.596985465637897
0.29186886576060667,0.596985465637897
0.29186886576060667,0.5971649022070697
0.2919780922808058,0.5971649022070697
0.2919780922808058,0.5973443387762426
0.29204050743520527,0.5973443387762426
0.29204050743520527,0.5975237753454153
0.2921185263782046,0.5975237753454153
0.2921185263782046,0.5977032119145882
0.29225896047560346,0.5977032119145882
0.29225896047560346,0.5978826484837609
0.29227456426420334,0.5978826484837609
0.29227456426420334,0.5980620850529338
0.2924149983616022,0.5980620850529338
0.2924149983616022,0.5982415216221065
0.29260224382480066,0.5982415216221065
0.2926334514020004,0.5982415216221065
0.2926958665563999,0.5982415216221065
0.2926958665563999,0.5984209581912794
0.2927114703449998,0.5984209581912794
0.2927426779221995,0.5984209581912794
0.2927582817107994,0.5984209581912794
0.29278948928799914,0.5984209581912794
0.2930547536941969,0.5984209581912794
0.2930859612713967,0.5984209581912794
0.29338243325479424,0.5984209581912794
0.29338243325479424,0.598779831329625
0.293413640831994,0.598779831329625
0.2934760559863935,0.598779831329625
0.2934760559863935,0.5989592678987977
0.2937881317583909,0.5989592678987977
0.2937881317583909,0.5991387044679706
0.2938037355469908,0.5991387044679706
0.2938037355469908,0.5993181410371433
0.29411581131898823,0.5993181410371433
0.2941314151075881,0.5994975776063162
0.29439667951378595,0.5994975776063162
0.29439667951378595,0.5996770141754889
0.2945371136111848,0.5996770141754889
0.2945371136111848,0.5998564507446618
0.2948023780173826,0.5998564507446618
0.2948023780173826,0.6000358873138346
0.2948647931717821,0.6000358873138346
0.2948647931717821,0.6002153238830074
0.29491160453758175,0.6002153238830074
0.2949740196919812,0.6002153238830074
0.2950364348463807,0.6002153238830074
0.2950364348463807,0.600574197021353
0.2950520386349806,0.600574197021353
0.2950520386349806,0.6007536335905258
0.2952236803095792,0.6007536335905258
0.2952548878867789,0.6007536335905258
0.29530169925257854,0.6007536335905258
0.29530169925257854,0.6009330701596985
0.295364114406978,0.6009330701596985
0.295364114406978,0.6011125067288714
0.29545773713857726,0.6011125067288714
0.29545773713857726,0.6012919432980441
0.2955357560815766,0.6012919432980441
0.2955513598701765,0.601471379867217
0.2955825674473762,0.601471379867217
0.2955825674473762,0.6016508164363897
0.2956449826017757,0.6016508164363897
0.2956449826017757,0.6018302530055626
0.2957386053333749,0.6018302530055626
0.2957386053333749,0.6020096895747353
0.2957698129105747,0.6020096895747353
0.2957698129105747,0.6021891261439082
0.2959258507965734,0.6021891261439082
0.2959570583737732,0.6021891261439082
0.2959882659509729,0.6021891261439082
0.2959882659509729,0.6023685627130809
0.29601947352817265,0.6023685627130809
0.29601947352817265,0.6025479992822538
0.29617551141417137,0.6025479992822538
0.29617551141417137,0.6029068724205994
0.2962691341457706,0.6029068724205994
0.2962691341457706,0.6030863089897721
0.2963003417229703,0.6030863089897721
0.29640956824316944,0.6030863089897721
0.29640956824316944,0.603265745558945
0.29645637960896903,0.603265745558945
0.29645637960896903,0.6036246186972906
0.2964875871861688,0.6036246186972906
0.29651879476336857,0.6036246186972906
0.29658120991776804,0.6036246186972906
0.29658120991776804,0.6038040552664633
0.2966592288607674,0.6038040552664633
0.2966592288607674,0.6039834918356362
0.29669043643796716,0.6039834918356362
0.296706040226567,0.6041629284048089
0.2968152667467661,0.6041629284048089
0.2968152667467661,0.6043423649739817
0.296830870535366,0.6043423649739817
0.2968620781125657,0.6043423649739817
0.29690888947836536,0.6043423649739817
0.29690888947836536,0.6045218015431545
0.29697130463276483,0.6045218015431545
0.29697130463276483,0.6047012381123273
0.2969869084213647,0.6047012381123273
0.2970025122099646,0.6048806746815001
0.2970649273643641,0.6048806746815001
0.2970649273643641,0.6052395478198457
0.2972053614617629,0.6052395478198457
0.2972053614617629,0.6054189843890185
0.2973301917705619,0.6054189843890185
0.2973613993477616,0.6054189843890185
0.297439418290761,0.6054189843890185
0.297439418290761,0.6055984209581913
0.29750183344516046,0.6055984209581913
0.29750183344516046,0.6057778575273641
0.2976110599653596,0.6057778575273641
0.29764226754255935,0.6057778575273641
0.29767347511975906,0.6057778575273641
0.29767347511975906,0.6059572940965369
0.29779830542855806,0.6059572940965369
0.29779830542855806,0.6063161672348825
0.29784511679435766,0.6063161672348825
0.29784511679435766,0.6064956038040553
0.2981571925663551,0.6064956038040553
0.29818840014355485,0.6064956038040553
0.2982196077207546,0.6064956038040553
0.2982196077207546,0.6068544769424009
0.29851607970415217,0.6068544769424009
0.29854728728135194,0.6068544769424009
0.2986409100129511,0.6068544769424009
0.2986721175901509,0.6068544769424009
0.29870332516735065,0.6068544769424009
0.29870332516735065,0.6072133500807465
0.29873453274455036,0.6072133500807465
0.29876574032175013,0.6072133500807465
0.29878134411035,0.6072133500807465
0.29878134411035,0.6073927866499192
0.2989529857849486,0.6073927866499192
0.2989529857849486,0.6077516597882648
0.2991870426139467,0.6077516597882648
0.2991870426139467,0.6079310963574377
0.29928066534554587,0.6079310963574377
0.29928066534554587,0.6081105329266104
0.2994054956543449,0.6081105329266104
0.2994054956543449,0.608469406064956
0.2999048168895408,0.608469406064956
0.2999204206781407,0.6086488426341289
0.2999204206781407,0.6088282792033016
0.30002964719833974,0.6088282792033016
0.30002964719833974,0.6091871523416472
0.300123269929939,0.6091871523416472
0.300123269929939,0.6093665889108201
0.3003417229703372,0.6093665889108201
0.3003417229703372,0.6097254620491657
0.30037293054753694,0.6097254620491657
0.3004041381247367,0.6097254620491657
0.300731817685334,0.6097254620491657
0.300731817685334,0.6099048986183384
0.3007942328397335,0.6099048986183384
0.3007942328397335,0.6100843351875113
0.3008254404169332,0.6100843351875113
0.300856647994133,0.6100843351875113
0.3011843275547303,0.6100843351875113
0.30121553513193006,0.6100843351875113
0.30159002605832697,0.6100843351875113
0.30162123363552673,0.610263771756684
0.3016992525785261,0.610263771756684
0.3016992525785261,0.6104432083258569
0.3018552904645248,0.6104432083258569
0.3018864980417245,0.6104432083258569
0.3020581397163231,0.6104432083258569
0.3020581397163231,0.6108020814642025
0.3021205548707226,0.6108020814642025
0.3021205548707226,0.6109815180333752
0.30251064958571944,0.6109815180333752
0.30252625337431926,0.611160954602548
0.3026354798945184,0.611160954602548
0.3026354798945184,0.6113403911717208
0.30266668747171815,0.6113403911717208
0.30269789504891786,0.6115198277408936
0.30282272535771687,0.6115198277408936
0.30282272535771687,0.6116992643100664
0.3028539329349166,0.6116992643100664
0.3028539329349166,0.6118787008792392
0.3031348011297143,0.6118787008792392
0.3031348011297143,0.612058137448412
0.3033220465929128,0.612058137448412
0.3033532541701125,0.612058137448412
0.30364972615351005,0.612058137448412
0.30364972615351005,0.6122375740175848
0.3037433488851093,0.6122375740175848
0.3037433488851093,0.6124170105867576
0.30377455646230905,0.6124170105867576
0.3038057640395088,0.6124170105867576
0.3041958587545056,0.6124170105867576
0.3041958587545056,0.6125964471559304
0.3043675004291042,0.6125964471559304
0.30438310421770404,0.6127758837251032
0.3046015572581023,0.6127758837251032
0.304632764835302,0.6127758837251032
0.304632764835302,0.612955320294276
0.30485121787570024,0.612955320294276
0.30485121787570024,0.6131347568634488
0.30489802924149983,0.6131347568634488
0.3049136330300997,0.6133141934326216
0.3049916519730991,0.6133141934326216
0.3049916519730991,0.6134936300017944
0.30505406712749855,0.6134936300017944
0.30505406712749855,0.6136730665709672
0.3051320860704979,0.6136730665709672
0.3051320860704979,0.61385250314014
0.3051945012248974,0.61385250314014
0.3051945012248974,0.6140319397093128
0.30538174668809587,0.6140319397093128
0.30538174668809587,0.6142113762784855
0.3055221807854947,0.6142113762784855
0.30555338836269447,0.6142113762784855
0.3056314073056938,0.6142113762784855
0.3056314073056938,0.6145702494168311
0.3056938224600933,0.6145702494168311
0.3056938224600933,0.614749685986004
0.3062087474838891,0.614749685986004
0.3062087474838891,0.6149291225551767
0.3064272005242873,0.6149291225551767
0.3064272005242873,0.6151085591243496
0.30647401189008694,0.6151085591243496
0.30647401189008694,0.6152879956935223
0.3067548800848846,0.6152879956935223
0.3067548800848846,0.6154674322626952
0.30686410660508373,0.6154674322626952
0.30686410660508373,0.6156468688318679
0.3068797103936836,0.6156468688318679
0.3069109179708833,0.6156468688318679
0.30695772933668297,0.6156468688318679
0.30695772933668297,0.6158263054010408
0.30719178616568105,0.6158263054010408
0.30719178616568105,0.6160057419702135
0.30734782405167976,0.6160057419702135
0.30734782405167976,0.6161851785393864
0.30736342784027965,0.6161851785393864
0.30739463541747936,0.6161851785393864
0.3076598998236772,0.6161851785393864
0.3076598998236772,0.6163646151085591
0.3078783528640754,0.6163646151085591
0.3078783528640754,0.616544051677732
0.30792516422987504,0.616544051677732
0.30792516422987504,0.6167234882469047
0.3079875793842745,0.6167234882469047
0.3079875793842745,0.6169029248160776
0.3080031831728744,0.6169029248160776
0.3080343907500741,0.6169029248160776
0.3082684475790722,0.6169029248160776
0.30828405136767206,0.6170823613852503
0.3084244854650709,0.6170823613852503
0.3084244854650709,0.6172617979544232
0.30886139154586734,0.6172617979544232
0.3088925991230671,0.6172617979544232
0.30890820291166693,0.6172617979544232
0.30890820291166693,0.6174412345235959
0.3089394104888667,0.6174412345235959
0.3089394104888667,0.6178001076619415
0.3091266559520652,0.6178001076619415
0.3091266559520652,0.6179795442311143
0.3092826938380639,0.6179795442311143
0.3092826938380639,0.6185178539386327
0.30934510899246337,0.6185178539386327
0.30934510899246337,0.6186972905078055
0.30936071278106325,0.6186972905078055
0.30936071278106325,0.6190561636461511
0.3096259771872611,0.6190561636461511
0.3096259771872611,0.6192356002153239
0.30973520370746016,0.6192356002153239
0.30973520370746016,0.6194150367844967
0.30992244917065864,0.6194150367844967
0.30995365674785835,0.6194150367844967
0.3100472794794576,0.6194150367844967
0.3100472794794576,0.6195944733536695
0.3105153931374538,0.6195944733536695
0.3105153931374538,0.6197739099228423
0.31068703481205234,0.6197739099228423
0.31068703481205234,0.6199533464920151
0.3107182423892521,0.6199533464920151
0.3107182423892521,0.6201327830611879
0.310733846177852,0.6201327830611879
0.310733846177852,0.6203122196303607
0.31079626133225147,0.6203122196303607
0.31082746890945123,0.6203122196303607
0.31082746890945123,0.6204916561995335
0.31101471437264966,0.6204916561995335
0.31101471437264966,0.6206710927687062
0.3110615257384493,0.6206710927687062
0.3110615257384493,0.6208505293378791
0.3113892052990466,0.6208505293378791
0.3113892052990466,0.6210299659070518
0.31142041287624633,0.6210299659070518
0.3114516204534461,0.6210299659070518
0.311467224242046,0.6210299659070518
0.311467224242046,0.6212094024762247
0.31204456442024125,0.6212094024762247
0.31204456442024125,0.6213888390453974
0.31221620609483985,0.6213888390453974
0.31224741367203956,0.6213888390453974
0.31230982882643904,0.6213888390453974
0.31230982882643904,0.6215682756145703
0.31282475385023484,0.6215682756145703
0.31282475385023484,0.621747712183743
0.31337088645123035,0.621747712183743
0.31337088645123035,0.6219271487529159
0.3136829622232278,0.6219271487529159
0.3136829622232278,0.6221065853220886
0.3137297735890274,0.6221065853220886
0.3137297735890274,0.6222860218912615
0.31387020768642626,0.6222860218912615
0.313901415263626,0.6222860218912615
0.3141354720926241,0.6222860218912615
0.314151075881224,0.6224654584604342
0.3141666796698238,0.6224654584604342
0.3141666796698238,0.6226448950296071
0.3143695289216222,0.6226448950296071
0.3143695289216222,0.6228243315987798
0.3145411705962208,0.6228243315987798
0.3145723781734205,0.6228243315987798
0.31465039711641984,0.6228243315987798
0.31465039711641984,0.6230037681679527
0.31479083121381873,0.6230037681679527
0.31479083121381873,0.6231832047371254
0.31480643500241856,0.6231832047371254
0.31482203879101844,0.6233626413062983
0.31496247288841733,0.6233626413062983
0.31496247288841733,0.623542077875471
0.31497807667701716,0.623542077875471
0.3150092842542169,0.623542077875471
0.31510290698581617,0.623542077875471
0.31510290698581617,0.6237215144446439
0.31521213350601524,0.6237215144446439
0.31521213350601524,0.6239009510138166
0.3152277372946151,0.6239009510138166
0.3152277372946151,0.6240803875829894
0.315243341083215,0.6240803875829894
0.31527454866041477,0.6240803875829894
0.31532136002621436,0.6240803875829894
0.31532136002621436,0.6242598241521622
0.3154773979122131,0.6242598241521622
0.3154773979122131,0.624439260721335
0.3155242092780127,0.624439260721335
0.31553981306661255,0.6246186972905078
0.31569585095261127,0.6246186972905078
0.31572705852981103,0.6246186972905078
0.31583628505001016,0.6246186972905078
0.31583628505001016,0.6247981338596806
0.3159611153588091,0.6247981338596806
0.3159611153588091,0.6249775704288534
0.315976719147409,0.6249775704288534
0.315976719147409,0.6251570069980262
0.3163356062852061,0.6251570069980262
0.3163356062852061,0.625336443567199
0.3163668138624058,0.625336443567199
0.31655405932560426,0.625336443567199
0.31656966311420415,0.6255158801363718
0.316585266902804,0.6255158801363718
0.316585266902804,0.6256953167055446
0.316710097211603,0.6256953167055446
0.31674130478880275,0.6256953167055446
0.3167569085774026,0.6256953167055446
0.31678811615460234,0.6256953167055446
0.3168817388862016,0.6256953167055446
0.3168817388862016,0.6258747532747174
0.31700656919500053,0.6258747532747174
0.31700656919500053,0.6260541898438902
0.3171001919265998,0.6260541898438902
0.3171001919265998,0.626233626413063
0.31716260708099925,0.626233626413063
0.317193814658199,0.626233626413063
0.31727183360119837,0.626233626413063
0.31727183360119837,0.6264130629822358
0.31731864496699796,0.6264130629822358
0.31734985254419773,0.6264130629822358
0.31783356999079376,0.6264130629822358
0.31783356999079376,0.6265924995514086
0.31786477756799353,0.6265924995514086
0.31789598514519324,0.6265924995514086
0.31802081545399224,0.6265924995514086
0.31802081545399224,0.6267719361205814
0.3180364192425921,0.6267719361205814
0.3180832306083917,0.6267719361205814
0.3181144381855915,0.6267719361205814
0.3181144381855915,0.6269513726897542
0.31908187307878355,0.6269513726897542
0.31908187307878355,0.627130809258927
0.319269118541982,0.627130809258927
0.31930032611918174,0.627130809258927
0.3197372321999781,0.627130809258927
0.3197684397771779,0.627130809258927
0.3198932700859769,0.627130809258927
0.3198932700859769,0.6274896823972725
0.3201117231263751,0.6274896823972725
0.3201429307035748,0.6274896823972725
0.32037698753257293,0.6274896823972725
0.32037698753257293,0.6276691189664454
0.3205018178413719,0.6276691189664454
0.3205018178413719,0.6278485555356181
0.3208294974019692,0.6278485555356181
0.3208294974019692,0.628027992104791
0.3208451011905691,0.628027992104791
0.3208763087677688,0.628027992104791
0.3208763087677688,0.6282074286739637
0.32107915801956716,0.6282074286739637
0.32109476180816704,0.6283868652431366
0.3212039883283661,0.6283868652431366
0.3212039883283661,0.6287457383814822
0.321344422425765,0.6287457383814822
0.321344422425765,0.6291046115198278
0.32145364894596407,0.6291046115198278
0.32145364894596407,0.6292840480890005
0.32179693229516126,0.6292840480890005
0.32179693229516126,0.6294634846581734
0.32181253608376115,0.6294634846581734
0.32181253608376115,0.6296429212273461
0.32195297018116,0.6296429212273461
0.32195297018116,0.629822357796519
0.32203098912415934,0.629822357796519
0.32203098912415934,0.6300017943656917
0.3220621967013591,0.6300017943656917
0.3220934042785588,0.6300017943656917
0.3221246118557586,0.6300017943656917
0.3221246118557586,0.6301812309348646
0.32214021564435846,0.6301812309348646
0.32214021564435846,0.6303606675040373
0.32248349899355566,0.6303606675040373
0.32248349899355566,0.6305401040732102
0.322561517936555,0.6305401040732102
0.32259272551375473,0.6305401040732102
0.3226707444567541,0.6305401040732102
0.3226707444567541,0.6307195406423829
0.32288919749715234,0.6307195406423829
0.32288919749715234,0.6308989772115557
0.32290480128575216,0.6308989772115557
0.32293600886295193,0.6308989772115557
0.3229672164401517,0.6308989772115557
0.3229672164401517,0.6310784137807285
0.32313885811475024,0.6310784137807285
0.32313885811475024,0.6312578503499013
0.32329489600074895,0.6312578503499013
0.32329489600074895,0.6316167234882469
0.3238878399675441,0.6316167234882469
0.3238878399675441,0.6317961600574197
0.32413750058514207,0.6317961600574197
0.32413750058514207,0.6321550331957653
0.32416870816234183,0.6321550331957653
0.32416870816234183,0.6323344697649381
0.3244651801457394,0.6323344697649381
0.3244651801457394,0.6325139063341109
0.3245588028773386,0.6325139063341109
0.3245588028773386,0.6326933429032837
0.3247304445519372,0.6326933429032837
0.3247304445519372,0.6328727794724565
0.3249645013809353,0.6328727794724565
0.3249645013809353,0.6330522160416293
0.32504252032393466,0.6330522160416293
0.32504252032393466,0.633231652610802
0.32507372790113437,0.633231652610802
0.32507372790113437,0.6334110891799749
0.3251361430555339,0.6334110891799749
0.3251361430555339,0.6335905257491476
0.3255106339819308,0.6335905257491476
0.3255106339819308,0.6337699623183205
0.3260255590057266,0.6337699623183205
0.32611918173732585,0.6337699623183205
0.3264000499321235,0.6337699623183205
0.3264000499321235,0.6339493988874932
0.32644686129792316,0.6339493988874932
0.3264780688751229,0.6339493988874932
0.32655608781812223,0.6339493988874932
0.326587295395322,0.6339493988874932
0.3268057484357202,0.6339493988874932
0.32683695601291995,0.6339493988874932
0.3269149749559193,0.6339493988874932
0.3269149749559193,0.6341288354566661
0.32703980526471826,0.6341288354566661
0.32703980526471826,0.6343082720258388
0.327320673459516,0.6343082720258388
0.3273518810367157,0.6343082720258388
0.3273674848253156,0.6343082720258388
0.32739869240251535,0.6343082720258388
0.32772637196311266,0.6343082720258388
0.32772637196311266,0.6344877085950117
0.32789801363771126,0.6344877085950117
0.32789801363771126,0.6346671451641844
0.3279760325807106,0.6346671451641844
0.32800724015791033,0.6346671451641844
0.3280696553123098,0.6346671451641844
0.3280696553123098,0.6348465817333573
0.3284753538159065,0.6348465817333573
0.3284753538159065,0.63502601830253
0.32849095760450636,0.63502601830253
0.32850656139310624,0.6352054548717029
0.32867820306770484,0.6352054548717029
0.32867820306770484,0.6353848914408756
0.3287406182221043,0.6353848914408756
0.3287406182221043,0.6355643280100485
0.32883424095370356,0.6355643280100485
0.3288654485309033,0.6355643280100485
0.3289122598967029,0.6355643280100485
0.3289434674739027,0.6355643280100485
0.32902148641690204,0.6355643280100485
0.32902148641690204,0.6359232011483941
0.3291151091485013,0.6359232011483941
0.3291151091485013,0.6361026377175668
0.3293179584002996,0.6361026377175668
0.3293179584002996,0.6362820742867397
0.3293335621888995,0.6362820742867397
0.3293335621888995,0.6364615108559124
0.3296612417494968,0.6364615108559124
0.3296924493266965,0.6364615108559124
0.3298484872126952,0.6364615108559124
0.3298484872126952,0.6366409474250853
0.3298640910012951,0.636820383994258
0.3300201288872938,0.636820383994258
0.3300201288872938,0.6369998205634309
0.3302229781390922,0.6369998205634309
0.3302229781390922,0.6371792571326036
0.3304414311794904,0.6371792571326036
0.3304414311794904,0.6373586937017764
0.33062867664268886,0.6373586937017764
0.33065988421988857,0.6373586937017764
0.3307066955856882,0.6373586937017764
0.3307066955856882,0.6375381302709492
0.3307691107400877,0.6375381302709492
0.3307691107400877,0.6378970034092948
0.33100316756908577,0.6378970034092948
0.33100316756908577,0.6380764399784676
0.33103437514628553,0.6380764399784676
0.33103437514628553,0.6382558765476404
0.33117480924368436,0.6382558765476404
0.33117480924368436,0.6384353131168132
0.33123722439808384,0.6384353131168132
0.3312684319752836,0.6384353131168132
0.33137765849548273,0.6384353131168132
0.33137765849548273,0.638614749685986
0.33179896078767923,0.638614749685986
0.33179896078767923,0.6387941862551588
0.3319862062508777,0.6387941862551588
0.3320018100394776,0.6389736228243316
0.3320018100394776,0.6391530593935044
0.3323763009658745,0.6391530593935044
0.3323763009658745,0.6393324959626772
0.33257915021767287,0.6393324959626772
0.3326103577948726,0.6393324959626772
0.33264156537207235,0.6393324959626772
0.33264156537207235,0.63951193253185
0.3327351881036716,0.63951193253185
0.3327351881036716,0.6396913691010228
0.3328756222010704,0.6396913691010228
0.3328756222010704,0.6398708056701956
0.33314088660726826,0.6398708056701956
0.33314088660726826,0.6400502422393683
0.33317209418446797,0.6400502422393683
0.33317209418446797,0.6402296788085412
0.3333905472248662,0.6402296788085412
0.33340615101346605,0.6404091153777139
0.3334529623792657,0.6404091153777139
0.3334529623792657,0.6405885519468868
0.33353098132226505,0.6405885519468868
0.33353098132226505,0.6407679885160595
0.3335621888994648,0.6407679885160595
0.3336402078424642,0.6407679885160595
0.3336402078424642,0.6409474250852324
0.33368701920826377,0.6409474250852324
0.33371822678546353,0.6409474250852324
0.3338118495170627,0.6409474250852324
0.3338118495170627,0.6411268616544051
0.3338274533056626,0.6411268616544051
0.33385866088286237,0.6411268616544051
0.3339990949802612,0.6411268616544051
0.3339990949802612,0.641306298223578
0.33407711392326056,0.641306298223578
0.33407711392326056,0.6416651713619236
0.3341083215004603,0.6416651713619236
0.3341083215004603,0.6418446079310963
0.334389189695258,0.6418446079310963
0.334389189695258,0.6420240445002692
0.33446720863825735,0.6420240445002692
0.33448281242685723,0.6422034810694419
0.3344984162154571,0.6422034810694419
0.3345296237926569,0.6422034810694419
0.33463885031285595,0.6422034810694419
0.33463885031285595,0.6425623542077875
0.3347012654672554,0.6425623542077875
0.3347012654672554,0.6427417907769604
0.33482609577605443,0.6427417907769604
0.33482609577605443,0.6429212273461331
0.3348416995646543,0.6429212273461331
0.3348416995646543,0.643100663915306
0.3352942094340506,0.643100663915306
0.3352942094340506,0.6432801004844787
0.3354190397428496,0.6432801004844787
0.3354190397428496,0.6434595370536516
0.33554387005164854,0.6434595370536516
0.33554387005164854,0.6436389736228243
0.3356218889946479,0.6436389736228243
0.3356218889946479,0.6438184101919971
0.33587154961224586,0.6438184101919971
0.3359027571894456,0.6438184101919971
0.3363552670588419,0.6438184101919971
0.3363552670588419,0.6439978467611699
0.336464493579041,0.6439978467611699
0.336464493579041,0.6441772833303427
0.33648009736764084,0.6441772833303427
0.3365113049448406,0.6441772833303427
0.33662053146503973,0.6441772833303427
0.33662053146503973,0.6443567198995155
0.3368545882940378,0.6443567198995155
0.3368545882940378,0.6445361564686883
0.3371822678546351,0.6445361564686883
0.337197871643235,0.6447155930378611
0.3374319284722331,0.6447155930378611
0.3374319284722331,0.6448950296070339
0.3374475322608329,0.6448950296070339
0.3374475322608329,0.6450744661762067
0.33747873983803267,0.6450744661762067
0.33750994741523244,0.6450744661762067
0.33752555120383226,0.6450744661762067
0.33752555120383226,0.6452539027453795
0.3376347777240314,0.6452539027453795
0.3376347777240314,0.6454333393145523
0.33783762697582975,0.6454333393145523
0.33783762697582975,0.6456127758837251
0.3380248724390282,0.6456127758837251
0.3380248724390282,0.6457922124528979
0.3381340989592273,0.6457922124528979
0.3381340989592273,0.6459716490220707
0.3381965141136268,0.6459716490220707
0.3381965141136268,0.6461510855912435
0.3383525519996255,0.6461510855912435
0.3383525519996255,0.646509958729589
0.3388518732348214,0.646509958729589
0.3388830808120212,0.646509958729589
0.33927317552701797,0.646509958729589
0.33927317552701797,0.6466893952987619
0.33944481720161657,0.6466893952987619
0.33944481720161657,0.6468688318679346
0.3394760247788163,0.6468688318679346
0.33966327024201476,0.6468688318679346
0.33966327024201476,0.6470482684371075
0.34006896874561143,0.6470482684371075
0.34006896874561143,0.6472277050062802
0.34034983694040916,0.6472277050062802
0.340365440729009,0.6474071415754531
0.3406307051352068,0.6474071415754531
0.3406307051352068,0.6475865781446258
0.3408803657528048,0.6475865781446258
0.34091157333000455,0.6475865781446258
0.34128606425640146,0.6475865781446258
0.34128606425640146,0.6477660147137987
0.3413172718336012,0.6477660147137987
0.3413172718336012,0.6479454512829714
0.34162934760559865,0.6479454512829714
0.34162934760559865,0.6481248878521443
0.34178538549159737,0.6481248878521443
0.34178538549159737,0.648304324421317
0.3418790082231966,0.648304324421317
0.3419102158003963,0.648304324421317
0.34201944232059545,0.648304324421317
0.34201944232059545,0.6484837609904899
0.3420506498977952,0.6484837609904899
0.3420818574749949,0.6484837609904899
0.34222229157239376,0.6484837609904899
0.3422534991495935,0.6484837609904899
0.34234712188119276,0.6484837609904899
0.34234712188119276,0.6486631975596626
0.3426123862873906,0.6486631975596626
0.3426123862873906,0.6488426341288355
0.3427060090189898,0.6488426341288355
0.3427060090189898,0.6490220706980082
0.34279963175058903,0.6490220706980082
0.34279963175058903,0.6492015072671811
0.3428620469049885,0.6492015072671811
0.3428620469049885,0.6493809438363538
0.343049292368187,0.6493809438363538
0.34308049994538675,0.6493809438363538
0.3431429150997862,0.6493809438363538
0.343174122676986,0.6493809438363538
0.34345499087178366,0.6493809438363538
0.34345499087178366,0.6495603804055267
0.34351740602618314,0.6495603804055267
0.34351740602618314,0.6497398169746994
0.3435642173919828,0.6497398169746994
0.3435642173919828,0.6499192535438723
0.343657840123582,0.6499192535438723
0.343657840123582,0.650098690113045
0.3437046514893816,0.650098690113045
0.3437046514893816,0.6502781266822178
0.3437358590665814,0.6502781266822178
0.3437358590665814,0.6506369998205634
0.34379827422098086,0.6506369998205634
0.34379827422098086,0.6508164363897362
0.34381387800958074,0.6508164363897362
0.34381387800958074,0.650995872958909
0.3438762931639802,0.650995872958909
0.3438762931639802,0.6511753095280818
0.3439387083183797,0.6511753095280818
0.3439387083183797,0.6513547460972546
0.34398551968417934,0.6513547460972546
0.34398551968417934,0.6515341826664274
0.3441571613587779,0.6515341826664274
0.3441571613587779,0.6517136192356002
0.3444224257649757,0.6517136192356002
0.3444224257649757,0.651893055804773
0.3444692371307754,0.651893055804773
0.3444692371307754,0.6520724923739458
0.3447813129027728,0.6520724923739458
0.3447813129027728,0.6522519289431186
0.3450153697317709,0.6522519289431186
0.3450153697317709,0.6524313655122914
0.3453430492923682,0.6524313655122914
0.3453742568695679,0.6524313655122914
0.34560831369856604,0.6524313655122914
0.34560831369856604,0.6526108020814642
0.34581116295036435,0.6526108020814642
0.34581116295036435,0.652790238650637
0.3458423705275641,0.652790238650637
0.3458423705275641,0.6529696752198098
0.34598280462496295,0.6529696752198098
0.34598280462496295,0.6531491117889826
0.3460452197793624,0.6531491117889826
0.3460452197793624,0.6533285483581553
0.34635729555135986,0.6533285483581553
0.34635729555135986,0.6535079849273282
0.3464509182829591,0.6535079849273282
0.34648212586015886,0.6535079849273282
0.3465757485917581,0.6535079849273282
0.3466069561689578,0.6535079849273282
0.3466693713233573,0.6535079849273282
0.3466693713233573,0.6536874214965009
0.34670057890055705,0.6536874214965009
0.34670057890055705,0.6538668580656738
0.34702825846115437,0.6538668580656738
0.34702825846115437,0.6540462946348465
0.34707506982695396,0.6540462946348465
0.34709067361555385,0.6542257312040194
0.3471218811927536,0.6542257312040194
0.3471218811927536,0.6544051677731921
0.3475119759077504,0.6544051677731921
0.3475119759077504,0.6547640409115377
0.3477148251595487,0.6547640409115377
0.3477148251595487,0.6549434774807106
0.34782405167974784,0.6549434774807106
0.34782405167974784,0.6551229140498833
0.34815173124034515,0.6551229140498833
0.34815173124034515,0.6553023506190562
0.3483545804921435,0.6553023506190562
0.3483545804921435,0.6556612237574018
0.3484013918579431,0.6556612237574018
0.3484013918579431,0.6558406603265745
0.34847941080094247,0.6558406603265745
0.34851061837814223,0.6558406603265745
0.34854182595534194,0.6558406603265745
0.34854182595534194,0.6560200968957474
0.3485574297439418,0.6560200968957474
0.3485574297439418,0.6561995334649201
0.3485730335325417,0.6561995334649201
0.3485730335325417,0.656378970034093
0.34866665626414095,0.656378970034093
0.34869786384134066,0.656378970034093
0.34877588278434,0.656378970034093
0.34877588278434,0.6567378431724386
0.34886950551593926,0.6567378431724386
0.34886950551593926,0.6570967163107841
0.34899433582473827,0.6570967163107841
0.34899433582473827,0.6572761528799569
0.349025543401938,0.6572761528799569
0.34904114719053786,0.6572761528799569
0.3490723547677376,0.6572761528799569
0.34910356234493733,0.6572761528799569
0.34910356234493733,0.6574555894491297
0.3493064115967357,0.6574555894491297
0.3493064115967357,0.6576350260183025
0.3493688267511352,0.6576350260183025
0.3493688267511352,0.6578144625874753
0.3498057328319316,0.6578144625874753
0.3498057328319316,0.6579938991566481
0.3498369404091313,0.6579938991566481
0.34994616692933045,0.6579938991566481
0.34994616692933045,0.6581733357258209
0.3500553934495296,0.6581733357258209
0.3500553934495296,0.6587116454333393
0.3504610919531262,0.6587116454333393
0.35049229953032596,0.6587116454333393
0.3505235071075257,0.6587116454333393
0.3505235071075257,0.6588910820025121
0.3506015260505251,0.6588910820025121
0.3506015260505251,0.6590705185716849
0.35061712983912496,0.6590705185716849
0.35061712983912496,0.6592499551408577
0.35116326244012047,0.6592499551408577
0.35116326244012047,0.6594293917100305
0.3512880927489194,0.6594293917100305
0.3512880927489194,0.6596088282792033
0.35144413063491814,0.6596088282792033
0.3514753382121179,0.6596088282792033
0.35158456473231703,0.6596088282792033
0.35161577230951674,0.6596088282792033
0.35174060261831575,0.6596088282792033
0.35174060261831575,0.659788264848376
0.3518654329271147,0.659788264848376
0.3518654329271147,0.6599677014175489
0.3519902632359137,0.6599677014175489
0.35200586702451353,0.6601471379867216
0.35216190491051225,0.6601471379867216
0.35216190491051225,0.6603265745558945
0.3522087162763119,0.6603265745558945
0.3522399238535116,0.6603265745558945
0.352317942796511,0.6603265745558945
0.352317942796511,0.6605060111250672
0.35266122614570816,0.6605060111250672
0.35266122614570816,0.6606854476942401
0.35289528297470624,0.6606854476942401
0.35289528297470624,0.6608648842634128
0.352926490551906,0.6608648842634128
0.3529889057063055,0.6608648842634128
0.3530825284379047,0.6608648842634128
0.3530981322265046,0.6610443208325857
0.3532853776897031,0.6610443208325857
0.35334779284410256,0.6610443208325857
0.35355064209590087,0.6610443208325857
0.35355064209590087,0.6612237574017584
0.35356624588450075,0.6612237574017584
0.3535974534617005,0.6612237574017584
0.3536754724046999,0.6612237574017584
0.3537066799818996,0.6612237574017584
0.3542060012170955,0.6612237574017584
0.3542060012170955,0.6614031939709313
0.3544400580460936,0.6614031939709313
0.3545024732004931,0.6614031939709313
0.35458049214349247,0.6614031939709313
0.35458049214349247,0.661582630540104
0.3546116997206922,0.661582630540104
0.3546116997206922,0.6617620671092769
0.35468971866369153,0.6617620671092769
0.35468971866369153,0.6621209402476225
0.3547053224522914,0.6621209402476225
0.3547677376066909,0.6621209402476225
0.3549081717040897,0.6621209402476225
0.3549081717040897,0.6624798133859681
0.3550954171672882,0.6624798133859681
0.3550954171672882,0.6626592499551408
0.355485511882285,0.6626592499551408
0.35553232324808465,0.6626592499551408
0.3556571535568836,0.6626592499551408
0.3556571535568836,0.6628386865243137
0.3557819838656826,0.6628386865243137
0.3557819838656826,0.6630181230934864
0.3560160406946807,0.6630181230934864
0.3560160406946807,0.6631975596626593
0.35612526721487975,0.6631975596626593
0.3561564747920795,0.6631975596626593
0.35623449373507887,0.6631975596626593
0.35623449373507887,0.6637358693701776
0.35626570131227864,0.6637358693701776
0.35629690888947835,0.6637358693701776
0.3567806263360744,0.6637358693701776
0.3567806263360744,0.6639153059393504
0.35682743770187403,0.6639153059393504
0.35682743770187403,0.6640947425085232
0.35685864527907374,0.6640947425085232
0.35685864527907374,0.664274179077696
0.35701468316507246,0.664274179077696
0.3570458907422722,0.664274179077696
0.35713951347387146,0.664274179077696
0.35713951347387146,0.6644536156468688
0.35720192862827094,0.6644536156468688
0.35720192862827094,0.6646330522160416
0.3572331362054707,0.6646330522160416
0.3572643437826704,0.6646330522160416
0.3572643437826704,0.6648124887852144
0.3572955513598702,0.6648124887852144
0.3572955513598702,0.6649919253543872
0.35731115514847006,0.6649919253543872
0.35731115514847006,0.66517136192356
0.3574671930344688,0.66517136192356
0.3574671930344688,0.6653507984927328
0.3576388347090674,0.6653507984927328
0.3576388347090674,0.6655302350619056
0.3577324574406666,0.6655302350619056
0.3577324574406666,0.6658891082002512
0.3578260801722658,0.6658891082002512
0.3578260801722658,0.666068544769424
0.3579353066924649,0.666068544769424
0.3579353066924649,0.6662479813385968
0.35806013700126393,0.6662479813385968
0.35809134457846364,0.6662479813385968
0.3583878165618612,0.6662479813385968
0.35841902413906096,0.6662479813385968
0.3585126468706602,0.6662479813385968
0.35854385444785997,0.6662479813385968
0.3585750620250597,0.6662479813385968
0.35860626960225944,0.6662479813385968
0.3588403264312575,0.6662479813385968
0.3588403264312575,0.6664274179077696
0.35894955295145664,0.6664274179077696
0.35894955295145664,0.6666068544769423
0.35930844008925367,0.6666068544769423
0.35930844008925367,0.6667862910461152
0.3594488741866525,0.6667862910461152
0.3594488741866525,0.666965727615288
0.35949568555245215,0.666965727615288
0.35952689312965186,0.666965727615288
0.35952689312965186,0.6671451641844608
0.3595581007068516,0.6671451641844608
0.3595737044954515,0.6671451641844608
0.3596049120726512,0.6671451641844608
0.3596205158612511,0.6671451641844608
0.359636119649851,0.6673246007536336
0.3597921575358497,0.6673246007536336
0.3597921575358497,0.6675040373228064
0.3599013840560488,0.6675040373228064
0.3599013840560488,0.6676834738919792
0.3601822522508465,0.6676834738919792
0.3601822522508465,0.6680423470303248
0.36024466740524597,0.6680423470303248
0.36027587498244573,0.6680423470303248
0.3606347621202428,0.6680423470303248
0.3606347621202428,0.6682217835994976
0.36072838485184205,0.6682217835994976
0.36075959242904176,0.6682217835994976
0.36077519621764165,0.6682217835994976
0.36082200758344124,0.6682217835994976
0.36096244168084013,0.6682217835994976
0.36099364925803984,0.6682217835994976
0.3610716682010392,0.6682217835994976
0.3610716682010392,0.6684012201686704
0.3611340833554387,0.6684012201686704
0.3611340833554387,0.6685806567378432
0.36132132881863716,0.6685806567378432
0.36132132881863716,0.668760093307016
0.36133693260723704,0.668760093307016
0.36133693260723704,0.6689395298761888
0.3613681401844368,0.6689395298761888
0.3613681401844368,0.6691189664453616
0.3613993477616365,0.6691189664453616
0.3615241780704355,0.6691189664453616
0.3615241780704355,0.6692984030145344
0.3616958197450341,0.6692984030145344
0.3616958197450341,0.66965727615288
0.3617582348994336,0.66965727615288
0.3617582348994336,0.6698367127220528
0.3617894424766333,0.6698367127220528
0.36182065005383307,0.6698367127220528
0.36185185763103284,0.6698367127220528
0.3621171220372306,0.6698367127220528
0.3621171220372306,0.6700161492912255
0.36217953719163015,0.6700161492912255
0.36217953719163015,0.6701955858603984
0.3622575561346295,0.6701955858603984
0.3622575561346295,0.6703750224295711
0.3623511788662287,0.6703750224295711
0.3623511788662287,0.670554458998744
0.3623667826548286,0.670554458998744
0.36239799023202834,0.670554458998744
0.36256963190662694,0.670554458998744
0.36256963190662694,0.6707338955679167
0.36292851904442397,0.6707338955679167
0.36295972662162374,0.6707338955679167
0.36300653798742333,0.6707338955679167
0.36300653798742333,0.6709133321370896
0.3630377455646231,0.6709133321370896
0.36313136829622233,0.6709133321370896
0.36313136829622233,0.6710927687062623
0.3632093872392217,0.6710927687062623
0.3632093872392217,0.6712722052754352
0.36330300997082093,0.6712722052754352
0.36333421754802064,0.6712722052754352
0.3633810289138203,0.6712722052754352
0.3633810289138203,0.6716310784137808
0.36361508574281837,0.6716310784137808
0.36361508574281837,0.6718105149829535
0.36367750089721784,0.6718105149829535
0.36367750089721784,0.6721693881212991
0.364145614555214,0.6721693881212991
0.364145614555214,0.672348824690472
0.3643172562298126,0.672348824690472
0.3643172562298126,0.6725282612596447
0.3644420865386116,0.6725282612596447
0.3644420865386116,0.6727076978288176
0.3645357092702108,0.6727076978288176
0.36456691684741055,0.6727076978288176
0.3648165774650085,0.6727076978288176
0.3648165774650085,0.6728871343979903
0.3648321812536084,0.6728871343979903
0.3648633888308081,0.6728871343979903
0.36491020019660775,0.6728871343979903
0.36494140777380746,0.6728871343979903
0.3650506342940066,0.6728871343979903
0.36508184187120635,0.6728871343979903
0.3655499555292025,0.6728871343979903
0.3655499555292025,0.6730665709671632
0.3657215972038011,0.6730665709671632
0.3657215972038011,0.6732460075363359
0.366220918438997,0.6732460075363359
0.36623652222759684,0.6734254441055088
0.3662677298047966,0.6734254441055088
0.3662677298047966,0.6736048806746815
0.36634574874779596,0.6736048806746815
0.36634574874779596,0.6737843172438543
0.36654859799959433,0.6737843172438543
0.36654859799959433,0.6739637538130271
0.3666734283083933,0.6739637538130271
0.3666734283083933,0.6741431903821999
0.36692308892599124,0.6741431903821999
0.36692308892599124,0.6743226269513727
0.366954296503191,0.6743226269513727
0.366954296503191,0.6745020635205455
0.3670479192347902,0.6745020635205455
0.36707912681198995,0.6745020635205455
0.3673912025839874,0.6745020635205455
0.3673912025839874,0.6746815000897183
0.3676720707787851,0.6746815000897183
0.3677032783559848,0.6746815000897183
0.36832742989997974,0.6746815000897183
0.36832742989997974,0.6748609366588911
0.3685926943061775,0.6748609366588911
0.3685926943061775,0.6750403732280639
0.3688423549237755,0.6750403732280639
0.3688423549237755,0.6752198097972367
0.36887356250097525,0.6752198097972367
0.36890477007817496,0.6752198097972367
0.3689983928097742,0.6752198097972367
0.3689983928097742,0.6755786829355823
0.36909201554137344,0.6755786829355823
0.36909201554137344,0.6757581195047551
0.36926365721597204,0.6757581195047551
0.36926365721597204,0.6759375560739279
0.3693416761589714,0.6759375560739279
0.3693416761589714,0.6761169926431007
0.36948211025637023,0.6761169926431007
0.36948211025637023,0.6764758657814463
0.36963814814236895,0.6764758657814463
0.3696693557195687,0.6764758657814463
0.3697317708739682,0.6764758657814463
0.3697317708739682,0.6766553023506191
0.36977858223976784,0.6766553023506191
0.36977858223976784,0.6768347389197918
0.36999703528016603,0.6768347389197918
0.37002824285736574,0.6768347389197918
0.3700438466459656,0.6768347389197918
0.3700438466459656,0.6770141754889647
0.37015307316616475,0.6770141754889647
0.37015307316616475,0.6771936120581374
0.37030911105216346,0.6771936120581374
0.37030911105216346,0.6773730486273103
0.37037152620656294,0.6773730486273103
0.37037152620656294,0.677552485196483
0.37049635651536195,0.677552485196483
0.37052756409256166,0.677552485196483
0.37052756409256166,0.6777319217656559
0.3705587716697614,0.6777319217656559
0.3705587716697614,0.6779113583348286
0.37069920576716026,0.6779113583348286
0.37073041334436,0.6779113583348286
0.370855243653159,0.6779113583348286
0.370855243653159,0.6780907949040015
0.37093326259615833,0.6780907949040015
0.37093326259615833,0.6782702314731742
0.37126094215675565,0.6782702314731742
0.3712921497339554,0.6782702314731742
0.3713545648883549,0.6782702314731742
0.3713545648883549,0.6784496680423471
0.37140137625415454,0.6784496680423471
0.37140137625415454,0.6786291046115198
0.37141698004275436,0.6786291046115198
0.37141698004275436,0.6788085411806927
0.37177586718055144,0.6788085411806927
0.37177586718055144,0.6789879777498654
0.3720567353753491,0.6789879777498654
0.3720567353753491,0.6791674143190383
0.3722595846271475,0.6791674143190383
0.3722595846271475,0.679346850888211
0.37230639599294707,0.679346850888211
0.37230639599294707,0.6795262874573839
0.37254045282194514,0.6795262874573839
0.3725716603991449,0.6795262874573839
0.3726340755535444,0.6795262874573839
0.37266528313074415,0.6795262874573839
0.37269649070794386,0.6795262874573839
0.37269649070794386,0.6797057240265566
0.372805717228143,0.6797057240265566
0.372805717228143,0.6798851605957295
0.37285252859394263,0.6798851605957295
0.37285252859394263,0.6800645971649022
0.3729617551141417,0.6800645971649022
0.3729617551141417,0.680244033734075
0.3731333967887403,0.680244033734075
0.3731333967887403,0.6804234703032478
0.3734610763493376,0.6804234703032478
0.3734610763493376,0.6806029068724206
0.3734922839265374,0.6806029068724206
0.3735234915037371,0.6806029068724206
0.3736327180239362,0.6806029068724206
0.3736483218125361,0.6807823434415934
0.3738355672757345,0.6807823434415934
0.3738667748529343,0.6807823434415934
0.3739760013731334,0.6807823434415934
0.3740072089503331,0.6807823434415934
0.37411643547053225,0.6807823434415934
0.37411643547053225,0.6809617800107662
0.37430368093373073,0.6809617800107662
0.37433488851093044,0.6809617800107662
0.3744753226083293,0.6809617800107662
0.3744753226083293,0.681141216579939
0.37478739838032676,0.681141216579939
0.37478739838032676,0.6813206531491118
0.3748654173233261,0.6813206531491118
0.37489662490052583,0.6813206531491118
0.3749122286891257,0.6813206531491118
0.3749122286891257,0.6815000897182846
0.3749278324777256,0.6815000897182846
0.37495904005492536,0.6815000897182846
0.37506826657512443,0.6815000897182846
0.3750994741523242,0.6815000897182846
0.3753179271927224,0.6815000897182846
0.3753179271927224,0.6816795262874574
0.3755363802331206,0.6816795262874574
0.37556758781032035,0.6816795262874574
0.37558319159892023,0.6816795262874574
0.37561439917611994,0.6816795262874574
0.37573922948491895,0.6816795262874574
0.37573922948491895,0.6818589628566302
0.37577043706211866,0.6818589628566302
0.37577043706211866,0.682038399425803
0.3758328522165182,0.682038399425803
0.3758640597937179,0.682038399425803
0.375973286313917,0.682038399425803
0.3759888901025169,0.6822178359949758
0.37609811662271597,0.6822178359949758
0.37611372041131585,0.6823972725641486
0.37630096587451434,0.6823972725641486
0.3763321734517141,0.6823972725641486
0.37678468332111037,0.6823972725641486
0.37683149468690996,0.6823972725641486
0.37686270226410973,0.6823972725641486
0.37686270226410973,0.6825767091333214
0.3770499477273082,0.6825767091333214
0.3770499477273082,0.682935582271667
0.3771123628817077,0.682935582271667
0.3771123628817077,0.6831150188408398
0.3771591742475073,0.6831150188408398
0.3771591742475073,0.6832944554100125
0.3773308159221059,0.6832944554100125
0.37736202349930564,0.6832944554100125
0.3774712500195047,0.6832944554100125
0.3775024575967045,0.6832944554100125
0.3776116841169036,0.6832944554100125
0.3776116841169036,0.6834738919791854
0.3778145333687019,0.6834738919791854
0.3778145333687019,0.6836533285483581
0.37790815610030115,0.6836533285483581
0.37790815610030115,0.683832765117531
0.3779393636775009,0.683832765117531
0.3779393636775009,0.6840122016867037
0.3780017788319004,0.6840122016867037
0.3780329864091001,0.6840122016867037
0.3780485901977,0.6840122016867037
0.3780485901977,0.6843710748250493
0.3781890242950989,0.6843710748250493
0.3781890242950989,0.6845505113942222
0.37826704323809823,0.6845505113942222
0.37826704323809823,0.6847299479633949
0.37864153416449514,0.6847299479633949
0.37864153416449514,0.6849093845325678
0.378657137953095,0.6849093845325678
0.378657137953095,0.6850888211017405
0.3786727417416949,0.6850888211017405
0.3786727417416949,0.6852682576709134
0.37881317583909374,0.6852682576709134
0.37881317583909374,0.6854476942400861
0.378906798570693,0.6854476942400861
0.378906798570693,0.685627130809259
0.3794529311716885,0.685627130809259
0.3794997425374881,0.685627130809259
0.3794997425374881,0.6858065673784317
0.37964017663488697,0.6858065673784317
0.3796713842120867,0.6858065673784317
0.37971819557788633,0.6858065673784317
0.37971819557788633,0.6859860039476046
0.3797962145208857,0.6859860039476046
0.3797962145208857,0.6861654405167773
0.37988983725248493,0.6861654405167773
0.37988983725248493,0.6863448770859502
0.379999063772684,0.6863448770859502
0.379999063772684,0.6865243136551229
0.3803891584876808,0.6865243136551229
0.3803891584876808,0.6867037502242958
0.38048278121928003,0.6867037502242958
0.38048278121928003,0.6868831867934685
0.3804983850078799,0.6868831867934685
0.3804983850078799,0.6870626233626413
0.38065442289387863,0.6870626233626413
0.38065442289387863,0.6872420599318141
0.3806700266824785,0.6872420599318141
0.3806700266824785,0.6874214965009869
0.3806856304710784,0.6874214965009869
0.3806856304710784,0.6876009330701597
0.38079485699127746,0.6876009330701597
0.38082606456847723,0.6876009330701597
0.3810601213974753,0.6876009330701597
0.3810601213974753,0.6877803696393325
0.3811225365518748,0.6877803696393325
0.3811225365518748,0.6881392427776781
0.38113814034047466,0.6881392427776781
0.3811849517062743,0.6881392427776781
0.3812317630720739,0.6881392427776781
0.3812317630720739,0.6884981159160237
0.3812941782264734,0.6884981159160237
0.3812941782264734,0.6886775524851965
0.38137219716947274,0.6886775524851965
0.3814034047466725,0.6886775524851965
0.3814190085352724,0.6886775524851965
0.3814190085352724,0.6888569890543693
0.381465819901072,0.6888569890543693
0.381465819901072,0.6890364256235421
0.38171548051866994,0.6890364256235421
0.38171548051866994,0.6892158621927149
0.3817778956730694,0.6892158621927149
0.3817778956730694,0.6893952987618877
0.3817934994616693,0.6893952987618877
0.3817934994616693,0.6895747353310605
0.3819027259818684,0.6895747353310605
0.38191832977046825,0.6897541719002332
0.3821211790222666,0.6897541719002332
0.3821211790222666,0.6899336084694061
0.3821835941766661,0.6899336084694061
0.3821835941766661,0.6901130450385788
0.38243325479426404,0.6901130450385788
0.38243325479426404,0.6902924816077517
0.3824488585828639,0.6902924816077517
0.3824488585828639,0.6904719181769244
0.3826205002574625,0.6904719181769244
0.3826205002574625,0.6906513547460973
0.38280774572066095,0.6906513547460973
0.38280774572066095,0.69083079131527
0.38282334950926084,0.69083079131527
0.3828389532978607,0.6910102278844429
0.38297938739525955,0.6910102278844429
0.38297938739525955,0.6911896644536156
0.3830418025496591,0.6911896644536156
0.3830418025496591,0.6913691010227885
0.3830730101268588,0.6913691010227885
0.3830730101268588,0.6915485375919612
0.38311982149265844,0.6915485375919612
0.38315102906985815,0.6915485375919612
0.3832446518014574,0.6915485375919612
0.3832446518014574,0.6917279741611341
0.38366595409365395,0.6917279741611341
0.38369716167085366,0.6917279741611341
0.3837595768252532,0.6917279741611341
0.3837595768252532,0.6919074107303068
0.3837907844024529,0.6919074107303068
0.3837907844024529,0.6920868472994797
0.38385319955685243,0.6920868472994797
0.38385319955685243,0.6922662838686524
0.3839312184998518,0.6922662838686524
0.3839312184998518,0.6924457204378253
0.3840716525972506,0.6924457204378253
0.3840716525972506,0.6928045935761709
0.3840872563858505,0.6928045935761709
0.3840872563858505,0.6929840301453436
0.38439933215784794,0.6929840301453436
0.38439933215784794,0.6931634667145165
0.38443053973504765,0.6931634667145165
0.38443053973504765,0.6933429032836892
0.384508558678047,0.6933429032836892
0.384508558678047,0.693522339852862
0.3846645965640457,0.693522339852862
0.3846645965640457,0.6937017764220348
0.38472701171844526,0.6937017764220348
0.38472701171844526,0.6938812129912076
0.38474261550704514,0.6938812129912076
0.38478942687284473,0.6938812129912076
0.38522633295364117,0.6938812129912076
0.385241936742241,0.6940606495603804
0.3852575405308409,0.6940606495603804
0.3852575405308409,0.6942400861295532
0.38527314431944076,0.6942400861295532
0.38530435189664053,0.6942400861295532
0.38530435189664053,0.694419522698726
0.38536676705104,0.694419522698726
0.3854291822054395,0.694419522698726
0.38564763524583767,0.694419522698726
0.38564763524583767,0.6945989592678988
0.38566323903443755,0.6945989592678988
0.38566323903443755,0.6947783958370716
0.38583488070903615,0.6947783958370716
0.3858660882862359,0.6947783958370716
0.38620937163543306,0.6947783958370716
0.38620937163543306,0.6949578324062444
0.38694274969962705,0.6949578324062444
0.38694274969962705,0.6951372689754172
0.38706758000842606,0.6951372689754172
0.38709878758562577,0.6951372689754172
0.3872548254716245,0.6951372689754172
0.3872548254716245,0.6954961421137628
0.387317240626024,0.6954961421137628
0.3873484482032237,0.6954961421137628
0.38741086335762326,0.6954961421137628
0.38741086335762326,0.6956755786829356
0.38767612776382104,0.6956755786829356
0.3877073353410208,0.6956755786829356
0.3877229391296207,0.6956755786829356
0.3877541467068204,0.6956755786829356
0.3882066565762167,0.6956755786829356
0.38823786415341643,0.6956755786829356
0.3882846755192161,0.6956755786829356
0.3882846755192161,0.6958550152521084
0.3884875247710144,0.6958550152521084
0.3884875247710144,0.6960344518212812
0.3887683929658121,0.6960344518212812
0.3887683929658121,0.696213888390454
0.38906486494920967,0.696213888390454
0.38909607252640943,0.696213888390454
0.3892209028352084,0.696213888390454
0.3892209028352084,0.6963933249596268
0.38923650662380826,0.6963933249596268
0.38926771420100803,0.6963933249596268
0.38926771420100803,0.6965727615287995
0.38968901649320453,0.6965727615287995
0.38968901649320453,0.6967521980979724
0.39000109226520197,0.6967521980979724
0.39000109226520197,0.6969316346671451
0.3900635074196015,0.6969316346671451
0.3900635074196015,0.697111071236318
0.3900791112082014,0.697111071236318
0.3900791112082014,0.6972905078054907
0.39020394151700033,0.6972905078054907
0.39020394151700033,0.6974699443746636
0.3902351490942001,0.6974699443746636
0.3902351490942001,0.6976493809438363
0.39034437561439916,0.6976493809438363
0.39034437561439916,0.6980082540821819
0.39035997940299905,0.6980082540821819
0.39035997940299905,0.6983671272205275
0.3905940362319971,0.6983671272205275
0.3905940362319971,0.6985465637897004
0.39064084759779677,0.6985465637897004
0.39064084759779677,0.6987260003588731
0.39071886654079613,0.6987260003588731
0.39071886654079613,0.698905436928046
0.39085930063819496,0.698905436928046
0.39085930063819496,0.6990848734972187
0.3909685271583941,0.6990848734972187
0.3909685271583941,0.6992643100663916
0.39109335746719304,0.6992643100663916
0.39114016883299263,0.6992643100663916
0.3913742256619907,0.6992643100663916
0.3913742256619907,0.6994437466355643
0.3914522446049901,0.6994437466355643
0.39146784839358995,0.6996231832047372
0.3915302635479895,0.6996231832047372
0.3915614711251892,0.6996231832047372
0.3916550938567884,0.6996231832047372
0.3916550938567884,0.6998026197739099
0.3916863014339882,0.6998026197739099
0.391701905222588,0.6999820563430827
0.39209199993758487,0.6999820563430827
0.39209199993758487,0.7001614929122555
0.39237286813238254,0.7001614929122555
0.39237286813238254,0.7005203660506011
0.3924196794981822,0.7005203660506011
0.3924196794981822,0.7006998026197739
0.3925913211727807,0.7006998026197739
0.3925913211727807,0.7008792391889467
0.3926381325385804,0.7008792391889467
0.3926693401157801,0.7008792391889467
0.3926693401157801,0.7010586757581195
0.39270054769297985,0.7010586757581195
0.3927941704245791,0.7010586757581195
0.39282537800177886,0.7010586757581195
0.39321547271677565,0.7010586757581195
0.39321547271677565,0.7012381123272923
0.3934027181799741,0.7012381123272923
0.3934027181799741,0.7014175488964651
0.39358996364317256,0.7014175488964651
0.3936211712203723,0.7014175488964651
0.39371479395197156,0.7014175488964651
0.39371479395197156,0.7015969854656379
0.3938708318379703,0.7015969854656379
0.3938708318379703,0.7017764220348107
0.3940736810897686,0.7017764220348107
0.3940892848783685,0.7019558586039835
0.39415170003276795,0.7019558586039835
0.3941829076099677,0.7019558586039835
0.39443256822756567,0.7019558586039835
0.3944637758047654,0.7019558586039835
0.39466662505656375,0.7019558586039835
0.39466662505656375,0.7021352951731563
0.39468222884516363,0.7021352951731563
0.39471343642236334,0.7021352951731563
0.39482266294256246,0.7021352951731563
0.39482266294256246,0.7023147317423291
0.39488507809696194,0.7023147317423291
0.39488507809696194,0.7024941683115019
0.3949162856741617,0.7024941683115019
0.3949162856741617,0.7026736048806747
0.3951347387145599,0.7026736048806747
0.3951347387145599,0.7030324780190202
0.3953063803891585,0.7030324780190202
0.3953063803891585,0.7032119145881931
0.39572768268135505,0.7032119145881931
0.39572768268135505,0.7033913511573658
0.3958681167787539,0.7033913511573658
0.3958681167787539,0.7035707877265387
0.39588372056735377,0.7035707877265387
0.39588372056735377,0.7037502242957114
0.3959149281445535,0.7037502242957114
0.39593053193315336,0.7037502242957114
0.39596173951035313,0.7037502242957114
0.395977343298953,0.7037502242957114
0.395977343298953,0.7039296608648843
0.3960085508761527,0.7039296608648843
0.3960085508761527,0.704109097434057
0.3962114001279511,0.704109097434057
0.3962426077051508,0.704109097434057
0.3964142493797494,0.704109097434057
0.3964142493797494,0.7042885340032299
0.39649226832274875,0.7042885340032299
0.3965234758999485,0.7042885340032299
0.39671072136314695,0.7042885340032299
0.39671072136314695,0.7044679705724026
0.39683555167194595,0.7044679705724026
0.39683555167194595,0.7046474071415755
0.39700719334654455,0.7046474071415755
0.39700719334654455,0.7048268437107482
0.397194438809743,0.7048268437107482
0.39722564638694274,0.7048268437107482
0.39735047669574175,0.7048268437107482
0.39735047669574175,0.7050062802799211
0.39756892973613994,0.7050062802799211
0.39756892973613994,0.7051857168490938
0.39847394947493253,0.7051857168490938
0.39847394947493253,0.7053651534182667
0.3987548176697302,0.7053651534182667
0.3987548176697302,0.7055445899874394
0.39902008207592804,0.7055445899874394
0.39902008207592804,0.7057240265566123
0.3993009502707257,0.7057240265566123
0.3993321578479255,0.7057240265566123
0.39937896921372507,0.7057240265566123
0.39939457300232495,0.705903463125785
0.39975346014012203,0.705903463125785
0.39975346014012203,0.7060828996949579
0.4003776116841169,0.7060828996949579
0.4003776116841169,0.7062623362641306
0.40047123441571614,0.7062623362641306
0.40047123441571614,0.7066212094024762
0.4005336495701156,0.7066212094024762
0.4005336495701156,0.706800645971649
0.40061166851311497,0.706800645971649
0.40062727230171485,0.7069800825408218
0.400736498821914,0.7069800825408218
0.400736498821914,0.7073389556791674
0.40078331018771357,0.7073389556791674
0.40078331018771357,0.7075183922483402
0.40156349961770715,0.7075183922483402
0.40156349961770715,0.707697828817513
0.40157910340630704,0.707697828817513
0.40157910340630704,0.7078772653866858
0.4016259147721067,0.7078772653866858
0.4016259147721067,0.7080567019558586
0.40175074508090564,0.7080567019558586
0.40175074508090564,0.7082361385250314
0.401828764023905,0.7082361385250314
0.40187557538970464,0.7082361385250314
0.40189117917830447,0.7082361385250314
0.40189117917830447,0.7084155750942042
0.4020160094871035,0.7084155750942042
0.4020160094871035,0.708595011663377
0.4023280852591009,0.708595011663377
0.4023280852591009,0.7087744482325498
0.40243731177930003,0.7087744482325498
0.40243731177930003,0.7091333213708954
0.4026713686082981,0.7091333213708954
0.402686972396898,0.7093127579400682
0.4029366330144959,0.7093127579400682
0.4029366330144959,0.709492194509241
0.40318629363209385,0.709492194509241
0.40318629363209385,0.7096716310784138
0.4032799163636931,0.7096716310784138
0.403295520152293,0.7098510676475865
0.40337353909529233,0.7098510676475865
0.40337353909529233,0.7100305042167594
0.40349836940409134,0.7100305042167594
0.40349836940409134,0.7102099407859321
0.40351397319269117,0.7102099407859321
0.40354518076989093,0.7102099407859321
0.40371682244448953,0.7102099407859321
0.40371682244448953,0.710389377355105
0.403779237598889,0.710389377355105
0.4038104451760888,0.710389377355105
0.40409131337088644,0.710389377355105
0.40409131337088644,0.7105688139242777
0.4041069171594863,0.7105688139242777
0.4041069171594863,0.7107482504934506
0.40426295504548504,0.7107482504934506
0.40426295504548504,0.7109276870626233
0.4048871065894799,0.7109276870626233
0.4048871065894799,0.7111071236317962
0.4052928050930766,0.7111071236317962
0.4052928050930766,0.7112865602009689
0.40530840888167646,0.7112865602009689
0.40530840888167646,0.7114659967701418
0.40537082403607594,0.7114659967701418
0.4053864278246758,0.7116454333393145
0.4054020316132757,0.7116454333393145
0.4054644467676752,0.7116454333393145
0.4057609187510728,0.7116454333393145
0.4057609187510728,0.7118248699084874
0.40585454148267197,0.7118248699084874
0.40585454148267197,0.7120043064776601
0.4059169566370715,0.7120043064776601
0.4059169566370715,0.712183743046833
0.40626023998626865,0.712183743046833
0.4062914475634684,0.712183743046833
0.4063538627178679,0.712183743046833
0.4063538627178679,0.7123631796160057
0.4064474854494671,0.7123631796160057
0.4064474854494671,0.7125426161851786
0.4064786930266669,0.7125426161851786
0.4064786930266669,0.7127220527543513
0.4066347309126656,0.7127220527543513
0.4066347309126656,0.7129014893235242
0.4066503347012655,0.7129014893235242
0.4066503347012655,0.7130809258926969
0.40675956122146456,0.7130809258926969
0.4067907687986643,0.7130809258926969
0.4070092218390625,0.7130809258926969
0.4070404294162623,0.7130809258926969
0.40710284457066176,0.7130809258926969
0.40711844835926164,0.7132603624618697
0.4074305241312591,0.7132603624618697
0.4074305241312591,0.7134397990310425
0.40746173170845884,0.7134397990310425
0.40746173170845884,0.7136192356002153
0.4075397506514582,0.7136192356002153
0.4075709582286579,0.7136192356002153
0.4075709582286579,0.7137986721693881
0.4076333733830574,0.7137986721693881
0.4076333733830574,0.7139781087385609
0.4077582036918564,0.7139781087385609
0.4077894112690561,0.7139781087385609
0.40782061884625587,0.7139781087385609
0.40782061884625587,0.7141575453077337
0.40788303400065534,0.7141575453077337
0.4079142415778551,0.7141575453077337
0.4079766567322546,0.7141575453077337
0.4079766567322546,0.7143369818769065
0.4080702794638538,0.7143369818769065
0.4081014870410536,0.7143369818769065
0.4081326946182533,0.7143369818769065
0.4081326946182533,0.7145164184460793
0.40816390219545307,0.7145164184460793
0.4081951097726528,0.7145164184460793
0.4082419211384524,0.7145164184460793
0.4082419211384524,0.7146958550152521
0.4082575249270523,0.7148752915844249
0.40906892193424566,0.7148752915844249
0.40906892193424566,0.7150547281535977
0.40911573330004525,0.7150547281535977
0.409146940877245,0.7150547281535977
0.4094122052834428,0.7150547281535977
0.4094122052834428,0.7152341647227705
0.4095370355922418,0.7152341647227705
0.4095370355922418,0.7154136012919433
0.4095838469580414,0.7154136012919433
0.4095838469580414,0.715593037861116
0.40963065832384105,0.715593037861116
0.40963065832384105,0.7157724744302889
0.4097086772668404,0.7157724744302889
0.4097398848440401,0.7157724744302889
0.40975548863264,0.7157724744302889
0.40975548863264,0.7159519109994616
0.4101143757704371,0.7159519109994616
0.4101455833476368,0.7159519109994616
0.41022360229063615,0.7159519109994616
0.41022360229063615,0.7161313475686345
0.41078533868023154,0.7161313475686345
0.4108009424688314,0.7163107841378072
0.4108165462574313,0.7163107841378072
0.4108165462574313,0.7164902207069801
0.41084775383463107,0.7164902207069801
0.4108789614118308,0.7164902207069801
0.41089456520043066,0.7164902207069801
0.41091016898903054,0.7166696572761528
0.41091016898903054,0.7168490938453257
0.4110506030864294,0.7168490938453257
0.4110506030864294,0.7170285304144984
0.41108181066362914,0.7170285304144984
0.4113626788584268,0.7170285304144984
0.4113626788584268,0.7172079669836713
0.41147190537862594,0.7172079669836713
0.41147190537862594,0.717387403552844
0.41151871674442553,0.717387403552844
0.4115499243216253,0.717387403552844
0.4115655281102252,0.717387403552844
0.4115967356874249,0.717387403552844
0.4119400190366221,0.717387403552844
0.4119400190366221,0.7177462766911896
0.41198683040242173,0.7177462766911896
0.41201803797962144,0.7177462766911896
0.41214286828842045,0.7177462766911896
0.41217407586562016,0.7177462766911896
0.4122520948086195,0.7177462766911896
0.4122676985972194,0.7179257132603625
0.4125485667920171,0.7179257132603625
0.41257977436921683,0.7179257132603625
0.4127670198324153,0.7179257132603625
0.4127670198324153,0.7181051498295352
0.4129386615070139,0.7181051498295352
0.4129698690842136,0.7181051498295352
0.4129698690842136,0.7182845863987081
0.41312590697021234,0.7182845863987081
0.41312590697021234,0.7184640229678808
0.4131883221246119,0.7184640229678808
0.4132195297018116,0.7184640229678808
0.41343798274220983,0.7184640229678808
0.41343798274220983,0.7186434595370537
0.41357841683960866,0.7186434595370537
0.41357841683960866,0.7188228961062264
0.41364083199400814,0.7188228961062264
0.41364083199400814,0.7190023326753993
0.4138280774572066,0.7190023326753993
0.41385928503440633,0.7190023326753993
0.4140777380748046,0.7190023326753993
0.4140777380748046,0.719181769244572
0.4142181721722034,0.719181769244572
0.4142181721722034,0.7193612058137449
0.41432739869240254,0.7193612058137449
0.41432739869240254,0.7195406423829176
0.4144522290012015,0.7195406423829176
0.41448343657840125,0.7195406423829176
0.4145770593100005,0.7195406423829176
0.4145770593100005,0.7197200789520904
0.41463947446439997,0.7197200789520904
0.41463947446439997,0.720078952090436
0.4147330971959992,0.720078952090436
0.4147330971959992,0.7202583886596088
0.41481111613899857,0.7202583886596088
0.41481111613899857,0.7204378252287816
0.41506077675659653,0.7204378252287816
0.41509198433379624,0.7204378252287816
0.41526362600839484,0.7204378252287816
0.41526362600839484,0.7206172617979544
0.41531043737419443,0.7206172617979544
0.4153416449513942,0.7206172617979544
0.41537285252859396,0.7206172617979544
0.41537285252859396,0.7207966983671272
0.41541966389439355,0.7207966983671272
0.41541966389439355,0.7209761349363
0.41582536239799023,0.7209761349363
0.41585656997519,0.7209761349363
0.4158877775523897,0.7209761349363
0.4158877775523897,0.7211555715054728
0.4159033813409896,0.7211555715054728
0.4159033813409896,0.7215144446438184
0.41591898512958947,0.7215144446438184
0.41593458891818935,0.7216938812129912
0.41610623059278795,0.7216938812129912
0.41610623059278795,0.721873317782164
0.41610623059278795,0.7222321909205096
0.41626226847878667,0.7222321909205096
0.4162778722673865,0.7224116274896824
0.4165119290963846,0.7224116274896824
0.4165119290963846,0.7225910640588552
0.4165743442507841,0.7225910640588552
0.4166055518279838,0.7225910640588552
0.4168084010797822,0.7225910640588552
0.4168084010797822,0.722770500628028
0.4169176275999813,0.722770500628028
0.4169176275999813,0.7229499371972008
0.41704245790878025,0.7229499371972008
0.41704245790878025,0.7231293737663735
0.41707366548598,0.7231293737663735
0.41707366548598,0.7233088103355464
0.41738574125797745,0.7233088103355464
0.41738574125797745,0.7234882469047191
0.41765100566417523,0.7234882469047191
0.41765100566417523,0.723667683473892
0.4178538549159736,0.723667683473892
0.41788506249317336,0.723667683473892
0.4179162700703731,0.723667683473892
0.4179162700703731,0.7238471200430647
0.4180723079563718,0.7238471200430647
0.4180723079563718,0.7240265566122376
0.41811911932217144,0.7240265566122376
0.41815032689937115,0.7240265566122376
0.4182127420537707,0.7240265566122376
0.4182439496309704,0.7240265566122376
0.4183687799397694,0.7240265566122376
0.4183687799397694,0.7242059931814103
0.41849361024856835,0.7242059931814103
0.41849361024856835,0.7245648663197559
0.41864964813456707,0.7245648663197559
0.41868085571176683,0.7245648663197559
0.4187276670775664,0.7245648663197559
0.4187588746547662,0.7245648663197559
0.41883689359776555,0.7245648663197559
0.41886810117496526,0.7245648663197559
0.4189305163293648,0.7245648663197559
0.4189305163293648,0.7247443028889288
0.41902413906096403,0.7247443028889288
0.41905534663816374,0.7247443028889288
0.4191177617925632,0.7247443028889288
0.4191177617925632,0.7249237394581015
0.4191333655811631,0.7249237394581015
0.41916457315836286,0.7249237394581015
0.41927379967856193,0.7249237394581015
0.41927379967856193,0.7251031760272744
0.4192894034671618,0.7251031760272744
0.4192894034671618,0.7252826125964471
0.4193050072557617,0.7252826125964471
0.4193050072557617,0.72546204916562
0.41933621483296146,0.72546204916562
0.41933621483296146,0.7256414857347927
0.41939862998736094,0.7256414857347927
0.41939862998736094,0.7258209223039656
0.41978872470235773,0.7258209223039656
0.4198199322795575,0.7258209223039656
0.42045968761215224,0.7258209223039656
0.42045968761215224,0.7260003588731383
0.42050649897795184,0.7260003588731383
0.42050649897795184,0.7261797954423111
0.42066253686395055,0.7261797954423111
0.42066253686395055,0.7263592320114839
0.42083417853854915,0.7263592320114839
0.4208653861157489,0.7263592320114839
0.4208809899043488,0.7263592320114839
0.4208809899043488,0.7265386685806567
0.42122427325354594,0.7265386685806567
0.42122427325354594,0.7267181051498295
0.4213022921965453,0.7267181051498295
0.4213022921965453,0.7268975417190023
0.4217704058545415,0.7268975417190023
0.4217704058545415,0.7270769782881751
0.421832821008941,0.7270769782881751
0.4218640285861407,0.7270769782881751
0.4221605005695383,0.7270769782881751
0.422191708146738,0.7270769782881751
0.4222073119353379,0.7270769782881751
0.4222073119353379,0.7272564148573479
0.42226972708973737,0.7272564148573479
0.42226972708973737,0.7274358514265207
0.422316538455537,0.7274358514265207
0.4223321422441369,0.7276152879956935
0.42244136876433597,0.7276152879956935
0.42244136876433597,0.7277947245648663
0.42247257634153573,0.7277947245648663
0.42250378391873544,0.7277947245648663
0.42258180286173486,0.7277947245648663
0.42258180286173486,0.7279741611340391
0.42261301043893457,0.7279741611340391
0.42264421801613433,0.7279741611340391
0.42267542559333404,0.7279741611340391
0.42267542559333404,0.7281535977032119
0.42297189757673165,0.7281535977032119
0.42297189757673165,0.7283330342723847
0.42312793546273036,0.7283330342723847
0.4231591430399301,0.7283330342723847
0.42351803017772716,0.7283330342723847
0.42351803017772716,0.7286919074107303
0.42356484154352675,0.7286919074107303
0.42356484154352675,0.728871343979903
0.4235960491207265,0.728871343979903
0.4235960491207265,0.7290507805490759
0.4236740680637259,0.7290507805490759
0.4236740680637259,0.7292302171182486
0.42372087942952547,0.7292302171182486
0.42375208700672523,0.7292302171182486
0.4237988983725248,0.7292302171182486
0.4237988983725248,0.7294096536874215
0.4238301059497246,0.7294096536874215
0.4238301059497246,0.7295890902565942
0.4239861438357233,0.7295890902565942
0.42401735141292307,0.7295890902565942
0.42423580445332126,0.7295890902565942
0.42423580445332126,0.7297685268257671
0.42429821960772074,0.7297685268257671
0.42429821960772074,0.7299479633949398
0.42436063476212027,0.7299479633949398
0.42436063476212027,0.7301273999641127
0.42445425749371946,0.7301273999641127
0.42445425749371946,0.7303068365332854
0.4244854650709192,0.7303068365332854
0.4244854650709192,0.7304862731024583
0.4246571067455178,0.7304862731024583
0.42468831432271753,0.7304862731024583
0.4247195218999173,0.7304862731024583
0.42475072947711706,0.7304862731024583
0.42478193705431677,0.7304862731024583
0.42479754084291665,0.730665709671631
0.42485995599731613,0.730665709671631
0.42485995599731613,0.7308451462408039
0.4248911635745159,0.7308451462408039
0.425000390094715,0.7308451462408039
0.42503159767191473,0.7308451462408039
0.4250472014605146,0.7308451462408039
0.4250784090377144,0.7308451462408039
0.4254060885983117,0.7308451462408039
0.4254372961755114,0.7308451462408039
0.42551531511851076,0.7308451462408039
0.42551531511851076,0.7310245828099766
0.42557773027291024,0.7310245828099766
0.42560893785011,0.7310245828099766
0.4257961833133085,0.7310245828099766
0.4257961833133085,0.7312040193791495
0.4259366174107073,0.7312040193791495
0.4259366174107073,0.7317423290866678
0.4260146363537067,0.7317423290866678
0.4260146363537067,0.7319217656558407
0.42637352349150376,0.7319217656558407
0.42637352349150376,0.7321012022250134
0.42643593864590323,0.7321012022250134
0.42643593864590323,0.7322806387941863
0.42646714622310294,0.7322806387941863
0.42646714622310294,0.732460075363359
0.42657637274330207,0.732460075363359
0.42660758032050183,0.732460075363359
0.4270132788240985,0.732460075363359
0.4270444864012982,0.732460075363359
0.42713810913289746,0.732460075363359
0.42713810913289746,0.7326395119325319
0.4275906190022938,0.7326395119325319
0.4275906190022938,0.7328189485017046
0.4276218265794935,0.7328189485017046
0.4276374303680934,0.7328189485017046
0.4276374303680934,0.7329983850708774
0.4277622606768923,0.7329983850708774
0.4277934682540921,0.7329983850708774
0.4279651099286907,0.7329983850708774
0.4279651099286907,0.7331778216400502
0.4280743364488898,0.7331778216400502
0.4280743364488898,0.733357258209223
0.42824597812348836,0.733357258209223
0.42824597812348836,0.7335366947783959
0.42841761979808696,0.7335366947783959
0.4284644311638866,0.7335366947783959
0.42854245010688596,0.7335366947783959
0.4285736576840857,0.7335366947783959
0.42865167662708503,0.7335366947783959
0.42865167662708503,0.7337161313475686
0.4286828842042848,0.7337161313475686
0.4286828842042848,0.7338955679167415
0.4290105637648821,0.7338955679167415
0.4290105637648821,0.7340750044859142
0.429026167553482,0.7340750044859142
0.429026167553482,0.7342544410550871
0.42915099786228095,0.7342544410550871
0.42915099786228095,0.7344338776242598
0.42916660165088083,0.7344338776242598
0.42916660165088083,0.7346133141934327
0.42932263953687955,0.7346133141934327
0.4293694509026792,0.7346133141934327
0.42944746984567855,0.7346133141934327
0.42947867742287826,0.7346133141934327
0.42966592288607675,0.7346133141934327
0.42966592288607675,0.7347927507626054
0.4298531683492752,0.7347927507626054
0.4298531683492752,0.7349721873317783
0.42999360244667406,0.7349721873317783
0.43002481002387377,0.7349721873317783
0.430243263064272,0.7349721873317783
0.430243263064272,0.735151623900951
0.43039930095027074,0.735151623900951
0.43043050852747045,0.735151623900951
0.43053973504766957,0.735151623900951
0.43053973504766957,0.7353310604701239
0.43072698051086805,0.7353310604701239
0.43072698051086805,0.7355104970392966
0.4308362070310671,0.7355104970392966
0.4308362070310671,0.7356899336084695
0.43089862218546665,0.7356899336084695
0.43089862218546665,0.7358693701776422
0.4309142259740665,0.7358693701776422
0.4309142259740665,0.736048806746815
0.43099224491706584,0.736048806746815
0.43099224491706584,0.7362282433159878
0.4310390562828655,0.7362282433159878
0.4310390562828655,0.7364076798851606
0.4313667358434628,0.7364076798851606
0.4313667358434628,0.7365871164543334
0.4314759623636619,0.7365871164543334
0.4314759623636619,0.7367665530235062
0.43181924571285907,0.7367665530235062
0.43181924571285907,0.736945989592679
0.4319284722330582,0.736945989592679
0.4319752835988578,0.736945989592679
0.43205330254185714,0.736945989592679
0.43205330254185714,0.7371254261618518
0.4321469252734564,0.7371254261618518
0.4321469252734564,0.7373048627310246
0.432318566948055,0.7373048627310246
0.43233417073665487,0.7374842993001974
0.43233417073665487,0.7376637358693702
0.4324746048340537,0.7376637358693702
0.4324746048340537,0.737843172438543
0.4326930578744519,0.737843172438543
0.4326930578744519,0.7380226090077158
0.4327554730288514,0.7380226090077158
0.43278668060605113,0.7380226090077158
0.4331767753210479,0.7380226090077158
0.4332079828982477,0.7380226090077158
0.43339522836144617,0.7380226090077158
0.4334264359386459,0.7380226090077158
0.433535662458845,0.7380226090077158
0.433535662458845,0.7382020455768886
0.4337229079220435,0.7382020455768886
0.4337229079220435,0.7383814821460614
0.43378532307644296,0.7383814821460614
0.43378532307644296,0.7385609187152342
0.43384773823084244,0.7385609187152342
0.4338789458080422,0.7385609187152342
0.4340973988484404,0.7385609187152342
0.4340973988484404,0.738740355284407
0.43412860642564016,0.738740355284407
0.4344406821976376,0.738740355284407
0.4344718897748373,0.738740355284407
0.4344874935634372,0.738740355284407
0.4344874935634372,0.7389197918535798
0.43450309735203707,0.7389197918535798
0.43450309735203707,0.7390992284227526
0.43456551250643655,0.7390992284227526
0.43458111629503643,0.7392786649919254
0.43472155039243526,0.7392786649919254
0.43472155039243526,0.7394581015610981
0.4347683617582349,0.7394581015610981
0.4347683617582349,0.739637538130271
0.43492439964423363,0.739637538130271
0.43495560722143334,0.739637538130271
0.43495560722143334,0.7398169746994437
0.4351740602618316,0.7398169746994437
0.4352052678390313,0.7398169746994437
0.4353925133022298,0.7398169746994437
0.4353925133022298,0.7399964112686166
0.4355485511882285,0.7399964112686166
0.43557975876542826,0.7399964112686166
0.43596985348042505,0.7399964112686166
0.4360010610576248,0.7399964112686166
0.43614149515502365,0.7399964112686166
0.43617270273222336,0.7399964112686166
0.436219514098023,0.7399964112686166
0.436219514098023,0.7401758478377893
0.43631313682962225,0.7401758478377893
0.43634434440682196,0.7401758478377893
0.43635994819542184,0.7401758478377893
0.4363911557726216,0.7401758478377893
0.43675004291041863,0.7401758478377893
0.43675004291041863,0.7403552844069622
0.4368904770078175,0.7403552844069622
0.4368904770078175,0.7405347209761349
0.43724936414561455,0.7405347209761349
0.43724936414561455,0.7407141575453078
0.4372961755114142,0.7407141575453078
0.4373273830886139,0.7407141575453078
0.437561439917612,0.7407141575453078
0.437561439917612,0.7408935941144805
0.43759264749481175,0.7408935941144805
0.43763945886061134,0.7408935941144805
0.4376706664378111,0.7408935941144805
0.4376706664378111,0.7410730306836534
0.43777989295801023,0.7410730306836534
0.43777989295801023,0.7412524672528261
0.4378891194782093,0.7412524672528261
0.43792032705540906,0.7412524672528261
0.4380139497870083,0.7412524672528261
0.4380139497870083,0.741431903821999
0.43802955357560813,0.741431903821999
0.4380607611528079,0.741431903821999
0.4380763649414078,0.741431903821999
0.4380763649414078,0.7416113403911717
0.43813878009580726,0.7416113403911717
0.43813878009580726,0.7417907769603446
0.4385912899652036,0.7417907769603446
0.4386224975424033,0.7417907769603446
0.4393090642407977,0.7417907769603446
0.4393090642407977,0.7421496500986902
0.4393402718179974,0.7421496500986902
0.4393402718179974,0.7423290866678629
0.43974597032159407,0.7423290866678629
0.43974597032159407,0.7425085232370358
0.43980838547599355,0.7425085232370358
0.43980838547599355,0.7426879598062085
0.4402921029225896,0.7426879598062085
0.4402921029225896,0.7430468329445541
0.4403389142883892,0.7430468329445541
0.4403389142883892,0.743226269513727
0.4403857256541888,0.743226269513727
0.4403857256541888,0.7434057060828997
0.4404013294427887,0.7434057060828997
0.4404013294427887,0.7435851426520725
0.44044814080858835,0.7435851426520725
0.44047934838578806,0.7435851426520725
0.4405885749059872,0.7435851426520725
0.4405885749059872,0.7437645792212453
0.4408070279463854,0.7437645792212453
0.4408070279463854,0.7439440157904181
0.44088504688938474,0.7439440157904181
0.4409006506779846,0.7441234523595909
0.4409474620437842,0.7441234523595909
0.4409474620437842,0.7443028889287637
0.4409630658323841,0.7443028889287637
0.4409630658323841,0.7444823254979365
0.440978669620984,0.7444823254979365
0.44100987719818374,0.7444823254979365
0.4410878961411831,0.7444823254979365
0.4410878961411831,0.7446617620671093
0.4411503112955826,0.7446617620671093
0.4411503112955826,0.7448411986362821
0.44133755675878106,0.7448411986362821
0.44133755675878106,0.7450206352054549
0.44143117949038024,0.7450206352054549
0.44143117949038024,0.7452000717746277
0.44157161358777913,0.7452000717746277
0.44157161358777913,0.7453795083438005
0.44158721737637896,0.7453795083438005
0.44158721737637896,0.7455589449129733
0.4416496325307785,0.7455589449129733
0.4416496325307785,0.7457383814821461
0.4416808401079782,0.7457383814821461
0.4416808401079782,0.7459178180513188
0.4418368779939769,0.7459178180513188
0.4418368779939769,0.7460972546204917
0.4419617083027759,0.7460972546204917
0.44199291587997563,0.7460972546204917
0.4423830105949725,0.7460972546204917
0.4423830105949725,0.7462766911896644
0.4424142181721722,0.7462766911896644
0.442554652269571,0.7462766911896644
0.4425858598467708,0.7462766911896644
0.4428667280415685,0.7462766911896644
0.4428667280415685,0.7464561277588373
0.4431319924477663,0.7464561277588373
0.4431319924477663,0.74663556432801
0.44321001139076566,0.74663556432801
0.44321001139076566,0.7469944374663556
0.44335044548816455,0.7469944374663556
0.44338165306536426,0.7469944374663556
0.44374054020316134,0.7469944374663556
0.44377174778036105,0.7469944374663556
0.4438341629347606,0.7469944374663556
0.4438341629347606,0.7471738740355285
0.44391218187775994,0.7471738740355285
0.44391218187775994,0.7473533106047012
0.444021408397959,0.7473533106047012
0.444021408397959,0.7475327471738741
0.44423986143835725,0.7475327471738741
0.44423986143835725,0.7477121837430468
0.4447391826735531,0.7477121837430468
0.4447391826735531,0.7478916203122197
0.444754786462153,0.7478916203122197
0.444754786462153,0.7480710568813924
0.4448640129823521,0.7480710568813924
0.4448640129823521,0.7482504934505653
0.4449420319253515,0.7482504934505653
0.44497323950255124,0.7482504934505653
0.44512927738854996,0.7482504934505653
0.44516048496574967,0.7482504934505653
0.4452541076973489,0.7482504934505653
0.4452541076973489,0.748429930019738
0.44551937210354675,0.748429930019738
0.44551937210354675,0.7486093665889109
0.44567540998954547,0.7486093665889109
0.44567540998954547,0.7487888031580836
0.44572222135534506,0.7487888031580836
0.44572222135534506,0.7489682397272565
0.4457534289325448,0.7489682397272565
0.4457846365097446,0.7489682397272565
0.4458002402983444,0.7489682397272565
0.4458002402983444,0.7491476762964292
0.4459406743957433,0.7491476762964292
0.445971881972943,0.7491476762964292
0.4463151653221402,0.7491476762964292
0.4463151653221402,0.749327112865602
0.44640878805373946,0.749327112865602
0.44643999563093917,0.749327112865602
0.44647120320813893,0.749327112865602
0.44647120320813893,0.7495065494347748
0.4465180145739385,0.7495065494347748
0.4465492221511383,0.7495065494347748
0.4465648259397382,0.7495065494347748
0.4465648259397382,0.7496859860039476
0.4468612979231357,0.7496859860039476
0.4468612979231357,0.7498654225731204
0.44697052444333485,0.7498654225731204
0.44700173202053456,0.7498654225731204
0.4472669964267324,0.7498654225731204
0.44729820400393216,0.7498654225731204
0.44756346841013,0.7498654225731204
0.4475946759873297,0.7498654225731204
0.4476102797759296,0.7498654225731204
0.4476102797759296,0.7500448591422932
0.44773511008472855,0.7500448591422932
0.4477663176619283,0.7500448591422932
0.448172016165525,0.7500448591422932
0.448172016165525,0.750224295711466
0.44818761995412487,0.750224295711466
0.4482188275313246,0.750224295711466
0.4482812426857241,0.750224295711466
0.4483124502629238,0.750224295711466
0.44860892224632143,0.750224295711466
0.44864012982352114,0.750224295711466
0.4491706586359168,0.750224295711466
0.4491706586359168,0.7504037322806388
0.44920186621311653,0.7504037322806388
0.449264281367516,0.7504037322806388
0.449264281367516,0.7505831688498116
0.4495919609281133,0.7505831688498116
0.4496231685053131,0.7505831688498116
0.4497479988141121,0.7505831688498116
0.4497948101799117,0.7505831688498116
0.4497948101799117,0.7507626054189844
0.44987282912291104,0.7507626054189844
0.44987282912291104,0.7509420419881572
0.4499040367001108,0.7509420419881572
0.4499040367001108,0.75112147855733
0.4499664518545103,0.75112147855733
0.44999765943171,0.75112147855733
0.4505593958213054,0.75112147855733
0.4505593958213054,0.7513009151265028
0.4506374147643048,0.7513009151265028
0.4506686223415045,0.7513009151265028
0.450855867804703,0.7513009151265028
0.450855867804703,0.7514803516956756
0.45113673599950066,0.7514803516956756
0.45113673599950066,0.7516597882648484
0.45137079282849873,0.7516597882648484
0.4514020004056985,0.7516597882648484
0.4515580382916972,0.7516597882648484
0.4515580382916972,0.7518392248340212
0.45166726481189634,0.7518392248340212
0.45166726481189634,0.752018661403194
0.45187011406369465,0.752018661403194
0.45187011406369465,0.7521980979723668
0.4521041708926927,0.7521980979723668
0.4521041708926927,0.7523775345415395
0.4521197746812926,0.7523775345415395
0.4521197746812926,0.7525569711107124
0.45219779362429197,0.7525569711107124
0.45219779362429197,0.7527364076798851
0.45238503908749045,0.7527364076798851
0.45238503908749045,0.752915844249058
0.4525098693962894,0.752915844249058
0.4525098693962894,0.7530952808182307
0.4526346997050884,0.7530952808182307
0.4526346997050884,0.7532747173874036
0.4529623792656857,0.7532747173874036
0.45299358684288543,0.7532747173874036
0.4530872095744847,0.7532747173874036
0.4530872095744847,0.7534541539565763
0.4531340209402843,0.7534541539565763
0.45316522851748403,0.7534541539565763
0.45327445503768315,0.7534541539565763
0.4533056626148829,0.7534541539565763
0.4537425686956793,0.7534541539565763
0.4537425686956793,0.7538130270949219
0.4538049838500788,0.7538130270949219
0.45383619142727855,0.7538130270949219
0.453898606581678,0.7538130270949219
0.453898606581678,0.7539924636640948
0.4541170596220762,0.7539924636640948
0.4541170596220762,0.7541719002332675
0.4545227581256729,0.7541719002332675
0.4545227581256729,0.7543513368024404
0.45508449451526833,0.7543513368024404
0.45508449451526833,0.7545307733716131
0.45511570209246804,0.7545307733716131
0.45511570209246804,0.754710209940786
0.4551781172468675,0.754710209940786
0.4551781172468675,0.7548896465099587
0.45561502332766396,0.7548896465099587
0.4556462309048637,0.7548896465099587
0.4558802877338618,0.7548896465099587
0.4559114953110615,0.7548896465099587
0.45595830667686116,0.7548896465099587
0.45598951425406087,0.7548896465099587
0.4562391748716588,0.7548896465099587
0.4562703824488586,0.7548896465099587
0.4563171938146582,0.7548896465099587
0.45637960896905766,0.7548896465099587
0.4568165150498541,0.7548896465099587
0.4568165150498541,0.7550690830791316
0.45689453399285346,0.7550690830791316
0.45689453399285346,0.7552485196483043
0.45695694914725293,0.7552485196483043
0.45695694914725293,0.7554279562174772
0.4569881567244527,0.7554279562174772
0.4569881567244527,0.7556073927866499
0.4570349680902523,0.7556073927866499
0.45706617566745206,0.7556073927866499
0.45725342113065054,0.7556073927866499
0.45728462870785025,0.7556073927866499
0.457565496902648,0.7556073927866499
0.457565496902648,0.7557868293558228
0.45773713857724657,0.7557868293558228
0.45773713857724657,0.7559662659249955
0.4578619688860455,0.7559662659249955
0.4578931764632453,0.7559662659249955
0.45795559161764476,0.7559662659249955
0.45795559161764476,0.7561457024941683
0.4580648181378439,0.7561457024941683
0.4580960257150436,0.7561457024941683
0.45818964844664284,0.7561457024941683
0.45818964844664284,0.7563251390633411
0.4582364598124425,0.7563251390633411
0.4582364598124425,0.7565045756325139
0.45829887496684196,0.7565045756325139
0.45829887496684196,0.7568634487708595
0.45831447875544185,0.7568634487708595
0.45831447875544185,0.7570428853400323
0.4585485355844399,0.7570428853400323
0.45857974316163963,0.7570428853400323
0.458657762104639,0.7570428853400323
0.458657762104639,0.7572223219092051
0.45870457347043864,0.7572223219092051
0.45873578104763835,0.7572223219092051
0.4588137999906377,0.7572223219092051
0.4588137999906377,0.7574017584783779
0.45946915911183234,0.7574017584783779
0.45946915911183234,0.7575811950475507
0.4596095932092312,0.7575811950475507
0.4596095932092312,0.7579400681858963
0.459874857615429,0.7579400681858963
0.4599060651926288,0.7579400681858963
0.46029615990762557,0.7579400681858963
0.46029615990762557,0.7581195047550691
0.46035857506202504,0.7581195047550691
0.46035857506202504,0.7582989413242419
0.46048340537082405,0.7582989413242419
0.46048340537082405,0.7584783778934147
0.4605926318910231,0.7584783778934147
0.4605926318910231,0.7586578144625875
0.4608891038744207,0.7586578144625875
0.4608891038744207,0.7588372510317603
0.4611387644920187,0.7588372510317603
0.4611387644920187,0.7590166876009331
0.4611543682806185,0.7590166876009331
0.4611543682806185,0.7591961241701058
0.46124799101221775,0.7591961241701058
0.4612791985894175,0.7591961241701058
0.46191895392201227,0.7591961241701058
0.46191895392201227,0.7593755607392787
0.4622934448484092,0.7593755607392787
0.46232465242560894,0.7593755607392787
0.4623402562142088,0.7593755607392787
0.4623402562142088,0.7595549973084514
0.4624026713686083,0.7595549973084514
0.4624026713686083,0.7597344338776243
0.4624494827344079,0.7597344338776243
0.4624494827344079,0.759913870446797
0.4625899168318068,0.759913870446797
0.4625899168318068,0.7600933070159699
0.46283957744940474,0.7600933070159699
0.46283957744940474,0.7602727435851426
0.4631204456442024,0.7602727435851426
0.46315165322140217,0.7602727435851426
0.463292087318801,0.7602727435851426
0.463292087318801,0.7606316167234882
0.4634481252047997,0.7606316167234882
0.4634481252047997,0.7608110532926611
0.4634793327819995,0.7608110532926611
0.4634793327819995,0.7609904898618338
0.4634949365705993,0.7609904898618338
0.4634949365705993,0.7611699264310067
0.4635105403591992,0.7611699264310067
0.4635105403591992,0.7613493630001794
0.4636665782451979,0.7613493630001794
0.4636665782451979,0.761708236138525
0.4636977858223977,0.761708236138525
0.4638070123425968,0.761708236138525
0.4638070123425968,0.7618876727076979
0.4638382199197965,0.7618876727076979
0.4638382199197965,0.7620671092768706
0.46399425780579523,0.7620671092768706
0.46399425780579523,0.7622465458460435
0.4642283146347933,0.7622465458460435
0.4642283146347933,0.7624259824152162
0.4643999563093919,0.7624259824152162
0.4643999563093919,0.762605418984389
0.46447797525239126,0.762605418984389
0.46447797525239126,0.7627848555535618
0.46494608891038747,0.7627848555535618
0.46494608891038747,0.7629642921227346
0.4650865230077863,0.7629642921227346
0.4650865230077863,0.7631437286919074
0.465117730584986,0.7631437286919074
0.46516454195078566,0.7631437286919074
0.46519574952798537,0.7631437286919074
0.46522695710518513,0.7631437286919074
0.4654298063569835,0.7631437286919074
0.4654298063569835,0.7633231652610802
0.46557024045438233,0.7633231652610802
0.46560144803158204,0.7633231652610802
0.4656950707631813,0.7633231652610802
0.4656950707631813,0.763502601830253
0.4658355048605802,0.763502601830253
0.4658667124377799,0.763502601830253
0.4659915427465789,0.763502601830253
0.4659915427465789,0.7636820383994258
0.4660071465351787,0.7636820383994258
0.4660071465351787,0.7640409115377714
0.4663816374615757,0.7640409115377714
0.4663816374615757,0.7642203481069442
0.46644405261597516,0.7642203481069442
0.4664752601931749,0.7642203481069442
0.4665688829247741,0.7642203481069442
0.4665688829247741,0.764399784676117
0.4666000905019739,0.764399784676117
0.46663129807917364,0.764399784676117
0.4667249208107729,0.764399784676117
0.4667249208107729,0.7645792212452898
0.4669745814283708,0.7645792212452898
0.4669745814283708,0.7647586578144626
0.4671150155257697,0.7647586578144626
0.4671150155257697,0.7649380943836354
0.46717743068016915,0.7649380943836354
0.46717743068016915,0.7651175309528082
0.46719303446876903,0.7651175309528082
0.46722424204596874,0.7651175309528082
0.46753631781796623,0.7651175309528082
0.46753631781796623,0.765296967521981
0.46772356328116466,0.765296967521981
0.4677547708583644,0.765296967521981
0.46842573376815894,0.765296967521981
0.46844133755675876,0.7654764040911538
0.4685505640769579,0.7654764040911538
0.46858177165415765,0.7654764040911538
0.4685973754427575,0.7654764040911538
0.46862858301995725,0.7654764040911538
0.4687066019629566,0.7654764040911538
0.46873780954015637,0.7654764040911538
0.46883143227175555,0.7654764040911538
0.4688938474261551,0.7654764040911538
0.4689250550033548,0.7654764040911538
0.46895626258055456,0.7654764040911538
0.4691123004665533,0.7654764040911538
0.46914350804375304,0.7654764040911538
0.46929954592975176,0.7654764040911538
0.46933075350695147,0.7654764040911538
0.46940877244995083,0.7654764040911538
0.4694399800271506,0.7654764040911538
0.46947118760435036,0.7654764040911538
0.46947118760435036,0.7656558406603265
0.469752055799148,0.7656558406603265
0.469752055799148,0.7658352772294994
0.46986128231934715,0.7658352772294994
0.46989248989654686,0.7658352772294994
0.47003292399394575,0.7658352772294994
0.47003292399394575,0.7660147137986721
0.4702669808229438,0.7660147137986721
0.4702669808229438,0.766194150367845
0.47036060355454307,0.766194150367845
0.4703918111317428,0.766194150367845
0.4709067361555386,0.766194150367845
0.4709067361555386,0.7663735869370177
0.4710471702529374,0.7663735869370177
0.4711095854073369,0.7663735869370177
0.47118760435033624,0.7663735869370177
0.4712032081389361,0.7665530235061906
0.4712500195047358,0.7665530235061906
0.4712500195047358,0.7667324600753633
0.47135924602493484,0.7667324600753633
0.47135924602493484,0.7669118966445362
0.4714372649679342,0.7669118966445362
0.47146847254513397,0.7669118966445362
0.4714996801223337,0.7669118966445362
0.47151528391093356,0.7670913332137089
0.4716713217969323,0.7670913332137089
0.4716713217969323,0.7672707697828818
0.4717805483171314,0.7672707697828818
0.4718429634715309,0.7672707697828818
0.4719365862031301,0.7672707697828818
0.4719365862031301,0.7674502063520545
0.472311077129527,0.7674502063520545
0.4723422847067268,0.7674502063520545
0.4723890960725264,0.7674502063520545
0.4723890960725264,0.7676296429212274
0.4725139263813254,0.7676296429212274
0.4725139263813254,0.7678090794904001
0.47260754911292463,0.7678090794904001
0.47263875669012434,0.7678090794904001
0.4728884173077223,0.7678090794904001
0.47291962488492206,0.7678090794904001
0.47291962488492206,0.767988516059573
0.47316928550252,0.767988516059573
0.47316928550252,0.7685268257670913
0.4732160968683196,0.7685268257670913
0.4732473044455194,0.7685268257670913
0.4733877385429182,0.7685268257670913
0.4733877385429182,0.7687062623362642
0.473418946120118,0.7687062623362642
0.473418946120118,0.7688856989054369
0.4735593802175168,0.7688856989054369
0.4735593802175168,0.7692445720437825
0.47363739916051617,0.7692445720437825
0.47366860673771594,0.7692445720437825
0.47368421052631576,0.7692445720437825
0.47368421052631576,0.7694240086129553
0.47371541810351553,0.7694240086129553
0.4737466256807153,0.7694240086129553
0.4737934370465149,0.7694240086129553
0.47380904083511477,0.7696034451821281
0.47384024841231454,0.7696034451821281
0.47387145598951425,0.7696034451821281
0.4740743052413126,0.7696034451821281
0.4740743052413126,0.7697828817513009
0.47408990902991244,0.7697828817513009
0.47408990902991244,0.7699623183204737
0.47419913555011156,0.7699623183204737
0.47419913555011156,0.7701417548896465
0.4743395696475104,0.7701417548896465
0.47437077722471016,0.7701417548896465
0.4744019848019099,0.7701417548896465
0.4744019848019099,0.7703211914588193
0.47441758859050975,0.7703211914588193
0.4744487961677095,0.7703211914588193
0.4745268151107089,0.7703211914588193
0.47455802268790864,0.7703211914588193
0.4746984567853075,0.7703211914588193
0.47472966436250724,0.7703211914588193
0.47472966436250724,0.7705006280279921
0.47494811740290543,0.7705006280279921
0.47494811740290543,0.7706800645971649
0.4751665704433036,0.7706800645971649
0.4751665704433036,0.7708595011663377
0.4755566651583004,0.7708595011663377
0.4755566651583004,0.7710389377355105
0.47561908031269995,0.7710389377355105
0.47565028788989966,0.7710389377355105
0.4758063257758984,0.7710389377355105
0.4758063257758984,0.7712183743046833
0.475853137141698,0.7712183743046833
0.47588434471889773,0.7712183743046833
0.4759311560846974,0.7712183743046833
0.4759311560846974,0.7713978108738561
0.47599357123909686,0.7713978108738561
0.47599357123909686,0.7715772474430289
0.476102797759296,0.7715772474430289
0.476102797759296,0.7717566840122017
0.47674255309189073,0.7717566840122017
0.47675815688049056,0.7719361205813745
0.47677376066909044,0.7719361205813745
0.47677376066909044,0.7721155571505472
0.47750713873328443,0.7721155571505472
0.47750713873328443,0.7722949937197201
0.4778660258710815,0.7722949937197201
0.4778660258710815,0.7724744302888928
0.4782561205860783,0.7724744302888928
0.4782561205860783,0.7726538668580657
0.47828732816327807,0.7726538668580657
0.47828732816327807,0.7728333034272384
0.47855259256947585,0.7728333034272384
0.47855259256947585,0.7730127399964113
0.4791611403248709,0.7730127399964113
0.4791923479020706,0.7730127399964113
0.4793015744222697,0.7730127399964113
0.4793015744222697,0.773192176565584
0.4794888198854682,0.773192176565584
0.4795200274626679,0.773192176565584
0.4799881411206641,0.773192176565584
0.4799881411206641,0.7733716131347569
0.48001934869786383,0.7733716131347569
0.48001934869786383,0.7735510497039296
0.4800349524864637,0.7735510497039296
0.4800349524864637,0.7737304862731025
0.4800505562750636,0.7737304862731025
0.4800817638522633,0.7737304862731025
0.4800817638522633,0.7739099228422752
0.4802690093154618,0.7739099228422752
0.4802690093154618,0.7740893594114481
0.48056548129885934,0.7740893594114481
0.4805966888760591,0.7740893594114481
0.4806435002418587,0.7740893594114481
0.48067470781905847,0.7740893594114481
0.4807683305506577,0.7740893594114481
0.4807995381278574,0.7740893594114481
0.48103359495685555,0.7740893594114481
0.48106480253405526,0.7740893594114481
0.48128325557445345,0.7740893594114481
0.48128325557445345,0.7742687959806208
0.4816889540780501,0.7742687959806208
0.4816889540780501,0.7744482325497937
0.4817201616552499,0.7744482325497937
0.48175136923244966,0.7744482325497937
0.48179818059824925,0.7744482325497937
0.48179818059824925,0.7746276691189664
0.481829388175449,0.7746276691189664
0.481829388175449,0.7748071056881393
0.48218827531324604,0.7748071056881393
0.4822038791018459,0.774986542257312
0.482562766239643,0.774986542257312
0.4825939738168427,0.774986542257312
0.48303087989763915,0.774986542257312
0.48303087989763915,0.7751659788264849
0.483171313995038,0.7751659788264849
0.48320252157223775,0.7751659788264849
0.483296144303837,0.7751659788264849
0.483296144303837,0.7753454153956576
0.48342097461263595,0.7753454153956576
0.48342097461263595,0.7755248519648305
0.48343657840123583,0.7755248519648305
0.48346778597843554,0.7755248519648305
0.4834833897670354,0.7755248519648305
0.4834833897670354,0.7757042885340032
0.483655031441634,0.7757042885340032
0.4836862390188338,0.7757042885340032
0.48376425796183314,0.7757042885340032
0.48379546553903285,0.7757042885340032
0.483904692059232,0.7757042885340032
0.483904692059232,0.775883725103176
0.48393589963643174,0.775883725103176
0.48393589963643174,0.7760631616723488
0.4840607299452307,0.7760631616723488
0.48409193752243046,0.7760631616723488
0.4843415981400284,0.7760631616723488
0.4843415981400284,0.7762425982415216
0.484388409505828,0.7762425982415216
0.484388409505828,0.7764220348106944
0.48448203223742725,0.7764220348106944
0.48448203223742725,0.7766014713798672
0.4845756549690265,0.7766014713798672
0.4845756549690265,0.77678090794904
0.4846224663348261,0.77678090794904
0.4846224663348261,0.7769603445182128
0.4847160890664253,0.7769603445182128
0.4847160890664253,0.7771397810873856
0.4847316928550252,0.7771397810873856
0.4847316928550252,0.7773192176565584
0.4847785042208248,0.7773192176565584
0.4847785042208248,0.7774986542257312
0.48502816483842276,0.7774986542257312
0.48502816483842276,0.777678090794904
0.48541825955341955,0.777678090794904
0.48541825955341955,0.7780369639332496
0.4854806747078191,0.7780369639332496
0.4854962784964189,0.7782164005024224
0.48555869365081844,0.7782164005024224
0.48555869365081844,0.7783958370715952
0.4856367125938178,0.7783958370715952
0.4856679201710175,0.7783958370715952
0.485730335325417,0.7783958370715952
0.48576154290261675,0.7783958370715952
0.4858083542684164,0.7783958370715952
0.4858083542684164,0.778575273640768
0.4858707694228159,0.778575273640768
0.4858707694228159,0.7787547102099408
0.48594878836581523,0.7787547102099408
0.48594878836581523,0.7791135833482864
0.48597999594301494,0.7791135833482864
0.4860112035202147,0.7791135833482864
0.4860112035202147,0.7792930199174591
0.4860736186746142,0.7792930199174591
0.4860736186746142,0.779472456486632
0.48608922246321407,0.779472456486632
0.48608922246321407,0.7796518930558047
0.4863544868694119,0.7796518930558047
0.4863544868694119,0.7798313296249776
0.4864012982352115,0.7798313296249776
0.4864012982352115,0.7800107661941503
0.4869318270476072,0.7800107661941503
0.4869630346248069,0.7800107661941503
0.4869630346248069,0.7801902027633232
0.48733752555120385,0.7801902027633232
0.48739994070560333,0.7801902027633232
0.48775882784340036,0.7801902027633232
0.4877900354206001,0.7801902027633232
0.4878368467863997,0.7801902027633232
0.4878368467863997,0.7803696393324959
0.48788365815219936,0.7803696393324959
0.48791486572939907,0.7803696393324959
0.48846099833039464,0.7803696393324959
0.48846099833039464,0.7805490759016688
0.48849220590759435,0.7805490759016688
0.48850780969619423,0.7807285124708415
0.488539017273394,0.7807285124708415
0.4887574703137922,0.7807285124708415
0.48878867789099195,0.7807285124708415
0.48894471577699067,0.7807285124708415
0.4889759233541904,0.7807285124708415
0.48899152714279026,0.7807285124708415
0.48900713093139014,0.7809079490400144
0.48900713093139014,0.7810873856091871
0.48911635745158927,0.7810873856091871
0.489147565028789,0.7810873856091871
0.48939722564638694,0.7810873856091871
0.48939722564638694,0.78126682217836
0.4894284332235867,0.78126682217836
0.4894284332235867,0.7814462587475327
0.48989654688158285,0.7814462587475327
0.4899277544587826,0.7814462587475327
0.4900369809789817,0.7814462587475327
0.4900369809789817,0.7816256953167056
0.49023983023078005,0.7816256953167056
0.49027103780797976,0.7816256953167056
0.4904738870597781,0.7816256953167056
0.4904738870597781,0.7818051318858783
0.4905987173685771,0.7818051318858783
0.49062992494577684,0.7818051318858783
0.4907547552545758,0.7818051318858783
0.4907547552545758,0.7819845684550512
0.49080156662037544,0.7819845684550512
0.49083277419757515,0.7819845684550512
0.4909420007177743,0.7819845684550512
0.49097320829497404,0.7819845684550512
0.4910356234493735,0.7819845684550512
0.4910356234493735,0.7821640050242239
0.4910824348151731,0.7821640050242239
0.4911136423923729,0.7823434415933967
0.49139451058717054,0.7823434415933967
0.49139451058717054,0.7825228781625695
0.49145692574157007,0.7825228781625695
0.49145692574157007,0.7827023147317423
0.49173779393636774,0.7827023147317423
0.49173779393636774,0.7828817513009151
0.4918158128793671,0.7828817513009151
0.4918158128793671,0.7830611878700879
0.49186262424516675,0.7830611878700879
0.49186262424516675,0.7832406244392607
0.4919406431881661,0.7832406244392607
0.4919406431881661,0.7834200610084335
0.4919874545539657,0.7834200610084335
0.4919874545539657,0.7835994975776063
0.4920498697083652,0.7835994975776063
0.4920498697083652,0.7837789341467791
0.49228392653736325,0.7837789341467791
0.49228392653736325,0.7839583707159519
0.4925179833663614,0.7839583707159519
0.4925491909435611,0.7839583707159519
0.49264281367516033,0.7839583707159519
0.49264281367516033,0.7841378072851247
0.4926740212523601,0.7841378072851247
0.4926740212523601,0.7843172438542975
0.49279885156115905,0.7843172438542975
0.49279885156115905,0.7844966804234703
0.49284566292695864,0.7844966804234703
0.4928768705041584,0.7844966804234703
0.4929392856585579,0.7844966804234703
0.49295488944715776,0.7846761169926431
0.4930017008129574,0.7846761169926431
0.4930017008129574,0.7848555535618159
0.49301730460155724,0.7848555535618159
0.493048512178757,0.7848555535618159
0.4930953235445566,0.7848555535618159
0.49312653112175636,0.7848555535618159
0.4934542106823537,0.7848555535618159
0.49351662583675315,0.7848555535618159
0.49375068266575123,0.7848555535618159
0.49375068266575123,0.7850349901309887
0.49385990918595035,0.7850349901309887
0.4938911167631501,0.7850349901309887
0.49406275843774866,0.7850349901309887
0.49406275843774866,0.7852144267001615
0.4941095698035483,0.7852144267001615
0.4941095698035483,0.7853938632693342
0.4943280228439465,0.7853938632693342
0.4943280228439465,0.7855732998385071
0.49435923042114627,0.7855732998385071
0.494390437998346,0.7855732998385071
0.49442164557554574,0.7855732998385071
0.494515268307145,0.7855732998385071
0.494515268307145,0.7857527364076798
0.49464009861594394,0.7857527364076798
0.49464009861594394,0.7859321729768527
0.49470251377034347,0.7859321729768527
0.49476492892474294,0.7859321729768527
0.49479613650194265,0.7859321729768527
0.49479613650194265,0.7861116095460254
0.4948585516563422,0.7861116095460254
0.4948897592335419,0.7861116095460254
0.4948897592335419,0.7862910461151983
0.49492096681074166,0.7862910461151983
0.49495217438794137,0.7862910461151983
0.49495217438794137,0.786470482684371
0.49509260848534026,0.786470482684371
0.49512381606253997,0.786470482684371
0.49513941985113985,0.786470482684371
0.4951706274283396,0.786470482684371
0.49531106152573845,0.786470482684371
0.49531106152573845,0.7866499192535439
0.49551391077753676,0.7866499192535439
0.49551391077753676,0.7871882289610622
0.49552951456613664,0.7871882289610622
0.49552951456613664,0.7873676655302351
0.4955607221433364,0.7873676655302351
0.4955607221433364,0.7875471020994078
0.4955763259319363,0.7875471020994078
0.495607533509136,0.7875471020994078
0.4957479676065349,0.7875471020994078
0.4957479676065349,0.7877265386685807
0.4962784964189305,0.7877265386685807
0.4962941002075304,0.7879059752377534
0.49637211915052976,0.7879059752377534
0.49637211915052976,0.7880854118069263
0.4966217797681277,0.7880854118069263
0.4966217797681277,0.788264848376099
0.4966841949225272,0.788264848376099
0.4966841949225272,0.7884442849452719
0.4970586858489241,0.7884442849452719
0.49708989342612386,0.7884442849452719
0.49726153510072246,0.7884442849452719
0.49726153510072246,0.7886237215144446
0.49746438435252077,0.7886237215144446
0.49746438435252077,0.7888031580836175
0.4975111957183204,0.7888031580836175
0.4975111957183204,0.7889825946527902
0.4975736108727199,0.7889825946527902
0.49760481844991966,0.7889825946527902
0.4979637055877167,0.7889825946527902
0.4979637055877167,0.789162031221963
0.49801051695351634,0.789162031221963
0.49801051695351634,0.7893414677911358
0.4980885358965157,0.7893414677911358
0.4980885358965157,0.7895209043603086
0.49815095105091517,0.7895209043603086
0.4981821586281149,0.7895209043603086
0.49838500787991324,0.7895209043603086
0.49838500787991324,0.7897003409294814
0.49877510259491004,0.7897003409294814
0.49877510259491004,0.7898797774986542
0.4989779518467084,0.7898797774986542
0.4989779518467084,0.790059214067827
0.4993524427731053,0.790059214067827
0.4993680465617052,0.7902386506369998
0.49994538673990047,0.7902386506369998
0.49994538673990047,0.7904180872061726
0.49999219810570006,0.7904180872061726
0.49999219810570006,0.7905975237753454
0.5000234056828998,0.7905975237753454
0.5000702170486995,0.7905975237753454
0.5001326322030989,0.7905975237753454
0.5002106511460983,0.7905975237753454
0.5002418587232981,0.7905975237753454
0.5003198776662974,0.7905975237753454
0.5003510852434971,0.7905975237753454
0.500491519340896,0.7905975237753454
0.5005227269180957,0.7905975237753454
0.5011312746734907,0.7905975237753454
0.5011312746734907,0.7907769603445182
0.5011468784620906,0.7907769603445182
0.5011780860392904,0.7907769603445182
0.5012561049822897,0.7907769603445182
0.5012561049822897,0.7911358334828638
0.5012717087708896,0.7911358334828638
0.5013029163480893,0.7911358334828638
0.5013809352910886,0.7911358334828638
0.5013809352910886,0.7913152700520366
0.5015057655998877,0.7913152700520366
0.5015057655998877,0.7914947066212094
0.5015993883314869,0.7914947066212094
0.5015993883314869,0.7916741431903822
0.5017866337946854,0.7916741431903822
0.5017866337946854,0.7920330163287278
0.5021455209324824,0.7920330163287278
0.5021455209324824,0.7922124528979005
0.5023015588184812,0.7922124528979005
0.5023015588184812,0.7923918894670734
0.5023483701842807,0.7923918894670734
0.5023483701842807,0.7925713260362461
0.502551219436079,0.7925713260362461
0.502551219436079,0.792750762605419
0.5026448421676784,0.792750762605419
0.5026448421676784,0.7929301991745917
0.5026604459562782,0.7929301991745917
0.5026604459562782,0.7931096357437646
0.5026916535334779,0.7931096357437646
0.5026916535334779,0.7932890723129373
0.5027228611106777,0.7932890723129373
0.5027696724764773,0.7932890723129373
0.5028008800536771,0.7932890723129373
0.5028320876308767,0.7932890723129373
0.5030661444598749,0.7932890723129373
0.5030661444598749,0.7934685088821102
0.5032221823458736,0.7934685088821102
0.5032377861344735,0.7936479454512829
0.50365908842667,0.7936479454512829
0.5036902960038697,0.7936479454512829
0.5039555604100676,0.7936479454512829
0.5039555604100676,0.7938273820204558
0.5044080702794639,0.7938273820204558
0.5044392778566636,0.7938273820204558
0.5045329005882628,0.7938273820204558
0.5045329005882628,0.7940068185896285
0.5046577308970618,0.7940068185896285
0.5046889384742616,0.7940068185896285
0.5048137687830605,0.7940068185896285
0.5048449763602603,0.7940068185896285
0.5050946369778582,0.7940068185896285
0.5050946369778582,0.7941862551588014
0.5056875809446534,0.7941862551588014
0.5056875809446534,0.7943656917279741
0.5057187885218531,0.7943656917279741
0.5058124112534523,0.7943656917279741
0.5058124112534523,0.794545128297147
0.5064521665860471,0.794545128297147
0.5064521665860471,0.7947245648663197
0.5065613931062461,0.7947245648663197
0.506576996894846,0.7949040014354926
0.5066862234150452,0.7949040014354926
0.5067174309922449,0.7949040014354926
0.5067798461466444,0.7949040014354926
0.5068110537238442,0.7949040014354926
0.5069358840326431,0.7949040014354926
0.5069358840326431,0.7950834380046653
0.5069826953984428,0.7950834380046653
0.5070139029756425,0.7950834380046653
0.5070451105528422,0.7950834380046653
0.5070451105528422,0.7952628745738382
0.5076536583082373,0.7952628745738382
0.5076536583082373,0.7956217477121837
0.5077316772512366,0.7956217477121837
0.5077316772512366,0.7958011842813565
0.5080905643890337,0.7958011842813565
0.5080905643890337,0.7959806208505293
0.5082622060636323,0.7959806208505293
0.5082622060636323,0.7961600574197021
0.5083090174294319,0.7961600574197021
0.5083090174294319,0.7963394939888749
0.5083558287952314,0.7963394939888749
0.5083870363724312,0.7963394939888749
0.5087147159330285,0.7963394939888749
0.5087303197216284,0.7965189305580477
0.5089175651848269,0.7965189305580477
0.5089175651848269,0.7966983671272205
0.5090111879164261,0.7966983671272205
0.5090111879164261,0.7968778036963933
0.5093232636884235,0.7968778036963933
0.5093232636884235,0.7970572402655661
0.5093544712656233,0.7970572402655661
0.5093544712656233,0.7972366768347389
0.5094168864200228,0.7972366768347389
0.5094480939972226,0.7972366768347389
0.5096509432490208,0.7972366768347389
0.5096509432490208,0.7974161134039117
0.5100254341754178,0.7974161134039117
0.5100254341754178,0.7975955499730845
0.5104623402562142,0.7975955499730845
0.5104623402562142,0.7977749865422573
0.5107744160282116,0.7977749865422573
0.5107744160282116,0.7979544231114301
0.5108368311826111,0.7979544231114301
0.510852434971211,0.7981338596806029
0.5111333031660087,0.7981338596806029
0.5111645107432085,0.7981338596806029
0.5112113221090081,0.7981338596806029
0.5112113221090081,0.7983132962497757
0.5112425296862078,0.7983132962497757
0.5112893410520074,0.7983132962497757
0.5113049448406073,0.7984927328189485
0.5113673599950068,0.7984927328189485
0.5113673599950068,0.7986721693881212
0.5114765865152059,0.7986721693881212
0.5115077940924057,0.7986721693881212
0.5115233978810055,0.7986721693881212
0.5115233978810055,0.7988516059572941
0.5121007380592008,0.7988516059572941
0.5121475494250004,0.7988516059572941
0.5122723797337994,0.7988516059572941
0.5122723797337994,0.7990310425264668
0.5124128138311982,0.7990310425264668
0.5124128138311982,0.7993899156648124
0.5124752289855977,0.7993899156648124
0.5124752289855977,0.7995693522339853
0.512553247928597,0.7995693522339853
0.512553247928597,0.799748788803158
0.512693682025996,0.799748788803158
0.5127248896031956,0.799748788803158
0.5131461918953922,0.799748788803158
0.5131461918953922,0.7999282253723309
0.513177399472592,0.7999282253723309
0.5132086070497917,0.7999282253723309
0.5133646449357904,0.7999282253723309
0.5133646449357904,0.8001076619415037
0.5133958525129901,0.8001076619415037
0.5134270600901899,0.8001076619415037
0.5134426638787898,0.8001076619415037
0.5134738714559896,0.8001076619415037
0.5135050790331892,0.8001076619415037
0.5135050790331892,0.8002870985106765
0.5136143055533884,0.8002870985106765
0.5136143055533884,0.8006459716490221
0.5137703434393871,0.8006459716490221
0.5138015510165869,0.8006459716490221
0.513895173748186,0.8006459716490221
0.513895173748186,0.8008254082181949
0.5139263813253858,0.8008254082181949
0.5139263813253858,0.8010048447873677
0.5143164760403826,0.8010048447873677
0.5143164760403826,0.8011842813565405
0.5144569101377815,0.8011842813565405
0.5144569101377815,0.8013637179257133
0.5144881177149812,0.8013637179257133
0.5145193252921809,0.8013637179257133
0.514753382121179,0.8013637179257133
0.514753382121179,0.8015431544948861
0.5149874389501771,0.8015431544948861
0.5149874389501771,0.8017225910640589
0.5151902882019754,0.8017225910640589
0.5152214957791752,0.8017225910640589
0.5154711563967731,0.8017225910640589
0.5154711563967731,0.8019020276332317
0.515486760185373,0.8019020276332317
0.515486760185373,0.8020814642024044
0.5155803829169723,0.8020814642024044
0.5156115904941719,0.8020814642024044
0.5156584018599716,0.8020814642024044
0.5156740056485715,0.8022609007715773
0.5157520245915709,0.8022609007715773
0.5157520245915709,0.80244033734075
0.5159236662661695,0.80244033734075
0.5159548738433691,0.80244033734075
0.5159860814205689,0.80244033734075
0.5160172889977687,0.80244033734075
0.5160172889977687,0.8026197739099229
0.5160641003635683,0.8026197739099229
0.5161109117293678,0.8026197739099229
0.5161265155179677,0.8026197739099229
0.5161577230951675,0.8026197739099229
0.5166882519075632,0.8026197739099229
0.5167194594847629,0.8026197739099229
0.5169067049479613,0.8026197739099229
0.5169067049479613,0.8027992104790956
0.5170471390453603,0.8027992104790956
0.5170471390453603,0.8029786470482685
0.5172187807199589,0.8029786470482685
0.5172187807199589,0.8031580836174412
0.5173904223945573,0.8031580836174412
0.5174060261831572,0.8033375201866141
0.517437233760357,0.8033375201866141
0.517437233760357,0.8035169567557868
0.5176088754349556,0.8035169567557868
0.5176088754349556,0.8036963933249597
0.5178897436297533,0.8036963933249597
0.5179053474183531,0.8038758298941324
0.5179677625727527,0.8038758298941324
0.5179677625727527,0.8040552664633053
0.5179833663613526,0.8040552664633053
0.5180145739385523,0.8040552664633053
0.5180301777271522,0.8040552664633053
0.5180613853043519,0.8040552664633053
0.5181081966701515,0.8040552664633053
0.5181394042473513,0.8040552664633053
0.5182174231903506,0.8040552664633053
0.5182174231903506,0.804234703032478
0.5182798383447501,0.804234703032478
0.5182798383447501,0.8044141396016509
0.51829544213335,0.8044141396016509
0.51829544213335,0.8045935761708236
0.5183110459219499,0.8045935761708236
0.5183422534991496,0.8045935761708236
0.5184670838079486,0.8045935761708236
0.5184982913851484,0.8045935761708236
0.5184982913851484,0.8047730127399965
0.5186231216939473,0.8047730127399965
0.5186543292711471,0.8047730127399965
0.519013216408944,0.8047730127399965
0.5190444239861438,0.8047730127399965
0.5191848580835426,0.8047730127399965
0.5192160656607424,0.8047730127399965
0.5192316694493423,0.8047730127399965
0.5192316694493423,0.8049524493091692
0.5193096883923417,0.8049524493091692
0.5193096883923417,0.8051318858783421
0.5193564997581412,0.8051318858783421
0.5193564997581412,0.8053113224475148
0.5194033111239409,0.8053113224475148
0.5194033111239409,0.8054907590166877
0.519637367952939,0.8054907590166877
0.519637367952939,0.8056701955858604
0.5196685755301387,0.8056701955858604
0.5196997831073384,0.8056701955858604
0.520479972537332,0.8056701955858604
0.520479972537332,0.8058496321550332
0.5210729165041272,0.8058496321550332
0.5210729165041272,0.806029068724206
0.5211041240813269,0.806029068724206
0.5211353316585267,0.806029068724206
0.5212601619673257,0.806029068724206
0.5212601619673257,0.8062085052933788
0.5212757657559255,0.8062085052933788
0.5212757657559255,0.8063879418625516
0.5212913695445254,0.8063879418625516
0.5212913695445254,0.8065673784317244
0.5213537846989249,0.8065673784317244
0.5213537846989249,0.8067468150008972
0.5216970680481221,0.8067468150008972
0.5217282756253219,0.8067468150008972
0.5219311248771201,0.8067468150008972
0.5219311248771201,0.80692625157007
0.5220403513973193,0.80692625157007
0.5220715589745191,0.80692625157007
0.5220715589745191,0.8071056881392428
0.5222900120149172,0.8071056881392428
0.5222900120149172,0.8072851247084156
0.5225240688439153,0.8072851247084156
0.5225240688439153,0.8074645612775884
0.5227893332501131,0.8074645612775884
0.5228205408273129,0.8074645612775884
0.5231482203879102,0.8074645612775884
0.5231638241765101,0.8076439978467612
0.5233666734283084,0.8076439978467612
0.5233978810055081,0.8076439978467612
0.5234758999485075,0.8076439978467612
0.5234758999485075,0.807823434415934
0.5235071075257073,0.807823434415934
0.5235383151029069,0.807823434415934
0.5239440136065037,0.807823434415934
0.5239440136065037,0.8080028709851068
0.5239596173951035,0.8080028709851068
0.5239908249723033,0.8080028709851068
0.524022032549503,0.8080028709851068
0.5240532401267027,0.8081823075542796
0.5243185045329006,0.8081823075542796
0.5243185045329006,0.8083617441234524
0.5244745424188993,0.8083617441234524
0.5244745424188993,0.8085411806926251
0.5245681651504985,0.8085411806926251
0.5245681651504985,0.808720617261798
0.5247242030364972,0.808720617261798
0.524755410613697,0.808720617261798
0.524755410613697,0.8089000538309707
0.5247866181908968,0.8089000538309707
0.5247866181908968,0.8090794904001436
0.5248334295566963,0.8090794904001436
0.5248646371338961,0.8092589269693163
0.5250362788084947,0.8092589269693163
0.5250362788084947,0.8094383635384892
0.5252235242716932,0.8094383635384892
0.5252235242716932,0.8096178001076619
0.5253171470032924,0.8096178001076619
0.5253171470032924,0.8097972366768348
0.5256604303524895,0.8097972366768348
0.5256604303524895,0.8099766732460075
0.5257696568726887,0.8099766732460075
0.5258008644498884,0.8099766732460075
0.5258164682384883,0.8099766732460075
0.5258164682384883,0.8101561098151804
0.5263001856850843,0.8101561098151804
0.5263313932622841,0.8101561098151804
0.5268931296518795,0.8101561098151804
0.5269243372290792,0.8101561098151804
0.5270179599606785,0.8101561098151804
0.5270491675378782,0.8101561098151804
0.5270959789036778,0.8101561098151804
0.5270959789036778,0.8103355463843531
0.5272208092124768,0.8103355463843531
0.5272520167896765,0.8103355463843531
0.5272832243668762,0.8103355463843531
0.527314431944076,0.8103355463843531
0.5274548660414748,0.8103355463843531
0.5274548660414748,0.810514982953526
0.5276109039274736,0.810514982953526
0.5276421115046733,0.810514982953526
0.5276733190818731,0.810514982953526
0.5276733190818731,0.8106944195226987
0.5277357342362725,0.8106944195226987
0.5277669418134723,0.8106944195226987
0.5277825456020722,0.8106944195226987
0.5277825456020722,0.8108738560918716
0.5280322062196702,0.8108738560918716
0.5280478100082701,0.8110532926610443
0.528297470625868,0.8110532926610443
0.528297470625868,0.8112327292302172
0.5284379047232668,0.8112327292302172
0.5284847160890664,0.8112327292302172
0.5287967918610639,0.8112327292302172
0.5287967918610639,0.8114121657993899
0.5290620562672617,0.8114121657993899
0.5290620562672617,0.8115916023685628
0.5290932638444614,0.8115916023685628
0.5290932638444614,0.8117710389377355
0.5292024903646605,0.8117710389377355
0.5292024903646605,0.8121299120760811
0.5292493017304601,0.8121299120760811
0.5292493017304601,0.812309348645254
0.5294053396164589,0.812309348645254
0.5294053396164589,0.8124887852144267
0.5295145661366579,0.8124887852144267
0.5295145661366579,0.8126682217835995
0.5296550002340569,0.8126682217835995
0.5296550002340569,0.8128476583527723
0.529998283583254,0.8128476583527723
0.529998283583254,0.8130270949219451
0.5300138873718538,0.8130270949219451
0.5300294911604537,0.8132065314911179
0.5301855290464524,0.8132065314911179
0.5302167366236522,0.8132065314911179
0.5302167366236522,0.8133859680602907
0.5302635479894519,0.8133859680602907
0.5302635479894519,0.8135654046294635
0.530357170721051,0.8135654046294635
0.530357170721051,0.8137448411986363
0.5304351896640505,0.8137448411986363
0.5304351896640505,0.8139242777678091
0.53048200102985,0.8139242777678091
0.53048200102985,0.8141037143369819
0.5305600199728494,0.8141037143369819
0.5305912275500492,0.8141037143369819
0.5307628692246478,0.8141037143369819
0.5307628692246478,0.8142831509061547
0.5307940768018475,0.8142831509061547
0.5311529639396445,0.8142831509061547
0.5311529639396445,0.8144625874753275
0.5312933980370433,0.8144625874753275
0.5313246056142431,0.8144625874753275
0.5313558131914429,0.8144625874753275
0.5313558131914429,0.8146420240445003
0.5315586624432412,0.8146420240445003
0.5315586624432412,0.8150008971828459
0.5315742662318411,0.8150008971828459
0.5316054738090409,0.8150008971828459
0.5318707382152387,0.8150008971828459
0.5318707382152387,0.8151803337520187
0.532073587467037,0.8151803337520187
0.532073587467037,0.8153597703211914
0.5321203988328366,0.8153597703211914
0.5321203988328366,0.8155392068903643
0.5321828139872361,0.8155392068903643
0.5321828139872361,0.815718643459537
0.532806965531231,0.815718643459537
0.532806965531231,0.8158980800287099
0.5329473996286298,0.8158980800287099
0.5329473996286298,0.8160775165978826
0.5338212117902227,0.8160775165978826
0.5338212117902227,0.8162569531670555
0.5339928534648213,0.8162569531670555
0.5339928534648213,0.8164363897362282
0.5340708724078206,0.8164363897362282
0.5340708724078206,0.8166158263054011
0.5341957027166196,0.8166158263054011
0.5341957027166196,0.8167952628745738
0.5344297595456177,0.8167952628745738
0.5344297595456177,0.8169746994437467
0.5345701936430165,0.8169746994437467
0.5346170050088161,0.8169746994437467
0.5346638163746158,0.8169746994437467
0.5346638163746158,0.8171541360129194
0.5348354580492144,0.8171541360129194
0.5348354580492144,0.8173335725820923
0.5349446845694135,0.8173335725820923
0.5349446845694135,0.817513009151265
0.5351787413984115,0.817513009151265
0.5352099489756112,0.817513009151265
0.5352255527642111,0.817513009151265
0.5352567603414109,0.817513009151265
0.5353035717072105,0.817513009151265
0.5353035717072105,0.8176924457204379
0.5355844399020082,0.8176924457204379
0.5355844399020082,0.8178718822896106
0.535615647479208,0.8178718822896106
0.535615647479208,0.8180513188587835
0.5358184967310062,0.8180513188587835
0.535849704308206,0.8180513188587835
0.5359745346170051,0.8180513188587835
0.5360057421942047,0.8180513188587835
0.5362710066004026,0.8180513188587835
0.5362710066004026,0.8182307554279562
0.5363022141776024,0.8182307554279562
0.5363646293320018,0.8182307554279562
0.5363646293320018,0.818410191997129
0.5364270444864013,0.818410191997129
0.5364270444864013,0.8185896285663018
0.5364582520636011,0.8185896285663018
0.5366611013153993,0.8185896285663018
0.5366611013153993,0.8189485017046474
0.5370355922417963,0.8189485017046474
0.5370355922417963,0.8191279382738202
0.5371760263391951,0.8191279382738202
0.5372072339163949,0.8191279382738202
0.5372072339163949,0.819307374842993
0.5377221589401907,0.819307374842993
0.5377221589401907,0.8194868114121658
0.5377377627287906,0.8194868114121658
0.5377689703059902,0.8194868114121658
0.5378313854603898,0.8194868114121658
0.5378313854603898,0.8196662479813386
0.538658386256183,0.8196662479813386
0.538658386256183,0.8198456845505114
0.5387364051991823,0.8198456845505114
0.5387364051991823,0.8200251211196842
0.5387520089877822,0.8200251211196842
0.5387520089877822,0.820204557688857
0.5387676127763821,0.820204557688857
0.5387676127763821,0.8203839942580298
0.5387988203535818,0.8203839942580298
0.5389548582395806,0.8203839942580298
0.5389860658167803,0.8203839942580298
0.53903287718258,0.8203839942580298
0.53903287718258,0.8205634308272026
0.5399222931327726,0.8205634308272026
0.5399222931327726,0.8207428673963754
0.5400939348073712,0.8207428673963754
0.5400939348073712,0.8209223039655482
0.5402655764819698,0.8209223039655482
0.5402967840591696,0.8209223039655482
0.540359199213569,0.8209223039655482
0.540359199213569,0.821101740534721
0.5404684257337682,0.821101740534721
0.540499633310968,0.821101740534721
0.5405152370995677,0.821101740534721
0.5405152370995677,0.8212811771038938
0.5406244636197669,0.8212811771038938
0.5406244636197669,0.8216400502422394
0.5406556711969667,0.8216400502422394
0.5406868787741663,0.8216400502422394
0.5407180863513661,0.8216400502422394
0.540733690139966,0.8216400502422394
0.5407648977171657,0.8216400502422394
0.5408897280259647,0.8216400502422394
0.5409209356031645,0.8216400502422394
0.5412330113751619,0.8216400502422394
0.5412330113751619,0.8218194868114121
0.5413110303181613,0.8218194868114121
0.5413110303181613,0.821998923380585
0.5414046530497605,0.821998923380585
0.5414046530497605,0.8221783599497577
0.5416387098787586,0.8221783599497577
0.5416387098787586,0.8223577965189306
0.5416699174559583,0.8223577965189306
0.5416699174559583,0.8227166696572762
0.5418103515533571,0.8227166696572762
0.5418103515533571,0.8228961062264489
0.5418571629191568,0.8228961062264489
0.5418883704963565,0.8228961062264489
0.5424813144631516,0.8228961062264489
0.5425125220403514,0.8228961062264489
0.5426997675035499,0.8228961062264489
0.5426997675035499,0.8230755427956218
0.5428245978123488,0.8230755427956218
0.5428558053895486,0.8230755427956218
0.5429494281211478,0.8230755427956218
0.5429650319097477,0.8232549793647945
0.5431210697957464,0.8232549793647945
0.5431210697957464,0.8234344159339674
0.5431834849501459,0.8234344159339674
0.5431834849501459,0.8236138525031401
0.5432146925273457,0.8236138525031401
0.5432146925273457,0.823793289072313
0.5432459001045454,0.823793289072313
0.5432615038931452,0.823793289072313
0.543292711470345,0.823793289072313
0.5434955607221433,0.823793289072313
0.5434955607221433,0.8239727256414857
0.5436047872423424,0.8239727256414857
0.5436047872423424,0.8241521622106586
0.5441821274205377,0.8241521622106586
0.5442133349977375,0.8241521622106586
0.5442289387863373,0.8241521622106586
0.5442289387863373,0.8246904719181769
0.544260146363537,0.8246904719181769
0.5442913539407368,0.8246904719181769
0.544509806981135,0.8246904719181769
0.544509806981135,0.8248699084873498
0.5445566183469346,0.8248699084873498
0.5445566183469346,0.8252287816256954
0.5446970524443335,0.8252287816256954
0.5447282600215332,0.8252287816256954
0.5449155054847317,0.8252287816256954
0.5449155054847317,0.8254082181948681
0.5450715433707304,0.8254082181948681
0.5450871471593303,0.825587654764041
0.5451651661023297,0.825587654764041
0.5451651661023297,0.8257670913332137
0.5453212039883284,0.8257670913332137
0.5453212039883284,0.8259465279023865
0.5453368077769283,0.8259465279023865
0.5453680153541279,0.8259465279023865
0.5455396570287265,0.8259465279023865
0.5455708646059263,0.8259465279023865
0.5456332797603258,0.8259465279023865
0.5456332797603258,0.8261259644715593
0.5459921668981229,0.8261259644715593
0.5459921668981229,0.8263054010407321
0.5460233744753226,0.8263054010407321
0.5460233744753226,0.8264848376099049
0.5462574313043207,0.8264848376099049
0.5462886388815205,0.8264848376099049
0.5464290729789193,0.8264848376099049
0.5464602805561191,0.8264848376099049
0.5468659790597157,0.8264848376099049
0.5468659790597157,0.8266642741790777
0.5470532245229142,0.8266642741790777
0.5470532245229142,0.8270231473174233
0.5471312434659136,0.8270231473174233
0.5471312434659136,0.8272025838865961
0.5474121116607112,0.8272025838865961
0.547443319237911,0.8272025838865961
0.5476461684897093,0.8272025838865961
0.5476461684897093,0.8273820204557689
0.5479738480503066,0.8273820204557689
0.5480050556275063,0.8273820204557689
0.5481454897249052,0.8273820204557689
0.5481610935135051,0.8275614570249417
0.5482703200337041,0.8275614570249417
0.5482703200337041,0.8277408935941145
0.5483171313995038,0.8277408935941145
0.5483171313995038,0.8279203301632873
0.5483327351881037,0.8279203301632873
0.5483639427653034,0.8279203301632873
0.5486292071715012,0.8279203301632873
0.5486292071715012,0.8280997667324601
0.548660414748701,0.8280997667324601
0.5486916223259007,0.8280997667324601
0.5486916223259007,0.8282792033016328
0.5487072261145006,0.8282792033016328
0.5487384336917004,0.8282792033016328
0.5488788677890992,0.8282792033016328
0.5488788677890992,0.8284586398708057
0.5490661132522977,0.8284586398708057
0.5490661132522977,0.8286380764399784
0.5490973208294974,0.8286380764399784
0.549393792812895,0.8286380764399784
0.5494250003900947,0.8286380764399784
0.5494406041786946,0.8286380764399784
0.5494406041786946,0.8288175130091513
0.5498619064708912,0.8288175130091513
0.5498619064708912,0.828996949578324
0.5500647557226894,0.828996949578324
0.5500647557226894,0.8291763861474969
0.5501583784542887,0.8291763861474969
0.5501583784542887,0.8293558227166696
0.5505952845350851,0.8293558227166696
0.5506264921122849,0.8293558227166696
0.5506420959008848,0.8293558227166696
0.5506420959008848,0.8295352592858425
0.5506733034780845,0.8295352592858425
0.5510165868272817,0.8295352592858425
0.5510165868272817,0.8297146958550152
0.5510477944044814,0.8297146958550152
0.5510477944044814,0.8298941324241881
0.5514378891194782,0.8298941324241881
0.5514378891194782,0.8300735689933608
0.5515627194282772,0.8300735689933608
0.5515939270054769,0.8300735689933608
0.5516875497370761,0.8300735689933608
0.5517343611028758,0.8300735689933608
0.5517499648914757,0.8300735689933608
0.5517499648914757,0.8302530055625337
0.5525457581100691,0.8302530055625337
0.5525457581100691,0.8304324421317064
0.5529670604022656,0.8304324421317064
0.5529670604022656,0.8306118787008793
0.5532011172312638,0.8306118787008793
0.5532323248084635,0.8306118787008793
0.5533415513286626,0.8306118787008793
0.5533415513286626,0.830791315270052
0.5534351740602619,0.830791315270052
0.5534351740602619,0.8309707518392249
0.5535756081576607,0.8309707518392249
0.5536068157348604,0.8309707518392249
0.5536224195234603,0.8309707518392249
0.55365362710066,0.8309707518392249
0.5537160422550595,0.8309707518392249
0.5537472498322593,0.8309707518392249
0.5540125142384571,0.8309707518392249
0.5540125142384571,0.8311501884083976
0.5541217407586562,0.8311501884083976
0.5541529483358559,0.8311501884083976
0.5542153634902555,0.8311501884083976
0.5542153634902555,0.8313296249775705
0.554262174856055,0.8313296249775705
0.554262174856055,0.8315090615467432
0.5546210619938521,0.8315090615467432
0.5546210619938521,0.831688498115916
0.5546522695710518,0.831688498115916
0.5546522695710518,0.8318679346850888
0.5549643453430493,0.8318679346850888
0.554995552920249,0.8318679346850888
0.5551827983834475,0.8318679346850888
0.5551827983834475,0.8320473712542616
0.5552608173264468,0.8320473712542616
0.5552764211150467,0.8322268078234344
0.5553388362694462,0.8322268078234344
0.5553388362694462,0.83258568096178
0.5554480627896453,0.83258568096178
0.5554792703668451,0.83258568096178
0.5555728930984443,0.83258568096178
0.555604100675644,0.83258568096178
0.5559161764476415,0.83258568096178
0.5559161764476415,0.8327651175309528
0.556587139357436,0.8327651175309528
0.5566183469346357,0.8327651175309528
0.5566183469346357,0.8329445541001256
0.5567119696662349,0.8329445541001256
0.5567119696662349,0.8331239906692984
0.5568992151294334,0.8331239906692984
0.5569304227066332,0.8331239906692984
0.5569460264952331,0.8331239906692984
0.5569460264952331,0.8333034272384712
0.5569616302838329,0.8333034272384712
0.5569928378610327,0.8333034272384712
0.5573985363646293,0.8333034272384712
0.5574297439418291,0.8333034272384712
0.557445347730429,0.8333034272384712
0.557445347730429,0.833482863807644
0.5575857818278278,0.833482863807644
0.5575857818278278,0.8336623003768168
0.5577418197138265,0.8336623003768168
0.5577418197138265,0.8338417369459896
0.5579134613884251,0.8338417369459896
0.5579134613884251,0.8340211735151624
0.5583035561034219,0.8340211735151624
0.5583347636806216,0.8340211735151624
0.5584751977780205,0.8340211735151624
0.5584751977780205,0.834380046653508
0.5585064053552202,0.834380046653508
0.5586624432412189,0.834380046653508
0.5586624432412189,0.8345594832226808
0.5590525379562158,0.8345594832226808
0.5590525379562158,0.8347389197918536
0.5592553872080142,0.8347389197918536
0.5592553872080142,0.8349183563610264
0.5594426326712125,0.8349183563610264
0.5594738402484123,0.8349183563610264
0.5595206516142119,0.8349183563610264
0.5595206516142119,0.8350977929301991
0.5598483311748093,0.8350977929301991
0.5598483311748093,0.835277229499372
0.5599419539064084,0.835277229499372
0.5599419539064084,0.8354566660685447
0.5600199728494079,0.8354566660685447
0.5600199728494079,0.8356361026377176
0.5600667842152075,0.8356361026377176
0.5600667842152075,0.8358155392068903
0.5602228221012062,0.8358155392068903
0.5602228221012062,0.8359949757760632
0.5604256713530045,0.8359949757760632
0.5604568789302042,0.8359949757760632
0.5609249925882004,0.8359949757760632
0.5609249925882004,0.8361744123452359
0.5612214645715979,0.8361744123452359
0.5612526721487977,0.8361744123452359
0.561471125189196,0.8361744123452359
0.5615023327663957,0.8361744123452359
0.5616583706523944,0.8361744123452359
0.5616583706523944,0.8363538489144088
0.5618612199041927,0.8363538489144088
0.5618612199041927,0.8365332854835815
0.5619080312699923,0.8365332854835815
0.5619392388471921,0.8365332854835815
0.5619704464243919,0.8365332854835815
0.5620016540015916,0.8365332854835815
0.5620016540015916,0.8367127220527544
0.5621732956761902,0.8367127220527544
0.5621732956761902,0.8368921586219271
0.5624229562937881,0.8368921586219271
0.5624229562937881,0.8370715951911
0.5626570131227863,0.8370715951911
0.5626570131227863,0.8372510317602727
0.562672616911386,0.8372510317602727
0.5627038244885858,0.8372510317602727
0.5629066737403842,0.8372510317602727
0.5629378813175839,0.8372510317602727
0.5631095229921825,0.8372510317602727
0.5631407305693823,0.8372510317602727
0.5633903911869802,0.8372510317602727
0.5633903911869802,0.8374304683294456
0.56342159876418,0.8374304683294456
0.5637648821133772,0.8374304683294456
0.5637648821133772,0.8376099048986183
0.5639989389423752,0.8376099048986183
0.5639989389423752,0.8377893414677912
0.5641861844055737,0.8377893414677912
0.5641861844055737,0.8379687780369639
0.5644358450231717,0.8379687780369639
0.5644670526003713,0.8379687780369639
0.5649195624697677,0.8379687780369639
0.5649507700469674,0.8379687780369639
0.5651380155101658,0.8379687780369639
0.5651380155101658,0.8383276511753095
0.5651692230873656,0.8383276511753095
0.5651692230873656,0.8385070877444823
0.5652316382417651,0.8385070877444823
0.5656373367453618,0.8385070877444823
0.5656373367453618,0.8386865243136551
0.5657933746313605,0.8386865243136551
0.5658245822085602,0.8386865243136551
0.5658869973629598,0.8386865243136551
0.5659182049401594,0.8386865243136551
0.5660118276717587,0.8386865243136551
0.5660430352489585,0.8386865243136551
0.5660586390375583,0.8386865243136551
0.566089846614758,0.8386865243136551
0.5663863185981556,0.8386865243136551
0.5663863185981556,0.8390453974520007
0.5665267526955545,0.8390453974520007
0.5665579602727542,0.8390453974520007
0.5666203754271537,0.8390453974520007
0.5666515830043535,0.8390453974520007
0.5670260739307504,0.8390453974520007
0.5670572815079501,0.8390453974520007
0.5673537534913476,0.8390453974520007
0.5673537534913476,0.8394042705903463
0.5674005648571473,0.8394042705903463
0.5674317724343471,0.8394042705903463
0.5677750557835443,0.8394042705903463
0.5677750557835443,0.8397631437286919
0.5679779050353426,0.8397631437286919
0.5679779050353426,0.8399425802978647
0.5682899808073401,0.8399425802978647
0.5683367921731396,0.8399425802978647
0.568414811116139,0.8399425802978647
0.568414811116139,0.8401220168670375
0.5685084338477382,0.8401220168670375
0.5685084338477382,0.8403014534362103
0.5689453399285347,0.8403014534362103
0.5689453399285347,0.8404808900053831
0.5689765475057343,0.8404808900053831
0.5689765475057343,0.8408397631437287
0.5690389626601339,0.8408397631437287
0.5690389626601339,0.8410191997129015
0.5691793967575327,0.8410191997129015
0.5691793967575327,0.8411986362820743
0.5692106043347325,0.8411986362820743
0.5695538876839297,0.8411986362820743
0.5696006990497293,0.8411986362820743
0.5696787179927286,0.8411986362820743
0.5696787179927286,0.8413780728512471
0.5696943217813285,0.8413780728512471
0.5697255293585283,0.8413780728512471
0.5698503596673272,0.8413780728512471
0.5698503596673272,0.8415575094204198
0.5700220013419258,0.8415575094204198
0.5700220013419258,0.8419163825587654
0.5701780392279245,0.8419163825587654
0.5702092468051243,0.8419163825587654
0.5709894362351179,0.8419163825587654
0.5709894362351179,0.842275255697111
0.5711766816983164,0.842275255697111
0.5712078892755161,0.842275255697111
0.571223493064116,0.842275255697111
0.571223493064116,0.8424546922662839
0.5712547006413157,0.8424546922662839
0.5712859082185154,0.8424546922662839
0.5713171157957152,0.8424546922662839
0.5713171157957152,0.8426341288354566
0.5715511726247133,0.8426341288354566
0.5715511726247133,0.8428135654046295
0.5721441165915084,0.8428135654046295
0.5721753241687082,0.8428135654046295
0.5722689469003074,0.8428135654046295
0.5723001544775072,0.8428135654046295
0.5723937772091063,0.8428135654046295
0.5724249847863061,0.8428135654046295
0.5727370605583035,0.8428135654046295
0.5727370605583035,0.8429930019738022
0.572924306021502,0.8429930019738022
0.572924306021502,0.8431724385429751
0.5730179287531012,0.8431724385429751
0.5730179287531012,0.8433518751121478
0.5731427590619003,0.8433518751121478
0.5731427590619003,0.8435313116813207
0.5731739666390999,0.8435313116813207
0.5731739666390999,0.8437107482504934
0.5733612121022984,0.8437107482504934
0.5733612121022984,0.8438901848196663
0.5741101939550923,0.8438901848196663
0.5741101939550923,0.844069621388839
0.5742506280524912,0.844069621388839
0.5742506280524912,0.8442490579580119
0.5744066659384899,0.8442490579580119
0.5744066659384899,0.8444284945271846
0.5745783076130885,0.8444284945271846
0.5745783076130885,0.8446079310963575
0.5747343454990872,0.8446079310963575
0.5747343454990872,0.8447873676655302
0.5750932326368843,0.8447873676655302
0.5750932326368843,0.844966804234703
0.575249270522883,0.844966804234703
0.5752804781000826,0.844966804234703
0.5752804781000826,0.8451462408038758
0.5759202334326775,0.8451462408038758
0.5759358372212773,0.8453256773730486
0.5760138561642767,0.8453256773730486
0.5760138561642767,0.8455051139422214
0.5760606675300763,0.8455051139422214
0.5760762713186762,0.8456845505113942
0.5762011016274752,0.8456845505113942
0.5762011016274752,0.845863987080567
0.5767472342284706,0.845863987080567
0.5767472342284706,0.8460434236497398
0.5771217251548676,0.8460434236497398
0.5771217251548676,0.8462228602189126
0.5771373289434675,0.8462228602189126
0.5771685365206672,0.8462228602189126
0.5772309516750667,0.8462228602189126
0.5772309516750667,0.8464022967880854
0.577324574406666,0.8464022967880854
0.577324574406666,0.8465817333572582
0.5774494047154649,0.8465817333572582
0.5774806122926647,0.8465817333572582
0.5780579524708599,0.8465817333572582
0.5780735562594598,0.846761169926431
0.5780891600480597,0.846761169926431
0.5781203676252594,0.846761169926431
0.5784012358200571,0.846761169926431
0.5784012358200571,0.8469406064956038
0.578416839608657,0.8469406064956038
0.578416839608657,0.8471200430647766
0.5788225381122537,0.8471200430647766
0.5788225381122537,0.8472994796339494
0.5788849532666531,0.8472994796339494
0.5789161608438529,0.8472994796339494
0.5789161608438529,0.8474789162031222
0.5789941797868522,0.8474789162031222
0.5789941797868522,0.847658352772295
0.579025387364052,0.847658352772295
0.5790878025184515,0.847658352772295
0.5791190100956513,0.847658352772295
0.5791970290386506,0.847658352772295
0.5791970290386506,0.8478377893414678
0.579384274501849,0.8478377893414678
0.5793998782904489,0.8480172259106405
0.5794154820790488,0.8480172259106405
0.5794154820790488,0.8481966624798134
0.5799460108914445,0.8481966624798134
0.5799460108914445,0.8483760990489861
0.5801176525660431,0.8483760990489861
0.5801176525660431,0.848555535618159
0.5808354268416371,0.848555535618159
0.5808354268416371,0.8487349721873317
0.5810226723048356,0.8487349721873317
0.5810538798820354,0.8487349721873317
0.5811162950364348,0.8487349721873317
0.5811475026136346,0.8487349721873317
0.581225521556634,0.8487349721873317
0.5812567291338337,0.8487349721873317
0.5813191442882332,0.8487349721873317
0.5813503518654329,0.8487349721873317
0.5817404465804298,0.8487349721873317
0.5817404465804298,0.8489144087565046
0.5818184655234291,0.8489144087565046
0.5818184655234291,0.8490938453256773
0.5820525223524272,0.8490938453256773
0.5820525223524272,0.8492732818948502
0.5822085602384259,0.8492732818948502
0.5822085602384259,0.8494527184640229
0.5822397678156256,0.8494527184640229
0.5822397678156256,0.8496321550331958
0.5825830511648228,0.8496321550331958
0.5825830511648228,0.8498115916023685
0.5826298625306224,0.8498115916023685
0.5826298625306224,0.8499910281715414
0.5827078814736218,0.8499910281715414
0.5827390890508215,0.8499910281715414
0.5827702966280213,0.8499910281715414
0.5827702966280213,0.8501704647407141
0.5828795231482203,0.8501704647407141
0.5828951269368202,0.850349901309887
0.5830511648228189,0.850349901309887
0.5830511648228189,0.8505293378790597
0.5831603913430181,0.8505293378790597
0.5831603913430181,0.8507087744482326
0.5832384102860174,0.8507087744482326
0.5832852216518171,0.8507087744482326
0.5834880709036154,0.8507087744482326
0.5834880709036154,0.8508882110174053
0.5835036746922153,0.8508882110174053
0.583534882269415,0.8508882110174053
0.5836285050010143,0.8508882110174053
0.583659712578214,0.8508882110174053
0.5836909201554137,0.8508882110174053
0.5837065239440136,0.8510676475865782
0.5838313542528126,0.8510676475865782
0.5838313542528126,0.8512470841557509
0.5838469580414124,0.8512470841557509
0.5838625618300123,0.8514265207249238
0.5840654110818106,0.8514265207249238
0.5840966186590104,0.8514265207249238
0.5842994679108088,0.8514265207249238
0.5842994679108088,0.8516059572940965
0.5844711095854074,0.8516059572940965
0.5844711095854074,0.8517853938632693
0.5845959398942063,0.8517853938632693
0.5845959398942063,0.8519648304324421
0.5846115436828062,0.8519648304324421
0.5846115436828062,0.8521442670016149
0.5846583550486057,0.8521442670016149
0.5846583550486057,0.8523237035707877
0.5847831853574048,0.8523237035707877
0.5847831853574048,0.8525031401399605
0.5848143929346046,0.8525031401399605
0.5849236194548036,0.8525031401399605
0.5849236194548036,0.8526825767091333
0.5849548270320034,0.8526825767091333
0.5849860346092031,0.8526825767091333
0.5851576762838017,0.8526825767091333
0.5851576762838017,0.8528620132783061
0.5853293179584003,0.8528620132783061
0.5853293179584003,0.8530414498474789
0.5855165634215987,0.8530414498474789
0.5855321672101986,0.8532208864166517
0.5856413937303977,0.8532208864166517
0.5856726013075975,0.8532208864166517
0.5856726013075975,0.8534003229858245
0.5857506202505969,0.8534003229858245
0.5857818278277966,0.8534003229858245
0.5859066581365956,0.8534003229858245
0.5859378657137954,0.8534003229858245
0.5859378657137954,0.8535797595549973
0.5860782998111942,0.8535797595549973
0.5861095073883938,0.8535797595549973
0.5861719225427934,0.8535797595549973
0.5862031301199931,0.8535797595549973
0.5864371869489912,0.8535797595549973
0.5864371869489912,0.8537591961241701
0.5866400362007895,0.8537591961241701
0.5866400362007895,0.8539386326933429
0.5867024513551891,0.8539386326933429
0.5867024513551891,0.8541180692625157
0.5867180551437889,0.8541180692625157
0.5867492627209887,0.8541180692625157
0.5868740930297877,0.8541180692625157
0.5868740930297877,0.8542975058316885
0.5869053006069874,0.8542975058316885
0.5869053006069874,0.8544769424008613
0.587201772590385,0.8544769424008613
0.5872329801675847,0.8544769424008613
0.5872485839561845,0.8546563789700341
0.5873734142649836,0.8546563789700341
0.5874046218421832,0.8546563789700341
0.5875294521509823,0.8546563789700341
0.587560659728182,0.8546563789700341
0.5875762635167818,0.8546563789700341
0.5875918673053817,0.8548358155392068
0.5876074710939816,0.8548358155392068
0.5876074710939816,0.8550152521083797
0.5877010938255809,0.8550152521083797
0.5877323014027805,0.8550152521083797
0.5878571317115796,0.8550152521083797
0.5878883392887793,0.8550152521083797
0.5879507544431788,0.8550152521083797
0.5879819620203786,0.8550152521083797
0.5882472264265763,0.8550152521083797
0.5882472264265763,0.8551946886775524
0.5883096415809759,0.8551946886775524
0.5884812832555745,0.8551946886775524
0.5885124908327742,0.8551946886775524
0.5885593021985738,0.8551946886775524
0.5885905097757735,0.8551946886775524
0.588668528718773,0.8551946886775524
0.5886997362959726,0.8551946886775524
0.5888245666047717,0.8551946886775524
0.5888245666047717,0.8553741252467253
0.5891366423767691,0.8553741252467253
0.5891834537425686,0.8553741252467253
0.5892146613197684,0.8553741252467253
0.5893238878399676,0.8553741252467253
0.5893550954171672,0.8553741252467253
0.5894331143601667,0.8553741252467253
0.5894331143601667,0.855553561815898
0.5894955295145662,0.855553561815898
0.5895267370917658,0.855553561815898
0.5896203598233651,0.855553561815898
0.5896203598233651,0.8557329983850709
0.5896827749777646,0.8557329983850709
0.5896827749777646,0.8559124349542436
0.5903069265217595,0.8559124349542436
0.590369341676159,0.8559124349542436
0.5904473606191584,0.8559124349542436
0.5904473606191584,0.8560918715234165
0.5904629644077583,0.8560918715234165
0.5904629644077583,0.8562713080925892
0.5905253795621577,0.8562713080925892
0.5905565871393574,0.8562713080925892
0.5908374553341551,0.8562713080925892
0.5908374553341551,0.8564507446617621
0.5909154742771545,0.8564507446617621
0.5909466818543543,0.8564507446617621
0.5910247007973536,0.8564507446617621
0.5910247007973536,0.8566301812309348
0.5915084182439496,0.8566301812309348
0.5915396258211494,0.8566301812309348
0.5916800599185482,0.8566301812309348
0.5916800599185482,0.8568096178001077
0.5918360978045469,0.8568096178001077
0.5918673053817467,0.8568096178001077
0.5921793811537441,0.8568096178001077
0.5922105887309439,0.8568096178001077
0.5923354190397428,0.8568096178001077
0.5923354190397428,0.8569890543692804
0.5924134379827423,0.8569890543692804
0.5924134379827423,0.8571684909384533
0.5925070607143414,0.8571684909384533
0.5925382682915412,0.8571684909384533
0.5928815516407384,0.8571684909384533
0.5929439667951378,0.8571684909384533
0.5930063819495374,0.8571684909384533
0.5930063819495374,0.857347927507626
0.5933340615101347,0.857347927507626
0.5933340615101347,0.8575273640767989
0.5933964766645341,0.8575273640767989
0.5933964766645341,0.8577068006459716
0.5937241562251314,0.8577068006459716
0.5937241562251314,0.8578862372151445
0.594145458517328,0.8578862372151445
0.594145458517328,0.8580656737843172
0.5943483077691264,0.8580656737843172
0.5943639115577262,0.85824511035349
0.5948476290043222,0.85824511035349
0.5948476290043222,0.8584245469226628
0.5949412517359215,0.8584245469226628
0.5949412517359215,0.8586039834918356
0.5950660820447204,0.8586039834918356
0.5950972896219202,0.8586039834918356
0.595846271474714,0.8586039834918356
0.5958774790519138,0.8586039834918356
0.5964236116529094,0.8586039834918356
0.5964392154415092,0.8587834200610084
0.5966264609047076,0.8587834200610084
0.5966576684819074,0.8587834200610084
0.5967200836363069,0.8587834200610084
0.5967512912135067,0.8587834200610084
0.5971725935057032,0.8587834200610084
0.5971725935057032,0.8589628566301812
0.5974534617005008,0.8589628566301812
0.5974534617005008,0.859142293199354
0.5974846692777006,0.859142293199354
0.5975158768549004,0.859142293199354
0.5978747639926975,0.859142293199354
0.5978747639926975,0.8593217297685268
0.5980151980900963,0.8593217297685268
0.5980151980900963,0.8595011663376996
0.5982336511304945,0.8595011663376996
0.5982492549190943,0.8596806029068724
0.5984677079594926,0.8596806029068724
0.5984989155366923,0.8596806029068724
0.5985145193252922,0.8596806029068724
0.5985145193252922,0.8598600394760452
0.5987017647884907,0.8598600394760452
0.5987017647884907,0.860039476045218
0.5989046140402889,0.860039476045218
0.5989358216174887,0.860039476045218
0.5989670291946885,0.860039476045218
0.5989670291946885,0.8602189126143908
0.5989826329832884,0.8602189126143908
0.5989826329832884,0.8603983491835636
0.5990138405604881,0.8603983491835636
0.5990138405604881,0.8607572223219092
0.599029444349088,0.8607572223219092
0.5990606519262877,0.8607572223219092
0.5993727276982851,0.8607572223219092
0.5994039352754849,0.8607572223219092
0.5994819542184843,0.8607572223219092
0.5994819542184843,0.860936658891082
0.5998564451448811,0.860936658891082
0.5998876527220809,0.860936658891082
0.5998876527220809,0.8611160954602548
0.5999344640878805,0.8611160954602548
0.5999344640878805,0.8612955320294275
0.6000748981852794,0.8612955320294275
0.600121709551079,0.8612955320294275
0.6006210307862749,0.8612955320294275
0.6006210307862749,0.8614749685986004
0.600730257306474,0.8614749685986004
0.600730257306474,0.8616544051677731
0.6007614648836738,0.8616544051677731
0.6013075974846693,0.8616544051677731
0.6013075974846693,0.861833841736946
0.601338805061869,0.861833841736946
0.6013544088504689,0.861833841736946
0.6013856164276686,0.861833841736946
0.6015416543136674,0.861833841736946
0.6015416543136674,0.8620132783061187
0.6018069187198651,0.8620132783061187
0.6018069187198651,0.8621927148752916
0.6018381262970649,0.8621927148752916
0.6019005414514644,0.8621927148752916
0.6019629566058639,0.8621927148752916
0.6019941641830636,0.8621927148752916
0.6024622778410598,0.8621927148752916
0.6025090892068594,0.8621927148752916
0.6026963346700579,0.8621927148752916
0.6027275422472577,0.8621927148752916
0.6027431460358575,0.8621927148752916
0.6027743536130572,0.8621927148752916
0.6031020331736545,0.8621927148752916
0.6031332407508543,0.8621927148752916
0.6031332407508543,0.8623721514444643
0.6034453165228517,0.8623721514444643
0.6034453165228517,0.8625515880136372
0.60366376956325,0.8625515880136372
0.60366376956325,0.8627310245828099
0.6045063741476431,0.8627310245828099
0.6045375817248428,0.8627310245828099
0.6048496574968403,0.8627310245828099
0.6048808650740399,0.8627310245828099
0.6050369029600386,0.8627310245828099
0.6050681105372384,0.8627310245828099
0.6050681105372384,0.8629104611519828
0.6051149219030381,0.8629104611519828
0.6051149219030381,0.8630898977211555
0.6056610545040336,0.8630898977211555
0.6056610545040336,0.8632693342903284
0.605723469658433,0.8632693342903284
0.6057546772356328,0.8632693342903284
0.606222790893629,0.8632693342903284
0.6062539984708287,0.8632693342903284
0.6064412439340272,0.8632693342903284
0.6064412439340272,0.8634487708595011
0.6068313386490239,0.8634487708595011
0.6068625462262237,0.8634487708595011
0.6072526409412206,0.8634487708595011
0.6072526409412206,0.863628207428674
0.6074242826158192,0.863628207428674
0.6074242826158192,0.8638076439978467
0.6075335091360182,0.8638076439978467
0.6075335091360182,0.8639870805670196
0.6075803205018179,0.8639870805670196
0.6075803205018179,0.8641665171361923
0.6078143773308159,0.8641665171361923
0.6078143773308159,0.8643459537053652
0.6079548114282147,0.8643459537053652
0.6080016227940144,0.8643459537053652
0.6081108493142134,0.8643459537053652
0.6081108493142134,0.8645253902745379
0.6082200758344126,0.8645253902745379
0.6082512834116124,0.8645253902745379
0.6083449061432116,0.8645253902745379
0.6083761137204113,0.8645253902745379
0.6084385288748108,0.8645253902745379
0.6084697364520105,0.8645253902745379
0.6087037932810087,0.8645253902745379
0.6087037932810087,0.8647048268437107
0.6087350008582084,0.8647048268437107
0.6087662084354081,0.8647048268437107
0.6088598311670074,0.8647048268437107
0.6088910387442071,0.8647048268437107
0.6091250955732052,0.8647048268437107
0.6091563031504049,0.8647048268437107
0.6096244168084011,0.8647048268437107
0.6096556243856008,0.8647048268437107
0.6097804546943998,0.8647048268437107
0.6098116622715996,0.8647048268437107
0.6098272660601994,0.8647048268437107
0.6098584736373992,0.8647048268437107
0.6103577948725951,0.8647048268437107
0.6104202100269945,0.8647048268437107
0.6104358138155944,0.8647048268437107
0.6104358138155944,0.8648842634128835
0.6107947009533915,0.8648842634128835
0.6107947009533915,0.8650636999820563
0.6108259085305913,0.8650636999820563
0.6111223805139888,0.8650636999820563
0.6111535880911886,0.8650636999820563
0.6115124752289856,0.8650636999820563
0.6115124752289856,0.8652431365512291
0.6116685131149843,0.8652431365512291
0.6117153244807839,0.8652431365512291
0.6117309282693838,0.8652431365512291
0.6117621358465836,0.8652431365512291
0.6118713623667826,0.8652431365512291
0.6119025699439824,0.8652431365512291
0.6119337775211822,0.8652431365512291
0.6119337775211822,0.8654225731204019
0.6119961926755816,0.8654225731204019
0.6120274002527814,0.8654225731204019
0.612557929065177,0.8654225731204019
0.612557929065177,0.8656020096895747
0.612682759373976,0.8656020096895747
0.612682759373976,0.8657814462587475
0.6128856086257743,0.8657814462587475
0.6129168162029741,0.8657814462587475
0.6131820806091719,0.8657814462587475
0.6131820806091719,0.8659608828279203
0.6132444957635714,0.8659608828279203
0.6132444957635714,0.8661403193970931
0.6135565715355689,0.8661403193970931
0.6135565715355689,0.8663197559662659
0.6136345904785682,0.8663197559662659
0.6136970056329677,0.8663197559662659
0.6139154586733659,0.8663197559662659
0.6139466662505656,0.8663197559662659
0.6144459874857615,0.8663197559662659
0.6144459874857615,0.8664991925354387
0.6148984973551578,0.8664991925354387
0.6149297049323575,0.8664991925354387
0.6149765162981572,0.8664991925354387
0.615007723875357,0.8664991925354387
0.6150389314525567,0.8664991925354387
0.6150389314525567,0.8666786291046116
0.6151481579727558,0.8666786291046116
0.6151793655499556,0.8666786291046116
0.6151949693385554,0.8666786291046116
0.6152261769157551,0.8666786291046116
0.615241780704355,0.8666786291046116
0.6152729882815547,0.8666786291046116
0.6152729882815547,0.8668580656737843
0.6152885920701546,0.8668580656737843
0.6153197996473544,0.8668580656737843
0.6153197996473544,0.8670375022429572
0.6153510072245542,0.8670375022429572
0.6154446299561533,0.8670375022429572
0.6154446299561533,0.8672169388121299
0.6155538564763524,0.8672169388121299
0.6155538564763524,0.8673963753813028
0.6156786867851515,0.8673963753813028
0.6156786867851515,0.8675758119504755
0.6158191208825503,0.8675758119504755
0.6158191208825503,0.8677552485196484
0.6159127436141495,0.8677552485196484
0.6159127436141495,0.8679346850888211
0.6159283474027494,0.8679346850888211
0.6159595549799491,0.8679346850888211
0.6159907625571489,0.8679346850888211
0.6160219701343487,0.8679346850888211
0.6160219701343487,0.868114121657994
0.6161936118089472,0.868114121657994
0.6162248193861469,0.868114121657994
0.6164120648493454,0.868114121657994
0.6164120648493454,0.8682935582271667
0.6164432724265452,0.8682935582271667
0.6164744800037449,0.8682935582271667
0.6165993103125439,0.8682935582271667
0.6166305178897437,0.8682935582271667
0.616708536832743,0.8682935582271667
0.616708536832743,0.8684729947963395
0.6167553481985426,0.8684729947963395
0.6167553481985426,0.8686524313655123
0.6168177633529421,0.8686524313655123
0.6168489709301418,0.8686524313655123
0.6169738012389409,0.8686524313655123
0.6170050088161405,0.8686524313655123
0.6170986315477398,0.8686524313655123
0.6171298391249396,0.8686524313655123
0.6171298391249396,0.8688318679346851
0.6175823489943358,0.8688318679346851
0.6175823489943358,0.8690113045038579
0.617675971725935,0.8690113045038579
0.6177071793031348,0.8690113045038579
0.6178632171891335,0.8690113045038579
0.6178944247663333,0.8690113045038579
0.6178944247663333,0.8691907410730307
0.618050462652332,0.8691907410730307
0.618050462652332,0.8693701776422035
0.6180972740181316,0.8693701776422035
0.6180972740181316,0.8695496142113763
0.6184561611559286,0.8695496142113763
0.6184873687331284,0.8695496142113763
0.618534180098928,0.8695496142113763
0.6185809914647277,0.8695496142113763
0.6187838407165259,0.8695496142113763
0.6188150482937257,0.8695496142113763
0.6188150482937257,0.8697290507805491
0.6189554823911245,0.8697290507805491
0.6189710861797244,0.8699084873497219
0.619142727854323,0.8699084873497219
0.6191895392201227,0.8699084873497219
0.6193455771061214,0.8699084873497219
0.6193767846833211,0.8699084873497219
0.6194391998377206,0.8699084873497219
0.6194391998377206,0.8700879239188947
0.6194548036263204,0.8700879239188947
0.6194548036263204,0.8702673604880675
0.6199385210729165,0.8702673604880675
0.6199697286501162,0.8702673604880675
0.6204534460967123,0.8702673604880675
0.620484653673912,0.8702673604880675
0.620609483982711,0.8702673604880675
0.6206250877713109,0.8704467970572403
0.6208747483889089,0.8704467970572403
0.6209059559661085,0.8706262336264131
0.6209371635433083,0.8706262336264131
0.6209683711205081,0.8706262336264131
0.6209995786977078,0.8706262336264131
0.6210307862749076,0.8706262336264131
0.6211088052179069,0.8706262336264131
0.6211400127951067,0.8706262336264131
0.6216861453961021,0.8706262336264131
0.6216861453961021,0.8708056701955859
0.6217641643391015,0.8708056701955859
0.6217641643391015,0.8709851067647587
0.6218733908593006,0.8709851067647587
0.6219045984365004,0.8709851067647587
0.6219826173794998,0.8709851067647587
0.6219826173794998,0.8711645433339315
0.6222946931514972,0.8711645433339315
0.6222946931514972,0.8713439799031043
0.6223102969400971,0.8713439799031043
0.6223415045172968,0.8713439799031043
0.6224039196716963,0.8713439799031043
0.6224039196716963,0.871523416472277
0.6227472030208935,0.871523416472277
0.6227784105980932,0.871523416472277
0.6229500522726918,0.871523416472277
0.6229500522726918,0.8717028530414499
0.6233869583534882,0.8717028530414499
0.623418165930688,0.8717028530414499
0.6239799023202833,0.8717028530414499
0.6239955061088832,0.8718822896106226
0.6240111098974831,0.8718822896106226
0.6240111098974831,0.8720617261797955
0.6247600917502769,0.8720617261797955
0.6247912993274767,0.8720617261797955
0.6248069031160766,0.8720617261797955
0.6248381106932763,0.8720617261797955
0.6249161296362757,0.8720617261797955
0.6249161296362757,0.8722411627489682
0.6249629410020753,0.8722411627489682
0.6249629410020753,0.8724205993181411
0.6251657902538736,0.8724205993181411
0.6251657902538736,0.8726000358873138
0.6252282054082732,0.8726000358873138
0.6252594129854728,0.8726000358873138
0.6254466584486713,0.8726000358873138
0.6254778660258711,0.8726000358873138
0.6256183001232699,0.8726000358873138
0.6256183001232699,0.8727794724564867
0.6256807152776694,0.8727794724564867
0.6259303758952673,0.8727794724564867
0.6259303758952673,0.8729589090256594
0.625977187261067,0.8729589090256594
0.6260083948382668,0.8729589090256594
0.6260239986268666,0.8729589090256594
0.6260552062040663,0.8729589090256594
0.6261488289356656,0.8729589090256594
0.6261488289356656,0.8731383455948323
0.6264765084962629,0.8731383455948323
0.6265077160734627,0.8731383455948323
0.6265545274392622,0.8731383455948323
0.6265545274392622,0.873317782164005
0.6267261691138608,0.873317782164005
0.6267261691138608,0.8734972187331779
0.6267885842682603,0.8734972187331779
0.6268197918454601,0.8734972187331779
0.6268666032112596,0.8734972187331779
0.6268978107884594,0.8734972187331779
0.6269290183656592,0.8734972187331779
0.6269290183656592,0.8736766553023506
0.627319113080656,0.8736766553023506
0.627319113080656,0.8738560918715235
0.6273503206578557,0.8738560918715235
0.6273503206578557,0.8740355284406962
0.6274907547552546,0.8740355284406962
0.6275219623324543,0.8740355284406962
0.627553169909654,0.8740355284406962
0.627553169909654,0.8742149650098691
0.6275687736982539,0.8742149650098691
0.6275687736982539,0.8743944015790418
0.6279588684132508,0.8743944015790418
0.6279588684132508,0.8745738381482147
0.6280993025106496,0.8745738381482147
0.6281305100878494,0.8745738381482147
0.6286142275344454,0.8745738381482147
0.6286142275344454,0.8747532747173874
0.6287234540546445,0.8747532747173874
0.6287546616318442,0.8747532747173874
0.629019926038042,0.8747532747173874
0.629019926038042,0.8749327112865602
0.6290355298266419,0.8749327112865602
0.6290667374038417,0.8749327112865602
0.6292227752898404,0.8749327112865602
0.6292539828670402,0.8749327112865602
0.629878134411035,0.8749327112865602
0.629878134411035,0.875112147855733
0.6299249457768347,0.875112147855733
0.6299249457768347,0.8752915844249058
0.6299717571426342,0.8752915844249058
0.6299717571426342,0.8754710209940786
0.6299873609312341,0.8754710209940786
0.6300185685084339,0.8754710209940786
0.6300809836628334,0.8754710209940786
0.6300809836628334,0.8756504575632514
0.6300965874514332,0.8756504575632514
0.6300965874514332,0.8758298941324242
0.630112191240033,0.8758298941324242
0.630112191240033,0.876009330701597
0.6301433988172328,0.876009330701597
0.6301746063944326,0.876009330701597
0.6302370215488321,0.876009330701597
0.6302370215488321,0.8761887672707698
0.6302682291260318,0.8761887672707698
0.6302994367032315,0.8761887672707698
0.63048668216643,0.8761887672707698
0.63048668216643,0.8763682038399426
0.6305334935322296,0.8763682038399426
0.6305647011094294,0.8763682038399426
0.6306583238410286,0.8763682038399426
0.6307207389954281,0.8763682038399426
0.6308923806700267,0.8763682038399426
0.6309235882472264,0.8763682038399426
0.6309391920358263,0.8763682038399426
0.6309547958244262,0.8765476404091154
0.6310484185560254,0.8765476404091154
0.6310484185560254,0.8767270769782882
0.6314229094824223,0.8767270769782882
0.6314229094824223,0.876906513547461
0.6316257587342207,0.876906513547461
0.6316257587342207,0.8770859501166338
0.6316725701000203,0.8770859501166338
0.6316725701000203,0.8772653866858066
0.6317349852544197,0.8772653866858066
0.6317661928316195,0.8772653866858066
0.6318130041974191,0.8772653866858066
0.6318130041974191,0.8774448232549794
0.6321094761808167,0.8774448232549794
0.6321562875466163,0.8774448232549794
0.6325307784730132,0.8774448232549794
0.6325307784730132,0.877803696393325
0.6327648353020113,0.877803696393325
0.6327648353020113,0.8779831329624977
0.6331861375942078,0.8779831329624977
0.6331861375942078,0.8783420061008433
0.6333109679030069,0.8783420061008433
0.6333109679030069,0.8785214426700162
0.6337322701952034,0.8785214426700162
0.6337322701952034,0.8787008792391889
0.6337946853496029,0.8787008792391889
0.6337946853496029,0.8788803158083618
0.6339351194470018,0.8788803158083618
0.6339351194470018,0.8790597523775345
0.6340131383900011,0.8790597523775345
0.634028742178601,0.8792391889467074
0.6341847800645997,0.8792391889467074
0.6342159876417994,0.8792391889467074
0.6342940065847988,0.8792391889467074
0.6342940065847988,0.8794186255158801
0.6343096103733986,0.8794186255158801
0.6343096103733986,0.879598062085053
0.6343564217391983,0.879598062085053
0.634387629316398,0.879598062085053
0.6345748747795965,0.879598062085053
0.6346060823567963,0.879598062085053
0.6347933278199946,0.879598062085053
0.6348245353971944,0.879598062085053
0.6356671399815875,0.879598062085053
0.6356671399815875,0.8797774986542257
0.636088442273784,0.8797774986542257
0.636088442273784,0.8799569352233986
0.636228876371183,0.8799569352233986
0.6362600839483826,0.8799569352233986
0.6362912915255824,0.8799569352233986
0.6363224991027822,0.8799569352233986
0.6364005180457815,0.8799569352233986
0.6364317256229812,0.8799569352233986
0.6365565559317803,0.8799569352233986
0.6365565559317803,0.8801363717925713
0.6367750089721784,0.8801363717925713
0.6368062165493782,0.8801363717925713
0.6368530279151778,0.8801363717925713
0.6368842354923776,0.8801363717925713
0.6370090658011766,0.8801363717925713
0.6370090658011766,0.8803158083617442
0.6371338961099755,0.8803158083617442
0.6371338961099755,0.8804952449309169
0.6372275188415747,0.8804952449309169
0.6372275188415747,0.8806746815000898
0.6372899339959742,0.8806746815000898
0.637321141573174,0.8806746815000898
0.6373367453617739,0.8806746815000898
0.6373367453617739,0.8808541180692625
0.6373679529389736,0.8808541180692625
0.6373679529389736,0.8810335546384354
0.6374147643047732,0.8810335546384354
0.6374147643047732,0.8812129912076081
0.6375395946135721,0.8812129912076081
0.637555198402172,0.881392427776781
0.6376644249223712,0.881392427776781
0.6376956324995708,0.881392427776781
0.6380545196373679,0.881392427776781
0.6380545196373679,0.8815718643459537
0.6380701234259678,0.8815718643459537
0.6381013310031676,0.8815718643459537
0.6381793499461669,0.8815718643459537
0.6382105575233666,0.8815718643459537
0.6382573688891663,0.8815718643459537
0.638288576466366,0.8815718643459537
0.6389595393761606,0.8815718643459537
0.6389595393761606,0.8817513009151265
0.6389751431647605,0.8819307374842993
0.6392248037823584,0.8819307374842993
0.6392248037823584,0.8821101740534721
0.639396445456957,0.8821101740534721
0.6394432568227566,0.8821101740534721
0.6394744643999563,0.8821101740534721
0.639505671977156,0.8821101740534721
0.6395368795543558,0.8821101740534721
0.6395368795543558,0.8822896106226449
0.6396305022859551,0.8822896106226449
0.6396305022859551,0.8824690471918177
0.6396461060745549,0.8824690471918177
0.6396773136517546,0.8824690471918177
0.6399269742693526,0.8824690471918177
0.6399269742693526,0.8826484837609905
0.639989389423752,0.8826484837609905
0.639989389423752,0.8828279203301633
0.6400049932123519,0.8828279203301633
0.6400049932123519,0.8831867934685089
0.6402858614071496,0.8831867934685089
0.6403170689843494,0.8831867934685089
0.6403170689843494,0.8833662300376817
0.6403326727729493,0.8835456666068545
0.640363880350149,0.8835456666068545
0.6404262955045485,0.8835456666068545
0.6404262955045485,0.8837251031760273
0.6404731068703481,0.8837251031760273
0.6405043144475479,0.8837251031760273
0.6405823333905473,0.8837251031760273
0.6406135409677469,0.8837251031760273
0.6409412205283442,0.8837251031760273
0.640972428105544,0.8837251031760273
0.6410660508371433,0.8837251031760273
0.6410660508371433,0.8839045397452001
0.6413313152433411,0.8839045397452001
0.6413625228205408,0.8839045397452001
0.641705806169738,0.8839045397452001
0.641705806169738,0.8840839763143729
0.6417214099583379,0.8840839763143729
0.6417214099583379,0.8842634128835457
0.6417526175355376,0.8842634128835457
0.6417526175355376,0.8844428494527184
0.6420022781531356,0.8844428494527184
0.6420022781531356,0.8846222860218913
0.642205127404934,0.8846222860218913
0.642205127404934,0.884801722591064
0.6422519387707335,0.884801722591064
0.6422831463479333,0.884801722591064
0.6422831463479333,0.8849811591602369
0.6423299577137329,0.8849811591602369
0.6423455615023328,0.8851605957294096
0.6428760903147284,0.8851605957294096
0.6428760903147284,0.8855194688677552
0.6429853168349275,0.8855194688677552
0.643047731989327,0.8855194688677552
0.643297392606925,0.8855194688677552
0.6433286001841247,0.8855194688677552
0.6433286001841247,0.8856989054369281
0.6433910153385242,0.8856989054369281
0.6433910153385242,0.8858783420061008
0.6441087896141183,0.8858783420061008
0.6441399971913181,0.8858783420061008
0.6441868085571176,0.8858783420061008
0.6441868085571176,0.8860577785752737
0.6444832805405153,0.8860577785752737
0.6444832805405153,0.8862372151444464
0.644639318426514,0.8862372151444464
0.6446549222151138,0.8864166517136193
0.6448889790441119,0.8864166517136193
0.6449201866213117,0.8864166517136193
0.6449357904099116,0.8864166517136193
0.6449669979871113,0.8864166517136193
0.6453258851249083,0.8864166517136193
0.6453570927021081,0.8864166517136193
0.6455287343767067,0.8864166517136193
0.6455287343767067,0.886596088282792
0.6458096025715043,0.886596088282792
0.6458408101487041,0.886596088282792
0.6459500366689032,0.886596088282792
0.6459812442461029,0.886596088282792
0.6459968480347028,0.886596088282792
0.6459968480347028,0.8869549614211376
0.6461216783435018,0.8869549614211376
0.6461216783435018,0.8871343979903105
0.6462777162295005,0.8871343979903105
0.6462777162295005,0.8876727076978288
0.6462933200181004,0.8876727076978288
0.6462933200181004,0.8878521442670017
0.6463089238067002,0.8878521442670017
0.6463401313839,0.8878521442670017
0.6466053957900978,0.8878521442670017
0.6466366033672976,0.8878521442670017
0.6466834147330972,0.8878521442670017
0.6466834147330972,0.8880315808361744
0.6467926412532963,0.8880315808361744
0.6467926412532963,0.8882110174053472
0.6469018677734955,0.8882110174053472
0.6469330753506951,0.8882110174053472
0.6470891132366938,0.8882110174053472
0.6471203208138936,0.8882110174053472
0.6471515283910934,0.8882110174053472
0.6471671321796932,0.88839045397452
0.6472919624884922,0.88839045397452
0.6472919624884922,0.8885698905436928
0.6474948117402906,0.8885698905436928
0.6475260193174903,0.8885698905436928
0.6475728306832899,0.8885698905436928
0.6475728306832899,0.8887493271128656
0.6476508496262893,0.8887493271128656
0.6476508496262893,0.8889287636820384
0.6476664534148892,0.8889287636820384
0.6476976609920889,0.8889287636820384
0.6478224913008879,0.8889287636820384
0.6478693026666875,0.8889287636820384
0.6482125860158846,0.8889287636820384
0.6482125860158846,0.8891082002512112
0.6482437935930844,0.8891082002512112
0.6482593973816843,0.889287636820384
0.6483218125360838,0.889287636820384
0.6483530201132836,0.889287636820384
0.6483686239018833,0.889287636820384
0.6483686239018833,0.8894670733895568
0.6486338883080812,0.8894670733895568
0.648665095885281,0.8894670733895568
0.6489927754458783,0.8894670733895568
0.6489927754458783,0.8896465099587296
0.649023983023078,0.8896465099587296
0.6490551906002777,0.8896465099587296
0.6490707943888776,0.8896465099587296
0.6490707943888776,0.8898259465279024
0.6490863981774775,0.8898259465279024
0.6491176057546773,0.8898259465279024
0.6492112284862764,0.8898259465279024
0.6492112284862764,0.8900053830970752
0.6493516625836753,0.8900053830970752
0.6493672663722752,0.890184819666248
0.6495701156240735,0.890184819666248
0.6495701156240735,0.8903642562354208
0.6496793421442726,0.8903642562354208
0.6496793421442726,0.8905436928045936
0.6498977951846708,0.8905436928045936
0.6499290027618706,0.8905436928045936
0.6500382292820697,0.8905436928045936
0.6500382292820697,0.8907231293737664
0.6500850406478693,0.8907231293737664
0.6500850406478693,0.8909025659429392
0.6501630595908686,0.8909025659429392
0.6501942671680684,0.8909025659429392
0.6503034936882676,0.8909025659429392
0.6503347012654672,0.8909025659429392
0.6504127202084666,0.8909025659429392
0.6504127202084666,0.891082002512112
0.650615569460265,0.891082002512112
0.6506467770374647,0.891082002512112
0.6506935884032643,0.891082002512112
0.6506935884032643,0.8912614390812847
0.6507872111348636,0.8912614390812847
0.6508184187120633,0.8912614390812847
0.6510680793296613,0.8912614390812847
0.651099286906861,0.8912614390812847
0.6511304944840607,0.8912614390812847
0.6511617020612605,0.8912614390812847
0.6511773058498603,0.8912614390812847
0.6511773058498603,0.8916203122196303
0.651333343735859,0.8916203122196303
0.651333343735859,0.8917997487888032
0.6514113626788585,0.8917997487888032
0.6514425702560581,0.8917997487888032
0.6515205891990575,0.8917997487888032
0.6515517967762573,0.8917997487888032
0.651707834662256,0.8917997487888032
0.6517390422394558,0.8917997487888032
0.6517702498166554,0.8917997487888032
0.6518014573938552,0.8917997487888032
0.6519887028570537,0.8917997487888032
0.6520199104342534,0.8917997487888032
0.6521135331658526,0.8917997487888032
0.6521447407430524,0.8917997487888032
0.6521759483202522,0.8917997487888032
0.6522227596860518,0.8917997487888032
0.6523475899948508,0.8917997487888032
0.6523787975720505,0.8917997487888032
0.65244121272645,0.8917997487888032
0.6525036278808495,0.8917997487888032
0.6525504392466491,0.8917997487888032
0.6525504392466491,0.8919791853579759
0.6527688922870473,0.8919791853579759
0.6527688922870473,0.8921586219271488
0.652800099864247,0.8921586219271488
0.652800099864247,0.8923380584963215
0.6531433832134442,0.8923380584963215
0.6532057983678438,0.8923380584963215
0.6533618362538425,0.8923380584963215
0.6533930438310421,0.8923380584963215
0.6535334779284411,0.8923380584963215
0.6535334779284411,0.8925174950654944
0.6537363271802393,0.8925174950654944
0.6537675347574391,0.8925174950654944
0.6537987423346389,0.8925174950654944
0.6538299499118386,0.8925174950654944
0.6539703840092375,0.8925174950654944
0.6540015915864372,0.8925174950654944
0.6541264218952362,0.8925174950654944
0.6541264218952362,0.8926969316346671
0.6541732332610358,0.8926969316346671
0.6542044408382355,0.8926969316346671
0.6543448749356344,0.8926969316346671
0.6543760825128341,0.8926969316346671
0.6547973848050307,0.8926969316346671
0.6547973848050307,0.89287636820384
0.6549690264796293,0.89287636820384
0.6549690264796293,0.8930558047730127
0.6552967060402266,0.8930558047730127
0.6553435174060261,0.8930558047730127
0.655483951503425,0.8930558047730127
0.655483951503425,0.8932352413421856
0.6556868007552233,0.8932352413421856
0.6557180083324231,0.8932352413421856
0.6564825939738168,0.8932352413421856
0.6565138015510166,0.8932352413421856
0.6565450091282163,0.8932352413421856
0.6565450091282163,0.8934146779113583
0.6570911417292119,0.8934146779113583
0.6570911417292119,0.8935941144805312
0.6572315758266107,0.8935941144805312
0.6572315758266107,0.8937735510497039
0.6578713311592055,0.8937735510497039
0.6578869349478054,0.8939529876188768
0.6579337463136049,0.8939529876188768
0.6579337463136049,0.8941324241880495
0.6581209917768034,0.8941324241880495
0.6581209917768034,0.8943118607572224
0.6584954827032004,0.8943118607572224
0.6585266902804001,0.8943118607572224
0.6586827281663988,0.8943118607572224
0.6586827281663988,0.8944912973263951
0.658776350897998,0.8944912973263951
0.658776350897998,0.894670733895568
0.6588699736295973,0.894670733895568
0.6588699736295973,0.8948501704647407
0.6590104077269962,0.8948501704647407
0.6590416153041958,0.8948501704647407
0.6590884266699955,0.8948501704647407
0.6590884266699955,0.8950296070339135
0.6593068797103937,0.8950296070339135
0.6593380872875935,0.8950296070339135
0.6594941251735922,0.8950296070339135
0.6595253327507918,0.8950296070339135
0.6598998236771888,0.8950296070339135
0.6598998236771888,0.8952090436030863
0.6599310312543886,0.8952090436030863
0.6599778426201882,0.8952090436030863
0.6601962956605864,0.8952090436030863
0.6601962956605864,0.8953884801722591
0.660367937335185,0.8953884801722591
0.660367937335185,0.8955679167414319
0.6603991449123847,0.8955679167414319
0.6604615600667842,0.8955679167414319
0.6604615600667842,0.8957473533106047
0.6605863903755832,0.8957473533106047
0.6606488055299827,0.8957473533106047
0.6607892396273816,0.8957473533106047
0.6608360509931811,0.8957473533106047
0.6609296737247804,0.8957473533106047
0.6609296737247804,0.8959267898797775
0.6609608813019802,0.8959267898797775
0.6609920888791798,0.8959267898797775
0.6609920888791798,0.8961062264489503
0.6611481267651785,0.8961062264489503
0.6611481267651785,0.8962856630181231
0.6613821835941767,0.8962856630181231
0.6614133911713764,0.8962856630181231
0.6616942593661741,0.8962856630181231
0.6617566745205736,0.8962856630181231
0.6619751275609718,0.8962856630181231
0.6620063351381715,0.8962856630181231
0.6620375427153713,0.8962856630181231
0.6620999578697708,0.8962856630181231
0.6624120336417683,0.8962856630181231
0.6624120336417683,0.8964650995872959
0.6627709207795652,0.8964650995872959
0.662802128356765,0.8964650995872959
0.6630049776085634,0.8964650995872959
0.6630049776085634,0.8966445361564687
0.6631922230717618,0.8966445361564687
0.6632234306489616,0.8966445361564687
0.66341067611216,0.8966445361564687
0.66341067611216,0.8968239727256415
0.6635979215753585,0.8968239727256415
0.6635979215753585,0.8970034092948143
0.6636291291525582,0.8970034092948143
0.663660336729758,0.8970034092948143
0.6637539594613572,0.8970034092948143
0.6637539594613572,0.8971828458639871
0.6637695632499571,0.8971828458639871
0.6637695632499571,0.8973622824331599
0.6638631859815564,0.8973622824331599
0.6638631859815564,0.8975417190023327
0.6642220731193533,0.8975417190023327
0.6642220731193533,0.8977211555715054
0.6642844882737529,0.8977211555715054
0.6642844882737529,0.8979005921406783
0.664518545102751,0.8979005921406783
0.6645497526799506,0.8979005921406783
0.6647057905659494,0.8979005921406783
0.6647057905659494,0.898080028709851
0.6647994132975487,0.898080028709851
0.6647994132975487,0.8982594652790239
0.6649710549721473,0.8982594652790239
0.6649710549721473,0.8984389018481966
0.6651583004353457,0.8984389018481966
0.6651583004353457,0.8987977749865422
0.6652207155897452,0.8987977749865422
0.6652519231669449,0.8987977749865422
0.6652987345327446,0.8987977749865422
0.6653299421099443,0.8987977749865422
0.6654079610529436,0.8987977749865422
0.6654079610529436,0.8989772115557151
0.6654391686301434,0.8989772115557151
0.6654703762073432,0.8989772115557151
0.6657824519793406,0.8989772115557151
0.6658136595565404,0.8989772115557151
0.6661101315399379,0.8989772115557151
0.6661101315399379,0.8991566481248878
0.6661881504829372,0.8991566481248878
0.6661881504829372,0.8993360846940607
0.6662817732145365,0.8993360846940607
0.6662817732145365,0.8995155212632334
0.6664378111005352,0.8995155212632334
0.6664378111005352,0.8996949578324063
0.6665314338321344,0.8996949578324063
0.6665314338321344,0.9000538309707519
0.6666250565637337,0.9000538309707519
0.6666562641409334,0.9000538309707519
0.6667498868725327,0.9000538309707519
0.6667810944497324,0.9000538309707519
0.6669215285471313,0.9000538309707519
0.666952736124331,0.9000538309707519
0.6674988687253265,0.9000538309707519
0.6675300763025263,0.9000538309707519
0.6677017179771249,0.9000538309707519
0.6677017179771249,0.9002332675399246
0.6677173217657247,0.9002332675399246
0.6677485293429245,0.9002332675399246
0.6677485293429245,0.9004127041090975
0.6678889634403233,0.9004127041090975
0.6679201710175231,0.9004127041090975
0.6683414733097196,0.9004127041090975
0.6683726808869194,0.9004127041090975
0.6686691528703169,0.9004127041090975
0.6686691528703169,0.9005921406782702
0.6688407945449155,0.9005921406782702
0.6688407945449155,0.9007715772474431
0.668903209699315,0.9007715772474431
0.6689344172765147,0.9007715772474431
0.6689812286423144,0.9007715772474431
0.6689812286423144,0.9009510138166158
0.6689968324309142,0.9009510138166158
0.669028040008114,0.9009510138166158
0.6691684741055128,0.9009510138166158
0.6691996816827126,0.9009510138166158
0.6692933044143118,0.9009510138166158
0.6693245119915116,0.9009510138166158
0.6694025309345109,0.9009510138166158
0.6694025309345109,0.9011304503857887
0.6694961536661101,0.9011304503857887
0.6694961536661101,0.9013098869549614
0.6699642673241063,0.9013098869549614
0.6699954749013061,0.9013098869549614
0.6701047014215051,0.9013098869549614
0.6701047014215051,0.9014893235241342
0.6701827203645045,0.9014893235241342
0.6702295317303041,0.9014893235241342
0.6703543620391031,0.9014893235241342
0.6703855696163028,0.9014893235241342
0.6704011734049027,0.9014893235241342
0.6704323809821024,0.9014893235241342
0.6708848908514987,0.9014893235241342
0.6708848908514987,0.901668760093307
0.6709317022172984,0.901668760093307
0.6709317022172984,0.9018481966624798
0.6710721363146972,0.9018481966624798
0.671103343891897,0.9018481966624798
0.6713998158752945,0.9018481966624798
0.6714466272410942,0.9018481966624798
0.6715558537612932,0.9018481966624798
0.6715558537612932,0.9020276332316526
0.6719303446876902,0.9020276332316526
0.6719303446876902,0.9022070698008254
0.6721800053052881,0.9022070698008254
0.6722112128824879,0.9022070698008254
0.6722268166710877,0.9022070698008254
0.6722580242482875,0.9022070698008254
0.6724764772886856,0.9022070698008254
0.6724764772886856,0.9023865063699982
0.6726169113860846,0.9023865063699982
0.6726169113860846,0.902565942939171
0.6727573454834834,0.902565942939171
0.6727885530606831,0.902565942939171
0.6728509682150826,0.902565942939171
0.6728509682150826,0.9027453795083438
0.6729914023124814,0.9027453795083438
0.6730382136782811,0.9027453795083438
0.6731942515642798,0.9027453795083438
0.6732254591414796,0.9027453795083438
0.6733034780844789,0.9027453795083438
0.6733034780844789,0.9029248160775166
0.6735219311248771,0.9029248160775166
0.6735219311248771,0.9031042526466894
0.6736467614336761,0.9031042526466894
0.6736779690108758,0.9031042526466894
0.6737247803766755,0.9031042526466894
0.6737247803766755,0.9032836892158622
0.6741616864574719,0.9032836892158622
0.6741616864574719,0.903463125785035
0.6741928940346716,0.903463125785035
0.6742553091890711,0.903463125785035
0.6742709129776709,0.9036425623542078
0.6742709129776709,0.9038219989233806
0.67439574328647,0.9038219989233806
0.6744269508636697,0.9038219989233806
0.6745049698066691,0.9038219989233806
0.6745517811724687,0.9038219989233806
0.6746454039040679,0.9038219989233806
0.6746766114812677,0.9038219989233806
0.6756752539516595,0.9038219989233806
0.6757064615288592,0.9038219989233806
0.6760809524552561,0.9038219989233806
0.6761121600324559,0.9038219989233806
0.6762369903412548,0.9038219989233806
0.6762369903412548,0.9040014354925534
0.6764086320158534,0.9040014354925534
0.6764398395930532,0.9040014354925534
0.6764866509588529,0.9040014354925534
0.6764866509588529,0.9041808720617261
0.6766895002106511,0.9041808720617261
0.6767207077878509,0.9041808720617261
0.6768299343080499,0.9041808720617261
0.6768299343080499,0.904360308630899
0.6770015759826485,0.904360308630899
0.6770327835598483,0.904360308630899
0.6774540858520449,0.904360308630899
0.6774696896406448,0.9045397452000717
0.6775165010064443,0.9045397452000717
0.677563312372244,0.9045397452000717
0.6776413313152433,0.9045397452000717
0.677672538892443,0.9045397452000717
0.6778753881442414,0.9045397452000717
0.6778753881442414,0.9047191817692446
0.6781406525504392,0.9047191817692446
0.678171860127639,0.9047191817692446
0.6784995396882363,0.9047191817692446
0.6784995396882363,0.9048986183384173
0.6786399737856351,0.9048986183384173
0.6786711813628349,0.9048986183384173
0.6789364457690327,0.9048986183384173
0.6789988609234322,0.9048986183384173
0.6790456722892318,0.9048986183384173
0.6790768798664316,0.9048986183384173
0.6791080874436313,0.9048986183384173
0.679139295020831,0.9048986183384173
0.6792797291182299,0.9048986183384173
0.6792953329068298,0.9050780549075902
0.6794513707928285,0.9050780549075902
0.6794825783700282,0.9050780549075902
0.6796074086788272,0.9050780549075902
0.6796074086788272,0.9052574914767629
0.6798570692964252,0.9052574914767629
0.679888276873625,0.9052574914767629
0.6801067299140231,0.9052574914767629
0.6801067299140231,0.9054369280459358
0.6801379374912229,0.9054369280459358
0.6801379374912229,0.9056163646151085
0.6804656170518202,0.9056163646151085
0.6804656170518202,0.9057958011842814
0.6806372587264188,0.9057958011842814
0.6806372587264188,0.9059752377534541
0.6806528625150187,0.9059752377534541
0.6806528625150187,0.906154674322627
0.6806840700922184,0.906154674322627
0.6806840700922184,0.9063341108917997
0.6807464852466178,0.9063341108917997
0.6807464852466178,0.9065135474609726
0.6810117496528157,0.9065135474609726
0.6810117496528157,0.9066929840301453
0.6811053723844149,0.9066929840301453
0.6811209761730148,0.9068724205993182
0.6811209761730148,0.9070518571684909
0.6813394292134131,0.9070518571684909
0.6813706367906127,0.9070518571684909
0.6814018443678125,0.9070518571684909
0.6814330519450122,0.9070518571684909
0.6814798633108119,0.9070518571684909
0.6815110708880117,0.9070518571684909
0.682072807277607,0.9070518571684909
0.6821352224320065,0.9070518571684909
0.6824316944154041,0.9070518571684909
0.6824629019926038,0.9070518571684909
0.682806185341801,0.9070518571684909
0.6828373929190007,0.9070518571684909
0.6830246383821992,0.9070518571684909
0.6830558459593989,0.9070518571684909
0.6838672429665923,0.9070518571684909
0.6838984505437921,0.9070518571684909
0.6839764694867914,0.9070518571684909
0.6839764694867914,0.9072312937376638
0.6841325073727901,0.9072312937376638
0.6841325073727901,0.9074107303068365
0.6843821679903881,0.9074107303068365
0.6844133755675879,0.9074107303068365
0.6846474323965859,0.9074107303068365
0.6846786399737856,0.9074107303068365
0.6848190740711845,0.9074107303068365
0.6848190740711845,0.9075901668760094
0.684881489225584,0.9075901668760094
0.684881489225584,0.9077696034451821
0.6849126968027837,0.9077696034451821
0.6849283005913835,0.9077696034451821
0.6849595081685833,0.9077696034451821
0.685115546054582,0.9077696034451821
0.685115546054582,0.9081284765835277
0.6851779612089816,0.9081284765835277
0.6852091687861813,0.9081284765835277
0.6853027915177805,0.9081284765835277
0.6853027915177805,0.9083079131527005
0.6854276218265795,0.9083079131527005
0.6854588294037792,0.9083079131527005
0.6854744331923791,0.9083079131527005
0.6855368483467786,0.9083079131527005
0.6855992635011781,0.9083079131527005
0.6856304710783778,0.9083079131527005
0.6856304710783778,0.9084873497218733
0.6858333203301762,0.9084873497218733
0.685864527907376,0.9084873497218733
0.6859893582161749,0.9084873497218733
0.6860205657933747,0.9084873497218733
0.6860673771591742,0.9084873497218733
0.6860673771591742,0.9086667862910461
0.6860829809477741,0.9086667862910461
0.6861141885249739,0.9086667862910461
0.6862390188337728,0.9086667862910461
0.6862702264109726,0.9086667862910461
0.6864106605083714,0.9086667862910461
0.6864418680855712,0.9086667862910461
0.6867851514347684,0.9086667862910461
0.6868163590119681,0.9086667862910461
0.6868631703777677,0.9086667862910461
0.6868787741663676,0.9086667862910461
0.6868943779549674,0.9088462228602189
0.6869099817435673,0.9088462228602189
0.6869099817435673,0.9090256594293917
0.6869723968979669,0.9090256594293917
0.6870348120523663,0.9090256594293917
0.6871284347839656,0.9090256594293917
0.687190849938365,0.9090256594293917
0.6873624916129636,0.9090256594293917
0.6873936991901634,0.9090256594293917
0.6877681901165603,0.9090256594293917
0.6877993976937601,0.9090256594293917
0.6877993976937601,0.9092050959985645
0.6882675113517562,0.9092050959985645
0.6882675113517562,0.9093845325677373
0.6883143227175558,0.9093845325677373
0.6883455302947555,0.9093845325677373
0.6885951909123535,0.9093845325677373
0.6886263984895533,0.9093845325677373
0.6887356250097524,0.9093845325677373
0.6887356250097524,0.9095639691369101
0.6887668325869521,0.9095639691369101
0.688782436375552,0.9097434057060829
0.6888760591071512,0.9097434057060829
0.688907266684351,0.9097434057060829
0.6889540780501506,0.9097434057060829
0.6889540780501506,0.9099228422752557
0.6890008894159502,0.9099228422752557
0.6890320969931499,0.9099228422752557
0.6890945121475495,0.9099228422752557
0.6890945121475495,0.9101022788444285
0.6893285689765475,0.9101022788444285
0.6893597765537472,0.9101022788444285
0.6900463432521416,0.9101022788444285
0.6900931546179412,0.9101022788444285
0.6904208341785385,0.9101022788444285
0.6904520417557383,0.9101022788444285
0.6906860985847364,0.9101022788444285
0.6907173061619362,0.9101022788444285
0.6914038728603304,0.9101022788444285
0.6914350804375302,0.9101022788444285
0.6919187978841262,0.9101022788444285
0.6919344016727261,0.9102817154136013
0.6919656092499259,0.9102817154136013
0.6919968168271257,0.9102817154136013
0.6921372509245245,0.9102817154136013
0.6921372509245245,0.9104611519827741
0.6923088925991231,0.9104611519827741
0.6923401001763229,0.9104611519827741
0.6924025153307223,0.9104611519827741
0.692433722907922,0.9104611519827741
0.692558553216721,0.9104611519827741
0.692558553216721,0.9108200251211197
0.6926521759483203,0.9108200251211197
0.69268338352552,0.9108200251211197
0.6927770062571192,0.9108200251211197
0.692808213834319,0.9108200251211197
0.6928238176229189,0.9108200251211197
0.6928238176229189,0.9109994616902924
0.6936352146301122,0.9109994616902924
0.6936664222073119,0.9109994616902924
0.6936820259959118,0.9109994616902924
0.6936976297845117,0.9111788982594653
0.69390047903631,0.9111788982594653
0.6939316866135098,0.9111788982594653
0.6939628941907096,0.9111788982594653
0.6939941017679092,0.9111788982594653
0.6943998002715059,0.9111788982594653
0.6944466116373056,0.9111788982594653
0.6948211025637024,0.9111788982594653
0.6948211025637024,0.911358334828638
0.6951331783356999,0.911358334828638
0.6951643859128996,0.911358334828638
0.6955544806278965,0.911358334828638
0.6955544806278965,0.9115377713978109
0.695741726091095,0.9115377713978109
0.6957729336682946,0.9115377713978109
0.6961474245946916,0.9115377713978109
0.6961786321718914,0.9115377713978109
0.69635027384649,0.9115377713978109
0.6963970852122895,0.9115377713978109
0.6964126890008894,0.9115377713978109
0.6964126890008894,0.9117172079669836
0.6964282927894893,0.9117172079669836
0.696459500366689,0.9117172079669836
0.6968027837158862,0.9117172079669836
0.696833991293086,0.9117172079669836
0.6969900291790847,0.9117172079669836
0.6970212367562845,0.9117172079669836
0.6970524443334841,0.9117172079669836
0.6970524443334841,0.9118966445361565
0.6971772746422832,0.9118966445361565
0.6972084822194828,0.9118966445361565
0.6976609920888792,0.9118966445361565
0.6976921996660789,0.9118966445361565
0.697801426186278,0.9118966445361565
0.697801426186278,0.9120760811053292
0.6978326337634778,0.9120760811053292
0.6978794451292774,0.9120760811053292
0.6979106527064771,0.9120760811053292
0.6979730678608767,0.9120760811053292
0.6980042754380764,0.9120760811053292
0.6980822943810757,0.9120760811053292
0.6981135019582755,0.9120760811053292
0.6982695398442742,0.9120760811053292
0.698300747421474,0.9120760811053292
0.6983943701530732,0.9120760811053292
0.6983943701530732,0.9122555176745021
0.6985192004618721,0.9122555176745021
0.6985660118276718,0.9122555176745021
0.6986752383478708,0.9122555176745021
0.6987064459250706,0.9122555176745021
0.6988312762338695,0.9122555176745021
0.6988624838110693,0.9122555176745021
0.6990965406400674,0.9122555176745021
0.6990965406400674,0.9124349542436748
0.6991277482172672,0.9124349542436748
0.6991277482172672,0.9126143908128477
0.699393012623465,0.9126143908128477
0.6994242202006647,0.9126143908128477
0.699767503549862,0.9126143908128477
0.6997987111270616,0.9126143908128477
0.7003292399394573,0.9126143908128477
0.7003292399394573,0.9127938273820204
0.7004228626710566,0.9127938273820204
0.7004540702482562,0.9127938273820204
0.7005632967684554,0.9127938273820204
0.7005632967684554,0.9129732639511933
0.7006569195000546,0.9129732639511933
0.7006881270772544,0.9129732639511933
0.7008129573860533,0.9129732639511933
0.7008441649632531,0.9129732639511933
0.700968995272052,0.9129732639511933
0.700968995272052,0.913152700520366
0.7010158066378517,0.913152700520366
0.7010470142150514,0.913152700520366
0.701093825580851,0.913152700520366
0.7011406369466506,0.913152700520366
0.7013746937756488,0.913152700520366
0.7013746937756488,0.9133321370895389
0.7015463354502474,0.9133321370895389
0.701577543027447,0.9133321370895389
0.7020300528968434,0.9133321370895389
0.7020300528968434,0.9135115736587116
0.7020924680512428,0.9135115736587116
0.7021236756284426,0.9135115736587116
0.7022485059372415,0.9135115736587116
0.7022953173030412,0.9135115736587116
0.7024825627662397,0.9135115736587116
0.7024825627662397,0.9138704467970572
0.7024981665548395,0.91404988336623
0.7025449779206391,0.91404988336623
0.7025761854978388,0.91404988336623
0.7030286953672351,0.91404988336623
0.7030599029444349,0.91404988336623
0.7032471484076334,0.91404988336623
0.7032471484076334,0.9142293199354028
0.7033563749278324,0.9142293199354028
0.7033563749278324,0.9144087565045756
0.7036216393340303,0.9144087565045756
0.7036528469112301,0.9144087565045756
0.7036996582770296,0.9144087565045756
0.7037308658542294,0.9144087565045756
0.7046514893816218,0.9144087565045756
0.7046514893816218,0.9145881930737484
0.7048075272676205,0.9145881930737484
0.7048387348448203,0.9145881930737484
0.7049011499992198,0.9145881930737484
0.7049323575764196,0.9145881930737484
0.7053068485028164,0.9145881930737484
0.7053380560800162,0.9145881930737484
0.7057749621608126,0.9145881930737484
0.7058061697380124,0.9145881930737484
0.705977811412611,0.9145881930737484
0.7060090189898107,0.9145881930737484
0.7061338492986097,0.9145881930737484
0.7061650568758094,0.9145881930737484
0.7062742833960085,0.9145881930737484
0.706336698550408,0.9145881930737484
0.7065863591680059,0.9145881930737484
0.7065863591680059,0.914947066212094
0.7067423970540048,0.914947066212094
0.7067736046312044,0.914947066212094
0.7071793031348012,0.914947066212094
0.7072105107120009,0.914947066212094
0.7073509448093998,0.914947066212094
0.7073509448093998,0.9151265027812668
0.7074133599637992,0.9151265027812668
0.7074445675409989,0.9151265027812668
0.7075693978497979,0.9151265027812668
0.7076006054269977,0.9151265027812668
0.7076474167927973,0.9151265027812668
0.7076474167927973,0.9153059393504396
0.7077254357357966,0.9153059393504396
0.7077254357357966,0.9154853759196124
0.7081467380279932,0.9154853759196124
0.7081467380279932,0.9156648124887852
0.7082403607595924,0.9156648124887852
0.7082403607595924,0.915844249057958
0.7087708895719881,0.915844249057958
0.7088020971491878,0.915844249057958
0.7093014183843838,0.915844249057958
0.7093326259615834,0.915844249057958
0.7095510790019817,0.915844249057958
0.7095510790019817,0.9160236856271308
0.7095978903677813,0.9160236856271308
0.7096290979449811,0.9160236856271308
0.7096759093107806,0.9160236856271308
0.7097071168879804,0.9160236856271308
0.7099723812941783,0.9160236856271308
0.7100035888713779,0.9160236856271308
0.7105185138951737,0.9160236856271308
0.7105185138951737,0.9162031221963036
0.7105497214723735,0.9162031221963036
0.7105497214723735,0.9163825587654764
0.7109242123987705,0.9163825587654764
0.7109242123987705,0.9165619953346492
0.7110334389189695,0.9165619953346492
0.7110334389189695,0.916741431903822
0.7113143071137672,0.916741431903822
0.7113143071137672,0.9169208684729948
0.7120476851779612,0.9169208684729948
0.7121101003323607,0.9169208684729948
0.7124689874701577,0.9169208684729948
0.7125001950473575,0.9169208684729948
0.712562610201757,0.9169208684729948
0.7125938177789567,0.9169208684729948
0.7130151200711533,0.9169208684729948
0.7130151200711533,0.9171003050421676
0.7130931390141526,0.9171003050421676
0.7130931390141526,0.9172797416113404
0.7131243465913524,0.9172797416113404
0.7131555541685521,0.9172797416113404
0.7131867617457519,0.9172797416113404
0.7132023655343518,0.9174591781805131
0.71340521478615,0.9174591781805131
0.71340521478615,0.917638614749686
0.7136236678265483,0.917638614749686
0.7136236678265483,0.9178180513188587
0.7139357435985457,0.9178180513188587
0.7139669511757455,0.9178180513188587
0.7140293663301449,0.9178180513188587
0.7140293663301449,0.9179974878880316
0.7140917814845444,0.9179974878880316
0.7141229890617442,0.9179974878880316
0.7141854042161436,0.9179974878880316
0.7141854042161436,0.9181769244572043
0.7144974799881412,0.9181769244572043
0.7144974799881412,0.9183563610263772
0.7145130837767409,0.9183563610263772
0.7145130837767409,0.9185357975955499
0.7149655936461373,0.9185357975955499
0.7149655936461373,0.9187152341647228
0.7150436125891366,0.9187152341647228
0.7150436125891366,0.9188946707338955
0.7150592163777365,0.9188946707338955
0.715121631532136,0.9188946707338955
0.7153088769953345,0.9188946707338955
0.7153400845725342,0.9188946707338955
0.7155273300357327,0.9188946707338955
0.7155273300357327,0.9190741073030684
0.7155585376129324,0.9190741073030684
0.715620952767332,0.9190741073030684
0.7156521603445316,0.9190741073030684
0.7157613868647308,0.9190741073030684
0.7157613868647308,0.9192535438722411
0.7159486323279293,0.9192535438722411
0.7159486323279293,0.919432980441414
0.715964236116529,0.919432980441414
0.715964236116529,0.9196124170105867
0.7160266512709286,0.9196124170105867
0.7160266512709286,0.9197918535797596
0.7160734626367282,0.9197918535797596
0.7160734626367282,0.9199712901489323
0.7166351990263236,0.9199712901489323
0.7166508028149234,0.9201507267181052
0.716713217969323,0.9201507267181052
0.7168536520667218,0.9201507267181052
0.7168848596439216,0.9201507267181052
0.7169160672211213,0.9201507267181052
0.716947274798321,0.9201507267181052
0.7169628785869209,0.9201507267181052
0.7169940861641206,0.9201507267181052
0.7174465960335169,0.9201507267181052
0.7174778036107167,0.9201507267181052
0.7175246149765163,0.9201507267181052
0.7175246149765163,0.9203301632872779
0.7175402187651162,0.9203301632872779
0.7175402187651162,0.9205095998564508
0.7177898793827141,0.9205095998564508
0.717805483171314,0.9206890364256235
0.7179459172687128,0.9206890364256235
0.7179459172687128,0.9208684729947963
0.7182735968293101,0.9208684729947963
0.7182735968293101,0.9210479095639691
0.7183204081951098,0.9210479095639691
0.7183516157723095,0.9210479095639691
0.7185232574469081,0.9210479095639691
0.7185544650241078,0.9210479095639691
0.7185700688127077,0.9210479095639691
0.7185856726013076,0.9212273461331419
0.7186168801785073,0.9212273461331419
0.7186480877557071,0.9212273461331419
0.7193970696085009,0.9212273461331419
0.7194282771857007,0.9212273461331419
0.7194594847629004,0.9212273461331419
0.7194594847629004,0.9214067827023147
0.7194906923401002,0.9214067827023147
0.7195062961287001,0.9214067827023147
0.7195062961287001,0.9215862192714875
0.7195843150716994,0.9215862192714875
0.7195843150716994,0.9217656558406603
0.7200212211524958,0.9217656558406603
0.7200524287296955,0.9217656558406603
0.7201616552498947,0.9217656558406603
0.7201928628270944,0.9217656558406603
0.7202240704042941,0.9217656558406603
0.7202708817700938,0.9217656558406603
0.7205205423876917,0.9217656558406603
0.7205517499648915,0.9217656558406603
0.720614165119291,0.9217656558406603
0.7206765802736904,0.9217656558406603
0.7207233916394901,0.9217656558406603
0.7207545992166898,0.9217656558406603
0.7211602977202864,0.9217656558406603
0.7211602977202864,0.9219450924098331
0.7212851280290855,0.9219450924098331
0.7212851280290855,0.9221245289790059
0.7216752227440822,0.9221245289790059
0.7216752227440822,0.9223039655481787
0.7216908265326821,0.9223039655481787
0.7217220341098819,0.9223039655481787
0.7218156568414811,0.9223039655481787
0.7218156568414811,0.9224834021173515
0.722080921247679,0.9224834021173515
0.722080921247679,0.9226628386865243
0.7220965250362789,0.9228422752556971
0.7221589401906783,0.9228422752556971
0.7222837704994772,0.9228422752556971
0.722314978076677,0.9228422752556971
0.7223773932310765,0.9228422752556971
0.7224086008082763,0.9228422752556971
0.7224554121740758,0.9228422752556971
0.7224866197512756,0.9228422752556971
0.7224866197512756,0.9230217118248699
0.7225022235398755,0.9230217118248699
0.7225022235398755,0.9232011483940427
0.7225178273284754,0.9232011483940427
0.7225490349056751,0.9232011483940427
0.7226114500600745,0.9232011483940427
0.7226582614258742,0.9232011483940427
0.7228923182548723,0.9232011483940427
0.722923525832072,0.9232011483940427
0.7232043940268698,0.9232011483940427
0.7232356016040695,0.9232011483940427
0.723656903896266,0.9232011483940427
0.7236881114734658,0.9232011483940427
0.7237973379936649,0.9232011483940427
0.7237973379936649,0.9233805849632155
0.724031394822663,0.9233805849632155
0.7240626023998626,0.9233805849632155
0.7240938099770624,0.9233805849632155
0.7241562251314619,0.9233805849632155
0.7244995084806591,0.9233805849632155
0.7245307160578589,0.9233805849632155
0.7249052069842558,0.9233805849632155
0.7249364145614555,0.9233805849632155
0.7249832259272552,0.9233805849632155
0.7249832259272552,0.9235600215323883
0.7251548676018538,0.9235600215323883
0.7252016789676533,0.9235600215323883
0.7252328865448531,0.9235600215323883
0.7252328865448531,0.9237394581015611
0.7253733206422519,0.9237394581015611
0.7254045282194517,0.9237394581015611
0.72560737747125,0.9237394581015611
0.7256385850484498,0.9237394581015611
0.7258570380888479,0.9237394581015611
0.7258570380888479,0.9239188946707338
0.7259038494546476,0.9239188946707338
0.7259038494546476,0.9240983312399067
0.7259350570318474,0.9240983312399067
0.7259350570318474,0.9242777678090794
0.725981868397647,0.9242777678090794
0.7260130759748467,0.9242777678090794
0.7264343782670433,0.9242777678090794
0.7264343782670433,0.9244572043782523
0.7270585298110381,0.9244572043782523
0.7270897373882379,0.9244572043782523
0.7271833601198371,0.9244572043782523
0.7271833601198371,0.924636640947425
0.7274642283146348,0.924636640947425
0.7274954358918345,0.924636640947425
0.7276670775664331,0.924636640947425
0.7276982851436329,0.924636640947425
0.7277450965094325,0.924636640947425
0.7277763040866322,0.924636640947425
0.7279167381840311,0.924636640947425
0.7279479457612308,0.924636640947425
0.7284628707850266,0.924636640947425
0.7284940783622263,0.924636640947425
0.7285252859394261,0.924636640947425
0.728540889728026,0.9248160775165979
0.728540889728026,0.9249955140857706
0.7289465882316226,0.9249955140857706
0.7289777958088224,0.9249955140857706
0.7290402109632219,0.9249955140857706
0.7291026261176213,0.9249955140857706
0.7291962488492206,0.9249955140857706
0.7291962488492206,0.9251749506549435
0.7292274564264203,0.9251749506549435
0.7296019473528172,0.9251749506549435
0.729633154930017,0.9251749506549435
0.7297111738730163,0.9251749506549435
0.7297423814502161,0.9251749506549435
0.7298516079704153,0.9251749506549435
0.7298516079704153,0.9253543872241162
0.7305537784574094,0.9253543872241162
0.7305849860346092,0.9253543872241162
0.7309906845382059,0.9253543872241162
0.7309906845382059,0.9255338237932891
0.7310218921154056,0.9255338237932891
0.7310218921154056,0.9257132603624618
0.731099911058405,0.9257132603624618
0.731099911058405,0.9258926969316347
0.7312091375786041,0.9258926969316347
0.7312403451558038,0.9258926969316347
0.7313183640988032,0.9258926969316347
0.7313183640988032,0.9260721335008074
0.7314431944076022,0.9260721335008074
0.731474401984802,0.9260721335008074
0.7320049307971975,0.9260721335008074
0.7320361383743973,0.9260721335008074
0.7322077800489959,0.9260721335008074
0.7322077800489959,0.9262515700699803
0.7322389876261957,0.9262515700699803
0.7322701952033954,0.9262515700699803
0.7325042520323934,0.9262515700699803
0.7325042520323934,0.926431006639153
0.732675893706992,0.926431006639153
0.7327071012841918,0.926431006639153
0.7327227050727917,0.926431006639153
0.7327227050727917,0.9266104432083259
0.7330191770561892,0.9266104432083259
0.733050384633389,0.9266104432083259
0.7330971959991887,0.9266104432083259
0.7331284035763883,0.9266104432083259
0.733658932388784,0.9266104432083259
0.733658932388784,0.9267898797774986
0.7336901399659838,0.9267898797774986
0.7338461778519825,0.9267898797774986
0.7338461778519825,0.9269693163466715
0.7340022157379812,0.9269693163466715
0.734033423315181,0.9269693163466715
0.7341270460467801,0.9269693163466715
0.7341582536239799,0.9269693163466715
0.734392310452978,0.9269693163466715
0.7344235180301777,0.9269693163466715
0.7345951597047763,0.9269693163466715
0.7346263672819761,0.9269693163466715
0.7347668013793749,0.9269693163466715
0.7347980089565747,0.9269693163466715
0.7348604241109742,0.9269693163466715
0.7348604241109742,0.9271487529158442
0.7351724998829716,0.9271487529158442
0.7352037074601714,0.9271487529158442
0.7352817264031707,0.9271487529158442
0.7353129339803705,0.9271487529158442
0.7353909529233698,0.9271487529158442
0.7354221605005695,0.9271487529158442
0.7354377642891694,0.9271487529158442
0.7354377642891694,0.927328189485017
0.735484575654969,0.927328189485017
0.735484575654969,0.9275076260541898
0.7356250097523679,0.9275076260541898
0.7356562173295677,0.9275076260541898
0.7357498400611668,0.9275076260541898
0.7357498400611668,0.9276870626233626
0.7358902741585657,0.9276870626233626
0.7358902741585657,0.9278664991925354
0.7359214817357654,0.9278664991925354
0.7359526893129652,0.9278664991925354
0.7360619158331643,0.9278664991925354
0.7360619158331643,0.9280459357617082
0.7362023499305631,0.9280459357617082
0.736217953719163,0.928225372330881
0.7363427840279619,0.928225372330881
0.7363739916051617,0.928225372330881
0.736467614336761,0.928225372330881
0.7364988219139607,0.928225372330881
0.7364988219139607,0.9284048089000538
0.7366548597999595,0.9284048089000538
0.7366860673771591,0.9284048089000538
0.7367172749543589,0.9284048089000538
0.7367484825315587,0.9284048089000538
0.7368108976859582,0.9284048089000538
0.7368421052631579,0.9284048089000538
0.7371073696693557,0.9284048089000538
0.7371229734579556,0.9285842454692266
0.7372478037667546,0.9285842454692266
0.7372634075553545,0.9287636820383994
0.7374038416527533,0.9287636820383994
0.7374038416527533,0.9289431186075722
0.737450653018553,0.9289431186075722
0.737450653018553,0.929122555176745
0.7375442757501521,0.929122555176745
0.7375442757501521,0.9293019917459178
0.7375754833273519,0.9293019917459178
0.7376066909045517,0.9293019917459178
0.7376691060589511,0.9293019917459178
0.7377003136361509,0.9293019917459178
0.7377627287905504,0.9293019917459178
0.7377627287905504,0.9294814283150906
0.738168427294147,0.9294814283150906
0.7381996348713468,0.9294814283150906
0.738418087911745,0.9294814283150906
0.738418087911745,0.9296608648842634
0.7385273144319441,0.9296608648842634
0.7385585220091438,0.9296608648842634
0.7385741257977437,0.9296608648842634
0.7386053333749434,0.9296608648842634
0.7388549939925414,0.9296608648842634
0.7388549939925414,0.9298403014534362
0.7388705977811413,0.9298403014534362
0.738901805358341,0.9298403014534362
0.7389174091469409,0.9298403014534362
0.7389486167241406,0.9298403014534362
0.7393231076505375,0.9298403014534362
0.7393543152277373,0.930019738022609
0.7393699190163372,0.930019738022609
0.739401126593537,0.930019738022609
0.7394167303821367,0.930019738022609
0.7394167303821367,0.9301991745917818
0.739510353113736,0.9301991745917818
0.7395415606909358,0.9301991745917818
0.7399316554059325,0.9301991745917818
0.7399316554059325,0.9303786111609545
0.7403529576981291,0.9303786111609545
0.7403529576981291,0.9305580477301274
0.7404621842183282,0.9305580477301274
0.740493391795528,0.9305580477301274
0.7406338258929268,0.9305580477301274
0.7406338258929268,0.9307374842993001
0.7409302978763244,0.9307374842993001
0.7409615054535241,0.9307374842993001
0.7413203925913212,0.9307374842993001
0.7413203925913212,0.930916920868473
0.7417572986721176,0.930916920868473
0.7417729024607175,0.9310963574376457
0.7417729024607175,0.9312757940068186
0.7419445441353161,0.9312757940068186
0.7419757517125158,0.9312757940068186
0.7421005820213148,0.9312757940068186
0.7421005820213148,0.9314552305759913
0.7422098085415139,0.9314552305759913
0.7422410161187136,0.9314552305759913
0.7422566199073135,0.9314552305759913
0.7422878274845133,0.9314552305759913
0.7426467146223102,0.9314552305759913
0.74267792219951,0.9314552305759913
0.7431148282803065,0.9314552305759913
0.7431148282803065,0.9316346671451642
0.7433488851093045,0.9316346671451642
0.7433644888979044,0.9318141037143369
0.7434113002637041,0.9318141037143369
0.7434425078409038,0.9318141037143369
0.743536130572503,0.9318141037143369
0.7435673381497028,0.9318141037143369
0.7437857911901009,0.9318141037143369
0.7437857911901009,0.9319935402835098
0.7444099427340959,0.9319935402835098
0.7444411503112955,0.9319935402835098
0.7444411503112955,0.9321729768526825
0.7446127919858941,0.9321729768526825
0.7446127919858941,0.9323524134218554
0.7450809056438903,0.9323524134218554
0.74511211322109,0.9323524134218554
0.74511211322109,0.9325318499910281
0.7451745283754896,0.9325318499910281
0.7452057359526894,0.9325318499910281
0.7452057359526894,0.932711286560201
0.745236943529889,0.932711286560201
0.7452525473184889,0.932711286560201
0.7452837548956887,0.932711286560201
0.7455802268790862,0.932711286560201
0.745611434456286,0.932711286560201
0.7457986799194845,0.932711286560201
0.7457986799194845,0.9330701596985466
0.7458142837080843,0.9330701596985466
0.7458142837080843,0.9332495962677193
0.7459235102282834,0.9332495962677193
0.7459235102282834,0.9334290328368922
0.7460327367484826,0.9334290328368922
0.7460327367484826,0.933608469406065
0.7462511897888807,0.933608469406065
0.7462823973660805,0.933608469406065
0.7463136049432803,0.933608469406065
0.74634481252048,0.933608469406065
0.7463916238862796,0.933608469406065
0.7464228314634793,0.933608469406065
0.7464540390406791,0.933608469406065
0.7464852466178789,0.933608469406065
0.7465008504064787,0.933608469406065
0.7465008504064787,0.9337879059752378
0.7466880958696771,0.9337879059752378
0.7467193034468769,0.9337879059752378
0.7467817186012764,0.9337879059752378
0.7467817186012764,0.9339673425444106
0.7468597375442757,0.9339673425444106
0.7468909451214755,0.9339673425444106
0.7469689640644749,0.9339673425444106
0.7470001716416746,0.9339673425444106
0.7470937943732738,0.9339673425444106
0.7471250019504736,0.9339673425444106
0.7472498322592726,0.9339673425444106
0.7472498322592726,0.9341467791135833
0.7473902663566714,0.9341467791135833
0.7474214739338711,0.9341467791135833
0.7475150966654703,0.9341467791135833
0.7475150966654703,0.9343262156827562
0.7476243231856695,0.9343262156827562
0.7476243231856695,0.9345056522519289
0.7477179459172687,0.9345056522519289
0.7477491534944685,0.9345056522519289
0.7478427762260677,0.9345056522519289
0.7478427762260677,0.9346850888211018
0.748170455786665,0.9346850888211018
0.7482328709410645,0.9346850888211018
0.748295286095464,0.9346850888211018
0.7483420974612636,0.9346850888211018
0.7484981353472623,0.9346850888211018
0.7484981353472623,0.9348645253902745
0.7485917580788616,0.9348645253902745
0.7485917580788616,0.9350439619594474
0.7485917580788616,0.935402835097793
0.7489818527938583,0.935402835097793
0.7489818527938583,0.9355822716669657
0.7500897217844492,0.9355822716669657
0.750120929361649,0.9355822716669657
0.750120929361649,0.9357617082361386
0.7503861937678469,0.9357617082361386
0.7504174013450465,0.9357617082361386
0.7508387036372431,0.9357617082361386
0.7508699112144429,0.9357617082361386
0.7514472513926381,0.9357617082361386
0.7514784589698379,0.9357617082361386
0.7515252703356375,0.9357617082361386
0.7516188930672367,0.9357617082361386
0.7516344968558366,0.9359411448053113
0.7517749309532354,0.9359411448053113
0.7518061385304352,0.9359411448053113
0.7518529498962349,0.9359411448053113
0.7518529498962349,0.9361205813744842
0.7520557991480331,0.9361205813744842
0.7520870067252329,0.9361205813744842
0.7522586483998315,0.9361205813744842
0.7522586483998315,0.9363000179436569
0.7527423658464275,0.9363000179436569
0.7527423658464275,0.9364794545128298
0.7531168567728245,0.9364794545128298
0.7531168567728245,0.9366588910820025
0.7532416870816234,0.9366588910820025
0.7532728946588232,0.9366588910820025
0.7535693666422207,0.9366588910820025
0.7535693666422207,0.9368383276511754
0.75364738558522,0.9368383276511754
0.7536785931624198,0.9368383276511754
0.7539906689344172,0.9368383276511754
0.754021876511617,0.9368383276511754
0.754396367438014,0.9368383276511754
0.7544275750152137,0.9368383276511754
0.7544587825924134,0.9368383276511754
0.7544587825924134,0.9370177642203481
0.7544743863810133,0.9370177642203481
0.7544743863810133,0.937197200789521
0.754505593958213,0.937197200789521
0.7545368015354128,0.937197200789521
0.7549268962504097,0.937197200789521
0.7549268962504097,0.9373766373586937
0.7550361227706087,0.9373766373586937
0.7550829341364084,0.9373766373586937
0.7551609530794077,0.9373766373586937
0.7551921606566074,0.9373766373586937
0.7553169909654064,0.9373766373586937
0.7553481985426062,0.9373766373586937
0.7555198402172048,0.9373766373586937
0.7555198402172048,0.9375560739278666
0.7559567462980011,0.9375560739278666
0.7559567462980011,0.9377355104970393
0.7560035576638008,0.9377355104970393
0.7560035576638008,0.9379149470662121
0.7560347652410006,0.9379149470662121
0.7563156334357982,0.9379149470662121
0.7563312372243981,0.9380943836353849
0.7565184826875966,0.9380943836353849
0.7565496902647962,0.9380943836353849
0.7570022001341926,0.9380943836353849
0.7570334077113924,0.9380943836353849
0.757064615288592,0.9380943836353849
0.7570958228657918,0.9380943836353849
0.7572674645403904,0.9380943836353849
0.7572986721175902,0.9380943836353849
0.7578916160843853,0.9380943836353849
0.757922823661585,0.9380943836353849
0.7579852388159846,0.9380943836353849
0.7580008426045844,0.9382738202045577
0.7581100691247835,0.9382738202045577
0.7581100691247835,0.9384532567737305
0.7584065411081811,0.9384532567737305
0.7584377486853808,0.9384532567737305
0.7587186168801785,0.9384532567737305
0.7587498244573783,0.9384532567737305
0.7588746547661772,0.9384532567737305
0.7588746547661772,0.9386326933429033
0.7589214661319769,0.9386326933429033
0.7589526737091766,0.9386326933429033
0.7589838812863763,0.9386326933429033
0.7589838812863763,0.9388121299120761
0.7591711267495748,0.9388121299120761
0.7591711267495748,0.9389915664812489
0.7593115608469736,0.9389915664812489
0.7593115608469736,0.9391710030504217
0.7596548441961708,0.9391710030504217
0.7596548441961708,0.9393504396195945
0.7599513161795683,0.9393504396195945
0.7599513161795683,0.9397093127579401
0.7600449389111676,0.9397093127579401
0.7601073540655671,0.9397093127579401
0.7603570146831651,0.9397093127579401
0.7603570146831651,0.9398887493271129
0.7604662412033641,0.9398887493271129
0.7604662412033641,0.9400681858962857
0.760481844991964,0.9400681858962857
0.7605130525691638,0.9400681858962857
0.7605442601463636,0.9400681858962857
0.7605754677235633,0.9400681858962857
0.7605910715121632,0.9400681858962857
0.7606534866665626,0.9400681858962857
0.7607471093981619,0.9400681858962857
0.7607783169753616,0.9400681858962857
0.7607939207639615,0.9400681858962857
0.7608251283411612,0.9400681858962857
0.7609187510727604,0.9400681858962857
0.7609811662271599,0.9400681858962857
0.7611840154789583,0.9400681858962857
0.7611840154789583,0.9402476224654585
0.7611996192675582,0.9402476224654585
0.761230826844758,0.9402476224654585
0.7618081670229532,0.9402476224654585
0.7618393746001529,0.9402476224654585
0.7618549783887528,0.9402476224654585
0.7618861859659525,0.9402476224654585
0.7621514503721504,0.9402476224654585
0.7621514503721504,0.9404270590346313
0.7622138655265498,0.9404270590346313
0.7622450731037496,0.9404270590346313
0.762323092046749,0.9404270590346313
0.7623386958353489,0.940606495603804
0.7623542996239487,0.940606495603804
0.7623855072011484,0.940606495603804
0.762432318566948,0.940606495603804
0.7624635261441478,0.940606495603804
0.762557148875747,0.940606495603804
0.762557148875747,0.9407859321729769
0.7626039602415466,0.9407859321729769
0.7626351678187464,0.9407859321729769
0.762681979184546,0.9407859321729769
0.762681979184546,0.9409653687421496
0.762806809493345,0.9409653687421496
0.7628380170705448,0.9409653687421496
0.7628848284363443,0.9409653687421496
0.7628848284363443,0.9411448053113225
0.7629004322249442,0.9411448053113225
0.762931639802144,0.9411448053113225
0.7631500928425422,0.9411448053113225
0.7631500928425422,0.9413242418804952
0.7632593193627413,0.9413242418804952
0.763290526939941,0.9413242418804952
0.763290526939941,0.9415036784496681
0.7633217345171408,0.9415036784496681
0.7633529420943405,0.9415036784496681
0.7633841496715402,0.9415036784496681
0.7633997534601401,0.9416831150188408
0.7634465648259398,0.9416831150188408
0.7634777724031395,0.9416831150188408
0.7635245837689391,0.9416831150188408
0.7635245837689391,0.9418625515880137
0.7635557913461388,0.9418625515880137
0.7639302822725358,0.9418625515880137
0.7639614898497356,0.9418625515880137
0.7639926974269352,0.9418625515880137
0.7639926974269352,0.9420419881571864
0.764273565621733,0.9420419881571864
0.764273565621733,0.9422214247263593
0.7643671883533322,0.9422214247263593
0.7643983959305319,0.9422214247263593
0.7648353020113283,0.9422214247263593
0.7648665095885281,0.9422214247263593
0.764882113377128,0.9422214247263593
0.764882113377128,0.942400861295532
0.7649757361087272,0.942400861295532
0.7650069436859269,0.942400861295532
0.7651785853605255,0.942400861295532
0.7651785853605255,0.9425802978647049
0.7653502270351241,0.9425802978647049
0.7653814346123239,0.9425802978647049
0.7654282459781235,0.9425802978647049
0.7654594535553232,0.9425802978647049
0.7655218687097227,0.9425802978647049
0.7655530762869225,0.9425802978647049
0.7655530762869225,0.9427597344338776
0.7656623028071216,0.9427597344338776
0.7656623028071216,0.9429391710030505
0.7657247179615211,0.9429391710030505
0.7657559255387208,0.9429391710030505
0.7658963596361197,0.9429391710030505
0.7659275672133194,0.9429391710030505
0.7659275672133194,0.9431186075722232
0.765974378579119,0.9431186075722232
0.765974378579119,0.9432980441413961
0.7659899823677189,0.9432980441413961
0.7660211899449186,0.9432980441413961
0.7660992088879179,0.9432980441413961
0.7661304164651177,0.9432980441413961
0.7662084354081171,0.9432980441413961
0.7662084354081171,0.9434774807105688
0.7662552467739167,0.9434774807105688
0.7662552467739167,0.9436569172797417
0.7664893036029148,0.9436569172797417
0.7665205111801145,0.9436569172797417
0.7665517187573143,0.9436569172797417
0.7665517187573143,0.9438363538489144
0.7667233604319129,0.9438363538489144
0.7667545680091126,0.9438363538489144
0.7668169831635121,0.9438363538489144
0.7668481907407119,0.9438363538489144
0.7668950021065115,0.9438363538489144
0.7668950021065115,0.9440157904180873
0.7669106058951113,0.9440157904180873
0.766941813472311,0.9440157904180873
0.7672226816671087,0.9440157904180873
0.7672226816671087,0.94419522698726
0.7672694930329084,0.94419522698726
0.7673007006101081,0.94419522698726
0.767690795325105,0.94419522698726
0.7677220029023046,0.94419522698726
0.7678468332111037,0.94419522698726
0.7678780407883034,0.94419522698726
0.7679404559427029,0.94419522698726
0.7679404559427029,0.9443746635564328
0.7679872673085025,0.9443746635564328
0.7679872673085025,0.9445541001256056
0.7680184748857023,0.9445541001256056
0.768049682462902,0.9445541001256056
0.7681901165603009,0.9445541001256056
0.7682213241375005,0.9445541001256056
0.7682369279261004,0.9445541001256056
0.7682681355033002,0.9445541001256056
0.7684397771778988,0.9445541001256056
0.7684397771778988,0.9447335366947784
0.768783060527096,0.9447335366947784
0.7688142681042958,0.9447335366947784
0.7688766832586952,0.9447335366947784
0.768907890835895,0.9447335366947784
0.7689234946244948,0.9447335366947784
0.7689234946244948,0.9449129732639512
0.7689547022016946,0.9449129732639512
0.7690483249332938,0.9449129732639512
0.7691419476648931,0.9449129732639512
0.7693291931280914,0.9449129732639512
0.7693604007052912,0.9449129732639512
0.7696724764772886,0.9449129732639512
0.7697192878430883,0.9449129732639512
0.769875325729087,0.9449129732639512
0.7698909295176869,0.945092409833124
0.7699689484606863,0.945092409833124
0.770000156037886,0.945092409833124
0.7700625711922855,0.945092409833124
0.7700937787694853,0.945092409833124
0.7701405901352848,0.945092409833124
0.7701717977124846,0.945092409833124
0.7702030052896843,0.945092409833124
0.7702030052896843,0.9452718464022968
0.7702186090782842,0.9452718464022968
0.7702186090782842,0.9454512829714696
0.7705774962160813,0.9454512829714696
0.7706087037932811,0.9454512829714696
0.7706867227362804,0.9454512829714696
0.7707179303134801,0.9454512829714696
0.7707491378906799,0.9454512829714696
0.7707803454678795,0.9454512829714696
0.7709519871424781,0.9454512829714696
0.7709831947196779,0.9454512829714696
0.7710144022968777,0.9454512829714696
0.7710456098740774,0.9454512829714696
0.7715137235320736,0.9454512829714696
0.7715137235320736,0.9456307195406424
0.7716853652066722,0.9456307195406424
0.7717009689952721,0.9458101561098152
0.7717009689952721,0.945989592678988
0.7717321765724718,0.945989592678988
0.7717945917268713,0.945989592678988
0.7718726106698707,0.945989592678988
0.7719038182470704,0.945989592678988
0.7728556493516626,0.945989592678988
0.7728868569288623,0.945989592678988
0.7729024607174622,0.945989592678988
0.7729336682946619,0.945989592678988
0.7729648758718617,0.945989592678988
0.7729960834490615,0.945989592678988
0.7730116872376613,0.945989592678988
0.7730428948148611,0.945989592678988
0.7732613478552592,0.945989592678988
0.7732613478552592,0.9461690292481608
0.7734017819526581,0.9461690292481608
0.7734017819526581,0.9463484658173336
0.7736046312044564,0.9463484658173336
0.7736358387816562,0.9463484658173336
0.773776272879055,0.9463484658173336
0.7738074804562548,0.9463484658173336
0.7739791221308534,0.9463484658173336
0.7740103297080532,0.9463484658173336
0.7740883486510525,0.9463484658173336
0.7740883486510525,0.9465279023865064
0.7741195562282522,0.9465279023865064
0.7741975751712515,0.9465279023865064
0.7742287827484513,0.9465279023865064
0.7743380092686504,0.9465279023865064
0.7743692168458501,0.9465279023865064
0.77438482063445,0.9465279023865064
0.7744160282116498,0.9465279023865064
0.7744472357888496,0.9465279023865064
0.7744784433660493,0.9465279023865064
0.7744940471546492,0.9465279023865064
0.7745252547318489,0.9465279023865064
0.7746188774634482,0.9465279023865064
0.7746500850406479,0.9465279023865064
0.7751650100644436,0.9465279023865064
0.7751962176416434,0.9465279023865064
0.7752742365846428,0.9465279023865064
0.7753054441618425,0.9465279023865064
0.7754926896250409,0.9465279023865064
0.7755238972022407,0.9465279023865064
0.7758983881286377,0.9465279023865064
0.7759295957058374,0.9465279023865064
0.776101237380436,0.9465279023865064
0.7761324449576357,0.9465279023865064
0.7761480487462356,0.9465279023865064
0.7761480487462356,0.9467073389556792
0.7762884828436344,0.9467073389556792
0.7763196904208342,0.9467073389556792
0.7763821055752337,0.9467073389556792
0.7764133131524334,0.9467073389556792
0.7765225396726325,0.9467073389556792
0.7765537472498323,0.9467073389556792
0.776584954827032,0.9467073389556792
0.776584954827032,0.946886775524852
0.7766161624042317,0.946886775524852
0.776709785135831,0.946886775524852
0.7767409927130308,0.946886775524852
0.7768190116560301,0.946886775524852
0.7768658230218297,0.946886775524852
0.7768814268104296,0.946886775524852
0.7768814268104296,0.9470662120940248
0.7769594457534289,0.9470662120940248
0.7769594457534289,0.9472456486631976
0.7770218609078284,0.9472456486631976
0.7770218609078284,0.9474250852323703
0.7771154836394276,0.9474250852323703
0.7771154836394276,0.9476045218015432
0.7771310874280275,0.9476045218015432
0.7771310874280275,0.9479633949398888
0.7772559177368265,0.9479633949398888
0.7772559177368265,0.9481428315090615
0.7772871253140262,0.9481428315090615
0.7772871253140262,0.9483222680782344
0.7774119556228252,0.9483222680782344
0.7774431632000249,0.9483222680782344
0.7774743707772247,0.9483222680782344
0.7775055783544245,0.9483222680782344
0.7776460124518233,0.9483222680782344
0.7776772200290231,0.9483222680782344
0.7778332579150218,0.9483222680782344
0.7778332579150218,0.9485017046474071
0.7781609374756191,0.9485017046474071
0.7781609374756191,0.94868114121658
0.778285767784418,0.94868114121658
0.778285767784418,0.9488605777857527
0.7783637867274175,0.9488605777857527
0.7783637867274175,0.9490400143549256
0.7783949943046171,0.9490400143549256
0.7784262018818169,0.9490400143549256
0.7784886170362164,0.9490400143549256
0.7785198246134162,0.9490400143549256
0.7787070700766145,0.9490400143549256
0.7787382776538143,0.9490400143549256
0.7789099193284129,0.9490400143549256
0.7789099193284129,0.9492194509240983
0.7790347496372119,0.9492194509240983
0.7790659572144116,0.9492194509240983
0.7792219951004103,0.9492194509240983
0.7792532026776101,0.9492194509240983
0.77926880646621,0.9492194509240983
0.7793000140434098,0.9492194509240983
0.7793312216206095,0.9492194509240983
0.7793624291978092,0.9492194509240983
0.7793780329864091,0.9492194509240983
0.7794092405636088,0.9492194509240983
0.7794716557180084,0.9492194509240983
0.7795028632952081,0.9492194509240983
0.7796745049698066,0.9492194509240983
0.7797057125470064,0.9492194509240983
0.779877354221605,0.9492194509240983
0.7799085617988047,0.9492194509240983
0.7800802034734033,0.9492194509240983
0.7801114110506031,0.9492194509240983
0.7801426186278029,0.9492194509240983
0.7801738262050025,0.9492194509240983
0.7802518451480019,0.9492194509240983
0.7803142603024015,0.9492194509240983
0.7804390906112004,0.9492194509240983
0.7804390906112004,0.9493988874932712
0.7806575436515986,0.9493988874932712
0.7806575436515986,0.9497577606316168
0.7806731474401984,0.9497577606316168
0.7806731474401984,0.9499371972007895
0.7807043550173982,0.9499371972007895
0.780735562594598,0.9499371972007895
0.7813597141385928,0.9499371972007895
0.7814221292929924,0.9499371972007895
0.781453336870192,0.9499371972007895
0.7814845444473918,0.9499371972007895
0.7817186012763899,0.9499371972007895
0.7817186012763899,0.9501166337699624
0.7821242997799865,0.9501166337699624
0.7821555073571863,0.9501166337699624
0.7822179225115858,0.9501166337699624
0.7822491300887856,0.9501166337699624
0.7828888854213804,0.9501166337699624
0.78292009299858,0.9501166337699624
0.783060527095979,0.9501166337699624
0.7830917346731786,0.9501166337699624
0.7831073384617785,0.9501166337699624
0.7831385460389783,0.9501166337699624
0.7834194142337759,0.9501166337699624
0.7834506218109757,0.9501166337699624
0.7834662255995756,0.9501166337699624
0.7834974331767753,0.9501166337699624
0.7834974331767753,0.9502960703391351
0.7836846786399738,0.9502960703391351
0.7837002824285737,0.950475506908308
0.7837314900057734,0.950475506908308
0.7837626975829731,0.950475506908308
0.7837939051601729,0.950475506908308
0.7838251127373727,0.950475506908308
0.7838563203145724,0.950475506908308
0.7839499430461716,0.950475506908308
0.7839499430461716,0.9506549434774807
0.7839967544119713,0.9506549434774807
0.784027961989171,0.9506549434774807
0.784027961989171,0.9508343800466535
0.7841996036637696,0.9508343800466535
0.7842308112409693,0.9508343800466535
0.784262018818169,0.9508343800466535
0.7842932263953688,0.9508343800466535
0.7842932263953688,0.9510138166158263
0.7846677173217658,0.9510138166158263
0.7846989248989654,0.9510138166158263
0.7850890196139623,0.9510138166158263
0.7850890196139623,0.9511932531849991
0.785120227191162,0.9511932531849991
0.785120227191162,0.9513726897541719
0.7851514347683618,0.9513726897541719
0.7851826423455615,0.9513726897541719
0.7851982461341613,0.9513726897541719
0.7852294537113611,0.9513726897541719
0.785245057499961,0.9513726897541719
0.7852762650771608,0.9513726897541719
0.7856039446377581,0.9513726897541719
0.7856351522149578,0.9513726897541719
0.7861344734501537,0.9513726897541719
0.7861656810273534,0.9513726897541719
0.7868990590915474,0.9513726897541719
0.7869302666687472,0.9513726897541719
0.7870082856117465,0.9513726897541719
0.7870394931889463,0.9513726897541719
0.7871799272863451,0.9513726897541719
0.7872111348635449,0.9513726897541719
0.7873515689609437,0.9513726897541719
0.7873827765381435,0.9513726897541719
0.7874607954811428,0.9513726897541719
0.7874920030583425,0.9513726897541719
0.787570022001342,0.9513726897541719
0.787570022001342,0.9515521263233447
0.7875856257899418,0.9515521263233447
0.7876168333671415,0.9515521263233447
0.7876324371557414,0.9515521263233447
0.7876948523101409,0.9515521263233447
0.7878820977733394,0.9515521263233447
0.7879133053505392,0.9515521263233447
0.7879445129277388,0.9515521263233447
0.7879601167163387,0.9517315628925175
0.7879913242935385,0.9517315628925175
0.788287796276936,0.9517315628925175
0.788287796276936,0.9519109994616903
0.7883502114313355,0.9519109994616903
0.7883502114313355,0.9520904360308631
0.7886154758375333,0.9520904360308631
0.7886466834147331,0.9520904360308631
0.7887090985691326,0.9520904360308631
0.7887403061463323,0.9520904360308631
0.7888651364551313,0.9520904360308631
0.788896344032331,0.9520904360308631
0.7889587591867305,0.9520904360308631
0.7889899667639303,0.9520904360308631
0.7891147970727292,0.9520904360308631
0.789146004649929,0.9520904360308631
0.7892552311701281,0.9520904360308631
0.7892864387473278,0.9520904360308631
0.7893956652675269,0.9520904360308631
0.7894268728447267,0.9520904360308631
0.7894424766333266,0.9520904360308631
0.7894892879991262,0.9520904360308631
0.7901914584861204,0.9520904360308631
0.7902226660633201,0.9520904360308631
0.791330535053911,0.9520904360308631
0.7913617426311108,0.9520904360308631
0.7914241577855103,0.9520904360308631
0.7914553653627101,0.9520904360308631
0.7914553653627101,0.9522698726000359
0.7916894221917081,0.9522698726000359
0.7917518373461077,0.9522698726000359
0.7917674411347075,0.9522698726000359
0.7917986487119073,0.9522698726000359
0.7918142525005071,0.9522698726000359
0.7918454600777068,0.9522698726000359
0.7919858941751057,0.9522698726000359
0.7919858941751057,0.9524493091692087
0.7920014979637056,0.9526287457383815
0.7920327055409053,0.9526287457383815
0.792313573735703,0.9526287457383815
0.7923447813129028,0.9526287457383815
0.7926880646621,0.9526287457383815
0.7927192722392997,0.9526287457383815
0.7928597063366986,0.9526287457383815
0.7928909139138983,0.9526287457383815
0.7929845366454975,0.9526287457383815
0.7929845366454975,0.9528081823075543
0.7930313480112972,0.9528081823075543
0.7930625555884969,0.9528081823075543
0.7932966124174949,0.9528081823075543
0.7933278199946947,0.9528081823075543
0.7938115374412907,0.9528081823075543
0.7938427450184905,0.9528081823075543
0.7940768018474885,0.9528081823075543
0.7941080094246883,0.9528081823075543
0.7943420662536864,0.9528081823075543
0.7943732738308862,0.9528081823075543
0.7948101799116826,0.9528081823075543
0.7948413874888823,0.9528081823075543
0.7949038026432818,0.9528081823075543
0.7949350102204815,0.9528081823075543
0.7950286329520808,0.9528081823075543
0.7950286329520808,0.9529876188767271
0.7950442367406806,0.9529876188767271
0.7950442367406806,0.9531670554458999
0.7951534632608798,0.9531670554458999
0.7952158784152792,0.9531670554458999
0.7953875200898778,0.9531670554458999
0.7953875200898778,0.9533464920150727
0.7954187276670776,0.9533464920150727
0.7956839920732753,0.9533464920150727
0.7957151996504751,0.9533464920150727
0.7957776148048746,0.9533464920150727
0.7958088223820744,0.9533464920150727
0.7958556337478739,0.9533464920150727
0.7958556337478739,0.9535259285842455
0.7959024451136736,0.9535259285842455
0.7959180489022735,0.9537053651534183
0.7959492564794732,0.9537053651534183
0.795980464056673,0.9537053651534183
0.7960116716338727,0.9537053651534183
0.7960116716338727,0.953884801722591
0.796105294365472,0.953884801722591
0.7961365019426717,0.953884801722591
0.7961677095198714,0.953884801722591
0.7961989170970711,0.953884801722591
0.7962613322514707,0.953884801722591
0.7963237474058702,0.953884801722591
0.796464181503269,0.953884801722591
0.7964953890804687,0.953884801722591
0.7966202193892677,0.953884801722591
0.7966358231778676,0.9540642382917639
0.7966358231778676,0.9542436748609366
0.7969947103156646,0.9542436748609366
0.7970259178928644,0.9542436748609366
0.7971819557788631,0.9542436748609366
0.7971819557788631,0.9544231114301095
0.7973223898762619,0.9544231114301095
0.7973535974534617,0.9544231114301095
0.7974940315508605,0.9544231114301095
0.7975252391280603,0.9544231114301095
0.7976188618596596,0.9544231114301095
0.7976500694368592,0.9544231114301095
0.7978529186886576,0.9544231114301095
0.7978841262658574,0.9544231114301095
0.7982274096150546,0.9544231114301095
0.7982586171922543,0.9544231114301095
0.7982586171922543,0.9546025479992822
0.7983366361352536,0.9546025479992822
0.7983678437124534,0.9546025479992822
0.7983834475010533,0.9546025479992822
0.798414655078253,0.9546025479992822
0.7984614664440526,0.9546025479992822
0.7985238815984521,0.9546025479992822
0.7991168255652472,0.9546025479992822
0.7991168255652472,0.9547819845684551
0.7991792407196467,0.9547819845684551
0.7992104482968465,0.9547819845684551
0.7992416558740462,0.9547819845684551
0.799257259662646,0.9549614211376278
0.7993040710284457,0.9549614211376278
0.7993352786056455,0.9549614211376278
0.7995537316460437,0.9549614211376278
0.7995849392232434,0.9549614211376278
0.7996473543776429,0.9549614211376278
0.7996629581662428,0.9551408577068007
0.799881411206641,0.9551408577068007
0.7999126187838407,0.9551408577068007
0.8000218453040399,0.9551408577068007
0.8000374490926397,0.9553202942759734
0.8000686566698394,0.9553202942759734
0.8001778831900386,0.9553202942759734
0.8002090907672383,0.9553202942759734
0.8002090907672383,0.9554997308451463
0.8002246945558381,0.9554997308451463
0.8002559021330379,0.9554997308451463
0.8003183172874374,0.9554997308451463
0.8003495248646372,0.9554997308451463
0.8004431475962364,0.9554997308451463
0.8004743551734361,0.9554997308451463
0.8005367703278355,0.9554997308451463
0.8005679779050353,0.9554997308451463
0.8005835816936352,0.9554997308451463
0.8005835816936352,0.955679167414319
0.800614789270835,0.955679167414319
0.8006928082138344,0.955679167414319
0.8006928082138344,0.9558586039834919
0.8008488460998331,0.9558586039834919
0.8008800536770327,0.9558586039834919
0.8012077332376301,0.9558586039834919
0.8012233370262299,0.9560380405526646
0.801472997643828,0.9560380405526646
0.8015354127982274,0.9560380405526646
0.8016446393184266,0.9560380405526646
0.8016758468956262,0.9560380405526646
0.8017850734158254,0.9560380405526646
0.8018162809930252,0.9560380405526646
0.8018162809930252,0.9562174771218375
0.8020815453992229,0.9562174771218375
0.8021127529764227,0.9562174771218375
0.8021439605536225,0.9562174771218375
0.8021595643422222,0.9563969136910102
0.802565262845819,0.9563969136910102
0.802565262845819,0.9565763502601831
0.802799319674817,0.9565763502601831
0.8028305272520168,0.9565763502601831
0.8028617348292165,0.9565763502601831
0.8028929424064163,0.9565763502601831
0.8032206219670136,0.9565763502601831
0.8032206219670136,0.9567557868293558
0.8032362257556135,0.9569352233985287
0.8033766598530123,0.9569352233985287
0.8034078674302121,0.9569352233985287
0.8035639053162108,0.9569352233985287
0.8035951128934106,0.9569352233985287
0.8036107166820103,0.9569352233985287
0.8036419242592101,0.9569352233985287
0.8037043394136096,0.9569352233985287
0.8037667545680092,0.9569352233985287
0.8037823583566089,0.9569352233985287
0.8037823583566089,0.9571146599677014
0.8038291697224086,0.9571146599677014
0.8038603772996084,0.9571146599677014
0.8038915848768081,0.9571146599677014
0.8039227924540079,0.9571146599677014
0.8046873780954016,0.9571146599677014
0.8046873780954016,0.9572940965368743
0.8047029818840015,0.9572940965368743
0.8047341894612012,0.9572940965368743
0.8048122084042005,0.9572940965368743
0.8048434159814003,0.9572940965368743
0.8049058311357997,0.9572940965368743
0.8049370387129995,0.9572940965368743
0.8050150576559989,0.9572940965368743
0.8050462652331987,0.9572940965368743
0.8050618690217984,0.9572940965368743
0.8050930765989982,0.9572940965368743
0.8052647182735968,0.9572940965368743
0.8052959258507966,0.9572940965368743
0.8053895485823958,0.9572940965368743
0.8053895485823958,0.957473533106047
0.8055455864683946,0.957473533106047
0.8055767940455942,0.957473533106047
0.8056548129885936,0.957473533106047
0.8056860205657934,0.957473533106047
0.8057796432973926,0.957473533106047
0.8058108508745924,0.957473533106047
0.8058420584517921,0.957473533106047
0.8058420584517921,0.9576529696752198
0.8059356811833913,0.9576529696752198
0.8059668887605911,0.9576529696752198
0.8060293039149906,0.9576529696752198
0.8060605114921903,0.9576529696752198
0.8062789645325885,0.9576529696752198
0.8063101721097883,0.9576529696752198
0.8064350024185872,0.9576529696752198
0.806466209995787,0.9576529696752198
0.806591040304586,0.9576529696752198
0.8066378516703856,0.9576529696752198
0.8068563047107837,0.9576529696752198
0.8068719084993836,0.9578324062443926
0.8070435501739822,0.9578324062443926
0.807074757751182,0.9578324062443926
0.8072620032143805,0.9578324062443926
0.8072932107915802,0.9578324062443926
0.8076364941407774,0.9578324062443926
0.8076677017179771,0.9578324062443926
0.808042192644374,0.9578324062443926
0.8080734002215738,0.9578324062443926
0.8080734002215738,0.9580118428135654
0.8081826267417729,0.9580118428135654
0.8082138343189726,0.9580118428135654
0.8083074570505718,0.9580118428135654
0.8083386646277716,0.9580118428135654
0.808416683570771,0.9580118428135654
0.808416683570771,0.958370715951911
0.8086039290339695,0.958370715951911
0.8086351366111691,0.958370715951911
0.8087599669199682,0.958370715951911
0.8087599669199682,0.9585501525210838
0.8088535896515674,0.9585501525210838
0.8088847972287672,0.9585501525210838
0.8090876464805655,0.9585501525210838
0.8091188540577652,0.9585501525210838
0.8092592881551641,0.9585501525210838
0.8092592881551641,0.9587295890902566
0.8092904957323638,0.9587295890902566
0.8093217033095635,0.9587295890902566
0.8093217033095635,0.9589090256594294
0.8093373070981634,0.9589090256594294
0.8093685146753632,0.9589090256594294
0.8094933449841621,0.9589090256594294
0.8095245525613619,0.9589090256594294
0.8095713639271616,0.9589090256594294
0.8096649866587607,0.9589090256594294
0.8096961942359605,0.9589090256594294
0.8097898169675597,0.9589090256594294
0.8098210245447595,0.9589090256594294
0.8099926662193581,0.9589090256594294
0.8099926662193581,0.9590884622286022
0.8100706851623575,0.9590884622286022
0.8101018927395571,0.9590884622286022
0.8102579306255558,0.9590884622286022
0.8102579306255558,0.959267898797775
0.8102891382027556,0.959267898797775
0.8103203457799554,0.959267898797775
0.8104451760887543,0.959267898797775
0.8104763836659541,0.959267898797775
0.8105544026089535,0.959267898797775
0.8105856101861532,0.959267898797775
0.8106168177633529,0.959267898797775
0.8106480253405527,0.959267898797775
0.8108820821695508,0.959267898797775
0.8109132897467505,0.959267898797775
0.8111473465757486,0.959267898797775
0.8111473465757486,0.9594473353669478
0.8113345920389471,0.9594473353669478
0.8113657996161469,0.9594473353669478
0.8117714981197435,0.9594473353669478
0.8118027056969432,0.9594473353669478
0.8118183094855431,0.9594473353669478
0.8118495170627429,0.9594473353669478
0.8118963284285424,0.9594473353669478
0.8118963284285424,0.9596267719361206
0.8119275360057422,0.9596267719361206
0.812067970103141,0.9596267719361206
0.812067970103141,0.9598062085052934
0.8122084042005399,0.9598062085052934
0.8122084042005399,0.9599856450744662
0.8122396117777396,0.9599856450744662
0.8122708193549394,0.9599856450744662
0.8124112534523382,0.9599856450744662
0.8124268572409381,0.960165081643639
0.8124580648181379,0.960165081643639
0.8124892723953376,0.960165081643639
0.8128481595331346,0.960165081643639
0.8128793671103344,0.960165081643639
0.8129417822647339,0.960165081643639
0.8129417822647339,0.9603445182128117
0.813160235305132,0.9603445182128117
0.813160235305132,0.9605239547819846
0.8133474807683305,0.9605239547819846
0.8133786883455303,0.9605239547819846
0.8134254997113299,0.9605239547819846
0.8134567072885297,0.9605239547819846
0.8135971413859285,0.9605239547819846
0.8136283489631283,0.9605239547819846
0.8136907641175277,0.9605239547819846
0.8137219716947275,0.9605239547819846
0.8138936133693261,0.9605239547819846
0.8139248209465259,0.9605239547819846
0.8140340474667249,0.9605239547819846
0.8140652550439247,0.9605239547819846
0.8141120664097243,0.9605239547819846
0.814143273986924,0.9605239547819846
0.814143273986924,0.9607033913511573
0.8141744815641238,0.9607033913511573
0.8141900853527236,0.9608828279203302
0.8143461232387224,0.9608828279203302
0.8143773308159221,0.9608828279203302
0.8146581990107198,0.9608828279203302
0.8146894065879196,0.9608828279203302
0.8147986331081186,0.9608828279203302
0.8147986331081186,0.9610622644895029
0.8149546709941173,0.9610622644895029
0.8149858785713171,0.9610622644895029
0.8150638975143165,0.9610622644895029
0.8150951050915162,0.9610622644895029
0.8151731240345156,0.9610622644895029
0.8152043316117153,0.9610622644895029
0.8152823505547147,0.9610622644895029
0.8153135581319144,0.9610622644895029
0.8154695960179131,0.9610622644895029
0.8155008035951129,0.9610622644895029
0.8156568414811116,0.9610622644895029
0.8156880490583114,0.9610622644895029
0.8157348604241109,0.9610622644895029
0.8157660680013107,0.9610622644895029
0.8160001248303088,0.9610622644895029
0.8160001248303088,0.9612417010586758
0.8162029740821072,0.9612417010586758
0.8162341816593068,0.9612417010586758
0.8162809930251065,0.9612417010586758
0.8163122006023062,0.9612417010586758
0.8163902195453056,0.9612417010586758
0.8164214271225053,0.9612417010586758
0.8168583332033018,0.9612417010586758
0.8168583332033018,0.9614211376278485
0.8168895407805015,0.9614211376278485
0.8169363521463011,0.9614211376278485
0.8169675597235009,0.9614211376278485
0.8169831635121008,0.9614211376278485
0.8169831635121008,0.9616005741970214
0.8171235976094996,0.9616005741970214
0.8171235976094996,0.9617800107661941
0.8172016165524989,0.9617800107661941
0.8172328241296987,0.9617800107661941
0.8172640317068984,0.9617800107661941
0.8172640317068984,0.961959447335367
0.8173732582270975,0.961959447335367
0.8173732582270975,0.9623183204737126
0.8174200695928971,0.9623183204737126
0.817435673381497,0.9624977570428853
0.817560503690296,0.9624977570428853
0.8175917112674957,0.9624977570428853
0.8178257680964939,0.9624977570428853
0.8178569756736935,0.9624977570428853
0.817934994616693,0.9624977570428853
0.817934994616693,0.9626771936120582
0.8179505984052928,0.9626771936120582
0.8180130135596922,0.9626771936120582
0.8182002590228907,0.9626771936120582
0.8182470703886904,0.9626771936120582
0.8183250893316897,0.9626771936120582
0.8183562969088894,0.9626771936120582
0.8184031082746891,0.9626771936120582
0.8184343158518889,0.9626771936120582
0.8186371651036872,0.9626771936120582
0.8186683726808869,0.9626771936120582
0.8190740711844836,0.9626771936120582
0.8190740711844836,0.9628566301812309
0.8191052787616834,0.9628566301812309
0.8191052787616834,0.9630360667504038
0.8191676939160828,0.9630360667504038
0.8191989014932826,0.9630360667504038
0.8193393355906814,0.9630360667504038
0.8193705431678812,0.9630360667504038
0.8194797696880802,0.9630360667504038
0.8195421848424798,0.9630360667504038
0.819760637882878,0.9630360667504038
0.8197918454600777,0.9630360667504038
0.8198386568258773,0.9630360667504038
0.8198698644030771,0.9630360667504038
0.819994694711876,0.9630360667504038
0.8200259022890758,0.9630360667504038
0.8202755629066737,0.9630360667504038
0.8203067704838735,0.9630360667504038
0.8203535818496731,0.9630360667504038
0.8203535818496731,0.9632155033195765
0.8206188462558709,0.9632155033195765
0.8206188462558709,0.9633949398887494
0.8208997144506687,0.9633949398887494
0.8209309220278683,0.9633949398887494
0.8211025637024669,0.9633949398887494
0.8211337712796667,0.9633949398887494
0.8212586015884656,0.9633949398887494
0.8212898091656654,0.9633949398887494
0.8213834318972647,0.9633949398887494
0.8214146394744644,0.9635743764579221
0.8214458470516641,0.9635743764579221
0.8214770546288639,0.9635743764579221
0.82194516828686,0.9635743764579221
0.8219763758640598,0.9635743764579221
0.8220075834412596,0.9635743764579221
0.8220387910184593,0.9635743764579221
0.822319659213257,0.9635743764579221
0.8223508667904568,0.9635743764579221
0.8225069046764555,0.9635743764579221
0.8225381122536551,0.9635743764579221
0.822553716042255,0.9635743764579221
0.8225849236194548,0.9635743764579221
0.8226941501396539,0.9635743764579221
0.8227253577168536,0.9635743764579221
0.8227253577168536,0.963753813027095
0.822928206968652,0.963753813027095
0.8229594145458518,0.963753813027095
0.8230218297002512,0.963753813027095
0.8230530372774509,0.963753813027095
0.8236615850328459,0.963753813027095
0.8236615850328459,0.9639332495962677
0.8236927926100457,0.9639332495962677
0.8237240001872455,0.9639332495962677
0.8238020191302449,0.9639332495962677
0.8238020191302449,0.9641126861654405
0.8243325479426404,0.9641126861654405
0.8243637555198402,0.9641126861654405
0.8245510009830387,0.9641126861654405
0.8245822085602384,0.9641126861654405
0.8246602275032378,0.9641126861654405
0.8246602275032378,0.9642921227346133
0.8248162653892365,0.9642921227346133
0.8248474729664362,0.9642921227346133
0.825003510852435,0.9642921227346133
0.825003510852435,0.9644715593037861
0.8250347184296347,0.9644715593037861
0.8252063601042333,0.9644715593037861
0.825253171470033,0.9644715593037861
0.8255496434534305,0.9644715593037861
0.8255496434534305,0.9646509958729589
0.8257524927052289,0.9646509958729589
0.8257524927052289,0.9648304324421317
0.8257680964938287,0.9648304324421317
0.8257993040710284,0.9648304324421317
0.8259397381684273,0.9648304324421317
0.8259397381684273,0.9650098690113045
0.8266107010782218,0.9650098690113045
0.8266107010782218,0.9651893055804773
0.826719927598421,0.9651893055804773
0.8267667389642205,0.9651893055804773
0.82682915411862,0.9651893055804773
0.82682915411862,0.9653687421496501
0.8270007957932186,0.9653687421496501
0.8270320033704184,0.9653687421496501
0.8272660601994164,0.9653687421496501
0.8272972677766162,0.9653687421496501
0.8277029662802128,0.9653687421496501
0.8277653814346123,0.9653687421496501
0.8281554761496092,0.9653687421496501
0.8281866837268088,0.9653687421496501
0.8283895329786072,0.9653687421496501
0.8283895329786072,0.9655481787188229
0.828420740555807,0.9655481787188229
0.8284519481330067,0.9655481787188229
0.8285143632874061,0.9655481787188229
0.8285455708646059,0.9655481787188229
0.8286391935962052,0.9655481787188229
0.828670401173405,0.9655481787188229
0.8286860049620047,0.9655481787188229
0.8287172125392045,0.9655481787188229
0.8292633451402001,0.9655481787188229
0.8292945527173998,0.9655481787188229
0.8293413640831994,0.9655481787188229
0.8293725716603991,0.9655481787188229
0.829388175448999,0.9655481787188229
0.829388175448999,0.9657276152879957
0.8294505906033985,0.9657276152879957
0.8294817981805982,0.9657276152879957
0.829996723204394,0.9657276152879957
0.8300279307815938,0.9657276152879957
0.8301059497245932,0.9657276152879957
0.8301215535131931,0.9659070518571685
0.830246383821992,0.9659070518571685
0.8303087989763914,0.9659070518571685
0.8304492330737904,0.9659070518571685
0.83048044065099,0.9659070518571685
0.8305896671711892,0.9659070518571685
0.8306208747483889,0.9659070518571685
0.830730101268588,0.9659070518571685
0.8307613088457878,0.9659070518571685
0.8308861391545868,0.9659070518571685
0.8308861391545868,0.9660864884263413
0.8310889884063851,0.9660864884263413
0.8311201959835848,0.9660864884263413
0.8312138187151841,0.9660864884263413
0.8312450262923838,0.9660864884263413
0.8314166679669824,0.9660864884263413
0.8314790831213819,0.9660864884263413
0.8315258944871815,0.9660864884263413
0.8315727058529812,0.9660864884263413
0.8317599513161795,0.9660864884263413
0.8318067626819792,0.9660864884263413
0.8319940081451777,0.9660864884263413
0.8319940081451777,0.9662659249955141
0.8320252157223774,0.9662659249955141
0.8322124611855759,0.9662659249955141
0.8322124611855759,0.9664453615646869
0.8322436687627756,0.9664453615646869
0.8322748763399753,0.9664453615646869
0.8324621218031738,0.9664453615646869
0.8324933293803736,0.9664453615646869
0.8326181596891725,0.9664453615646869
0.8326493672663723,0.9664453615646869
0.8327273862093716,0.9664453615646869
0.8327273862093716,0.9666247981338597
0.8333671415419663,0.9666247981338597
0.8333983491191661,0.9666247981338597
0.8334607642735656,0.9666247981338597
0.8334607642735656,0.9668042347030325
0.8335387832165649,0.9668042347030325
0.8335699907937647,0.9668042347030325
0.8336168021595644,0.9668042347030325
0.8336480097367641,0.9668042347030325
0.833663613525364,0.9668042347030325
0.8336948211025637,0.9668042347030325
0.833788443834163,0.9668042347030325
0.8338196514113627,0.9669836712722053
0.8339444817201617,0.9669836712722053
0.8339756892973614,0.9669836712722053
0.8340849158175605,0.9669836712722053
0.8340849158175605,0.967163107841378
0.8341785385491597,0.967163107841378
0.8342409537035592,0.967163107841378
0.8343657840123582,0.967163107841378
0.8343969915895579,0.967163107841378
0.8350835582879523,0.967163107841378
0.8351147658651521,0.967163107841378
0.835130369653752,0.967163107841378
0.8351615772309516,0.967163107841378
0.8351927848081514,0.967163107841378
0.8352239923853512,0.967163107841378
0.8352708037511508,0.967163107841378
0.8352708037511508,0.9673425444105509
0.8353020113283505,0.9673425444105509
0.8354112378485496,0.9673425444105509
0.8354424454257494,0.9673425444105509
0.8355204643687487,0.9673425444105509
0.8355516719459485,0.9673425444105509
0.8357857287749466,0.9673425444105509
0.835848143929346,0.9673425444105509
0.8361290121241437,0.9673425444105509
0.8361602197013435,0.9673425444105509
0.8362538424329428,0.9673425444105509
0.8362850500101424,0.9673425444105509
0.8369560129199369,0.9673425444105509
0.8369560129199369,0.9675219809797236
0.8370184280743365,0.9675219809797236
0.8370340318629363,0.9677014175488965
0.8370652394401361,0.9677014175488965
0.8370652394401361,0.9678808541180692
0.8370964470173358,0.9678808541180692
0.8371276545945355,0.9678808541180692
0.8371588621717353,0.9678808541180692
0.8371588621717353,0.9680602906872421
0.837205673537535,0.9680602906872421
0.8372368811147347,0.9680602906872421
0.8373929190007334,0.9680602906872421
0.8374085227893332,0.9682397272564148
0.8374709379437327,0.9682397272564148
0.8375021455209325,0.9682397272564148
0.8376113720411316,0.9682397272564148
0.8376113720411316,0.9684191638255877
0.8377674099271303,0.9684191638255877
0.83779861750433,0.9684191638255877
0.8378454288701297,0.9684191638255877
0.8378766364473295,0.9684191638255877
0.8381419008535272,0.9684191638255877
0.8381419008535272,0.9685986003947604
0.838173108430727,0.9685986003947604
0.8382355235851264,0.9685986003947604
0.8382667311623262,0.9685986003947604
0.8383291463167257,0.9685986003947604
0.8384383728369248,0.9685986003947604
0.8384695804141246,0.9685986003947604
0.8387504486089222,0.9685986003947604
0.838781656186122,0.9685986003947604
0.8388440713405215,0.9685986003947604
0.8388752789177212,0.9685986003947604
0.8395930531933153,0.9685986003947604
0.8395930531933153,0.9687780369639333
0.8396554683477149,0.9687780369639333
0.8396554683477149,0.968957473533106
0.8399363365425125,0.968957473533106
0.8399675441197123,0.968957473533106
0.84024841231451,0.968957473533106
0.8402796198917097,0.968957473533106
0.8403264312575093,0.968957473533106
0.840357638834709,0.968957473533106
0.8407165259725061,0.968957473533106
0.8407477335497059,0.968957473533106
0.841106620687503,0.968957473533106
0.8411378282647026,0.968957473533106
0.8412470547849018,0.968957473533106
0.8412470547849018,0.9691369101022789
0.8413094699393012,0.9691369101022789
0.841340677516501,0.9691369101022789
0.8414967154024997,0.9691369101022789
0.8415279229796995,0.9691369101022789
0.8416059419226989,0.9691369101022789
0.8416059419226989,0.9693163466714516
0.8416371494998985,0.9693163466714516
0.8417307722314978,0.9693163466714516
0.8417619798086976,0.9693163466714516
0.8419648290604959,0.9693163466714516
0.8419648290604959,0.9694957832406245
0.8422925086210932,0.9694957832406245
0.8423237161982929,0.9694957832406245
0.842432942718492,0.9694957832406245
0.8424641502956918,0.9694957832406245
0.8428542450106886,0.9694957832406245
0.8428542450106886,0.9696752198097972
0.8428854525878884,0.9696752198097972
0.842916660165088,0.9696752198097972
0.8429790753194876,0.9696752198097972
0.8429790753194876,0.9700340929481428
0.8430258866852872,0.9700340929481428
0.843057094262487,0.9700340929481428
0.8430883018396866,0.9700340929481428
0.8431195094168864,0.9700340929481428
0.8432287359370855,0.9700340929481428
0.8432599435142852,0.9700340929481428
0.844024529155679,0.9700340929481428
0.8440557367328787,0.9700340929481428
0.8440713405214786,0.9700340929481428
0.8440713405214786,0.9702135295173157
0.8443366049276765,0.9702135295173157
0.8443366049276765,0.9703929660864884
0.8444770390250753,0.9703929660864884
0.8445082466022751,0.9703929660864884
0.8448827375286719,0.9703929660864884
0.8449139451058717,0.9703929660864884
0.8449763602602712,0.9703929660864884
0.8450075678374709,0.9703929660864884
0.8453508511866681,0.9703929660864884
0.8453820587638678,0.9703929660864884
0.8456629269586655,0.9703929660864884
0.8456629269586655,0.9705724026556612
0.8457877572674646,0.9705724026556612
0.8458345686332641,0.9705724026556612
0.8458969837876636,0.9705724026556612
0.8459281913648634,0.9705724026556612
0.8459437951534633,0.9705724026556612
0.845975002730663,0.9705724026556612
0.8459906065192628,0.9705724026556612
0.8460218140964626,0.9705724026556612
0.8460842292508621,0.9705724026556612
0.8461154368280619,0.9705724026556612
0.8463650974456598,0.9705724026556612
0.8463963050228596,0.9705724026556612
0.8464275126000593,0.9705724026556612
0.846458720177259,0.9705724026556612
0.8465367391202584,0.9705724026556612
0.8465679466974582,0.9705724026556612
0.8469892489896547,0.9705724026556612
0.8470204565668544,0.9705724026556612
0.8480190990372463,0.9705724026556612
0.848050306614446,0.9705724026556612
0.8481439293460452,0.9705724026556612
0.8481439293460452,0.970751839224834
0.8481595331346451,0.970751839224834
0.8481907407118449,0.970751839224834
0.8483311748092437,0.970751839224834
0.8483623823864435,0.970751839224834
0.8484404013294428,0.970751839224834
0.8484716089066425,0.970751839224834
0.8484872126952424,0.970751839224834
0.8485340240610421,0.970751839224834
0.8486432505812411,0.970751839224834
0.8486744581584409,0.970751839224834
0.8488148922558397,0.970751839224834
0.8488460998330395,0.970751839224834
0.848892911198839,0.970751839224834
0.8489241187760388,0.970751839224834
0.8489397225646387,0.970751839224834
0.8489709301418384,0.970751839224834
0.8491269680278372,0.970751839224834
0.8491737793936368,0.970751839224834
0.8497043082060324,0.970751839224834
0.8497199119946323,0.9709312757940068
0.8497823271490318,0.9709312757940068
0.8498135347262316,0.9709312757940068
0.8499071574578307,0.9709312757940068
0.8499071574578307,0.9711107123631796
0.8500163839780298,0.9711107123631796
0.8500475915552296,0.9711107123631796
0.8502192332298282,0.9711107123631796
0.8502504408070279,0.9711107123631796
0.8502660445956278,0.9711107123631796
0.8502972521728276,0.9711107123631796
0.850500101424626,0.9711107123631796
0.8505625165790254,0.9711107123631796
0.850843384773823,0.9711107123631796
0.850843384773823,0.9712901489323524
0.8512646870660197,0.9712901489323524
0.8512958946432194,0.9712901489323524
0.8513114984318192,0.9712901489323524
0.8513739135862187,0.9712901489323524
0.8516235742038167,0.9712901489323524
0.8516235742038167,0.9714695855015252
0.8517171969354159,0.9714695855015252
0.8517484045126157,0.9714695855015252
0.8518108196670151,0.9714695855015252
0.8518420272442149,0.9714695855015252
0.8520136689188135,0.9714695855015252
0.8520136689188135,0.971649022070698
0.8520448764960132,0.971649022070698
0.852076084073213,0.971649022070698
0.8523725560566106,0.971649022070698
0.8523725560566106,0.9718284586398708
0.8524193674224102,0.9718284586398708
0.8524193674224102,0.9720078952090436
0.8524973863654095,0.9720078952090436
0.8525285939426093,0.9720078952090436
0.8534024061042021,0.9720078952090436
0.8534336136814018,0.9720078952090436
0.8539797462823974,0.9720078952090436
0.8539797462823974,0.9721873317782164
0.854026557648197,0.9721873317782164
0.8540577652253968,0.9721873317782164
0.8540733690139966,0.9721873317782164
0.8540733690139966,0.9723667683473892
0.8544478599403935,0.9723667683473892
0.8544478599403935,0.972546204916562
0.8544790675175933,0.972546204916562
0.854510275094793,0.972546204916562
0.8545882940377924,0.972546204916562
0.8546195016149921,0.972546204916562
0.8550876152729883,0.972546204916562
0.8551344266387879,0.972546204916562
0.8552748607361867,0.972546204916562
0.8553060683133865,0.972546204916562
0.8555713327195843,0.972546204916562
0.8555713327195843,0.9727256414857348
0.8557585781827828,0.9727256414857348
0.8557897857599825,0.9727256414857348
0.855852200914382,0.9727256414857348
0.8558990122801816,0.9727256414857348
0.8559614274345811,0.9727256414857348
0.8559926350117809,0.9727256414857348
0.8559926350117809,0.9729050780549076
0.8560082388003807,0.9729050780549076
0.8560394463775804,0.9729050780549076
0.8566323903443757,0.9729050780549076
0.8566635979215753,0.9729050780549076
0.8568976547505734,0.9729050780549076
0.8569288623277732,0.9729050780549076
0.8570380888479723,0.9729050780549076
0.857069296425172,0.9729050780549076
0.8571161077909717,0.9729050780549076
0.8571473153681713,0.9729050780549076
0.8572565418883705,0.9729050780549076
0.8572877494655703,0.9729050780549076
0.8576310328147674,0.9729050780549076
0.8576622403919671,0.9729050780549076
0.8578962972209653,0.9729050780549076
0.857927504798165,0.9729050780549076
0.8582239767815626,0.9729050780549076
0.8582239767815626,0.9730845146240804
0.8584580336105606,0.9730845146240804
0.8584892411877604,0.9730845146240804
0.859144600308955,0.9730845146240804
0.8591758078861548,0.9730845146240804
0.8597063366985505,0.9730845146240804
0.8597375442757501,0.9730845146240804
0.8597843556415498,0.9730845146240804
0.8598155632187495,0.9730845146240804
0.8600340162591478,0.9730845146240804
0.8600652238363474,0.9730845146240804
0.8601900541451465,0.9730845146240804
0.8602212617223461,0.9730845146240804
0.8602524692995459,0.9730845146240804
0.8602524692995459,0.9732639511932532
0.8605177337057438,0.9732639511932532
0.8605489412829435,0.9732639511932532
0.8605801488601432,0.9732639511932532
0.8606269602259429,0.9732639511932532
0.861095073883939,0.9732639511932532
0.8611262814611388,0.9732639511932532
0.8613135269243373,0.9732639511932532
0.8613135269243373,0.973443387762426
0.8614851685989359,0.973443387762426
0.8615163761761355,0.973443387762426
0.8618752633139326,0.973443387762426
0.8619064708911324,0.973443387762426
0.8619376784683321,0.973443387762426
0.8619688860455319,0.973443387762426
0.8620937163543309,0.973443387762426
0.8621249239315306,0.973443387762426
0.8623277731833289,0.973443387762426
0.8623277731833289,0.9736228243315987
0.862436999703528,0.9736228243315987
0.8624682072807277,0.9736228243315987
0.8625462262237271,0.9736228243315987
0.8625774338009269,0.9736228243315987
0.862795886841325,0.9736228243315987
0.8628583019957246,0.9736228243315987
0.8629051133615242,0.9736228243315987
0.8629051133615242,0.9738022609007716
0.8630611512475229,0.9738022609007716
0.8630611512475229,0.9739816974699443
0.8630923588247227,0.9739816974699443
0.8632327929221215,0.9739816974699443
0.8632640004993213,0.9739816974699443
0.863279604287921,0.9739816974699443
0.863279604287921,0.9741611340391172
0.8633108118651208,0.9741611340391172
0.8633264156537207,0.9741611340391172
0.8633576232309205,0.9741611340391172
0.8634512459625197,0.9741611340391172
0.8634824535397194,0.9741611340391172
0.8636384914257181,0.9741611340391172
0.8636853027915178,0.9741611340391172
0.8641846240267137,0.9741611340391172
0.8641846240267137,0.9743405706082899
0.8642158316039135,0.9743405706082899
0.8642470391811131,0.9743405706082899
0.8643094543355127,0.9743405706082899
0.8643094543355127,0.9745200071774628
0.8647931717821087,0.9745200071774628
0.8648243793593084,0.9745200071774628
0.8649648134567073,0.9745200071774628
0.8649648134567073,0.9746994437466355
0.8651676627085056,0.9746994437466355
0.8651676627085056,0.9748788803158084
0.8651832664971055,0.9748788803158084
0.8652144740743053,0.9748788803158084
0.8655109460577028,0.9748788803158084
0.8655577574235024,0.9748788803158084
0.8656669839437016,0.9748788803158084
0.8656981915209013,0.9748788803158084
0.8659166445612995,0.9748788803158084
0.8659478521384992,0.9748788803158084
0.8659946635042989,0.9748788803158084
0.8660258710814985,0.9748788803158084
0.8660726824472982,0.9748788803158084
0.8662287203332969,0.9748788803158084
0.8662599279104967,0.9748788803158084
0.8664315695850953,0.9748788803158084
0.866462777162295,0.9748788803158084
0.8665095885280947,0.9748788803158084
0.8665407961052943,0.9748788803158084
0.8674146082668872,0.9748788803158084
0.867445815844087,0.9748788803158084
0.8679919484450824,0.9748788803158084
0.8679919484450824,0.9750583168849811
0.8683820431600793,0.9750583168849811
0.868413250737279,0.9750583168849811
0.8685224772574781,0.9750583168849811
0.8685224772574781,0.975237753454154
0.8686629113548769,0.975237753454154
0.8686941189320767,0.975237753454154
0.8688033454522758,0.975237753454154
0.8688345530294755,0.975237753454154
0.8689749871268744,0.975237753454154
0.8690061947040741,0.975237753454154
0.8691622325900729,0.975237753454154
0.8691622325900729,0.9754171900233267
0.8691778363786727,0.9754171900233267
0.8692090439558725,0.9754171900233267
0.8692558553216722,0.9754171900233267
0.8692870628988718,0.9754171900233267
0.8695211197278699,0.9754171900233267
0.8695523273050697,0.9754171900233267
0.869880006865667,0.9754171900233267
0.8699112144428667,0.9754171900233267
0.8699580258086663,0.9754171900233267
0.8699580258086663,0.9755966265924996
0.8700516485402656,0.9755966265924996
0.8700828561174653,0.9755966265924996
0.870238894003464,0.9755966265924996
0.8702701015806638,0.9755966265924996
0.8703013091578635,0.9755966265924996
0.8703013091578635,0.9757760631616723
0.8703169129464634,0.9757760631616723
0.870363724312263,0.9757760631616723
0.8708006303930594,0.9757760631616723
0.8708318379702592,0.9757760631616723
0.8712063288966561,0.9757760631616723
0.8712063288966561,0.9759554997308452
0.8712219326852559,0.9759554997308452
0.8712687440510556,0.9759554997308452
0.8712687440510556,0.9761349363000179
0.8712999516282554,0.9761349363000179
0.8713779705712547,0.9761349363000179
0.8713779705712547,0.9763143728691908
0.8716120274002528,0.9763143728691908
0.8716432349774526,0.9763143728691908
0.87195531074945,0.9763143728691908
0.8719865183266498,0.9763143728691908
0.8721737637898481,0.9763143728691908
0.8722049713670479,0.9763143728691908
0.872439028196046,0.9763143728691908
0.8724702357732458,0.9763143728691908
0.8727198963908437,0.9763143728691908
0.8727511039680435,0.9764938094383635
0.8727823115452432,0.9764938094383635
0.8729695570084417,0.9764938094383635
0.8730007645856414,0.9764938094383635
0.8730163683742412,0.9766732460075364
0.8730319721628411,0.9766732460075364
0.8730631797400409,0.9766732460075364
0.8730943873172406,0.9766732460075364
0.8730943873172406,0.9768526825767091
0.8736249161296363,0.9768526825767091
0.873656123706836,0.9768526825767091
0.8736717274954359,0.9768526825767091
0.8737029350726356,0.9768526825767091
0.8737341426498354,0.9768526825767091
0.8737341426498354,0.977032119145882
0.8738277653814346,0.977032119145882
0.8738589729586344,0.977032119145882
0.8738745767472342,0.977032119145882
0.873905784324434,0.977032119145882
0.8744519169254295,0.977032119145882
0.8744831245026292,0.977032119145882
0.8745455396570287,0.977032119145882
0.8745455396570287,0.9772115557150547
0.8747639926974269,0.9772115557150547
0.8747952002746266,0.9772115557150547
0.8748264078518264,0.9772115557150547
0.8748264078518264,0.9773909922842275
0.8748732192176261,0.9773909922842275
0.874888823006226,0.9775704288534003
0.8749044267948258,0.9775704288534003
0.8749356343720255,0.9775704288534003
0.8759654844196171,0.9775704288534003
0.8759654844196171,0.9777498654225731
0.8761215223056158,0.9777498654225731
0.8761527298828156,0.9777498654225731
0.8764023905004135,0.9777498654225731
0.8764335980776132,0.9777498654225731
0.8766520511180115,0.9777498654225731
0.8766832586952112,0.9779293019917459
0.877073353410208,0.9779293019917459
0.8771045609874077,0.9779293019917459
0.8773074102392061,0.9779293019917459
0.8773074102392061,0.9781087385609187
0.8776506935884033,0.9781087385609187
0.877681901165603,0.9781087385609187
0.8779003542060012,0.9781087385609187
0.877931561783201,0.9781087385609187
0.8781500148235992,0.9781087385609187
0.8781812224007989,0.9781087385609187
0.8781812224007989,0.9784676116992643
0.8782592413437983,0.9784676116992643
0.8782592413437983,0.9786470482684371
0.8786805436359948,0.9786470482684371
0.8787117512131946,0.9786470482684371
0.8788677890991933,0.9786470482684371
0.8788677890991933,0.9788264848376099
0.8788833928877932,0.9788264848376099
0.8789146004649929,0.9788264848376099
0.8792422800255902,0.9788264848376099
0.8792422800255902,0.9790059214067827
0.8793827141229891,0.9790059214067827
0.8794139217001888,0.9790059214067827
0.8803189414389814,0.9790059214067827
0.8803501490161811,0.9790059214067827
0.880365752804781,0.9790059214067827
0.8803969603819808,0.9790059214067827
0.8804125641705807,0.9790059214067827
0.8804749793249801,0.9790059214067827
0.8805686020565794,0.9790059214067827
0.8805686020565794,0.9791853579759555
0.8807246399425781,0.9791853579759555
0.8807558475197778,0.9791853579759555
0.8811927536005743,0.9791853579759555
0.8812083573891741,0.9793647945451283
0.881223961177774,0.9793647945451283
0.8812551687549737,0.9793647945451283
0.8814112066409724,0.9793647945451283
0.8814112066409724,0.9795442311143011
0.8815048293725717,0.9795442311143011
0.8815360369497715,0.9795442311143011
0.8815516407383712,0.9795442311143011
0.8815516407383712,0.9797236676834739
0.8816920748357702,0.9797236676834739
0.8816920748357702,0.9799031042526467
0.8817232824129698,0.9799031042526467
0.8817232824129698,0.9800825408218194
0.8817700937787695,0.9800825408218194
0.881832508933169,0.9800825408218194
0.8819105278761683,0.9800825408218194
0.8819417354533681,0.9800825408218194
0.8819729430305678,0.9800825408218194
0.8819729430305678,0.9802619773909923
0.8819885468191677,0.9802619773909923
0.8820197543963675,0.9802619773909923
0.8822226036481657,0.9802619773909923
0.8822538112253655,0.9802619773909923
0.8823474339569648,0.9802619773909923
0.8823630377455646,0.980441413960165
0.8823942453227643,0.980441413960165
0.8824254528999641,0.980441413960165
0.8825346794201632,0.980441413960165
0.8825658869973629,0.980441413960165
0.8829715855009597,0.980441413960165
0.8830027930781594,0.980441413960165
0.8831432271755583,0.980441413960165
0.8831744347527579,0.980441413960165
0.8832056423299577,0.980441413960165
0.8832056423299577,0.9806208505293379
0.8832836612729571,0.9806208505293379
0.8833148688501569,0.9806208505293379
0.8834709067361556,0.9806208505293379
0.8834709067361556,0.9808002870985106
0.883533321890555,0.9808002870985106
0.8835957370449545,0.9808002870985106
0.8839234166055518,0.9808002870985106
0.8839546241827516,0.9808002870985106
0.8840638507029507,0.9808002870985106
0.8841106620687503,0.9808002870985106
0.8841262658573502,0.9808002870985106
0.8841574734345499,0.9808002870985106
0.8843603226863482,0.9808002870985106
0.884391530263548,0.9808002870985106
0.8849220590759437,0.9808002870985106
0.8849532666531433,0.9808002870985106
0.8852653424251409,0.9808002870985106
0.8852965500023405,0.9808002870985106
0.8854213803111396,0.9808002870985106
0.8854525878883392,0.9808002870985106
0.8856554371401376,0.9808002870985106
0.8856866447173374,0.9808002870985106
0.8857646636603367,0.9808002870985106
0.8857958712375364,0.9808002870985106
0.8864824379359308,0.9808002870985106
0.8865136455131306,0.9808002870985106
0.8865292493017305,0.9808002870985106
0.8865604568789303,0.9808002870985106
0.8866228720333297,0.9808002870985106
0.8866540796105294,0.9808002870985106
0.8867008909763291,0.9808002870985106
0.8867633061307285,0.9808002870985106
0.8869817591711268,0.9808002870985106
0.8869817591711268,0.9809797236676835
0.8870129667483265,0.9809797236676835
0.8871065894799257,0.9809797236676835
0.8871377970571255,0.9809797236676835
0.8874654766177228,0.9809797236676835
0.8875278917721223,0.9809797236676835
0.8876995334467208,0.9809797236676835
0.8877307410239206,0.9809797236676835
0.8877931561783201,0.9809797236676835
0.8877931561783201,0.9811591602368562
0.8878711751213194,0.9811591602368562
0.8879023826985192,0.9811591602368562
0.8879804016415186,0.9811591602368562
0.8879804016415186,0.9813385968060291
0.8880116092187184,0.9813385968060291
0.888042816795918,0.9813385968060291
0.8881832508933168,0.9813385968060291
0.8882144584705166,0.9813385968060291
0.8884017039337151,0.9813385968060291
0.8884641190881146,0.9813385968060291
0.8885733456083137,0.9813385968060291
0.8886045531855135,0.9813385968060291
0.8886357607627132,0.9813385968060291
0.8886669683399129,0.9813385968060291
0.8887137797057125,0.9813385968060291
0.8887449872829123,0.9813385968060291
0.8890570630549097,0.9813385968060291
0.8890882706321095,0.9813385968060291
0.8890882706321095,0.9815180333752018
0.889275516095308,0.9815180333752018
0.889275516095308,0.9816974699443747
0.8895563842901056,0.9816974699443747
0.8895875918673054,0.9816974699443747
0.8897124221761044,0.9816974699443747
0.8897436297533041,0.9816974699443747
0.8898684600621031,0.9816974699443747
0.8898996676393028,0.9816974699443747
0.8899308752165026,0.9816974699443747
0.889993290370902,0.9816974699443747
0.8904145926630986,0.9816974699443747
0.8904458002402983,0.9816974699443747
0.8905706305490974,0.9816974699443747
0.8906018381262971,0.9816974699443747
0.8907266684350961,0.9816974699443747
0.8908202911666953,0.9816974699443747
0.890976329052694,0.9816974699443747
0.890976329052694,0.9818769065135474
0.8910699517842933,0.9818769065135474
0.8911011593614929,0.9818769065135474
0.8911323669386927,0.9818769065135474
0.8911635745158925,0.9818769065135474
0.8914288389220902,0.9818769065135474
0.8914288389220902,0.9820563430827203
0.8916941033282881,0.9820563430827203
0.8917409146940877,0.9820563430827203
0.891834537425687,0.9820563430827203
0.8918657450028867,0.9820563430827203
0.892193424563484,0.9820563430827203
0.8922246321406837,0.9820563430827203
0.8924742927582817,0.9820563430827203
0.8925055003354815,0.9820563430827203
0.8933949162856741,0.9820563430827203
0.8934417276514738,0.9820563430827203
0.8938006147892709,0.9820563430827203
0.8938318223664706,0.9820563430827203
0.8945339928534648,0.9820563430827203
0.8945964080078643,0.9820563430827203
0.894752445893863,0.9820563430827203
0.8947836534710628,0.9820563430827203
0.8950645216658605,0.9820563430827203
0.8950957292430602,0.9820563430827203
0.8953765974378579,0.9820563430827203
0.8953765974378579,0.982235779651893
0.8953922012264578,0.982235779651893
0.8954234088036576,0.982235779651893
0.8956730694212555,0.982235779651893
0.8957042769984552,0.982235779651893
0.895860314884454,0.982235779651893
0.8958915224616537,0.982235779651893
0.8960007489818528,0.982235779651893
0.8960475603476524,0.982235779651893
0.8960631641362523,0.982235779651893
0.8960943717134521,0.982235779651893
0.8963284285424501,0.982235779651893
0.8963596361196499,0.982235779651893
0.8965468815828483,0.982235779651893
0.8965780891600481,0.982235779651893
0.8966717118916473,0.982235779651893
0.8966717118916473,0.9824152162210659
0.8967653346232465,0.9824152162210659
0.8967965422004462,0.9824152162210659
0.896952580086445,0.9824152162210659
0.8969837876636447,0.9824152162210659
0.8970149952408445,0.9824152162210659
0.8970462028180443,0.9824152162210659
0.8974675051102408,0.9824152162210659
0.8974987126874405,0.9824152162210659
0.8975455240532402,0.9824152162210659
0.8975767316304398,0.9824152162210659
0.8975923354190397,0.9824152162210659
0.8976235429962395,0.9824152162210659
0.8977795808822382,0.9824152162210659
0.897810788459438,0.9824152162210659
0.897810788459438,0.9825946527902386
0.8978263922480378,0.9825946527902386
0.8978263922480378,0.9827740893594115
0.8979044111910371,0.9827740893594115
0.8979356187682369,0.9827740893594115
0.8981072604428355,0.9827740893594115
0.8981384680200353,0.9827740893594115
0.898169675597235,0.9827740893594115
0.8982008831744348,0.9827740893594115
0.8982008831744348,0.9829535259285842
0.8982476945402343,0.9829535259285842
0.8982476945402343,0.9831329624977571
0.8982632983288342,0.9831329624977571
0.8982789021174341,0.9833123990669298
0.8984973551578324,0.9833123990669298
0.898528562735032,0.9833123990669298
0.8985441665236319,0.9833123990669298
0.8985753741008317,0.9833123990669298
0.8988562422956293,0.9833123990669298
0.8988562422956293,0.9834918356361027
0.8989966763930283,0.9834918356361027
0.8990278839702279,0.9834918356361027
0.8990746953360276,0.9834918356361027
0.8991059029132273,0.9834918356361027
0.8993243559536256,0.9834918356361027
0.8993555635308252,0.9834918356361027
0.8994179786852248,0.9834918356361027
0.8994491862624245,0.9834918356361027
0.899511601416824,0.9834918356361027
0.899511601416824,0.9836712722052754
0.8996052241484233,0.9836712722052754
0.8996676393028227,0.9836712722052754
0.8997144506686223,0.9836712722052754
0.8997456582458221,0.9836712722052754
0.9004634325214163,0.9836712722052754
0.9004946400986159,0.9836712722052754
0.9005882628302152,0.9836712722052754
0.9006350741960147,0.9836712722052754
0.9006506779846146,0.9836712722052754
0.9006818855618144,0.9836712722052754
0.9011656030084104,0.9836712722052754
0.9011968105856102,0.9836712722052754
0.9014932825690077,0.9836712722052754
0.9015244901462075,0.9836712722052754
0.9016337166664066,0.9836712722052754
0.9016961318208061,0.9836712722052754
0.9021486416902024,0.9836712722052754
0.9021486416902024,0.9838507087744482
0.9025855477709988,0.9838507087744482
0.9026167553481985,0.9838507087744482
0.9026635667139982,0.9838507087744482
0.9026947742911979,0.9838507087744482
0.9027103780797978,0.9838507087744482
0.9027415856569975,0.9838507087744482
0.9028820197543964,0.9838507087744482
0.9029132273315961,0.9838507087744482
0.9030068500631954,0.9838507087744482
0.9030068500631954,0.984030145343621
0.9032565106807933,0.984030145343621
0.9033033220465929,0.984030145343621
0.9035061712983913,0.984030145343621
0.9035061712983913,0.9842095819127938
0.9036153978185903,0.9842095819127938
0.9036466053957901,0.9842095819127938
0.903787039493189,0.9842095819127938
0.903787039493189,0.9843890184819666
0.9038026432817888,0.9843890184819666
0.9038338508589886,0.9843890184819666
0.9040210963221871,0.9843890184819666
0.9040523038993867,0.9843890184819666
0.9040835114765865,0.9843890184819666
0.9041147190537863,0.9843890184819666
0.904145926630986,0.9843890184819666
0.9041771342081858,0.9843890184819666
0.9043019645169847,0.9843890184819666
0.9043331720941845,0.9843890184819666
0.9045672289231825,0.9843890184819666
0.9045984365003823,0.9843890184819666
0.9046920592319815,0.9843890184819666
0.9047232668091812,0.9843890184819666
0.9051133615241781,0.9843890184819666
0.9051445691013779,0.9843890184819666
0.9051913804671774,0.9843890184819666
0.9052225880443772,0.9843890184819666
0.9052693994101768,0.9843890184819666
0.9053006069873766,0.9843890184819666
0.9054566448733753,0.9843890184819666
0.905487852450575,0.9843890184819666
0.9055034562391748,0.9843890184819666
0.9055346638163746,0.9843890184819666
0.905612682759374,0.9843890184819666
0.9056438903365737,0.9843890184819666
0.9059091547427716,0.9843890184819666
0.9059091547427716,0.9845684550511394
0.9060651926287703,0.9845684550511394
0.90609640020597,0.9845684550511394
0.9061120039945699,0.9845684550511394
0.9061588153603695,0.9845684550511394
0.9063304570349681,0.9845684550511394
0.9063616646121678,0.9845684550511394
0.9063928721893676,0.9845684550511394
0.9064240797665674,0.9845684550511394
0.9065020987095667,0.9845684550511394
0.9065333062867664,0.9845684550511394
0.9067205517499649,0.9845684550511394
0.9067517593271647,0.9845684550511394
0.9069858161561627,0.9845684550511394
0.9070482313105622,0.9845684550511394
0.9072666843509604,0.9845684550511394
0.9072978919281601,0.9845684550511394
0.9073603070825597,0.9845684550511394
0.9073915146597594,0.9845684550511394
0.9075007411799585,0.9845684550511394
0.9075007411799585,0.9847478916203122
0.9076411752773573,0.9847478916203122
0.9076723828545571,0.9847478916203122
0.9077191942203567,0.9847478916203122
0.9077504017975564,0.9847478916203122
0.9078128169519559,0.9847478916203122
0.9078440245291557,0.9847478916203122
0.907922043472155,0.9847478916203122
0.9079532510493548,0.9847478916203122
0.9083121381871518,0.9847478916203122
0.9083433457643516,0.9847478916203122
0.9088738745767473,0.9847478916203122
0.9089050821539469,0.9847478916203122
0.9090767238285455,0.9847478916203122
0.9090767238285455,0.984927328189485
0.9091235351943452,0.984927328189485
0.909154742771545,0.984927328189485
0.9097320829497402,0.984927328189485
0.9097944981041397,0.984927328189485
0.9099193284129387,0.984927328189485
0.9099505359901384,0.984927328189485
0.9100285549331377,0.984927328189485
0.9100285549331377,0.9851067647586578
0.9100909700875373,0.9851067647586578
0.9100909700875373,0.9852862013278306
0.9101377814533369,0.9852862013278306
0.9101689890305367,0.9852862013278306
0.9102314041849361,0.9852862013278306
0.9102626117621359,0.9852862013278306
0.9104030458595347,0.9852862013278306
0.9104030458595347,0.9854656378970034
0.9105122723797338,0.9854656378970034
0.9105434799569335,0.9854656378970034
0.9105590837455334,0.9854656378970034
0.9105902913227332,0.9854656378970034
0.9106839140543324,0.9854656378970034
0.9107151216315321,0.9854656378970034
0.910855555728931,0.9854656378970034
0.9108867633061307,0.9854656378970034
0.9109335746719304,0.9854656378970034
0.9109803860377299,0.9854656378970034
0.9110271974035296,0.9854656378970034
0.9110271974035296,0.9856450744661762
0.9111520277123285,0.9856450744661762
0.9111520277123285,0.985824511035349
0.9113704807527268,0.985824511035349
0.9114016883299265,0.985824511035349
0.911464103484326,0.985824511035349
0.9114953110615257,0.985824511035349
0.9115265186387255,0.985824511035349
0.9115577262159252,0.985824511035349
0.9118385944107229,0.985824511035349
0.9118698019879227,0.985824511035349
0.9119634247195219,0.985824511035349
0.9119946322967216,0.985824511035349
0.912072651239721,0.985824511035349
0.912072651239721,0.9860039476045218
0.9123691232231186,0.9860039476045218
0.9123691232231186,0.9861833841736946
0.9124471421661179,0.9861833841736946
0.9124783497433177,0.9861833841736946
0.9126031800521166,0.9861833841736946
0.9126343876293164,0.9861833841736946
0.9130712937101129,0.9861833841736946
0.9131337088645123,0.9861833841736946
0.9131805202303119,0.9861833841736946
0.9132117278075117,0.9861833841736946
0.9132429353847115,0.9861833841736946
0.9132741429619111,0.9861833841736946
0.9134925960023094,0.9861833841736946
0.9134925960023094,0.9865422573120401
0.9135550111567089,0.9865422573120401
0.9135862187339086,0.9865422573120401
0.9135862187339086,0.986721693881213
0.9139919172375053,0.986721693881213
0.914023124814705,0.986721693881213
0.9144756346841013,0.986721693881213
0.9145068422613011,0.986721693881213
0.9146784839358997,0.986721693881213
0.9147096915130993,0.986721693881213
0.9149593521306973,0.986721693881213
0.9150217672850969,0.986721693881213
0.9150841824394963,0.986721693881213
0.915130993805296,0.986721693881213
0.9151622013824957,0.986721693881213
0.9151934089596954,0.986721693881213
0.9154430695772934,0.986721693881213
0.9154742771544931,0.986721693881213
0.9155522960974924,0.986721693881213
0.9155835036746922,0.986721693881213
0.9156303150404919,0.986721693881213
0.9156615226176916,0.986721693881213
0.91584876808089,0.986721693881213
0.9158799756580898,0.986721693881213
0.9160048059668887,0.986721693881213
0.9160360135440885,0.986721693881213
0.9162076552186871,0.986721693881213
0.9162388627958868,0.986721693881213
0.9162544665844867,0.986721693881213
0.9162856741616865,0.986721693881213
0.916332485527486,0.986721693881213
0.9163636931046858,0.986721693881213
0.9164885234134847,0.986721693881213
0.9165197309906845,0.986721693881213
0.9168786181284816,0.986721693881213
0.9169098257056814,0.986721693881213
0.917565184826876,0.986721693881213
0.9175963924040758,0.986721693881213
0.9179552795418727,0.986721693881213
0.9179864871190725,0.986721693881213
0.9180801098506718,0.986721693881213
0.9181113174278714,0.986721693881213
0.9182673553138702,0.986721693881213
0.9182985628910699,0.986721693881213
0.9184389969884688,0.986721693881213
0.9184702045656685,0.986721693881213
0.918532619720068,0.986721693881213
0.918532619720068,0.9869011304503857
0.9185482235086679,0.9869011304503857
0.9185794310858677,0.9869011304503857
0.9186106386630674,0.9869011304503857
0.9186418462402671,0.9869011304503857
0.9186730538174669,0.9869011304503857
0.9186730538174669,0.9870805670195586
0.9188915068578651,0.9870805670195586
0.9189383182236647,0.9870805670195586
0.9189851295894643,0.9870805670195586
0.9190163371666641,0.9870805670195586
0.9190943561096634,0.9870805670195586
0.9191255636868632,0.9870805670195586
0.9191255636868632,0.9872600035887313
0.9192816015728619,0.9872600035887313
0.9193128091500616,0.9872600035887313
0.9193284129386615,0.9872600035887313
0.9193596205158613,0.9872600035887313
0.9193752243044612,0.9872600035887313
0.9194064318816608,0.9872600035887313
0.9194532432474605,0.9872600035887313
0.9194844508246602,0.9872600035887313
0.9197653190194579,0.9872600035887313
0.9197965265966577,0.9872600035887313
0.9198121303852576,0.9872600035887313
0.9198433379624573,0.9872600035887313
0.919874545539657,0.9872600035887313
0.9199057531168567,0.9872600035887313
0.9199525644826564,0.9872600035887313
0.919999375848456,0.9872600035887313
0.9200305834256558,0.9872600035887313
0.9200617910028555,0.9872600035887313
0.9201554137344548,0.9872600035887313
0.9201554137344548,0.9874394401579042
0.9201866213116545,0.9874394401579042
0.9204050743520527,0.9874394401579042
0.9204362819292524,0.9874394401579042
0.9206235273924509,0.9874394401579042
0.9206547349696507,0.9874394401579042
0.9206703387582506,0.9874394401579042
0.9207015463354502,0.9874394401579042
0.9211228486276468,0.9874394401579042
0.9211540562048466,0.9874394401579042
0.9211852637820462,0.9874394401579042
0.921216471359246,0.9874394401579042
0.9212476789364458,0.9874394401579042
0.9212476789364458,0.9876188767270769
0.9213256978794452,0.9876188767270769
0.9213881130338446,0.9876188767270769
0.9214349243996443,0.9876188767270769
0.9214817357654439,0.9876188767270769
0.9214973395540437,0.9876188767270769
0.9215285471312434,0.9876188767270769
0.9215441509198433,0.9877983132962498
0.9218094153260412,0.9877983132962498
0.9218406229032409,0.9877983132962498
0.9218718304804406,0.9877983132962498
0.9219030380576404,0.9877983132962498
0.9220122645778395,0.9877983132962498
0.9220122645778395,0.9879777498654225
0.922199510041038,0.9879777498654225
0.9222307176182377,0.9879777498654225
0.9223399441384368,0.9879777498654225
0.9223867555042364,0.9879777498654225
0.9225271896016353,0.9879777498654225
0.922558397178835,0.9879777498654225
0.9227456426420335,0.9879777498654225
0.9227768502192333,0.9879777498654225
0.9228860767394323,0.9879777498654225
0.9229172843166321,0.9879777498654225
0.922932888105232,0.9879777498654225
0.922932888105232,0.9881571864345954
0.9230109070482313,0.9881571864345954
0.9230421146254311,0.9881571864345954
0.9231357373570303,0.9881571864345954
0.9231357373570303,0.9883366230037681
0.9232761714544291,0.9883366230037681
0.9233073790316288,0.9883366230037681
0.9233853979746283,0.9883366230037681
0.9234478131290277,0.9883366230037681
0.9235258320720271,0.9883366230037681
0.9235570396492269,0.9883366230037681
0.9237442851124253,0.9883366230037681
0.9237910964782249,0.9883366230037681
0.9239003229984241,0.9883366230037681
0.9239315305756237,0.9883366230037681
0.9241811911932217,0.9883366230037681
0.9242280025590214,0.9883366230037681
0.92439964423362,0.9883366230037681
0.9244308518108196,0.9883366230037681
0.9244932669652192,0.9883366230037681
0.9245244745424189,0.9883366230037681
0.9245400783310188,0.9883366230037681
0.9246024934854182,0.9883366230037681
0.9246493048512179,0.9883366230037681
0.9246805124284176,0.9883366230037681
0.9247897389486167,0.9883366230037681
0.9247897389486167,0.988516059572941
0.9250393995662147,0.988516059572941
0.9250706071434144,0.988516059572941
0.9251642298750137,0.988516059572941
0.9251954374522134,0.988516059572941
0.9253514753382122,0.988516059572941
0.9253826829154118,0.988516059572941
0.9254138904926116,0.988516059572941
0.9254450980698113,0.988516059572941
0.9256479473216097,0.988516059572941
0.9256947586874094,0.988516059572941
0.925725966264609,0.988516059572941
0.9258507965734081,0.988516059572941
0.9258507965734081,0.9886954961421137
0.926100457191006,0.9886954961421137
0.9261316647682057,0.9886954961421137
0.926209683711205,0.9886954961421137
0.9262408912884048,0.9886954961421137
0.9267714201008005,0.9886954961421137
0.9268026276780003,0.9886954961421137
0.9268182314666001,0.9886954961421137
0.9268182314666001,0.9888749327112866
0.9269430617753991,0.9888749327112866
0.9269742693525989,0.9888749327112866
0.927067892084198,0.9888749327112866
0.9270990996613978,0.9888749327112866
0.9272707413359964,0.9888749327112866
0.9273019489131962,0.9888749327112866
0.9278324777255917,0.9888749327112866
0.9278636853027915,0.9888749327112866
0.9278948928799913,0.9888749327112866
0.927926100457191,0.9888749327112866
0.9280353269773901,0.9888749327112866
0.92805093076599,0.9890543692804593
0.9281289497089893,0.9890543692804593
0.9281913648633888,0.9890543692804593
0.9282693838063882,0.9890543692804593
0.9283005913835879,0.9890543692804593
0.9284410254809868,0.9890543692804593
0.9284722330581865,0.9890543692804593
0.9285190444239861,0.9890543692804593
0.9285970633669856,0.9890543692804593
0.9286282709441852,0.9890543692804593
0.9289247429275829,0.9890543692804593
0.9289559505047825,0.9890543692804593
0.929018365659182,0.9890543692804593
0.9290495732363818,0.9890543692804593
0.9290963846021814,0.9890543692804593
0.9291275921793811,0.9890543692804593
0.9292992338539797,0.9890543692804593
0.9293304414311795,0.9890543692804593
0.9293460452197794,0.9890543692804593
0.9293772527969791,0.9890543692804593
0.9299701967637742,0.9890543692804593
0.9299701967637742,0.9892338058496322
0.9300170081295739,0.9892338058496322
0.9300482157067737,0.9892338058496322
0.9302042535927724,0.9892338058496322
0.930235461169972,0.9892338058496322
0.9305943483077691,0.9892338058496322
0.9306255558849689,0.9892338058496322
0.9307035748279683,0.9892338058496322
0.9307659899823677,0.9892338058496322
0.9310780657543651,0.9892338058496322
0.9311092733315649,0.9892338058496322
0.9314057453149625,0.9892338058496322
0.9314057453149625,0.9894132424188049
0.9315305756237614,0.9894132424188049
0.9315617832009612,0.9894132424188049
0.9316710097211603,0.9894132424188049
0.93170221729836,0.9894132424188049
0.9318114438185592,0.9894132424188049
0.9318426513957588,0.9894132424188049
0.9318738589729586,0.9894132424188049
0.9318738589729586,0.9895926789879778
0.9319830854931578,0.9895926789879778
0.9320142930703574,0.9895926789879778
0.9320611044361571,0.9895926789879778
0.9321079158019567,0.9895926789879778
0.932185934744956,0.9895926789879778
0.9322171423221558,0.9895926789879778
0.932685255980152,0.9895926789879778
0.9327164635573517,0.9895926789879778
0.9329037090205502,0.9895926789879778
0.93293491659775,0.9895926789879778
0.9330597469065489,0.9895926789879778
0.9330909544837487,0.9895926789879778
0.9334498416215458,0.9895926789879778
0.9334810491987454,0.9895926789879778
0.9337307098163434,0.9895926789879778
0.9337619173935432,0.9895926789879778
0.934027181799741,0.9895926789879778
0.934027181799741,0.9897721155571505
0.9340583893769407,0.9897721155571505
0.9340895969541405,0.9897721155571505
0.9343860689375381,0.9897721155571505
0.9344172765147378,0.9897721155571505
0.9345577106121367,0.9897721155571505
0.9345889181893364,0.9897721155571505
0.9346201257665361,0.9897721155571505
0.9346669371323357,0.9897721155571505
0.9347137484981354,0.9897721155571505
0.9347761636525348,0.9897721155571505
0.9349634091157333,0.9897721155571505
0.9349790129043332,0.9899515521263234
0.9350726356359325,0.9899515521263234
0.9351038432131321,0.9899515521263234
0.9352286735219312,0.9899515521263234
0.9352598810991308,0.9899515521263234
0.93536910761933,0.9899515521263234
0.9354159189851295,0.9899515521263234
0.9354471265623293,0.9899515521263234
0.9354783341395291,0.9899515521263234
0.9357435985457269,0.9899515521263234
0.9357748061229266,0.9899515521263234
0.9360556743177243,0.9899515521263234
0.9360868818949241,0.9899515521263234
0.9361649008379235,0.9899515521263234
0.9361649008379235,0.9901309886954961
0.9361805046265234,0.9901309886954961
0.9362273159923229,0.9901309886954961
0.9364457690327211,0.9901309886954961
0.9364769766099209,0.9901309886954961
0.9365081841871207,0.9901309886954961
0.9365393917643203,0.9901309886954961
0.9366486182845195,0.9901309886954961
0.9366798258617193,0.9901309886954961
0.936695429650319,0.9901309886954961
0.9367266372275188,0.9901309886954961
0.9368202599591181,0.9901309886954961
0.9368514675363179,0.9901309886954961
0.937444411503113,0.9901309886954961
0.9374756190803127,0.9901309886954961
0.9374756190803127,0.990310425264669
0.9375692418119119,0.990310425264669
0.9376160531777116,0.990310425264669
0.9377096759093108,0.990310425264669
0.9377720910637103,0.990310425264669
0.93780329864091,0.990310425264669
0.9378345062181097,0.990310425264669
0.937928128949709,0.990310425264669
0.937928128949709,0.9904898618338417
0.9380217516813082,0.9904898618338417
0.9380373554699081,0.9906692984030145
0.9380685630471078,0.9906692984030145
0.9380997706243076,0.9906692984030145
0.9382246009331066,0.9906692984030145
0.9382246009331066,0.9908487349721873
0.938536676705104,0.9908487349721873
0.938536676705104,0.9910281715413601
0.9385522804937039,0.9910281715413601
0.9385834880709036,0.9910281715413601
0.9389735827859004,0.9910281715413601
0.9390047903631001,0.9910281715413601
0.9390203941517,0.9910281715413601
0.9390516017288998,0.9910281715413601
0.9391296206718991,0.9910281715413601
0.9391608282490989,0.9910281715413601
0.9393792812894971,0.9910281715413601
0.9394104888666969,0.9910281715413601
0.9395197153868959,0.9910281715413601
0.9395509229640957,0.9910281715413601
0.9398161873702935,0.9910281715413601
0.9398473949474933,0.9910281715413601
0.9399098101018928,0.9910281715413601
0.9399722252562922,0.9910281715413601
0.940003432833492,0.9910281715413601
0.9400346404106917,0.9910281715413601
0.9400814517764914,0.9910281715413601
0.940112659353691,0.9910281715413601
0.9402530934510899,0.9910281715413601
0.9402843010282896,0.9910281715413601
0.9403779237598889,0.9910281715413601
0.9403779237598889,0.9912076081105329
0.940611980588887,0.9912076081105329
0.9406431881660867,0.9912076081105329
0.9406587919546866,0.9912076081105329
0.9406899995318864,0.9912076081105329
0.9407368108976859,0.9912076081105329
0.940970867726684,0.9912076081105329
0.9410020753038838,0.9913870446797057
0.9410800942468831,0.9913870446797057
0.9411113018240829,0.9913870446797057
0.9412673397100816,0.9913870446797057
0.9413141510758812,0.9913870446797057
0.9413297548644811,0.9913870446797057
0.9413297548644811,0.9915664812488785
0.9420475291400752,0.9915664812488785
0.9420475291400752,0.9917459178180513
0.9421099442944747,0.9917459178180513
0.9421411518716745,0.9917459178180513
0.9422347746032737,0.9917459178180513
0.9422659821804734,0.9917459178180513
0.9423908124892724,0.9917459178180513
0.9424220200664721,0.9917459178180513
0.9427965109928691,0.9917459178180513
0.9428277185700689,0.9917459178180513
0.9432022094964657,0.9917459178180513
0.9432334170736655,0.9917459178180513
0.9433426435938645,0.9917459178180513
0.9434050587482641,0.9917459178180513
0.943420662536864,0.9917459178180513
0.9434830776912635,0.9917459178180513
0.9438731724062602,0.9917459178180513
0.94390437998346,0.9917459178180513
0.9440916254466585,0.9917459178180513
0.9441228330238582,0.9917459178180513
0.9442476633326572,0.9917459178180513
0.9442476633326572,0.9919253543872241
0.9443100784870566,0.9919253543872241
0.9443412860642564,0.9919253543872241
0.9444037012186559,0.9919253543872241
0.9444661163730553,0.9919253543872241
0.9445753428932545,0.9919253543872241
0.9446065504704543,0.9919253543872241
0.9446689656248537,0.9919253543872241
0.9447001732020535,0.9919253543872241
0.9447157769906533,0.9919253543872241
0.9447469845678531,0.9919253543872241
0.9448406072994523,0.9919253543872241
0.9448718148766521,0.9919253543872241
0.9449810413968511,0.9919253543872241
0.9449810413968511,0.9921047909563969
0.9450122489740509,0.9921047909563969
0.9450434565512507,0.9921047909563969
0.9450590603398505,0.9921047909563969
0.9450590603398505,0.9922842275255697
0.9450902679170503,0.9922842275255697
0.94512147549425,0.9922842275255697
0.9451682868600496,0.9922842275255697
0.9451994944372494,0.9922842275255697
0.945371136111848,0.9922842275255697
0.9454023436890477,0.9922842275255697
0.9456364005180458,0.9922842275255697
0.9456676080952455,0.9922842275255697
0.9459016649242437,0.9922842275255697
0.9459328725014433,0.9922842275255697
0.9459640800786431,0.9922842275255697
0.9459952876558428,0.9922842275255697
0.9461513255418416,0.9922842275255697
0.9461825331190413,0.9922842275255697
0.9462449482734407,0.9922842275255697
0.9462761558506405,0.9922842275255697
0.94633857100504,0.9922842275255697
0.9463697785822398,0.9922842275255697
0.9465414202568384,0.9922842275255697
0.9465882316226379,0.9922842275255697
0.9466038354112378,0.9922842275255697
0.9466350429884376,0.9922842275255697
0.9466818543542372,0.9922842275255697
0.9468222884516361,0.9922842275255697
0.9468847036060355,0.9922842275255697
0.9470407414920343,0.9922842275255697
0.9471031566464337,0.9922842275255697
0.9471655718008333,0.9922842275255697
0.947196779378033,0.9922842275255697
0.9472591945324325,0.9922842275255697
0.9472904021096322,0.9922842275255697
0.9475400627272301,0.9922842275255697
0.9475712703044299,0.9922842275255697
0.9477429119790285,0.9922842275255697
0.9477741195562283,0.9922842275255697
0.947805327133428,0.9922842275255697
0.9478365347106278,0.9922842275255697
0.9480237801738262,0.9922842275255697
0.9480237801738262,0.9924636640947425
0.9481642142712251,0.9924636640947425
0.9481954218484248,0.9924636640947425
0.948289044580024,0.9924636640947425
0.9483202521572238,0.9924636640947425
0.9486011203520215,0.9924636640947425
0.9486323279292213,0.9924636640947425
0.9486635355064209,0.9924636640947425
0.9487103468722206,0.9924636640947425
0.9488819885468192,0.9924636640947425
0.9489131961240189,0.9924636640947425
0.9493188946276155,0.9924636640947425
0.9493813097820151,0.9924636640947425
0.9494125173592148,0.9924636640947425
0.9494437249364146,0.9924636640947425
0.9495685552452136,0.9924636640947425
0.9495997628224133,0.9924636640947425
0.9496777817654126,0.9924636640947425
0.9497089893426124,0.9924636640947425
0.94998985753741,0.9924636640947425
0.9500054613260099,0.9926431006639153
0.9504267636182065,0.9926431006639153
0.9504579711954062,0.9926431006639153
0.9507700469674036,0.9926431006639153
0.9508012545446034,0.9926431006639153
0.9510509151622014,0.9926431006639153
0.9510509151622014,0.9928225372330881
0.9511289341052007,0.9928225372330881
0.9511601416824005,0.9928225372330881
0.9515346326087974,0.9928225372330881
0.9515658401859972,0.9928225372330881
0.9516126515517968,0.9928225372330881
0.9516594629175964,0.9928225372330881
0.9517374818605957,0.9928225372330881
0.9517686894377955,0.9928225372330881
0.9517842932263954,0.9928225372330881
0.9518155008035951,0.9928225372330881
0.9518935197465944,0.9928225372330881
0.9519247273237942,0.9928225372330881
0.9520807652097929,0.9928225372330881
0.9521119727869927,0.9928225372330881
0.9523304258273909,0.9928225372330881
0.9523616334045907,0.9928225372330881
0.9526425015993883,0.9928225372330881
0.9526737091765881,0.9928225372330881
0.9527829356967872,0.9928225372330881
0.952814143273987,0.9928225372330881
0.9530169925257853,0.9928225372330881
0.9530794076801847,0.9928225372330881
0.953173030411784,0.9928225372330881
0.9532042379889837,0.9928225372330881
0.953297860720583,0.9928225372330881
0.9533290682977827,0.9928225372330881
0.9533290682977827,0.9930019738022609
0.9534226910293819,0.9930019738022609
0.9534695023951816,0.9930019738022609
0.9536723516469798,0.9930019738022609
0.9537035592241796,0.9930019738022609
0.9538752008987782,0.9930019738022609
0.9538752008987782,0.9931814103714337
0.9539532198417776,0.9931814103714337
0.9539844274189774,0.9931814103714337
0.954015634996177,0.9931814103714337
0.9540468425733768,0.9931814103714337
0.9542028804593755,0.9931814103714337
0.9542340880365753,0.9931814103714337
0.9543745221339741,0.9931814103714337
0.9544057297111739,0.9931814103714337
0.9547178054831713,0.9931814103714337
0.954764616848971,0.9931814103714337
0.9553575608157661,0.9931814103714337
0.9553887683929658,0.9931814103714337
0.9554199759701656,0.9931814103714337
0.9554511835473652,0.9931814103714337
0.9554979949131649,0.9931814103714337
0.9555292024903647,0.9931814103714337
0.9555760138561643,0.9931814103714337
0.9555916176447642,0.9931814103714337
0.9556228252219638,0.9931814103714337
0.9557944668965624,0.9931814103714337
0.9558256744737622,0.9931814103714337
0.9558412782623621,0.9931814103714337
0.9558724858395619,0.9931814103714337
0.9560441275141605,0.9931814103714337
0.9560753350913602,0.9931814103714337
0.9562157691887591,0.9931814103714337
0.9562469767659588,0.9931814103714337
0.9564498260177571,0.9931814103714337
0.9564810335949568,0.9931814103714337
0.9566214676923557,0.9931814103714337
0.9566682790581553,0.9931814103714337
0.9567462980011546,0.9931814103714337
0.9567775055783544,0.9931814103714337
0.9567931093669543,0.9931814103714337
0.956824316944154,0.9931814103714337
0.9569959586187526,0.9931814103714337
0.9570427699845523,0.9931814103714337
0.9571207889275516,0.9931814103714337
0.9571519965047514,0.9931814103714337
0.9572924306021502,0.9931814103714337
0.9572924306021502,0.9933608469406064
0.9573080343907501,0.9933608469406064
0.9573548457565497,0.9933608469406064
0.957432864699549,0.9933608469406064
0.9574640722767488,0.9933608469406064
0.9574796760653487,0.9933608469406064
0.9575420912197482,0.9933608469406064
0.9578385632031458,0.9933608469406064
0.9578385632031458,0.9935402835097793
0.9580570162435439,0.9935402835097793
0.9580882238207437,0.9935402835097793
0.9581350351865433,0.9935402835097793
0.9581662427637431,0.9935402835097793
0.9582754692839421,0.9935402835097793
0.958291073072542,0.993719720078952
0.9585407336901399,0.993719720078952
0.9585407336901399,0.9938991566481249
0.9586031488445395,0.9938991566481249
0.9586343564217392,0.9938991566481249
0.9587279791533384,0.9938991566481249
0.9587591867305382,0.9938991566481249
0.9589932435595363,0.9938991566481249
0.959024451136736,0.9938991566481249
0.9591804890227347,0.9938991566481249
0.9591804890227347,0.9940785932172976
0.9592116965999344,0.9940785932172976
0.9593521306973333,0.9940785932172976
0.959383338274533,0.9940785932172976
0.9594769610061323,0.9940785932172976
0.9595393761605318,0.9940785932172976
0.9595549799491316,0.9940785932172976
0.9596173951035312,0.9940785932172976
0.9596486026807309,0.9940785932172976
0.9596798102579306,0.9940785932172976
0.95975782920093,0.9940785932172976
0.9597734329895299,0.9942580297864705
0.959991886029928,0.9942580297864705
0.959991886029928,0.9944374663556432
0.9600074898185279,0.9944374663556432
0.9600386973957277,0.9944374663556432
0.9602103390703263,0.9944374663556432
0.960241546647526,0.9944374663556432
0.9603195655905253,0.9944374663556432
0.9603507731677251,0.9944374663556432
0.960366376956325,0.9944374663556432
0.9604131883221246,0.9944374663556432
0.9605848299967232,0.9944374663556432
0.960616037573923,0.9944374663556432
0.9607720754599217,0.9944374663556432
0.9608032830371214,0.9946169029248161
0.9610217360775196,0.9946169029248161
0.9610841512319191,0.9946169029248161
0.9615054535241156,0.9946169029248161
0.9615366611013154,0.9946169029248161
0.9616458876215145,0.9946169029248161
0.961708302775914,0.9946169029248161
0.9618955482391125,0.9946169029248161
0.961942359604912,0.9946169029248161
0.9619735671821118,0.9946169029248161
0.9620203785479114,0.9946169029248161
0.9620515861251112,0.9946169029248161
0.9620827937023109,0.9946169029248161
0.9620827937023109,0.9947963394939888
0.9622076240111099,0.9947963394939888
0.9622388315883097,0.9947963394939888
0.9625040959945075,0.9947963394939888
0.9625040959945075,0.9949757760631617
0.9626757376691061,0.9949757760631617
0.9626757376691061,0.9951552126323344
0.9628161717665049,0.9951552126323344
0.9628473793437047,0.9951552126323344
0.963299889213101,0.9951552126323344
0.9633310967903007,0.9951552126323344
0.9634715308876995,0.9951552126323344
0.9635027384648993,0.9951552126323344
0.9637523990824972,0.9951552126323344
0.9638148142368967,0.9951552126323344
0.9638616256026963,0.9951552126323344
0.9638772293912962,0.9951552126323344
0.9639084369684959,0.9951552126323344
0.9639864559114953,0.9951552126323344
0.9639864559114953,0.9953346492015073
0.9640800786430945,0.9953346492015073
0.9641112862202943,0.9953346492015073
0.9641424937974941,0.9953346492015073
0.9641737013746938,0.9953346492015073
0.9642049089518935,0.9953346492015073
0.9642361165290932,0.9953346492015073
0.9642985316834928,0.9953346492015073
0.9643297392606925,0.9953346492015073
0.9645481923010907,0.9953346492015073
0.9645793998782904,0.9953346492015073
0.96464181503269,0.9953346492015073
0.9646730226098896,0.9953346492015073
0.9648914756502879,0.9953346492015073
0.9649226832274876,0.9953346492015073
0.9650319097476867,0.9953346492015073
0.9650631173248865,0.9953346492015073
0.965125532479286,0.9953346492015073
0.9651567400564857,0.9953346492015073
0.9655780423486823,0.9953346492015073
0.965609249925882,0.9953346492015073
0.9656404575030817,0.9953346492015073
0.9657028726574812,0.9953346492015073
0.9659837408522789,0.9953346492015073
0.9660149484294787,0.9953346492015073
0.9660305522180785,0.9953346492015073
0.9660773635838782,0.9953346492015073
0.9661241749496777,0.9953346492015073
0.9661553825268775,0.9953346492015073
0.9663270242014761,0.9953346492015073
0.9663582317786759,0.9953346492015073
0.9664050431444755,0.9953346492015073
0.9664362507216753,0.9953346492015073
0.9667171189164729,0.9953346492015073
0.9667795340708724,0.9953346492015073
0.9668107416480721,0.9953346492015073
0.9668107416480721,0.99551408577068
0.9668419492252719,0.99551408577068
0.9668731568024717,0.99551408577068
0.9669199681682713,0.99551408577068
0.9669979871112706,0.99551408577068
0.96707600605427,0.99551408577068
0.9670916098428699,0.9956935223398529
0.967200836363069,0.9956935223398529
0.9672320439402687,0.9956935223398529
0.967434893192067,0.9956935223398529
0.9674973083464665,0.9956935223398529
0.9675285159236663,0.9956935223398529
0.967559723500866,0.9956935223398529
0.9676377424438654,0.9956935223398529
0.9676689500210651,0.9956935223398529
0.9677625727526643,0.9956935223398529
0.9677937803298641,0.9956935223398529
0.968542762182658,0.9956935223398529
0.9686051773370574,0.9956935223398529
0.9686519887028571,0.9956935223398529
0.9686831962800568,0.9956935223398529
0.9686988000686567,0.9956935223398529
0.9687300076458564,0.9956935223398529
0.9688548379546554,0.9956935223398529
0.9688548379546554,0.9958729589090256
0.9689952720520543,0.9958729589090256
0.969026479629254,0.9958729589090256
0.9690420834178538,0.9958729589090256
0.9690732909950536,0.9958729589090256
0.9691825175152528,0.9958729589090256
0.9692137250924524,0.9958729589090256
0.9692293288810523,0.9958729589090256
0.969260536458252,0.9958729589090256
0.9695570084416496,0.9958729589090256
0.9696038198074493,0.9958729589090256
0.9696818387504486,0.9958729589090256
0.9697130463276483,0.9958729589090256
0.9697754614820479,0.9958729589090256
0.9697754614820479,0.9960523954781985
0.9698222728478475,0.9960523954781985
0.969869084213647,0.9960523954781985
0.9699002917908468,0.9960523954781985
0.9699314993680466,0.9960523954781985
0.9700095183110459,0.9960523954781985
0.9700407258882456,0.9960523954781985
0.9700875372540453,0.9960523954781985
0.970118744831245,0.9960523954781985
0.9702279713514441,0.9960523954781985
0.9702591789286439,0.9960523954781985
0.9703059902944435,0.9960523954781985
0.9703371978716432,0.9960523954781985
0.9704152168146426,0.9960523954781985
0.9704464243918424,0.9960523954781985
0.9704620281804422,0.9960523954781985
0.9704932357576419,0.9960523954781985
0.9706648774322405,0.9960523954781985
0.9706960850094403,0.9960523954781985
0.9707116887980402,0.9960523954781985
0.9707428963752399,0.9960523954781985
0.970852122895439,0.9960523954781985
0.9708833304726388,0.9960523954781985
0.9709457456270383,0.9960523954781985
0.9710081607814377,0.9960523954781985
0.9713982554964345,0.9960523954781985
0.9714294630736343,0.9960523954781985
0.9714918782280337,0.9960523954781985
0.9715386895938334,0.9960523954781985
0.9718507653658308,0.9960523954781985
0.9718975767316305,0.9960523954781985
0.9721160297720286,0.9960523954781985
0.9721472373492284,0.9960523954781985
0.9721628411378282,0.9960523954781985
0.9722096525036279,0.9960523954781985
0.9723344828124268,0.9960523954781985
0.9723656903896266,0.9960523954781985
0.9724125017554263,0.9960523954781985
0.9724437093326259,0.9960523954781985
0.9724749169098257,0.9960523954781985
0.9725061244870254,0.9960523954781985
0.9725529358528251,0.9960523954781985
0.9725529358528251,0.9962318320473712
0.972677766161624,0.9962318320473712
0.9727089737388238,0.9962318320473712
0.9728806154134224,0.9962318320473712
0.9729118229906222,0.9962318320473712
0.9729586343564217,0.9962318320473712
0.9733175214942188,0.9962318320473712
0.9733487290714186,0.9962318320473712
0.973411144225818,0.9962318320473712
0.9734579555916176,0.9962318320473712
0.973535974534617,0.9962318320473712
0.9735983896890165,0.9962318320473712
0.973660804843416,0.9962318320473712
0.9736920124206158,0.9962318320473712
0.9739260692496138,0.9962318320473712
0.9739728806154134,0.9962318320473712
0.9740508995584127,0.9962318320473712
0.9740821071356125,0.9962318320473712
0.974269352598811,0.9962318320473712
0.9743005601760107,0.9962318320473712
0.9743161639646106,0.9962318320473712
0.9743473715418104,0.9962318320473712
0.9744097866962098,0.9962318320473712
0.9744409942734096,0.9962318320473712
0.9744565980620095,0.9962318320473712
0.9744878056392092,0.9962318320473712
0.9748466927770063,0.9962318320473712
0.974877900354206,0.9962318320473712
0.9750807496060043,0.9962318320473712
0.9751119571832041,0.9962318320473712
0.9751743723376036,0.9962318320473712
0.9752055799148033,0.9962318320473712
0.9752992026464026,0.9962318320473712
0.975361617800802,0.9962318320473712
0.9753928253780018,0.9962318320473712
0.9754552405324013,0.9962318320473712
0.9755644670526004,0.9962318320473712
0.9755956746298001,0.9962318320473712
0.9756580897841997,0.9962318320473712
0.9756892973613993,0.9962318320473712
0.975736108727199,0.9962318320473712
0.9757673163043987,0.9962318320473712
0.9760481844991964,0.9962318320473712
0.976094995864996,0.9962318320473712
0.9761262034421958,0.9962318320473712
0.9761730148079953,0.9962318320473712
0.9765475057343923,0.9962318320473712
0.9765787133115921,0.9962318320473712
0.97682837392919,0.9962318320473712
0.9768595815063897,0.9962318320473712
0.9770936383353879,0.9962318320473712
0.9771560534897873,0.9962318320473712
0.9772496762213866,0.9962318320473712
0.9772496762213866,0.996411268616544
0.9773745065301855,0.996411268616544
0.9774057141073853,0.996411268616544
0.9774681292617847,0.996411268616544
0.9775149406275844,0.996411268616544
0.977561751993384,0.996411268616544
0.9775929595705838,0.996411268616544
0.9780766770171798,0.996411268616544
0.9781078845943795,0.996411268616544
0.9781859035373789,0.996411268616544
0.9782171111145787,0.996411268616544
0.9785759982523756,0.996411268616544
0.9786072058295754,0.996411268616544
0.9786228096181753,0.996411268616544
0.978654017195375,0.9965907051857168
0.9786852247725748,0.9965907051857168
0.9788256588699736,0.9965907051857168
0.9788256588699736,0.9967701417548896
0.9788880740243732,0.9967701417548896
0.9789192816015728,0.9967701417548896
0.9791845460077707,0.9967701417548896
0.9792157535849705,0.9967701417548896
0.9793717914709692,0.9967701417548896
0.9794029990481689,0.9967701417548896
0.9794654142025684,0.9967701417548896
0.9794966217797682,0.9967701417548896
0.9795278293569679,0.9967701417548896
0.9795590369341676,0.9967701417548896
0.9796682634543668,0.9967701417548896
0.9796838672429666,0.9969495783240624
0.9796994710315665,0.9969495783240624
0.979746282397366,0.9969495783240624
0.9797774899745658,0.9969495783240624
0.9798399051289653,0.9969495783240624
0.9801519809009628,0.9969495783240624
0.9801987922667623,0.9969495783240624
0.9802299998439621,0.9969495783240624
0.9803704339413609,0.9969495783240624
0.9804016415185607,0.9969495783240624
0.9806200945589589,0.9969495783240624
0.9806200945589589,0.9971290148932352
0.9806981135019582,0.9971290148932352
0.9807449248677579,0.9971290148932352
0.981103812005555,0.9971290148932352
0.9811350195827547,0.9971290148932352
0.9812910574687534,0.9971290148932352
0.981337868834553,0.9971290148932352
0.981462699143352,0.9971290148932352
0.9815095105091516,0.9971290148932352
0.9815719256635511,0.9971290148932352
0.9816031332407509,0.9971290148932352
0.9816499446065504,0.9971290148932352
0.9816811521837502,0.9971290148932352
0.9816967559723501,0.9971290148932352
0.9817279635495498,0.9971290148932352
0.981821586281149,0.9971290148932352
0.9818527938583488,0.9971290148932352
0.9822896999391453,0.9971290148932352
0.9823209075163449,0.9971290148932352
0.9823989264593443,0.9971290148932352
0.9824301340365441,0.9971290148932352
0.9825549643453431,0.9971290148932352
0.9825861719225428,0.9971290148932352
0.9827422098085415,0.9971290148932352
0.9827734173857413,0.9971290148932352
0.9829138514831401,0.9971290148932352
0.9829450590603398,0.9971290148932352
0.983054285580539,0.9971290148932352
0.9830854931577387,0.9971290148932352
0.9833351537753366,0.9971290148932352
0.9833819651411363,0.9971290148932352
0.9833975689297362,0.9971290148932352
0.9834287765069358,0.9971290148932352
0.9835536068157349,0.9971290148932352
0.9835848143929347,0.9971290148932352
0.9835848143929347,0.997308451462408
0.9836784371245338,0.997308451462408
0.9837096447017336,0.997308451462408
0.983772059856133,0.997308451462408
0.983772059856133,0.9974878880315808
0.9839593053193315,0.9974878880315808
0.984021720473731,0.9974878880315808
0.9840685318395307,0.9974878880315808
0.9840997394167303,0.9974878880315808
0.9841621545711299,0.9974878880315808
0.9841933621483296,0.9974878880315808
0.9848019099037246,0.9974878880315808
0.984879928846724,0.9974878880315808
0.9850203629441229,0.9974878880315808
0.9850515705213225,0.9974878880315808
0.9851139856757221,0.9974878880315808
0.9851139856757221,0.9976673246007536
0.9851451932529218,0.9976673246007536
0.9853480425047202,0.9976673246007536
0.9853792500819198,0.9976673246007536
0.9863778925523117,0.9976673246007536
0.9864403077067112,0.9976673246007536
0.986471515283911,0.9976673246007536
0.9865027228611106,0.9976673246007536
0.9865339304383104,0.9976673246007536
0.9865495342269103,0.9978467611699264
0.9865651380155102,0.9978467611699264
0.9865963455927099,0.9978467611699264
0.9866119493813098,0.9978467611699264
0.9866431569585096,0.9978467611699264
0.9867835910559084,0.9978467611699264
0.9868460062103078,0.9978467611699264
0.9869084213647074,0.9978467611699264
0.9869084213647074,0.9980261977390992
0.9869396289419071,0.9980261977390992
0.9872204971367048,0.9980261977390992
0.9872517047139046,0.9980261977390992
0.9873609312341036,0.9980261977390992
0.9873921388113034,0.9980261977390992
0.9877198183719007,0.9980261977390992
0.9877510259491005,0.9980261977390992
0.9877822335263002,0.9980261977390992
0.9878134411034999,0.9980261977390992
0.9879226676236991,0.9980261977390992
0.9879538752008987,0.9980261977390992
0.9883283661272957,0.9980261977390992
0.9883751774930953,0.9980261977390992
0.9886092343220934,0.9980261977390992
0.9886092343220934,0.998205634308272
0.9886404418992931,0.998205634308272
0.9886404418992931,0.9983850708774448
0.9886872532650928,0.9983850708774448
0.9887184608422925,0.9983850708774448
0.9887340646308924,0.9983850708774448
0.9887652722080921,0.9983850708774448
0.988780875996692,0.9983850708774448
0.9888432911510915,0.9983850708774448
0.9891085555572893,0.9983850708774448
0.9891085555572893,0.9985645074466176
0.9891241593458892,0.9985645074466176
0.9891709707116888,0.9985645074466176
0.9894518389064865,0.9985645074466176
0.9894518389064865,0.9987439440157904
0.989514254060886,0.9987439440157904
0.989514254060886,0.9989233805849632
0.9896546881582848,0.9989233805849632
0.9896858957354846,0.9989233805849632
0.9897795184670838,0.9989233805849632
0.9898107260442836,0.9989233805849632
0.9902008207592804,0.9989233805849632
0.99023202833648,0.9989233805849632
0.9902944434908796,0.9989233805849632
0.9903256510680793,0.9989233805849632
0.9909029912462746,0.9989233805849632
0.9909498026120742,0.9989233805849632
0.9911682556524725,0.9989233805849632
0.9911994632296721,0.9989233805849632
0.99146472763587,0.9989233805849632
0.9914959352130698,0.9989233805849632
0.9915583503674692,0.9989233805849632
0.991589557944669,0.9989233805849632
0.9919796526596658,0.9989233805849632
0.9920108602368655,0.9989233805849632
0.9922293132772637,0.9989233805849632
0.9922449170658636,0.999102817154136
0.9923385397974628,0.999102817154136
0.9923697473746625,0.999102817154136
0.992447766317662,0.999102817154136
0.9924789738948617,0.999102817154136
0.9925882004150608,0.999102817154136
0.9925882004150608,0.9992822537233088
0.9929002761870582,0.9992822537233088
0.992931483764258,0.9992822537233088
0.9931499368046561,0.9992822537233088
0.9931811443818559,0.9992822537233088
0.9932747671134552,0.9992822537233088
0.9933059746906548,0.9992822537233088
0.9933371822678546,0.9992822537233088
0.9933371822678546,0.9994616902924816
0.9936180504626523,0.9994616902924816
0.9936648618284519,0.9994616902924816
0.9936960694056517,0.9994616902924816
0.9937272769828515,0.9994616902924816
0.9937584845600512,0.9994616902924816
0.9937584845600512,0.9996411268616544
0.9937740883486511,0.9996411268616544
0.9938052959258508,0.9996411268616544
0.9939301262346498,0.9996411268616544
0.9939925413890492,0.9996411268616544
0.994023748966249,0.9996411268616544
0.9940549565434488,0.9996411268616544
0.9943202209496466,0.9996411268616544
0.9943514285268463,0.9996411268616544
0.9948351459734424,0.9996411268616544
0.9948663535506421,0.9996411268616544
0.9955217126718368,0.9996411268616544
0.9955529202490365,0.9996411268616544
0.9974565824582209,0.9996411268616544
0.9975189976126203,0.9996411268616544
0.9975814127670198,0.9996411268616544
0.9975814127670198,0.9998205634308271
0.9982367718882145,0.9998205634308271
0.9982679794654142,0.9998205634308271
0.9986736779690109,0.9998205634308271
0.9986736779690109,1.0
0.9996879242280026,1.0
0.9997191318052023,1.0
1.0,1.0
