fpr,tpr
0.0,0.0
0.0,0.00017979144192736425
1.5601110799088896e-05,0.00017979144192736425
1.5601110799088896e-05,0.000719165767709457
6.240444319635559e-05,0.000719165767709457
6.240444319635559e-05,0.0012585400934915498
7.800555399544447e-05,0.0012585400934915498
7.800555399544447e-05,0.0017979144192736426
9.360666479453337e-05,0.0017979144192736426
9.360666479453337e-05,0.001977705861201007
0.00010920777559362227,0.001977705861201007
0.00010920777559362227,0.0023372887450557353
0.00012480888639271117,0.0023372887450557353
0.00012480888639271117,0.0025170801869830997
0.00014040999719180006,0.0025170801869830997
0.00014040999719180006,0.002876663070837828
0.00017161221878997786,0.002876663070837828
0.00017161221878997786,0.0030564545127651924
0.00020281444038815563,0.0030564545127651924
0.00020281444038815563,0.003236245954692557
0.00023401666198633343,0.003236245954692557
0.00024961777278542234,0.0034160373966199207
0.0002808199943836001,0.0034160373966199207
0.0002808199943836001,0.0037756202804746495
0.0003276233267808668,0.0037756202804746495
0.0003276233267808668,0.003955411722402014
0.0003588255483790446,0.003955411722402014
0.0003588255483790446,0.004674577490111471
0.0003744266591781335,0.004674577490111471
0.0003900277699772224,0.0048543689320388345
0.00040562888077631126,0.0048543689320388345
0.00040562888077631126,0.005034160373966199
0.00042122999157540015,0.005034160373966199
0.00042122999157540015,0.005213951815893563
0.0004368311023744891,0.005213951815893563
0.0004368311023744891,0.005393743257820928
0.00046803332397266686,0.005393743257820928
0.0005460388779681113,0.005393743257820928
0.0005616399887672002,0.005573534699748292
0.0005772410995662892,0.005573534699748292
0.0005772410995662892,0.006112909025530385
0.0006084433211644669,0.006112909025530385
0.0006084433211644669,0.006292700467457749
0.0006240444319635558,0.006292700467457749
0.0006552466535617335,0.006292700467457749
0.0007176510967580892,0.006292700467457749
0.000733252207557178,0.0066522833513124775
0.0007644544291553559,0.0066522833513124775
0.0007644544291553559,0.007011866235167206
0.0008424599831508003,0.007011866235167206
0.0008424599831508003,0.00719165767709457
0.0008736622047489782,0.00719165767709457
0.0009516677587444226,0.007371449119021934
0.0009516677587444226,0.007910823444804028
0.0009672688695435115,0.007910823444804028
0.0009672688695435115,0.008090614886731391
0.0009828699803426004,0.008090614886731391
0.0009828699803426004,0.008270406328658756
0.001014072201940778,0.008270406328658756
0.001014072201940778,0.008629989212513484
0.001029673312739867,0.008629989212513484
0.001029673312739867,0.009349154980222941
0.001060875534338045,0.009349154980222941
0.001060875534338045,0.009708737864077669
0.0010920777559362226,0.009708737864077669
0.0010920777559362226,0.009888529306005034
0.0011544821991325783,0.009888529306005034
0.0011544821991325783,0.010427903631787127
0.0011544821991325783,0.010787486515641856
0.0011544821991325783,0.01096727795756922
0.001185684420730756,0.01096727795756922
0.001185684420730756,0.011147069399496584
0.001201285531529845,0.011326860841423949
0.001201285531529845,0.011686443725278677
0.001201285531529845,0.012046026609133405
0.0012636899747262005,0.012046026609133405
0.0012636899747262005,0.01222581805106077
0.0012948921963243784,0.01222581805106077
0.0012948921963243784,0.012405609492988134
0.001341695528721645,0.012405609492988134
0.001341695528721645,0.012585400934915498
0.0013728977503198229,0.012585400934915498
0.0013728977503198229,0.012944983818770227
0.0013884988611189116,0.012944983818770227
0.0013884988611189116,0.013304566702624955
0.0014040999719180005,0.013304566702624955
0.0014040999719180005,0.013664149586479683
0.0014353021935161784,0.013664149586479683
0.0014353021935161784,0.013843941028407048
0.001497706636712534,0.013843941028407048
0.001497706636712534,0.01438331535418914
0.0015133077475116229,0.01438331535418914
0.0015133077475116229,0.014563106796116505
0.0015601110799088895,0.014563106796116505
0.0015601110799088895,0.014742898238043868
0.0015757121907079784,0.014742898238043868
0.0015757121907079784,0.014922689679971233
0.001622515523105245,0.014922689679971233
0.001622515523105245,0.015102481121898598
0.001638116633904334,0.015102481121898598
0.001638116633904334,0.015282272563825961
0.0016849199663016006,0.015282272563825961
0.0016849199663016006,0.015462064005753326
0.0017473244094979563,0.015462064005753326
0.0017473244094979563,0.01564185544768069
0.001794127741895223,0.01564185544768069
0.001794127741895223,0.01600143833153542
0.001809728852694312,0.01600143833153542
0.001809728852694312,0.016181229773462782
0.0018253299634934008,0.016181229773462782
0.0018253299634934008,0.016361021215390147
0.0018409310742924896,0.016361021215390147
0.0018409310742924896,0.016720604099244876
0.001934537739087023,0.016720604099244876
0.001934537739087023,0.01690039554117224
0.001965739960685201,0.01690039554117224
0.001965739960685201,0.017439769866954332
0.0019813410714842896,0.017439769866954332
0.0020125432930824675,0.01815893563466379
0.0020437455146806453,0.01815893563466379
0.0020437455146806453,0.018338727076591153
0.002059346625479734,0.018338727076591153
0.002059346625479734,0.018518518518518517
0.0020749477362788232,0.018878101402373247
0.00212175106867609,0.018878101402373247
0.00212175106867609,0.019057892844300612
0.0021529532902742677,0.019057892844300612
0.002184155511872445,0.019057892844300612
0.002184155511872445,0.019417475728155338
0.002215357733470623,0.019417475728155338
0.002246559955068801,0.019417475728155338
0.0022621610658678896,0.019417475728155338
0.0022621610658678896,0.019597267170082703
0.002277762176666979,0.019597267170082703
0.002277762176666979,0.019777058612010068
0.0022933632874660675,0.020136641495864797
0.0022933632874660675,0.020496224379719527
0.002340166619863334,0.020496224379719527
0.00240257106305969,0.02067601582164689
0.0024181721738587786,0.02067601582164689
0.0024337732846578678,0.020855807263574253
0.0024493743954569565,0.020855807263574253
0.0024493743954569565,0.021574973031283712
0.0024493743954569565,0.02193455591513844
0.0025117788386533123,0.02193455591513844
0.0025117788386533123,0.022473930240920533
0.002527379949452401,0.022473930240920533
0.002527379949452401,0.02283351312477526
0.002558582171050579,0.02283351312477526
0.002558582171050579,0.023013304566702624
0.0025741832818496676,0.023013304566702624
0.0025897843926487567,0.02319309600862999
0.0025897843926487567,0.023372887450557354
0.0026365877250460234,0.023372887450557354
0.0026365877250460234,0.02355267889248472
0.00268339105744329,0.02355267889248472
0.00268339105744329,0.023912261776339445
0.002714593279041468,0.023912261776339445
0.002714593279041468,0.02409205321826681
0.0027301943898405566,0.02409205321826681
0.0027613966114387344,0.02409205321826681
0.002808199943836001,0.02409205321826681
0.00282380105463509,0.02409205321826681
0.00282380105463509,0.02445163610212154
0.0028550032762332677,0.02445163610212154
0.0028550032762332677,0.024631427544048904
0.002870604387032357,0.024631427544048904
0.002870604387032357,0.02481121898597627
0.0028862054978314455,0.02481121898597627
0.0028862054978314455,0.02499101042790363
0.0029174077194296234,0.02499101042790363
0.0029174077194296234,0.025170801869830995
0.0029486099410278013,0.025530384753685725
0.0030578177166214237,0.025530384753685725
0.0030578177166214237,0.02571017619561309
0.003089019938219601,0.02571017619561309
0.003089019938219601,0.025889967637540454
0.003151424381415957,0.025889967637540454
0.003151424381415957,0.026069759079467816
0.0031670254922150456,0.026069759079467816
0.0031670254922150456,0.026429341963322545
0.0031826266030141348,0.026429341963322545
0.0031826266030141348,0.026788924847177275
0.0032294299354114014,0.026788924847177275
0.0032294299354114014,0.02696871628910464
0.0033230366002059346,0.02696871628910464
0.0033230366002059346,0.027148507731032005
0.003369839932603201,0.027148507731032005
0.0033854410434022903,0.027328299172959366
0.003401042154201379,0.027328299172959366
0.003401042154201379,0.02786767349874146
0.003463446597397735,0.02786767349874146
0.003463446597397735,0.02840704782452355
0.003557053262192268,0.02840704782452355
0.003557053262192268,0.028586839266450916
0.003588255483790446,0.028586839266450916
0.003619457705388624,0.028586839266450916
0.0036350588161877125,0.028586839266450916
0.0036350588161877125,0.028946422150305646
0.0036662610377858904,0.028946422150305646
0.0036974632593840683,0.028946422150305646
0.003728665480982246,0.028946422150305646
0.003728665480982246,0.02912621359223301
0.0038534743673749572,0.02912621359223301
0.0038534743673749572,0.0296655879180151
0.003962682142968579,0.0296655879180151
0.003962682142968579,0.029845379359942466
0.003978283253767668,0.029845379359942466
0.003978283253767668,0.03002517080186983
0.004025086586164935,0.03002517080186983
0.004025086586164935,0.030204962243797196
0.0040718899185622015,0.030204962243797196
0.0040718899185622015,0.03038475368572456
0.004165496583356735,0.03038475368572456
0.004165496583356735,0.030564545127651922
0.004196698804954913,0.030564545127651922
0.004196698804954913,0.030924128011506652
0.004212299915754001,0.031103919453434017
0.004290305469749446,0.031103919453434017
0.004290305469749446,0.03146350233728874
0.004305906580548535,0.03146350233728874
0.004337108802146713,0.03146350233728874
0.004430715466941246,0.03146350233728874
0.004477518799338513,0.03146350233728874
0.004493119910137602,0.03146350233728874
0.004493119910137602,0.03164329377921611
0.004508721020936691,0.03164329377921611
0.004508721020936691,0.03182308522114347
0.004524322131735779,0.03182308522114347
0.004524322131735779,0.0321826681049982
0.004586726574932135,0.0321826681049982
0.004617928796530313,0.0321826681049982
0.004649131018128491,0.0321826681049982
0.004773939904521202,0.0321826681049982
0.004773939904521202,0.03272204243078029
0.004789541015320291,0.03272204243078029
0.004789541015320291,0.03290183387270766
0.00480514212611938,0.03290183387270766
0.00480514212611938,0.03308162531463502
0.004836344347717557,0.03308162531463502
0.004836344347717557,0.033261416756562384
0.004851945458516646,0.033261416756562384
0.004851945458516646,0.033620999640417114
0.004883147680114824,0.033620999640417114
0.004898748790913913,0.033620999640417114
0.004898748790913913,0.03380079108234448
0.00494555212331118,0.03380079108234448
0.00494555212331118,0.03398058252427184
0.005007956566507535,0.03398058252427184
0.005039158788105713,0.03398058252427184
0.005039158788105713,0.03416037396619921
0.005085962120502979,0.03416037396619921
0.005101563231302069,0.034519956850053934
0.005117164342101158,0.034519956850053934
0.005163967674498424,0.03505933117583603
0.005163967674498424,0.03541891405969076
0.005195169896096602,0.03541891405969076
0.005195169896096602,0.03559870550161812
0.0052575743392929575,0.03559870550161812
0.0052575743392929575,0.035778496943545485
0.005273175450092047,0.03595828838547285
0.005351181004087491,0.03595828838547285
0.005351181004087491,0.036138079827400214
0.005397984336484757,0.036138079827400214
0.005429186558082936,0.036138079827400214
0.005460388779681113,0.036138079827400214
0.005460388779681113,0.036677454153182305
0.005475989890480202,0.036677454153182305
0.005475989890480202,0.036857245595109674
0.005522793222877469,0.036857245595109674
0.005553995444475646,0.036857245595109674
0.0055695965552747355,0.036857245595109674
0.0055695965552747355,0.037037037037037035
0.005585197666073825,0.0372168284789644
0.005600798776872913,0.0372168284789644
0.005663203220069269,0.0372168284789644
0.005663203220069269,0.037396619920891765
0.005678804330868358,0.03757641136281913
0.005710006552466535,0.03757641136281913
0.005710006552466535,0.037935994246673856
0.005756809884863802,0.037935994246673856
0.005756809884863802,0.038115785688601224
0.005772410995662891,0.038115785688601224
0.005772410995662891,0.038295577130528585
0.005834815438859247,0.038295577130528585
0.005834815438859247,0.038475368572455954
0.005850416549658336,0.038475368572455954
0.005881618771256513,0.038475368572455954
0.005897219882055603,0.038475368572455954
0.005897219882055603,0.038655160014383315
0.005912820992854691,0.038655160014383315
0.00592842210365378,0.038834951456310676
0.00592842210365378,0.039194534340165406
0.005959624325251958,0.039194534340165406
0.005959624325251958,0.039374325782092774
0.005990826546850136,0.039374325782092774
0.005990826546850136,0.039733908665947504
0.006006427657649225,0.039733908665947504
0.006006427657649225,0.039913700107874865
0.006022028768448313,0.039913700107874865
0.006037629879247402,0.040093491549802227
0.006037629879247402,0.040453074433656956
0.006084433211644669,0.040453074433656956
0.006084433211644669,0.040632865875584324
0.006100034322443758,0.040812657317511686
0.006100034322443758,0.040992448759439054
0.006162438765640114,0.040992448759439054
0.006162438765640114,0.041172240201366415
0.006178039876439202,0.041172240201366415
0.006178039876439202,0.04135203164329378
0.006271646541233735,0.04135203164329378
0.006271646541233735,0.041531823085221145
0.006302848762831914,0.041531823085221145
0.006302848762831914,0.041711614527148506
0.006318449873631003,0.041711614527148506
0.006318449873631003,0.042071197411003236
0.006334050984430091,0.042071197411003236
0.0063652532060282695,0.0422509888529306
0.0063652532060282695,0.042430780294857966
0.006380854316827358,0.042430780294857966
0.006380854316827358,0.042790363178712695
0.006396455427626447,0.042790363178712695
0.006412056538425536,0.04297015462064006
0.006412056538425536,0.043149946062567425
0.006427657649224624,0.043149946062567425
0.0064432587600237136,0.043329737504494786
0.0065212643140191585,0.043329737504494786
0.0065212643140191585,0.043689320388349516
0.006568067646416425,0.043689320388349516
0.006630472089612781,0.043689320388349516
0.006646073200411869,0.043689320388349516
0.006661674311210958,0.04386911183027688
0.0066772754220100474,0.04386911183027688
0.0066772754220100474,0.044048903272204246
0.006692876532809136,0.044048903272204246
0.006708477643608225,0.04422869471413161
0.006724078754407314,0.04422869471413161
0.006724078754407314,0.04512765192376843
0.006739679865206402,0.04512765192376843
0.006739679865206402,0.045307443365695796
0.0067552809760054915,0.045307443365695796
0.0067552809760054915,0.04548723480762316
0.006833286530000936,0.04548723480762316
0.006833286530000936,0.04584681769147789
0.006880089862398203,0.04584681769147789
0.00692689319479547,0.04584681769147789
0.006958095416393647,0.04584681769147789
0.006989297637991825,0.04584681769147789
0.007004898748790914,0.04602660913340525
0.007036100970389092,0.04602660913340525
0.0070673031919872694,0.04602660913340525
0.0070673031919872694,0.046206400575332617
0.007114106524384536,0.046206400575332617
0.007114106524384536,0.04638619201725998
0.007176510967580892,0.04638619201725998
0.007176510967580892,0.04674577490111471
0.007207713189179069,0.04674577490111471
0.007254516521576336,0.0472851492268968
0.007270117632375425,0.0472851492268968
0.007270117632375425,0.04746494066882417
0.007301319853973603,0.04746494066882417
0.007301319853973603,0.04764473211075153
0.007332522075571781,0.04782452355267889
0.00734812318637087,0.04782452355267889
0.007379325407969047,0.04800431499460626
0.007426128740366314,0.04800431499460626
0.007426128740366314,0.04818410643653362
0.007535336515959936,0.04818410643653362
0.007535336515959936,0.04836389787846099
0.0075509376267590255,0.04836389787846099
0.007660145402352648,0.04836389787846099
0.007675746513151736,0.04872348076231572
0.007691347623950825,0.04872348076231572
0.007691347623950825,0.04890327220424308
0.007738150956348092,0.04890327220424308
0.007800555399544448,0.04890327220424308
0.007800555399544448,0.04908306364617044
0.007816156510343536,0.04908306364617044
0.007816156510343536,0.04926285508809781
0.007831757621142625,0.04926285508809781
0.007862959842740803,0.04944264653002517
0.00790976317513807,0.04944264653002517
0.00790976317513807,0.04962243797195254
0.007940965396736248,0.04962243797195254
0.008081375393928048,0.04962243797195254
0.008112577615526225,0.04998202085580726
0.008112577615526225,0.05016181229773463
0.008128178726325314,0.05016181229773463
0.008221785391119847,0.05052139518158936
0.008237386501918936,0.05052139518158936
0.008237386501918936,0.05070118662351672
0.008252987612718025,0.05088097806544409
0.008299790945115293,0.05088097806544409
0.008362195388311648,0.05088097806544409
0.008377796499110737,0.05088097806544409
0.008424599831508003,0.05088097806544409
0.00847140316390527,0.05106076950737145
0.00848700427470436,0.05106076950737145
0.00848700427470436,0.05142035239122618
0.008533807607101625,0.05142035239122618
0.008565009828699803,0.05142035239122618
0.008580610939498893,0.05142035239122618
0.008580610939498893,0.05160014383315354
0.008627414271896158,0.05160014383315354
0.008627414271896158,0.05195972671700827
0.008627414271896158,0.052319309600863
0.008643015382695247,0.052319309600863
0.008643015382695247,0.05249910104279036
0.008705419825891604,0.05249910104279036
0.008705419825891604,0.05267889248471773
0.00873662204748978,0.05267889248471773
0.00873662204748978,0.05285868392664509
0.008767824269087959,0.05303847536857246
0.008783425379887048,0.05303847536857246
0.008783425379887048,0.05339805825242718
0.008799026490686137,0.05339805825242718
0.008814627601485226,0.05357784969435455
0.008845829823083403,0.05357784969435455
0.008861430933882492,0.05375764113628191
0.008861430933882492,0.05393743257820928
0.00889263315548067,0.05393743257820928
0.008939436487877936,0.05393743257820928
0.008986239820275204,0.05393743257820928
0.008986239820275204,0.05429701546206401
0.009095447595868826,0.05429701546206401
0.009095447595868826,0.05555555555555555
0.009157852039065181,0.05555555555555555
0.009157852039065181,0.05573534699748292
0.00917345314986427,0.05573534699748292
0.00917345314986427,0.05591513843941028
0.009220256482261538,0.05591513843941028
0.009220256482261538,0.05627472132326501
0.009235857593060627,0.05627472132326501
0.009235857593060627,0.05645451276519238
0.009251458703859714,0.05645451276519238
0.009251458703859714,0.05663430420711974
0.00931386314705607,0.05663430420711974
0.009391868701051515,0.0568140956490471
0.009407469811850604,0.0568140956490471
0.009423070922649693,0.05699388709097447
0.009438672033448782,0.05699388709097447
0.009438672033448782,0.05717367853290183
0.009485475365846048,0.05717367853290183
0.009501076476645137,0.05717367853290183
0.009501076476645137,0.05825242718446602
0.009516677587444226,0.05825242718446602
0.009516677587444226,0.05843221862639338
0.009547879809042405,0.05843221862639338
0.009547879809042405,0.05861201006832075
0.009625885363037849,0.05879180151024811
0.009625885363037849,0.058971592952175474
0.009719492027832382,0.058971592952175474
0.009781896471028737,0.058971592952175474
0.009844300914225093,0.058971592952175474
0.009844300914225093,0.05915138439410284
0.009859902025024181,0.05915138439410284
0.009906705357421448,0.05915138439410284
0.009906705357421448,0.05951096727795757
0.009922306468220538,0.05951096727795757
0.009922306468220538,0.05969075871988493
0.009969109800617803,0.05969075871988493
0.009969109800617803,0.059870550161812294
0.010000312022215982,0.059870550161812294
0.010000312022215982,0.06005034160373966
0.010047115354613249,0.06005034160373966
0.010078317576211426,0.06005034160373966
0.010093918687010515,0.060230133045667024
0.010187525351805048,0.060230133045667024
0.010234328684202315,0.06040992448759439
0.010234328684202315,0.060589715929521754
0.010249929795001405,0.060589715929521754
0.010249929795001405,0.061129090255303845
0.010265530905800494,0.061129090255303845
0.010265530905800494,0.061488673139158574
0.01031233423819776,0.061488673139158574
0.01031233423819776,0.06202804746494067
0.010327935348996849,0.06220783890686803
0.010374738681394114,0.06220783890686803
0.010405940902992293,0.06220783890686803
0.010421542013791382,0.06220783890686803
0.010437143124590471,0.06274721323265013
0.01045274423538956,0.06274721323265013
0.01045274423538956,0.06292700467457749
0.010530749789385004,0.06292700467457749
0.010530749789385004,0.06310679611650485
0.010546350900184093,0.06310679611650485
0.010561952010983183,0.06328658755843222
0.01059315423258136,0.06346637900035958
0.010624356454179537,0.06346637900035958
0.010686760897375892,0.06472491909385113
0.01071796311897407,0.06472491909385113
0.010795968672969515,0.06472491909385113
0.010842772005366782,0.0649047105357785
0.010858373116165871,0.0649047105357785
0.010858373116165871,0.06508450197770586
0.01088957533776405,0.06508450197770586
0.01088957533776405,0.06526429341963323
0.010920777559362226,0.06526429341963323
0.010967580891759494,0.06562387630348795
0.01099878311335767,0.06562387630348795
0.01101438422415676,0.06562387630348795
0.01101438422415676,0.06580366774541532
0.011045586445754938,0.06598345918734268
0.011061187556554027,0.06598345918734268
0.011061187556554027,0.06616325062927005
0.011076788667353116,0.06634304207119741
0.011139193110549471,0.06634304207119741
0.01117039533214765,0.06634304207119741
0.011201597553745826,0.06652283351312477
0.011201597553745826,0.0668824163969795
0.011248400886143093,0.0668824163969795
0.01129520421854036,0.06706220783890687
0.011342007550937627,0.06706220783890687
0.011357608661736716,0.06724199928083423
0.011357608661736716,0.0674217907227616
0.011404411994133983,0.0674217907227616
0.011451215326531249,0.06760158216468896
0.011498018658928516,0.06760158216468896
0.011498018658928516,0.06778137360661632
0.011513619769727604,0.06778137360661632
0.011513619769727604,0.06796116504854369
0.01157602421292396,0.06796116504854369
0.01157602421292396,0.06814095649047106
0.011622827545321226,0.06850053937432578
0.011638428656120315,0.06850053937432578
0.011638428656120315,0.06886012225818051
0.011654029766919404,0.06886012225818051
0.011685231988517583,0.06903991370010787
0.011700833099316672,0.06903991370010787
0.011700833099316672,0.06957928802588997
0.011732035320914849,0.06957928802588997
0.011778838653312116,0.06957928802588997
0.011810040874910294,0.06957928802588997
0.01187244531810665,0.06957928802588997
0.011903647539704828,0.06957928802588997
0.011966051982901182,0.06957928802588997
0.012184467534088427,0.07011866235167206
0.012184467534088427,0.07029845379359942
0.012231270866485695,0.07029845379359942
0.01227807419888296,0.07029845379359942
0.01229367530968205,0.07029845379359942
0.01229367530968205,0.07065803667745416
0.012309276420481139,0.07065803667745416
0.012340478642079315,0.07065803667745416
0.012371680863677494,0.07065803667745416
0.012371680863677494,0.07101761956130888
0.012387281974476583,0.07101761956130888
0.01243408530687385,0.07101761956130888
0.012465287528472027,0.07101761956130888
0.012465287528472027,0.07119741100323625
0.012480888639271116,0.07119741100323625
0.012480888639271116,0.07137720244516362
0.012512090860869294,0.07137720244516362
0.01254329308246747,0.07155699388709097
0.01257449530406565,0.07155699388709097
0.01257449530406565,0.0719165767709457
0.012621298636462917,0.0719165767709457
0.012652500858061093,0.07209636821287306
0.012668101968860182,0.07209636821287306
0.01269930419045836,0.07209636821287306
0.012730506412056539,0.07209636821287306
0.012808511966051983,0.07227615965480043
0.012839714187650161,0.07227615965480043
0.012839714187650161,0.0724559510967278
0.012886517520047427,0.0724559510967278
0.012902118630846516,0.0724559510967278
0.012902118630846516,0.07281553398058252
0.012933320852444695,0.07281553398058252
0.012933320852444695,0.07299532542250989
0.012964523074042871,0.07299532542250989
0.01298012418484196,0.07299532542250989
0.013011326406440139,0.07299532542250989
0.013073730849636494,0.07299532542250989
0.013120534182033761,0.07317511686443726
0.013120534182033761,0.07335490830636461
0.01313613529283285,0.07335490830636461
0.01313613529283285,0.07407407407407407
0.013229741957627383,0.07407407407407407
0.013229741957627383,0.07425386551600144
0.013245343068426473,0.07425386551600144
0.013276545290024649,0.07425386551600144
0.013276545290024649,0.07479323984178353
0.013307747511622827,0.07479323984178353
0.013338949733221006,0.07479323984178353
0.013385753065618271,0.07479323984178353
0.01341695528721645,0.07479323984178353
0.013448157508814628,0.07515282272563827
0.013479359730412805,0.07515282272563827
0.013479359730412805,0.07569219705142036
0.013510561952010983,0.07569219705142036
0.013510561952010983,0.07605177993527508
0.013526163062810072,0.07605177993527508
0.013526163062810072,0.07623157137720245
0.01357296639520734,0.07623157137720245
0.01357296639520734,0.07641136281912982
0.013604168616805516,0.07641136281912982
0.013604168616805516,0.07659115426105717
0.01369777528160005,0.07659115426105717
0.01369777528160005,0.07695073714491191
0.01385378638959094,0.07695073714491191
0.013884988611189116,0.07695073714491191
0.013916190832787294,0.07695073714491191
0.013916190832787294,0.07731032002876663
0.013931791943586383,0.07731032002876663
0.013962994165184562,0.07731032002876663
0.014025398608380917,0.07731032002876663
0.014025398608380917,0.07766990291262135
0.014072201940778184,0.07766990291262135
0.014072201940778184,0.07784969435454872
0.01410340416237636,0.07784969435454872
0.01410340416237636,0.07802948579647609
0.014134606383974539,0.07820927723840346
0.014165808605572717,0.07820927723840346
0.014165808605572717,0.07838906868033081
0.01427501638116634,0.07838906868033081
0.014290617491965429,0.07856886012225818
0.014321819713563605,0.07856886012225818
0.014321819713563605,0.07874865156418555
0.014384224156759962,0.07874865156418555
0.014384224156759962,0.0789284430061129
0.01439982526755905,0.0789284430061129
0.01439982526755905,0.07928802588996764
0.014462229710755406,0.07928802588996764
0.014462229710755406,0.07964760877382236
0.014493431932353584,0.07964760877382236
0.014493431932353584,0.07982740021574973
0.014524634153951761,0.07982740021574973
0.01454023526475085,0.0800071916576771
0.014618240818746294,0.0800071916576771
0.014618240818746294,0.08018698309960445
0.014649443040344472,0.08018698309960445
0.014649443040344472,0.08072635742538656
0.014665044151143562,0.08072635742538656
0.014665044151143562,0.08108594030924128
0.01469624637274174,0.08108594030924128
0.014727448594339916,0.08126573175116865
0.014805454148335362,0.08126573175116865
0.014836656369933539,0.08126573175116865
0.014836656369933539,0.081445523193096
0.014852257480732628,0.081445523193096
0.014867858591531717,0.08162531463502337
0.014883459702330806,0.08162531463502337
0.014883459702330806,0.08216468896080546
0.014899060813129895,0.08216468896080546
0.014899060813129895,0.08234448040273283
0.014914661923928985,0.08234448040273283
0.014930263034728072,0.0825242718446602
0.01496146525632625,0.0825242718446602
0.01497706636712534,0.08270406328658755
0.015008268588723518,0.08270406328658755
0.015008268588723518,0.08288385472851492
0.015023869699522605,0.08288385472851492
0.015023869699522605,0.08306364617044229
0.015039470810321694,0.08306364617044229
0.015039470810321694,0.08324343761236964
0.015148678585915317,0.08324343761236964
0.015148678585915317,0.08360302049622438
0.015195481918312584,0.08360302049622438
0.015195481918312584,0.08378281193815175
0.015273487472308028,0.08378281193815175
0.015304689693906207,0.08378281193815175
0.015351493026303472,0.08378281193815175
0.01538269524790165,0.08378281193815175
0.01539829635870074,0.0839626033800791
0.01539829635870074,0.08414239482200647
0.015413897469499829,0.08414239482200647
0.015476301912696184,0.08414239482200647
0.015476301912696184,0.0845019777058612
0.015507504134294362,0.0845019777058612
0.015569908577490717,0.0845019777058612
0.015616711909887985,0.0845019777058612
0.015616711909887985,0.08468176914778856
0.015632313020687072,0.08468176914778856
0.015632313020687072,0.08486156058971593
0.01566351524228525,0.0850413520316433
0.01567911635308434,0.0850413520316433
0.01567911635308434,0.08522114347357065
0.01569471746388343,0.08522114347357065
0.015772723017878874,0.08522114347357065
0.015835127461075228,0.08522114347357065
0.01594433523666885,0.08522114347357065
0.01594433523666885,0.08540093491549802
0.01611594745545883,0.08540093491549802
0.01611594745545883,0.08576051779935275
0.016131548566257918,0.08576051779935275
0.016147149677057007,0.08612010068320748
0.016193953009454275,0.08629989212513485
0.016271958563449717,0.08629989212513485
0.016303160785047895,0.08629989212513485
0.01638116633904334,0.08629989212513485
0.01638116633904334,0.0864796835670622
0.01639676744984243,0.0864796835670622
0.016443570782239694,0.0864796835670622
0.016459171893038783,0.0864796835670622
0.016459171893038783,0.08665947500898957
0.016474773003837873,0.08665947500898957
0.016474773003837873,0.08683926645091694
0.01652157633623514,0.08683926645091694
0.01652157633623514,0.0870190578928443
0.016568379668632408,0.0870190578928443
0.016568379668632408,0.08737864077669903
0.016583980779431497,0.08737864077669903
0.016615183001029675,0.08737864077669903
0.016677587444226028,0.08737864077669903
0.016677587444226028,0.08791801510248112
0.016724390776623296,0.08791801510248112
0.016724390776623296,0.08809780654440849
0.016739991887422385,0.08809780654440849
0.016739991887422385,0.08827759798633585
0.016739991887422385,0.08863718087019058
0.016739991887422385,0.08881697231211794
0.016833598552216916,0.08881697231211794
0.016833598552216916,0.0889967637540453
0.016864800773815095,0.0889967637540453
0.016864800773815095,0.0895361380798274
0.016911604106212362,0.0895361380798274
0.01697400854940872,0.0895361380798274
0.016989609660207808,0.08971592952175476
0.016989609660207808,0.08989572096368213
0.01709881743580143,0.08989572096368213
0.01709881743580143,0.09007551240560949
0.017130019657399607,0.09007551240560949
0.017130019657399607,0.09043509528946422
0.017161221878997785,0.09043509528946422
0.017176822989796874,0.09061488673139159
0.01722362632219414,0.09061488673139159
0.01722362632219414,0.09097446961524631
0.01722362632219414,0.09115426105717368
0.017239227432993227,0.09115426105717368
0.017270429654591406,0.0915138439410284
0.017332834097787762,0.0915138439410284
0.01739523854098412,0.09169363538295577
0.017410839651783208,0.09169363538295577
0.017442041873381386,0.09169363538295577
0.017442041873381386,0.0920532182668105
0.017566850759774096,0.0920532182668105
0.017566850759774096,0.09223300970873786
0.017644856313769542,0.09223300970873786
0.017644856313769542,0.09241280115066523
0.017660457424568628,0.09241280115066523
0.017660457424568628,0.09277238403451996
0.017707260756965895,0.09277238403451996
0.017707260756965895,0.09295217547644732
0.017769665200162252,0.09295217547644732
0.017769665200162252,0.09331175836030205
0.01778526631096134,0.09331175836030205
0.01778526631096134,0.09349154980222942
0.01780086742176043,0.09349154980222942
0.01783206964335861,0.09349154980222942
0.01792567630815314,0.09349154980222942
0.01792567630815314,0.09367134124415678
0.017956878529751318,0.09367134124415678
0.017956878529751318,0.0940309241280115
0.017972479640550407,0.0940309241280115
0.018003681862148586,0.0940309241280115
0.018003681862148586,0.09421071556993887
0.018081687416144028,0.09421071556993887
0.018081687416144028,0.09439050701186623
0.018112889637742206,0.09439050701186623
0.018159692970139474,0.09439050701186623
0.018159692970139474,0.0945702984537936
0.018190895191737652,0.0945702984537936
0.018190895191737652,0.09492988133764833
0.018268900745733098,0.09492988133764833
0.018268900745733098,0.09510967277957569
0.018284501856532184,0.09510967277957569
0.01833130518892945,0.09510967277957569
0.01836250741052763,0.09510967277957569
0.01836250741052763,0.09546925566343042
0.018549720740116696,0.09546925566343042
0.018549720740116696,0.09564904710535778
0.018580922961714874,0.09564904710535778
0.018580922961714874,0.09600862998921252
0.018596524072513963,0.09618842143113988
0.01862772629411214,0.09618842143113988
0.01862772629411214,0.09636821287306724
0.01875253518050485,0.09636821287306724
0.01875253518050485,0.09672779575692197
0.01878373740210303,0.09672779575692197
0.01878373740210303,0.09690758719884933
0.01879933851290212,0.09690758719884933
0.018830540734500297,0.09690758719884933
0.018846141845299386,0.09726717008270407
0.018877344066897565,0.09744696152463143
0.01889294517769665,0.09744696152463143
0.01889294517769665,0.09762675296655879
0.01890854628849574,0.09762675296655879
0.01890854628849574,0.09780654440848616
0.01892414739929483,0.09780654440848616
0.018955349620893007,0.09780654440848616
0.018955349620893007,0.09798633585041353
0.018986551842491185,0.09798633585041353
0.018986551842491185,0.09816612729234088
0.019002152953290274,0.09834591873426825
0.01906455739648663,0.09834591873426825
0.01908015850728572,0.09834591873426825
0.01908015850728572,0.09870550161812297
0.019111360728883895,0.09870550161812297
0.019111360728883895,0.09942466738583243
0.019126961839682984,0.09942466738583243
0.019158164061281163,0.09942466738583243
0.019158164061281163,0.0996044588277598
0.01917376517208025,0.0996044588277598
0.01917376517208025,0.09996404171161452
0.01918936628287934,0.09996404171161452
0.01918936628287934,0.10014383315354189
0.01923616961527661,0.10014383315354189
0.019267371836874787,0.10014383315354189
0.019298574058472965,0.10014383315354189
0.019298574058472965,0.10032362459546926
0.01932977628007114,0.10032362459546926
0.019360978501669318,0.10050341603739663
0.019376579612468407,0.10050341603739663
0.019376579612468407,0.10068320747932398
0.019438984055664764,0.10068320747932398
0.019438984055664764,0.10086299892125135
0.01948578738806203,0.10086299892125135
0.01948578738806203,0.10104279036317872
0.01950138849886112,0.10104279036317872
0.01950138849886112,0.10158216468896081
0.019532590720459295,0.10158216468896081
0.01964179849605292,0.10194174757281553
0.019673000717651098,0.10194174757281553
0.019673000717651098,0.1021215390147429
0.01973540516084745,0.1021215390147429
0.01973540516084745,0.10230133045667027
0.019813410714842897,0.10230133045667027
0.019813410714842897,0.10248112189859762
0.019829011825641986,0.10248112189859762
0.019875815158039253,0.10248112189859762
0.019922618490436517,0.10248112189859762
0.019953820712034696,0.10266091334052499
0.019953820712034696,0.10302049622437973
0.019969421822833785,0.10302049622437973
0.019969421822833785,0.10320028766630708
0.019985022933632874,0.10320028766630708
0.020000624044431963,0.10338007910823445
0.020000624044431963,0.10355987055016182
0.02015663515242285,0.10355987055016182
0.02015663515242285,0.10373966199208917
0.02018783737402103,0.10391945343401654
0.020281444038815565,0.10391945343401654
0.020281444038815565,0.10427903631787126
0.020297045149614654,0.10427903631787126
0.020328247371212832,0.10427903631787126
0.020343848482011918,0.10427903631787126
0.020343848482011918,0.10481841064365337
0.020359449592811007,0.10499820208558072
0.020421854036007363,0.10499820208558072
0.020421854036007363,0.10517799352750809
0.020453056257605542,0.10517799352750809
0.020453056257605542,0.10535778496943546
0.020531061811600988,0.10535778496943546
0.020562264033199162,0.10535778496943546
0.02057786514399825,0.10535778496943546
0.02057786514399825,0.10553757641136281
0.02060906736559643,0.10553757641136281
0.02060906736559643,0.10571736785329018
0.020655870697993697,0.10571736785329018
0.020655870697993697,0.10643653362099964
0.020671471808792787,0.10643653362099964
0.020733876251989143,0.10661632506292701
0.020733876251989143,0.10679611650485436
0.020796280695185496,0.10679611650485436
0.02088988735998003,0.10733549083063647
0.02088988735998003,0.10769507371449119
0.020967892913975474,0.10769507371449119
0.020967892913975474,0.10805465659834591
0.020983494024774563,0.10805465659834591
0.020983494024774563,0.10841423948220065
0.02101469624637274,0.10841423948220065
0.02101469624637274,0.10859403092412802
0.02103029735717183,0.10859403092412802
0.02103029735717183,0.10877382236605537
0.02104589846797092,0.10877382236605537
0.021077100689569098,0.10877382236605537
0.021092701800368187,0.10877382236605537
0.021092701800368187,0.10895361380798274
0.021108302911167276,0.10931319669183746
0.021139505132765454,0.10931319669183746
0.021139505132765454,0.10949298813376483
0.02117070735436363,0.10949298813376483
0.021201909575961807,0.10949298813376483
0.021201909575961807,0.11003236245954692
0.021233111797559986,0.11003236245954692
0.021373521794751785,0.11003236245954692
0.021404724016349963,0.11021215390147429
0.021404724016349963,0.11039194534340166
0.021420325127149052,0.11039194534340166
0.021420325127149052,0.11075152822725638
0.02146712845954632,0.11093131966918375
0.02148272957034541,0.11093131966918375
0.02148272957034541,0.11147069399496584
0.02148272957034541,0.11165048543689321
0.021498330681144498,0.11165048543689321
0.02157633623513994,0.11201006832074793
0.02159193734593903,0.1121898597626753
0.021638740678336297,0.1121898597626753
0.021638740678336297,0.11254944264653002
0.021669942899934475,0.11254944264653002
0.021669942899934475,0.11272923408845739
0.021685544010733564,0.11272923408845739
0.021701145121532654,0.11290902553038476
0.021716746232331743,0.11290902553038476
0.021716746232331743,0.11326860841423948
0.021794751786327185,0.11326860841423948
0.021794751786327185,0.1136281912980942
0.021841555118724452,0.1136281912980942
0.02185715622952354,0.1136281912980942
0.02185715622952354,0.11380798274002157
0.02187275734032263,0.11380798274002157
0.02188835845112172,0.11398777418194894
0.02188835845112172,0.11416756562387631
0.021981965115916255,0.11416756562387631
0.021981965115916255,0.11452714850773103
0.022044369559112608,0.11452714850773103
0.022044369559112608,0.1147069399496584
0.022075571780710786,0.1147069399496584
0.022075571780710786,0.11488673139158576
0.022091172891509876,0.11488673139158576
0.022091172891509876,0.11506652283351312
0.02218477955630441,0.11506652283351312
0.022403195107491652,0.11524631427544049
0.022403195107491652,0.11542610571736785
0.022481200661487098,0.11542610571736785
0.022496801772286187,0.11560589715929522
0.022496801772286187,0.11578568860122258
0.022512402883085276,0.11578568860122258
0.022512402883085276,0.1161452714850773
0.022606009547879807,0.1161452714850773
0.022606009547879807,0.11632506292700467
0.022621610658678896,0.11632506292700467
0.022637211769477986,0.11650485436893204
0.022652812880277075,0.11650485436893204
0.022652812880277075,0.1166846458108594
0.022684015101875253,0.1166846458108594
0.022684015101875253,0.11686443725278677
0.02271521732347343,0.11686443725278677
0.02271521732347343,0.11704422869471413
0.02273081843427252,0.11704422869471413
0.02273081843427252,0.1172240201366415
0.0227620206558707,0.1172240201366415
0.022777621766669788,0.11758360302049622
0.02288682954226341,0.11758360302049622
0.02288682954226341,0.11776339446242359
0.022902430653062498,0.11776339446242359
0.022902430653062498,0.11794318590435095
0.022933632874660676,0.11794318590435095
0.022964835096258854,0.11794318590435095
0.022964835096258854,0.11812297734627832
0.022980436207057944,0.11830276878820568
0.023042840650254297,0.11830276878820568
0.023042840650254297,0.11884214311398777
0.023058441761053386,0.11884214311398777
0.023058441761053386,0.11902193455591514
0.023089643982651564,0.11902193455591514
0.023089643982651564,0.1192017259978425
0.023105245093450653,0.11938151743976987
0.02313644731504883,0.11938151743976987
0.02313644731504883,0.11956130888169723
0.02315204842584792,0.11956130888169723
0.02315204842584792,0.12010068320747933
0.02316764953664701,0.12010068320747933
0.0231832506474461,0.12046026609133405
0.023323660644637898,0.12046026609133405
0.023370463977035166,0.12046026609133405
0.023401666198633344,0.12046026609133405
0.023401666198633344,0.12064005753326142
0.023417267309432433,0.12081984897518878
0.023557677306624232,0.12081984897518878
0.02357327841742332,0.12117943185904351
0.02362008174982059,0.12117943185904351
0.02362008174982059,0.12153901474289824
0.023651283971418764,0.12153901474289824
0.023682486193016942,0.12153901474289824
0.023682486193016942,0.12189859762675297
0.02369808730381603,0.12207838906868033
0.02369808730381603,0.12225818051060769
0.02371368841461512,0.12225818051060769
0.02371368841461512,0.12243797195253506
0.023791693968610566,0.12243797195253506
0.023869699522606008,0.12243797195253506
0.023932103965802365,0.12243797195253506
0.023932103965802365,0.12261776339446243
0.024072513962994164,0.12261776339446243
0.024103716184592342,0.12261776339446243
0.024181721738587788,0.1227975548363898
0.024244126181784145,0.1227975548363898
0.024244126181784145,0.12333692916217188
0.024368935068176854,0.12333692916217188
0.024368935068176854,0.12351672060409924
0.024384536178975943,0.12351672060409924
0.024384536178975943,0.12369651204602661
0.024400137289775033,0.12369651204602661
0.024400137289775033,0.12387630348795398
0.024415738400574122,0.12387630348795398
0.0244469406221723,0.12387630348795398
0.02446254173297139,0.12387630348795398
0.02446254173297139,0.12405609492988134
0.024509345065368653,0.12405609492988134
0.024509345065368653,0.1242358863718087
0.024649755062560456,0.1242358863718087
0.024649755062560456,0.12459546925566344
0.02471215950575681,0.12459546925566344
0.024727760616555898,0.12477526069759079
0.024743361727354987,0.12477526069759079
0.024743361727354987,0.12495505213951816
0.024758962838154076,0.12495505213951816
0.024758962838154076,0.12513484358144553
0.024790165059752255,0.12513484358144553
0.024790165059752255,0.1253146350233729
0.024821367281350433,0.1253146350233729
0.024821367281350433,0.1256742179072276
0.02485256950294861,0.1256742179072276
0.02485256950294861,0.12585400934915497
0.024914973946144964,0.12585400934915497
0.024961777278542232,0.12603380079108234
0.02499297950014041,0.12603380079108234
0.02499297950014041,0.1262135922330097
0.02502418172173859,0.1262135922330097
0.02502418172173859,0.12639338367493708
0.025070985054135856,0.12639338367493708
0.025070985054135856,0.12657317511686444
0.02511778838653312,0.12657317511686444
0.02513338949733221,0.12657317511686444
0.02513338949733221,0.1267529665587918
0.0251489906081313,0.1267529665587918
0.0251489906081313,0.12693275800071915
0.02527379949452401,0.12693275800071915
0.02527379949452401,0.12711254944264652
0.025305001716122186,0.12711254944264652
0.025336203937720365,0.12711254944264652
0.025367406159318543,0.12711254944264652
0.02539860838091672,0.12711254944264652
0.0254298106025149,0.12711254944264652
0.0254298106025149,0.12747213232650126
0.02544541171331399,0.12747213232650126
0.02544541171331399,0.127831715210356
0.025492215045711256,0.127831715210356
0.025492215045711256,0.1281912980942107
0.02552341726730943,0.1281912980942107
0.0255702205997067,0.12837108953613807
0.025788636150893943,0.12837108953613807
0.02581983837249212,0.12837108953613807
0.025913445037286653,0.12837108953613807
0.025913445037286653,0.12855088097806544
0.0259914505912821,0.12855088097806544
0.0259914505912821,0.1287306724199928
0.026069456145277545,0.1287306724199928
0.026069456145277545,0.12909025530384755
0.026085057256076634,0.12909025530384755
0.026085057256076634,0.1292700467457749
0.026163062810072076,0.1292700467457749
0.026163062810072076,0.12944983818770225
0.026194265031670255,0.12944983818770225
0.026194265031670255,0.12962962962962962
0.02628787169646479,0.12962962962962962
0.02628787169646479,0.12998921251348436
0.02639707947205841,0.12998921251348436
0.02639707947205841,0.13016900395541173
0.0264126805828575,0.13016900395541173
0.0264126805828575,0.1303487953973391
0.026506287247652034,0.1303487953973391
0.02653748946925021,0.1303487953973391
0.026568691690848387,0.1303487953973391
0.026568691690848387,0.13052858683926646
0.02667789946644201,0.13052858683926646
0.02667789946644201,0.1307083782811938
0.026755905020437454,0.1307083782811938
0.026771506131236543,0.13106796116504854
0.026787107242035632,0.13106796116504854
0.02684951168523199,0.13106796116504854
0.02684951168523199,0.13142754404890328
0.026896315017629256,0.13142754404890328
0.026927517239227435,0.13142754404890328
0.027005522793222877,0.13142754404890328
0.027005522793222877,0.13178712693275801
0.027036725014821055,0.13178712693275801
0.027036725014821055,0.13196691837468535
0.027067927236419233,0.13196691837468535
0.027099129458017412,0.13196691837468535
0.0271147305688165,0.13196691837468535
0.0271147305688165,0.1323265012585401
0.027192736122811943,0.1323265012585401
0.027192736122811943,0.13268608414239483
0.02722393834441012,0.13268608414239483
0.02722393834441012,0.1328658755843222
0.0272551405660083,0.1328658755843222
0.0272551405660083,0.13304566702624954
0.027301943898405567,0.13304566702624954
0.027317545009204657,0.1332254584681769
0.027317545009204657,0.13358504135203164
0.027333146120003746,0.13358504135203164
0.027333146120003746,0.133764832793959
0.027411151673999188,0.133764832793959
0.027426752784798277,0.13394462423588638
0.027442353895597366,0.13394462423588638
0.027442353895597366,0.1343042071197411
0.027457955006396455,0.1343042071197411
0.027457955006396455,0.13448399856166846
0.02755156167119099,0.13448399856166846
0.02755156167119099,0.13466379000359582
0.0276763705575837,0.13466379000359582
0.02770757277918188,0.13466379000359582
0.027738775000780057,0.13466379000359582
0.027738775000780057,0.1348435814455232
0.02776997722237823,0.1348435814455232
0.02780117944397641,0.1348435814455232
0.02780117944397641,0.13520316432937793
0.027863583887172767,0.13520316432937793
0.027863583887172767,0.13556274721323264
0.027894786108770945,0.13556274721323264
0.027894786108770945,0.13574253865516
0.0279571905519673,0.13574253865516
0.028003993884364566,0.13592233009708737
0.02808199943836001,0.13592233009708737
0.02808199943836001,0.13610212153901474
0.02811320165995819,0.1362819129809421
0.02812880277075728,0.13646170442286948
0.028175606103154546,0.13646170442286948
0.028175606103154546,0.13664149586479685
0.028191207213953632,0.13664149586479685
0.028191207213953632,0.1368212873067242
0.02825361165714999,0.1368212873067242
0.02825361165714999,0.13700107874865156
0.028284813878748167,0.13700107874865156
0.028362819432743613,0.13700107874865156
0.028394021654341788,0.1373606616325063
0.028409622765140877,0.1373606616325063
0.028440824986739055,0.1373606616325063
0.028440824986739055,0.13754045307443366
0.0286592405379263,0.13754045307443366
0.0286592405379263,0.1379000359582884
0.028690442759524478,0.1379000359582884
0.028706043870323567,0.1379000359582884
0.028706043870323567,0.13807982740021574
0.028752847202720835,0.13807982740021574
0.028752847202720835,0.1382596188421431
0.028768448313519924,0.1382596188421431
0.028815251645917188,0.1382596188421431
0.028815251645917188,0.13843941028407047
0.028877656089113544,0.13843941028407047
0.028877656089113544,0.13861920172599784
0.028893257199912634,0.1387989931679252
0.028893257199912634,0.13897878460985258
0.029049268307903522,0.13969795037756202
0.029049268307903522,0.1404171161452715
0.029174077194296235,0.1407766990291262
0.029174077194296235,0.14095649047105357
0.0292208805266935,0.14095649047105357
0.029283284969889856,0.14095649047105357
0.029298886080688945,0.14113628191298094
0.029330088302287123,0.14113628191298094
0.02937689163468439,0.14113628191298094
0.02940809385628257,0.14113628191298094
0.02940809385628257,0.1413160733549083
0.029454897188679833,0.1413160733549083
0.029470498299478922,0.14149586479683568
0.029470498299478922,0.14203523912261776
0.02948609941027801,0.14203523912261776
0.02948609941027801,0.1423948220064725
0.029564104964273457,0.1423948220064725
0.029564104964273457,0.14257461344839986
0.029751318293862523,0.14257461344839986
0.029860526069456144,0.14275440489032723
0.029876127180255233,0.14275440489032723
0.029876127180255233,0.1429341963322546
0.02990732940185341,0.1429341963322546
0.030000936066647946,0.1429341963322546
0.030016537177447036,0.14311398777418194
0.03004773939904521,0.14311398777418194
0.030188149396237013,0.14311398777418194
0.03021935161783519,0.14311398777418194
0.030250553839433366,0.14311398777418194
0.030312958282629723,0.14311398777418194
0.030312958282629723,0.1432937792161093
0.03035976161502699,0.1432937792161093
0.03039096383662517,0.1432937792161093
0.030406564947424258,0.1432937792161093
0.030406564947424258,0.14347357065803668
0.030422166058223347,0.14347357065803668
0.030422166058223347,0.14365336209996404
0.030437767169022436,0.14365336209996404
0.03046896939062061,0.14365336209996404
0.0304845705014197,0.14365336209996404
0.0304845705014197,0.1438331535418914
0.030515772723017878,0.1438331535418914
0.030531373833816967,0.14401294498381878
0.030531373833816967,0.1443725278676735
0.030546974944616057,0.1443725278676735
0.030546974944616057,0.14455231930960086
0.030562576055415146,0.14455231930960086
0.030578177166214235,0.14473211075152823
0.030593778277013324,0.14473211075152823
0.030593778277013324,0.1449119021934556
0.030609379387812413,0.1449119021934556
0.030609379387812413,0.14545127651923767
0.03064058160941059,0.14563106796116504
0.030702986052606945,0.14563106796116504
0.031093013822584167,0.14653002517080188
0.031124216044182345,0.14653002517080188
0.031155418265780523,0.14653002517080188
0.031171019376579612,0.14653002517080188
0.031171019376579612,0.14670981661272922
0.0313270304845705,0.14670981661272922
0.0313270304845705,0.14706939949658396
0.03134263159536959,0.14706939949658396
0.031420637149365035,0.14724919093851133
0.0314674404817623,0.14724919093851133
0.03151424381415957,0.14724919093851133
0.03152984492495866,0.14724919093851133
0.03152984492495866,0.1474289823804387
0.03154544603575775,0.1474289823804387
0.0317482604761459,0.14760877382236606
0.03181066491934226,0.14760877382236606
0.03181066491934226,0.14778856526429343
0.03195107491653406,0.14778856526429343
0.03201347935973041,0.14796835670622077
0.03223189491091766,0.14904710535778498
0.03224749602171675,0.14904710535778498
0.032278698243314925,0.14904710535778498
0.032309900464913104,0.14904710535778498
0.03234110268651128,0.14904710535778498
0.03237230490810946,0.14904710535778498
0.03237230490810946,0.1494066882416397
0.03238790601890855,0.1494066882416397
0.03241910824050672,0.1494066882416397
0.0324503104621049,0.1494066882416397
0.0324503104621049,0.14958647968356706
0.0325907204592967,0.14958647968356706
0.03263752379169397,0.1499460625674218
0.03265312490249306,0.1499460625674218
0.032684327124091236,0.15012585400934916
0.032684327124091236,0.15030564545127653
0.032731130456488504,0.15030564545127653
0.032731130456488504,0.15048543689320387
0.03276233267808668,0.15048543689320387
0.03276233267808668,0.15102481121898598
0.03280913601048395,0.15102481121898598
0.03280913601048395,0.15120460266091335
0.03285593934288121,0.15120460266091335
0.03288714156447939,0.1513843941028407
0.032949546007675745,0.1513843941028407
0.03299634934007301,0.15174397698669542
0.03304315267247028,0.15174397698669542
0.033136759337264815,0.15174397698669542
0.03319916378046117,0.15174397698669542
0.03319916378046117,0.1519237684286228
0.03327716933445661,0.1519237684286228
0.03327716933445661,0.15210355987055016
0.033401978220849324,0.15210355987055016
0.033401978220849324,0.15228335131247753
0.03341757933164841,0.1524631427544049
0.03344878155324659,0.1524631427544049
0.03352678710724204,0.1524631427544049
0.033557989328840215,0.15264293419633226
0.03360479266123748,0.15264293419633226
0.03376080376922837,0.15300251708018697
0.03387001154482199,0.15300251708018697
0.03387001154482199,0.15318230852211434
0.03390121376642017,0.1533620999640417
0.03390121376642017,0.15372168284789645
0.033994820431214705,0.15372168284789645
0.03405722487441106,0.15372168284789645
0.03411962931760741,0.15372168284789645
0.034244438204000124,0.15372168284789645
0.034244438204000124,0.15390147428982381
0.034260039314799214,0.15390147428982381
0.03429124153639739,0.15390147428982381
0.03432244375799557,0.15390147428982381
0.03435364597959375,0.15390147428982381
0.03436924709039284,0.15390147428982381
0.034400449311991016,0.15390147428982381
0.03444725264438828,0.15390147428982381
0.03444725264438828,0.15426105717367852
0.03446285375518737,0.15426105717367852
0.034494055976785544,0.15426105717367852
0.034494055976785544,0.1544408486156059
0.03452525819838372,0.1544408486156059
0.0345564604199819,0.1544408486156059
0.03461886486317826,0.1544408486156059
0.034650067084776436,0.1544408486156059
0.034665668195575525,0.1544408486156059
0.034665668195575525,0.15462064005753326
0.03471247152797279,0.15462064005753326
0.03471247152797279,0.15480043149946063
0.03474367374957097,0.15480043149946063
0.03477487597116915,0.154980222941388
0.03479047708196824,0.154980222941388
0.034821679303566416,0.154980222941388
0.034821679303566416,0.1553398058252427
0.034868482635963684,0.15551959726717007
0.03496208930075821,0.15551959726717007
0.0349776904115573,0.15569938870909744
0.03518050485194546,0.15569938870909744
0.03521170707354364,0.1558791801510248
0.03521170707354364,0.15623876303487955
0.0353989204031327,0.15623876303487955
0.0353989204031327,0.15641855447680691
0.03544572373552997,0.15641855447680691
0.03544572373552997,0.15659834591873426
0.035508128178726325,0.15659834591873426
0.035508128178726325,0.156957928802589
0.035539330400324504,0.156957928802589
0.035929358170301726,0.15821646889608054
0.035944959281100815,0.15821646889608054
0.035944959281100815,0.1583962603380079
0.035960560391899904,0.1583962603380079
0.03603856594589535,0.1583962603380079
0.03603856594589535,0.15875584322186265
0.036116571499890796,0.15875584322186265
0.03614777372148897,0.15875584322186265
0.036163374832288056,0.15875584322186265
0.03622577927548441,0.15875584322186265
0.0362413803862835,0.15875584322186265
0.03627258260788168,0.15875584322186265
0.03631938594027895,0.15875584322186265
0.03633498705107804,0.15875584322186265
0.036350588161877126,0.15893563466379002
0.036381790383475304,0.15893563466379002
0.03641299260507348,0.15893563466379002
0.03644419482667166,0.15893563466379002
0.03644419482667166,0.15911542610571736
0.03647539704826984,0.15911542610571736
0.03647539704826984,0.15929521754764472
0.03649099815906893,0.15965480043149946
0.03655340260226528,0.15965480043149946
0.03655340260226528,0.15983459187342683
0.036584604823863456,0.15983459187342683
0.036631408156260724,0.15983459187342683
0.036631408156260724,0.1600143833153542
0.0366626103778589,0.1600143833153542
0.0366626103778589,0.16019417475728157
0.03667821148865799,0.16019417475728157
0.03667821148865799,0.1603739661992089
0.03670941371025617,0.16055375764113627
0.03674061593185435,0.16055375764113627
0.036771818153452526,0.16055375764113627
0.03689662703984524,0.16055375764113627
0.03689662703984524,0.16073354908306364
0.03691222815064433,0.16073354908306364
0.03691222815064433,0.160913340524991
0.037037037037037035,0.160913340524991
0.037037037037037035,0.16109313196691838
0.03709944148023339,0.16109313196691838
0.03709944148023339,0.16145271485077312
0.03713064370183157,0.16145271485077312
0.03716184592342975,0.16163250629270046
0.03719304814502793,0.16163250629270046
0.037208649255827016,0.16163250629270046
0.037208649255827016,0.16181229773462782
0.03733345814221973,0.16181229773462782
0.03733345814221973,0.1619920891765552
0.03736466036381791,0.1619920891765552
0.03741146369621517,0.1619920891765552
0.037458267028612435,0.1619920891765552
0.037458267028612435,0.16217188061848256
0.0375050703610097,0.16217188061848256
0.0377858903553933,0.16271125494426467
0.03780149146619239,0.16271125494426467
0.03780149146619239,0.162891046386192
0.03781709257699148,0.162891046386192
0.038066710349776905,0.1634304207119741
0.038097912571375084,0.1634304207119741
0.03816031701457144,0.1634304207119741
0.0382071203469687,0.1634304207119741
0.03826952479016506,0.16361021215390148
0.03828512590096415,0.16361021215390148
0.03828512590096415,0.16379000359582885
0.038300727011763236,0.16379000359582885
0.03836313145495959,0.16379000359582885
0.03840993478735686,0.16379000359582885
0.03840993478735686,0.16396979503775622
0.03844113700895504,0.16396979503775622
0.03847233923055322,0.16396979503775622
0.038487940341352306,0.16414958647968356
0.038503541452151395,0.16414958647968356
0.038503541452151395,0.16432937792161093
0.03856594589534775,0.1645091693635383
0.0386283503385441,0.1645091693635383
0.03865955256014228,0.1645091693635383
0.03870635589253955,0.1645091693635383
0.038737558114137725,0.1645091693635383
0.038737558114137725,0.16468896080546566
0.038753159224936815,0.16468896080546566
0.03878436144653499,0.16468896080546566
0.03879996255733408,0.16468896080546566
0.03879996255733408,0.1650485436893204
0.03883116477893226,0.1650485436893204
0.03883116477893226,0.16522833513124774
0.03884676588973135,0.16522833513124774
0.03884676588973135,0.1654081265731751
0.03889356922212862,0.1654081265731751
0.038909170332927706,0.1654081265731751
0.038924771443726795,0.16558791801510248
0.038940372554525884,0.16558791801510248
0.038955973665324974,0.16576770945702984
0.03898717588692315,0.16576770945702984
0.03901837810852132,0.16576770945702984
0.03903397921932041,0.16576770945702984
0.03906518144091859,0.16576770945702984
0.03912758588411495,0.16576770945702984
0.039158788105713126,0.16612729234088458
0.039174389216512215,0.16612729234088458
0.039174389216512215,0.1664868752247393
0.03923679365970857,0.1664868752247393
0.03926799588130675,0.1664868752247393
0.03929919810290493,0.1664868752247393
0.03929919810290493,0.16666666666666666
0.039330400324503106,0.16666666666666666
0.039330400324503106,0.16684645810859403
0.039361602546101285,0.16684645810859403
0.03942400698929764,0.16684645810859403
0.03942400698929764,0.1670262495505214
0.03945520921089581,0.1670262495505214
0.03945520921089581,0.16738583243437613
0.03950201254329308,0.16738583243437613
0.03950201254329308,0.1675656238763035
0.03951761365409217,0.1675656238763035
0.03953321476489126,0.16774541531823084
0.03956441698648944,0.16774541531823084
0.039580018097288526,0.16774541531823084
0.039580018097288526,0.1679252067601582
0.039595619208087615,0.1679252067601582
0.039595619208087615,0.16810499820208558
0.03972042809448033,0.16810499820208558
0.03972042809448033,0.16828478964401294
0.03975163031607851,0.16828478964401294
0.039782832537676685,0.16828478964401294
0.03982963587007395,0.16828478964401294
0.03982963587007395,0.16864437252786768
0.039845236980873035,0.16864437252786768
0.03987643920247121,0.16882416396979505
0.03993884364566757,0.16882416396979505
0.03995444475646666,0.1690039554117224
0.03995444475646666,0.16936353829557713
0.03998564697806484,0.16936353829557713
0.03998564697806484,0.1695433297375045
0.040048051421261194,0.1695433297375045
0.04011045586445755,0.1695433297375045
0.04015725919685482,0.1695433297375045
0.040188461418452996,0.16972312117943186
0.04025086586164935,0.16972312117943186
0.040282068083247524,0.16972312117943186
0.040282068083247524,0.1700827040632866
0.04032887141564479,0.1700827040632866
0.04036007363724297,0.1700827040632866
0.04037567474804206,0.1700827040632866
0.04040687696964024,0.1700827040632866
0.040438079191238416,0.17026249550521394
0.04053168585603295,0.17026249550521394
0.04053168585603295,0.1704422869471413
0.04057848918843022,0.1704422869471413
0.04057848918843022,0.17062207838906868
0.040609691410028396,0.17062207838906868
0.040640893631626575,0.17062207838906868
0.040640893631626575,0.17080186983099604
0.04075010140722019,0.17080186983099604
0.04076570251801928,0.1709816612729234
0.04076570251801928,0.17116145271485078
0.04078130362881837,0.17116145271485078
0.04082810696121564,0.17116145271485078
0.040890511404411994,0.17116145271485078
0.040890511404411994,0.1715210355987055
0.040906112515211084,0.1715210355987055
0.041561359168772814,0.1740381157856886
0.04159256139037099,0.1740381157856886
0.04168616805516553,0.1745774901114707
0.04170176916596462,0.1745774901114707
0.04170176916596462,0.17475728155339806
0.041717370276763706,0.17475728155339806
0.041732971387562795,0.17493707299532543
0.041732971387562795,0.17529665587918014
0.04176417360916097,0.17529665587918014
0.04176417360916097,0.1754764473211075
0.04177977471996006,0.1754764473211075
0.04177977471996006,0.17565623876303488
0.04182657805235733,0.17565623876303488
0.04182657805235733,0.17583603020496225
0.04184217916315642,0.17583603020496225
0.04185778027395551,0.17601582164688961
0.04185778027395551,0.17619561308881698
0.04188898249555369,0.17619561308881698
0.04193578582795095,0.17619561308881698
0.041951386938750036,0.1765551959726717
0.041951386938750036,0.17673498741459906
0.041998190271147304,0.17673498741459906
0.04201379138194639,0.17673498741459906
0.04201379138194639,0.17691477885652643
0.04204499360354457,0.17691477885652643
0.04204499360354457,0.17727436174038116
0.04206059471434366,0.17727436174038116
0.04209179693594184,0.17727436174038116
0.04212299915754002,0.17727436174038116
0.042169802489937284,0.17727436174038116
0.04221660582233455,0.17727436174038116
0.04223220693313364,0.17745415318230853
0.04229461137633,0.17745415318230853
0.04231021248712909,0.17763394462423587
0.04245062248432088,0.17763394462423587
0.04245062248432088,0.17781373606616324
0.042575431370713596,0.17781373606616324
0.042606633592311774,0.17781373606616324
0.042606633592311774,0.1779935275080906
0.04263783581390995,0.1779935275080906
0.04265343692470904,0.17817331895001798
0.04266903803550813,0.17817331895001798
0.04270024025710631,0.17817331895001798
0.04273144247870449,0.17817331895001798
0.04274704358950357,0.17835311039194535
0.04279384692190084,0.17835311039194535
0.04279384692190084,0.17853290183387271
0.042809448032699926,0.17853290183387271
0.042809448032699926,0.17871269327580008
0.042856251365097194,0.17871269327580008
0.042856251365097194,0.17889248471772742
0.04287185247589628,0.17889248471772742
0.04287185247589628,0.17925206760158216
0.04287185247589628,0.17943185904350953
0.04290305469749446,0.17943185904350953
0.04291865580829355,0.17943185904350953
0.04291865580829355,0.1796116504854369
0.04298106025148991,0.1796116504854369
0.043012262473088085,0.1796116504854369
0.04305906580548535,0.1796116504854369
0.04305906580548535,0.17979144192736426
0.04307466691628444,0.17979144192736426
0.04310586913788262,0.17979144192736426
0.04312147024868171,0.17979144192736426
0.04312147024868171,0.17997123336929163
0.043246279135074416,0.17997123336929163
0.043246279135074416,0.18015102481121897
0.043261880245873505,0.18015102481121897
0.04329308246747168,0.18015102481121897
0.04352709912945802,0.18069039913700108
0.04357390246185528,0.18069039913700108
0.04357390246185528,0.18087019057892845
0.04362070579425255,0.18087019057892845
0.04362070579425255,0.18104998202085582
0.043683110237448905,0.18104998202085582
0.04371431245904708,0.18104998202085582
0.04371431245904708,0.18122977346278318
0.04376111579144435,0.18122977346278318
0.043870323567037975,0.18122977346278318
0.043870323567037975,0.18140956490471052
0.043885924677837064,0.18140956490471052
0.04391712689943524,0.1815893563466379
0.04394832912103342,0.1815893563466379
0.04394832912103342,0.18176914778856526
0.04397953134263159,0.18176914778856526
0.04401073356422977,0.18176914778856526
0.04405753689662704,0.18176914778856526
0.044088739118225216,0.18176914778856526
0.044104340229024305,0.18194893923049263
0.044119941339823394,0.18194893923049263
0.044119941339823394,0.18212873067242
0.04415114356142157,0.18212873067242
0.04416674467222066,0.18230852211434737
0.04421354800461793,0.18230852211434737
0.04421354800461793,0.18248831355627473
0.04422914911541702,0.18248831355627473
0.04422914911541702,0.18266810499820207
0.0442603513370152,0.18266810499820207
0.0442603513370152,0.1830276878820568
0.044275952447814286,0.18320747932398418
0.044275952447814286,0.18338727076591155
0.044307154669412464,0.18338727076591155
0.04441636244500608,0.18374685364976628
0.044525570220599706,0.18374685364976628
0.04457237355299697,0.18374685364976628
0.04463477799619333,0.18374685364976628
0.04463477799619333,0.18392664509169362
0.04466598021779151,0.184106436533621
0.044697182439389686,0.184106436533621
0.044697182439389686,0.18428622797554836
0.04475958688258604,0.18428622797554836
0.04475958688258604,0.18446601941747573
0.044806390214983303,0.18446601941747573
0.04485319354738057,0.18446601941747573
0.04493119910137602,0.18482560230133047
0.044962401322974195,0.18482560230133047
0.044962401322974195,0.18500539374325783
0.04499360354457237,0.18500539374325783
0.04504040687696964,0.1855447680690399
0.04504040687696964,0.18572455951096728
0.04505600798776873,0.18590435095289465
0.04507160909856782,0.18590435095289465
0.045102811320166,0.18590435095289465
0.045134013541764176,0.18590435095289465
0.045134013541764176,0.18608414239482202
0.04519641798496053,0.18626393383674936
0.045212019095759615,0.18644372527867673
0.045227620206558704,0.18680330816253146
0.04525882242815688,0.18680330816253146
0.04525882242815688,0.18698309960445883
0.04527442353895597,0.18698309960445883
0.04527442353895597,0.1871628910463862
0.04532122687135324,0.1871628910463862
0.04535242909295142,0.18734268248831357
0.04535242909295142,0.1875224739302409
0.04544603575774595,0.1875224739302409
0.04547723797934413,0.1875224739302409
0.04547723797934413,0.18788205681409564
0.04549283909014322,0.18788205681409564
0.04549283909014322,0.18824163969795038
0.04550844020094231,0.18824163969795038
0.04550844020094231,0.18860122258180512
0.04553964242254049,0.18860122258180512
0.04553964242254049,0.18878101402373246
0.045570844644138665,0.18878101402373246
0.04574245686292864,0.18878101402373246
0.04574245686292864,0.18896080546565983
0.045804861306124996,0.18896080546565983
0.04596087241411589,0.1891405969075872
0.046023276857312244,0.1891405969075872
0.046070080189709504,0.18932038834951456
0.046070080189709504,0.18950017979144193
0.04613248463290586,0.18950017979144193
0.04619488907610222,0.18950017979144193
0.04619488907610222,0.18985976267529667
0.04621049018690131,0.18985976267529667
0.04621049018690131,0.19021934555915138
0.046241692408499485,0.19021934555915138
0.046241692408499485,0.1905789284430061
0.04630409685169584,0.1905789284430061
0.04630409685169584,0.19093851132686085
0.046460107959686726,0.1916576770945703
0.046475709070485816,0.19183746853649766
0.046475709070485816,0.19201725997842503
0.046491310181284905,0.1921970514203524
0.046491310181284905,0.19237684286227977
0.046506911292083994,0.19237684286227977
0.046506911292083994,0.1925566343042071
0.04653811351368217,0.1925566343042071
0.04653811351368217,0.19273642574613448
0.04656931573528035,0.19273642574613448
0.04658491684607944,0.19273642574613448
0.04660051795687853,0.19291621718806184
0.04660051795687853,0.19327580007191658
0.046678523510873975,0.19327580007191658
0.04674092795407033,0.19327580007191658
0.0467877312864676,0.19327580007191658
0.04681893350806578,0.19327580007191658
0.04681893350806578,0.19345559151384395
0.04686573684046304,0.19345559151384395
0.04699054572685575,0.19363538295577132
0.047099753502449375,0.19363538295577132
0.047099753502449375,0.19381517439769866
0.04713095572404755,0.19381517439769866
0.04713095572404755,0.1941747572815534
0.04714655683484664,0.1941747572815534
0.04714655683484664,0.19435454872348076
0.04722456238884209,0.19435454872348076
0.04722456238884209,0.19453434016540813
0.04724016349964118,0.19453434016540813
0.047271365721239356,0.19453434016540813
0.047318169053636616,0.19453434016540813
0.047318169053636616,0.19489392304926287
0.04738057349683297,0.19489392304926287
0.047552185715622954,0.19579288025889968
0.04758338793722113,0.19579288025889968
0.04758338793722113,0.19597267170082705
0.04761459015881931,0.19597267170082705
0.04761459015881931,0.19615246314275442
0.04767699460201567,0.19615246314275442
0.04767699460201567,0.19633225458468176
0.04769259571281475,0.19633225458468176
0.04769259571281475,0.19651204602660913
0.04772379793441293,0.19651204602660913
0.047739399045212016,0.1966918374685365
0.047770601266810195,0.1966918374685365
0.04781740459920746,0.19687162891046386
0.04783300571000655,0.19687162891046386
0.04789541015320291,0.19687162891046386
0.04789541015320291,0.1972312117943186
0.047911011264002,0.1972312117943186
0.047911011264002,0.1975907946781733
0.047942213485600176,0.19777058612010068
0.047957814596399265,0.19777058612010068
0.04798901681799744,0.19795037756202805
0.0480514212611938,0.19795037756202805
0.0480514212611938,0.19813016900395541
0.04808262348279198,0.19813016900395541
0.04808262348279198,0.19830996044588278
0.04811382570439015,0.19830996044588278
0.04814502792598833,0.19830996044588278
0.04816062903678742,0.19830996044588278
0.048191831258385595,0.19830996044588278
0.04823863459078286,0.19830996044588278
0.04823863459078286,0.19848975188781015
0.04825423570158195,0.19848975188781015
0.04825423570158195,0.1986695433297375
0.04826983681238104,0.19902912621359223
0.0483322412555774,0.19938870909744696
0.048363443477175576,0.19938870909744696
0.04842584792037193,0.19956850053937433
0.048613061249960995,0.1997482919813017
0.048644263471559174,0.1997482919813017
0.04870666791475553,0.19992808342322904
0.04872226902555462,0.19992808342322904
0.04873787013635371,0.2001078748651564
0.0487534712471528,0.2001078748651564
0.048800274579550065,0.2001078748651564
0.048800274579550065,0.20028766630708378
0.04884707791194733,0.20028766630708378
0.04886267902274642,0.20028766630708378
0.04886267902274642,0.20046745774901115
0.04887828013354551,0.20046745774901115
0.04887828013354551,0.20082704063286588
0.04890948235514369,0.20082704063286588
0.04890948235514369,0.20100683207479325
0.04892508346594278,0.20100683207479325
0.04892508346594278,0.2011866235167206
0.04894068457674186,0.20136641495864796
0.04897188679834004,0.20136641495864796
0.049065493463134574,0.2017259978425027
0.04908109457393366,0.2017259978425027
0.04914349901713002,0.20208558072635743
0.049221504571125466,0.20208558072635743
0.04928390901432182,0.20208558072635743
0.04929951012512091,0.20208558072635743
0.04929951012512091,0.2022653721682848
0.04931511123592,0.2022653721682848
0.04937751567911635,0.2026249550521395
0.04942431901151362,0.2026249550521395
0.049455521233111796,0.2026249550521395
0.049486723454709974,0.2026249550521395
0.049502324565509064,0.20316432937792162
0.04953352678710724,0.20352391226177635
0.04953352678710724,0.2037037037037037
0.04961153234110269,0.2037037037037037
0.049642734562700866,0.2037037037037037
0.049673936784299044,0.2037037037037037
0.049673936784299044,0.20388349514563106
0.04972074011669631,0.20388349514563106
0.04975194233829449,0.20388349514563106
0.04978314455989266,0.20388349514563106
0.04982994789228993,0.20388349514563106
0.049892352335486286,0.20388349514563106
0.04997035788948173,0.20406328658755843
0.05000156011107991,0.20406328658755843
0.05004836344347718,0.20406328658755843
0.05004836344347718,0.2042430780294858
0.05012636899747262,0.2042430780294858
0.05012636899747262,0.20442286947141317
0.05018877344066897,0.20442286947141317
0.05018877344066897,0.2047824523552679
0.05023557677306624,0.2047824523552679
0.0502979812162626,0.2047824523552679
0.05040718899185622,0.2047824523552679
0.05040718899185622,0.20496224379719524
0.05042279010265531,0.20496224379719524
0.05048519454585167,0.2051420352391226
0.050531997878248934,0.2051420352391226
0.05054759898904802,0.2051420352391226
0.05056320009984711,0.20532182668104998
0.05061000343224437,0.20532182668104998
0.05067240787544073,0.20532182668104998
0.05068800898623982,0.20532182668104998
0.05068800898623982,0.20550161812297735
0.050750413429436175,0.20550161812297735
0.05079721676183344,0.20550161812297735
0.0508596212050298,0.20550161812297735
0.05107803675621704,0.20604099244875945
0.05109363786701613,0.20604099244875945
0.05109363786701613,0.20640057533261416
0.05112484008861431,0.20640057533261416
0.051171643421011576,0.20658036677454153
0.051202845642609754,0.20658036677454153
0.05129645230740429,0.20658036677454153
0.05131205341820338,0.2067601582164689
0.051405660082997906,0.2067601582164689
0.051436862304596084,0.2067601582164689
0.05148366563699335,0.2067601582164689
0.051608474523386065,0.20693994965839627
0.05174888452057787,0.20693994965839627
0.051795687852975135,0.20711974110032363
0.051795687852975135,0.207299532542251
0.051826890074573306,0.207299532542251
0.051826890074573306,0.20747932398417834
0.05188929451776966,0.20747932398417834
0.05188929451776966,0.2076591154261057
0.05190489562856875,0.2076591154261057
0.05193609785016693,0.2076591154261057
0.05199850229336329,0.2076591154261057
0.052029704514961465,0.2076591154261057
0.052060906736559644,0.2076591154261057
0.05209210895815782,0.2076591154261057
0.05210771006895691,0.2076591154261057
0.05210771006895691,0.20783890686803308
0.052201316733751446,0.20783890686803308
0.052263721176947796,0.20783890686803308
0.052279322287746885,0.20783890686803308
0.052466535617335955,0.20783890686803308
0.05249773783893413,0.20783890686803308
0.05249773783893413,0.20801869830996045
0.05256014228213049,0.20801869830996045
0.05257574339292958,0.20837828119381518
0.052638147836125936,0.20837828119381518
0.052638147836125936,0.20855807263574253
0.05266935005772411,0.20855807263574253
0.05274735561171955,0.20855807263574253
0.05274735561171955,0.2087378640776699
0.05276295672251864,0.2087378640776699
0.05276295672251864,0.20891765551959726
0.05279415894411682,0.20891765551959726
0.05280976005491591,0.20891765551959726
0.052825361165715,0.20909744696152463
0.05285656338731318,0.20909744696152463
0.052872164498112266,0.209277238403452
0.052903366719710444,0.209277238403452
0.0529657711629068,0.209277238403452
0.0529657711629068,0.20945702984537937
0.05298137227370589,0.20945702984537937
0.05301257449530407,0.20963682128730673
0.05305937782770133,0.20963682128730673
0.05309058004929951,0.20963682128730673
0.05316858560329495,0.20963682128730673
0.05319978782489313,0.20963682128730673
0.05323099004649131,0.20963682128730673
0.05327779337888858,0.20981661272923408
0.053293394489687666,0.20981661272923408
0.053340197822084934,0.20981661272923408
0.05337140004368311,0.20981661272923408
0.05341820337608038,0.20981661272923408
0.05346500670847765,0.20981661272923408
0.05358981559487035,0.20981661272923408
0.05358981559487035,0.20999640417116144
0.05363661892726762,0.20999640417116144
0.05363661892726762,0.2101761956130888
0.05365222003806671,0.2101761956130888
0.05365222003806671,0.21035598705501618
0.05371462448126307,0.21053577849694355
0.053745826702861245,0.21053577849694355
0.053745826702861245,0.21071556993887092
0.0538082311460576,0.21071556993887092
0.0538082311460576,0.21089536138079829
0.05387063558925396,0.21089536138079829
0.05390183781085213,0.21089536138079829
0.053964242254048486,0.21089536138079829
0.053964242254048486,0.21107515282272563
0.053995444475646664,0.21107515282272563
0.05402664669724484,0.21107515282272563
0.05404224780804393,0.21107515282272563
0.05405784891884302,0.211254944264653
0.05405784891884302,0.21143473570658036
0.05407345002964211,0.21143473570658036
0.05410465225124029,0.21161452714850773
0.05413585447283847,0.21161452714850773
0.054167056694436645,0.21161452714850773
0.054182657805235734,0.21161452714850773
0.054182657805235734,0.21197411003236247
0.05421386002683391,0.21197411003236247
0.05426066335923118,0.21215390147428984
0.05427626447003027,0.21215390147428984
0.05427626447003027,0.21233369291621718
0.05430746669162844,0.21233369291621718
0.05430746669162844,0.21251348435814454
0.054385472245623886,0.21251348435814454
0.054416674467222065,0.21251348435814454
0.054416674467222065,0.2126932758000719
0.05446347779961933,0.2126932758000719
0.05447907891041842,0.21287306724199928
0.05449468002121751,0.21287306724199928
0.05449468002121751,0.21323265012585402
0.05455708446441387,0.21323265012585402
0.054588286686012046,0.21323265012585402
0.05463509001840931,0.21323265012585402
0.05463509001840931,0.21341244156778139
0.0546506911292084,0.21359223300970873
0.05471309557240475,0.21359223300970873
0.05472869668320384,0.2137720244516361
0.05472869668320384,0.21395181589356346
0.05475989890480202,0.21395181589356346
0.05488470779119473,0.21395181589356346
0.05488470779119473,0.21413160733549083
0.05490030890199382,0.21413160733549083
0.05494711223439109,0.21413160733549083
0.05497831445598927,0.21413160733549083
0.05497831445598927,0.2143113987774182
0.05511872445318107,0.2143113987774182
0.05511872445318107,0.21449119021934557
0.05514992667477924,0.21449119021934557
0.055243533339573776,0.21449119021934557
0.055274735561171955,0.21449119021934557
0.055290336671971044,0.21449119021934557
0.05530593778277013,0.21467098166127294
0.05530593778277013,0.21485077310320028
0.05533714000436831,0.21485077310320028
0.0553527411151674,0.21503056454512764
0.0553527411151674,0.215210355987055
0.055446347779961935,0.215210355987055
0.055446347779961935,0.21539014742898238
0.055461948890761024,0.21539014742898238
0.055461948890761024,0.21556993887090975
0.055477550001560114,0.21556993887090975
0.05555555555555555,0.2159295217547645
0.05557115666635464,0.2159295217547645
0.05558675777715373,0.21610931319669183
0.05561795999875191,0.21610931319669183
0.05561795999875191,0.2162891046386192
0.055680364441948266,0.2162891046386192
0.05575836999594371,0.2162891046386192
0.05578957221754189,0.2162891046386192
0.055851976660738246,0.2162891046386192
0.055851976660738246,0.21664868752247393
0.055883178882336425,0.21664868752247393
0.0559143811039346,0.21664868752247393
0.05597678554713095,0.21664868752247393
0.05597678554713095,0.21700827040632867
0.05599238665793004,0.21700827040632867
0.05599238665793004,0.21718806184825604
0.05616399887672002,0.21718806184825604
0.0561952010983182,0.21718806184825604
0.056320009984710914,0.21718806184825604
0.056320009984710914,0.21736785329018338
0.05635121220630909,0.21754764473211075
0.056366813317108175,0.21754764473211075
0.056382414427907264,0.2177274361740381
0.05642921776030453,0.2177274361740381
0.05642921776030453,0.21808701905789285
0.05646041998190271,0.21808701905789285
0.05649162220350089,0.21826681049982022
0.056569627757496334,0.21844660194174756
0.05658522886829542,0.21862639338367493
0.05667883553308996,0.21862639338367493
0.05669443664388905,0.21862639338367493
0.056756841087085404,0.21862639338367493
0.056756841087085404,0.21898597626752966
0.056756841087085404,0.21916576770945703
0.056772442197884486,0.21916576770945703
0.05681924553028175,0.21916576770945703
0.05683484664108084,0.21916576770945703
0.05683484664108084,0.2193455591513844
0.05686604886267902,0.2193455591513844
0.05686604886267902,0.21952535059331177
0.05688164997347811,0.21952535059331177
0.05692845330587538,0.21952535059331177
0.05694405441667447,0.21952535059331177
0.056959655527473556,0.2197051420352391
0.056990857749071734,0.2197051420352391
0.05705326219226809,0.2197051420352391
0.05708446441386627,0.2197051420352391
0.05710006552466536,0.2197051420352391
0.05711566663546445,0.21988493347716648
0.057162469967861715,0.21988493347716648
0.057162469967861715,0.22024451636102121
0.057209273300258975,0.22024451636102121
0.057224874411058065,0.22024451636102121
0.05727167774345533,0.22042430780294858
0.05728727885425442,0.22042430780294858
0.05734968329745078,0.22060409924487595
0.057396486629848045,0.22060409924487595
0.057412087740647134,0.22078389068680332
0.057412087740647134,0.22096368212873066
0.057427688851446224,0.22096368212873066
0.057427688851446224,0.22114347357065803
0.05744328996224531,0.22114347357065803
0.05744328996224531,0.2213232650125854
0.05750569440544167,0.2213232650125854
0.0575993010702362,0.22168284789644013
0.057802115510624356,0.22168284789644013
0.057802115510624356,0.2218626393383675
0.057817716621423446,0.2218626393383675
0.057817716621423446,0.22204243078029487
0.057848918843021624,0.22204243078029487
0.05789572217541889,0.22204243078029487
0.05792692439701707,0.2222222222222222
0.05792692439701707,0.22240201366414958
0.05797372772941434,0.22258180510607695
0.057989328840213426,0.22258180510607695
0.0580205310618116,0.22258180510607695
0.058082935505007954,0.22258180510607695
0.05812973883740522,0.22258180510607695
0.05814533994820431,0.22258180510607695
0.05814533994820431,0.22276159654800431
0.05822334550219976,0.22276159654800431
0.05822334550219976,0.22294138798993168
0.05831695216699429,0.22294138798993168
0.05834815438859247,0.22294138798993168
0.05834815438859247,0.22312117943185905
0.05841055883178883,0.22312117943185905
0.058519766607382444,0.22330097087378642
0.05853536771818153,0.22330097087378642
0.05855096882898062,0.22348076231571376
0.058660176604574246,0.22348076231571376
0.058706979936971514,0.22348076231571376
0.05883178882336423,0.22348076231571376
0.05887859215576149,0.22348076231571376
0.058925395488158755,0.22366055375764113
0.058940996598957844,0.2238403451995685
0.05897219882055602,0.2238403451995685
0.05897219882055602,0.22402013664149587
0.0590034010421542,0.22402013664149587
0.0590034010421542,0.22419992808342323
0.05901900215295329,0.2243797195253506
0.05905020437455147,0.2243797195253506
0.05905020437455147,0.22455951096727797
0.05906580548535056,0.22455951096727797
0.05906580548535056,0.2247393024092053
0.05915941215014509,0.2247393024092053
0.05919061437174327,0.22491909385113268
0.05925301881493962,0.22491909385113268
0.05926861992573871,0.22509888529306005
0.0592842210365378,0.22509888529306005
0.0592842210365378,0.22527867673498742
0.059362226590533244,0.22527867673498742
0.059362226590533244,0.22545846817691478
0.05939342881213142,0.22545846817691478
0.05944023214452869,0.22545846817691478
0.05950263658772505,0.22545846817691478
0.059549439920122314,0.22545846817691478
0.05958064214172049,0.22545846817691478
0.05961184436331867,0.22545846817691478
0.05967424880651502,0.22545846817691478
0.05983025991450591,0.22617763394462423
0.05987706324690318,0.22617763394462423
0.05987706324690318,0.2263574253865516
0.05990826546850136,0.2263574253865516
0.05992386657930045,0.2263574253865516
0.0601266810196886,0.22707659115426107
0.0601266810196886,0.2272563825961884
0.06014228213048769,0.2272563825961884
0.06014228213048769,0.22743617403811578
0.06017348435208587,0.22743617403811578
0.060220287684483134,0.22743617403811578
0.060220287684483134,0.22779575692197052
0.06029829323847858,0.22779575692197052
0.06031389434927767,0.22797554836389788
0.060391899903273115,0.22797554836389788
0.060391899903273115,0.22815533980582525
0.06043870323567038,0.22815533980582525
0.06043870323567038,0.22833513124775262
0.06045430434646947,0.22833513124775262
0.06045430434646947,0.22851492268967996
0.06051670878966582,0.22851492268967996
0.06059471434366127,0.22851492268967996
0.06059471434366127,0.22869471413160733
0.060625916565259445,0.22869471413160733
0.0606883210084558,0.22869471413160733
0.06070392211925489,0.2288745055735347
0.06075072545165216,0.2288745055735347
0.060797528784049426,0.2288745055735347
0.06085993322724578,0.2288745055735347
0.06089113544884396,0.2288745055735347
0.06090673655964304,0.2288745055735347
0.0609691410028394,0.2288745055735347
0.061031545446035756,0.2288745055735347
0.061047146556834846,0.22905429701546207
0.061062747667633935,0.22905429701546207
0.061062747667633935,0.2294138798993168
0.06109394988923211,0.2294138798993168
0.06114075322162938,0.2294138798993168
0.06114075322162938,0.22959367134124414
0.06115635433242847,0.22959367134124414
0.06118755655402665,0.22959367134124414
0.061265562108022094,0.22959367134124414
0.06128116321882118,0.2297734627831715
0.06131236544041936,0.2297734627831715
0.06137476988361571,0.2297734627831715
0.06140597210521389,0.22995325422509888
0.06143717432681207,0.22995325422509888
0.0615307809916066,0.22995325422509888
0.06159318543480296,0.23031283710895362
0.06160878654560205,0.23031283710895362
0.06160878654560205,0.23049262855088098
0.06162438765640114,0.23049262855088098
0.061655589877999316,0.23049262855088098
0.061671190988798405,0.23049262855088098
0.06170239321039658,0.23049262855088098
0.061749196542793844,0.23049262855088098
0.06179599987519111,0.23067241999280835
0.06187400542918656,0.23067241999280835
0.061905207650784735,0.23067241999280835
0.061920808761583825,0.23067241999280835
0.061952010983182,0.23067241999280835
0.06201441542637836,0.23067241999280835
0.06201441542637836,0.2308522114347357
0.06206121875877563,0.2308522114347357
0.06206121875877563,0.23103200287666306
0.06243564541795376,0.23157137720244517
0.06246684763955194,0.23157137720244517
0.062498049861150116,0.23157137720244517
0.06254485319354738,0.2319309600862999
0.06256045430434647,0.2319309600862999
0.06260725763674374,0.2319309600862999
0.06268526319073918,0.2319309600862999
0.06273206652313645,0.2319309600862999
0.06276326874473462,0.23211075152822724
0.06277886985553371,0.23211075152822724
0.06281007207713189,0.23211075152822724
0.06282567318793097,0.23211075152822724
0.06282567318793097,0.2322905429701546
0.06290367874192643,0.2322905429701546
0.06344971761989454,0.23426824883135564
0.06348091984149272,0.23426824883135564
0.0634965209522918,0.234448040273283
0.0635121220630909,0.234448040273283
0.06355892539548816,0.234448040273283
0.06360572872788542,0.23462783171521034
0.0636369309494836,0.23462783171521034
0.0636369309494836,0.2348076231571377
0.06373053761427813,0.23498741459906508
0.06380854316827358,0.23498741459906508
0.06380854316827358,0.23516720604099245
0.06382414427907267,0.23516720604099245
0.06383974538987176,0.23534699748291982
0.0639177509438672,0.2358863718087019
0.0639333520546663,0.2358863718087019
0.0639333520546663,0.23606616325062926
0.06401135760866174,0.23606616325062926
0.06404255983025992,0.23624595469255663
0.06408936316265718,0.23624595469255663
0.06415176760585353,0.23624595469255663
0.0641985709382508,0.23624595469255663
0.06421417204904989,0.236425746134484
0.06426097538144716,0.236425746134484
0.06426097538144716,0.23660553757641137
0.06429217760304534,0.23660553757641137
0.06432337982464352,0.23660553757641137
0.0643389809354426,0.23660553757641137
0.0643389809354426,0.2369651204602661
0.0643389809354426,0.2373247033441208
0.0643389809354426,0.23750449478604818
0.06446378982183532,0.23750449478604818
0.06451059315423258,0.23750449478604818
0.06451059315423258,0.23768428622797555
0.06452619426503167,0.23768428622797555
0.06452619426503167,0.23786407766990292
0.06465100315142439,0.23786407766990292
0.06468220537302256,0.23786407766990292
0.0647758120378171,0.23822366055375765
0.06483821648101344,0.23822366055375765
0.06483821648101344,0.238403451995685
0.06593029423694967,0.24074074074074073
0.06593029423694967,0.2409205321826681
0.06600829979094512,0.2409205321826681
0.0660395020125433,0.2409205321826681
0.06610190645573964,0.24110032362459546
0.06611750756653874,0.24110032362459546
0.06622671534213236,0.24110032362459546
0.06627351867452963,0.24110032362459546
0.06636712533932417,0.24110032362459546
0.06638272645012325,0.24110032362459546
0.06641392867172143,0.24110032362459546
0.0664451308933196,0.24110032362459546
0.0664451308933196,0.24128011506652283
0.06650753533651596,0.24163969795037757
0.06650753533651596,0.24181948939230494
0.06664794533370776,0.24199928083423228
0.06664794533370776,0.24217907227615965
0.06667914755530593,0.24217907227615965
0.06705357421448407,0.24433656957928804
0.06714718087927861,0.24433656957928804
0.06714718087927861,0.24451636102121538
0.06720958532247497,0.24451636102121538
0.06725638865487223,0.24451636102121538
0.06734999531966676,0.24451636102121538
0.06749040531685856,0.24487594390507011
0.06752160753845673,0.24487594390507011
0.06755280976005491,0.24487594390507011
0.06756841087085401,0.24487594390507011
0.06759961309245219,0.24505573534699748
0.06767761864644763,0.24505573534699748
0.06767761864644763,0.24523552678892485
0.06774002308964398,0.24523552678892485
0.06774002308964398,0.24541531823085222
0.06775562420044307,0.24541531823085222
0.06775562420044307,0.24577490111470693
0.06777122531124216,0.24577490111470693
0.06781802864363942,0.24613448399856167
0.06788043308683578,0.24613448399856167
0.06797403975163031,0.24613448399856167
0.06800524197322849,0.24631427544048903
0.06805204530562577,0.24631427544048903
0.06809884863802303,0.2464940668824164
0.06814565197042029,0.2464940668824164
0.06836406752160754,0.24703344120819848
0.06839526974320571,0.24703344120819848
0.06845767418640207,0.24703344120819848
0.06845767418640207,0.24721323265012585
0.06848887640800025,0.24721323265012585
0.06848887640800025,0.24739302409205322
0.06850447751879934,0.24739302409205322
0.06852007862959843,0.24775260697590795
0.06853567974039752,0.24775260697590795
0.06908171861836562,0.24829198130169003
0.0691285219507629,0.24829198130169003
0.0691285219507629,0.2484717727436174
0.06922212861555743,0.2484717727436174
0.06936253861274923,0.2484717727436174
0.06944054416674467,0.2484717727436174
0.06947174638834284,0.2484717727436174
0.0695497519423383,0.2484717727436174
0.06956535305313738,0.24865156418554477
0.06958095416393648,0.24865156418554477
0.06961215638553465,0.24865156418554477
0.06965895971793191,0.24865156418554477
0.06970576305032919,0.24865156418554477
0.06973696527192737,0.24865156418554477
0.0698149708259228,0.24883135562747213
0.06986177415832007,0.24883135562747213
0.06989297637991825,0.24883135562747213
0.06989297637991825,0.2490111470693995
0.0699553808231146,0.2490111470693995
0.06998658304471278,0.24919093851132687
0.06998658304471278,0.24955052139518158
0.07003338637711005,0.24955052139518158
0.07004898748790914,0.24973031283710895
0.07004898748790914,0.24991010427903632
0.07008018970950732,0.24991010427903632
0.07014259415270367,0.24991010427903632
0.07017379637430185,0.24991010427903632
0.07022059970669911,0.24991010427903632
0.07031420637149365,0.2500898957209637
0.07034540859309182,0.25026968716289105
0.07042341414708728,0.25026968716289105
0.07047021747948454,0.25026968716289105
0.07050141970108272,0.25026968716289105
0.07056382414427907,0.25026968716289105
0.07059502636587725,0.25026968716289105
0.07059502636587725,0.2504494786048184
0.07061062747667633,0.2504494786048184
0.07132827857343443,0.25170801869830994
0.07134387968423352,0.25170801869830994
0.07134387968423352,0.2518878101402373
0.07139068301663079,0.2518878101402373
0.07145308745982713,0.2518878101402373
0.07146868857062623,0.2518878101402373
0.07149989079222441,0.2518878101402373
0.07151549190302349,0.2518878101402373
0.07151549190302349,0.2520676015821647
0.07156229523542076,0.2520676015821647
0.07159349745701894,0.2524271844660194
0.07160909856781802,0.2524271844660194
0.07162469967861712,0.2526069759079468
0.0716403007894162,0.2526069759079468
0.0716403007894162,0.25278676734987415
0.07168710412181348,0.25278676734987415
0.07173390745421074,0.25278676734987415
0.07190551967300071,0.25278676734987415
0.07198352522699616,0.25278676734987415
0.07203032855939343,0.25278676734987415
0.07204592967019252,0.25278676734987415
0.07204592967019252,0.2529665587918015
0.07210833411338888,0.2529665587918015
0.07217073855658523,0.2529665587918015
0.07217073855658523,0.2531463502337289
0.07218633966738432,0.2531463502337289
0.0722175418889825,0.2531463502337289
0.0722175418889825,0.2535059331175836
0.07224874411058067,0.2535059331175836
0.07224874411058067,0.253685724559511
0.07231114855377703,0.2538655160014383
0.07234235077537521,0.2538655160014383
0.07237355299697339,0.2538655160014383
0.07237355299697339,0.2544048903272204
0.07240475521857156,0.2544048903272204
0.07240475521857156,0.2545846817691478
0.07245155855096883,0.2545846817691478
0.07245155855096883,0.25476447321107515
0.0724983618833661,0.2549442646530025
0.07252956410496428,0.2549442646530025
0.07252956410496428,0.2551240560949299
0.07256076632656246,0.2551240560949299
0.07284158632094605,0.2554836389787846
0.07284158632094605,0.255663430420712
0.07285718743174514,0.255663430420712
0.07288838965334332,0.255663430420712
0.0729039907641424,0.255663430420712
0.0729039907641424,0.25584322186263936
0.0729195918749415,0.25584322186263936
0.0729195918749415,0.2560230133045667
0.07293519298574058,0.2560230133045667
0.07296639520733876,0.2560230133045667
0.07296639520733876,0.25620280474649404
0.07301319853973604,0.25620280474649404
0.07301319853973604,0.2563825961884214
0.07304440076133421,0.2563825961884214
0.07355923741770413,0.2569219705142035
0.07355923741770413,0.25728155339805825
0.07366844519329777,0.25728155339805825
0.07371524852569503,0.2574613448399856
0.0737464507472932,0.2574613448399856
0.07380885519048956,0.2574613448399856
0.07384005741208774,0.2574613448399856
0.07384005741208774,0.257641136281913
0.0739024618552841,0.257641136281913
0.07394926518768136,0.257641136281913
0.07401166963087771,0.2580007191657677
0.07402727074167681,0.2580007191657677
0.07402727074167681,0.2581805106076951
0.07404287185247589,0.25836030204962246
0.07407407407407407,0.2585400934915498
0.07419888296046678,0.2585400934915498
0.07423008518206496,0.25871988493347714
0.07429248962526132,0.25871988493347714
0.07429248962526132,0.2588996763754045
0.0743236918468595,0.2588996763754045
0.07437049517925676,0.2588996763754045
0.07438609629005585,0.2588996763754045
0.07441729851165403,0.2590794678173319
0.07446410184405129,0.2590794678173319
0.07455770850884583,0.2590794678173319
0.07457330961964492,0.2590794678173319
0.07468251739523854,0.25925925925925924
0.07469811850603764,0.25925925925925924
0.07472932072763581,0.25925925925925924
0.0747449218384349,0.2594390507011866
0.07476052294923398,0.2594390507011866
0.07477612406003308,0.259618842143114
0.07477612406003308,0.25979863358504135
0.07480732628163125,0.25979863358504135
0.07480732628163125,0.2599784250269687
0.07482292739243034,0.2599784250269687
0.07490093294642579,0.2601582164688961
0.07491653405722487,0.2601582164688961
0.07494773627882305,0.2605177993527508
0.07497893850042123,0.2605177993527508
0.07505694405441668,0.2606975907946782
0.0751661518300103,0.2606975907946782
0.0776779306686636,0.2646530025170802
0.07770913289026178,0.2646530025170802
0.07775593622265906,0.26483279395900755
0.0778339417766545,0.26483279395900755
0.0778339417766545,0.2650125854009349
0.07788074510905177,0.2650125854009349
0.07794314955224813,0.2651923768428623
0.07795875066304721,0.2651923768428623
0.07798995288464539,0.2651923768428623
0.07802115510624356,0.2651923768428623
0.07805235732784174,0.2651923768428623
0.078099160660239,0.2651923768428623
0.0782551717682299,0.2651923768428623
0.07827077287902899,0.2651923768428623
0.07827077287902899,0.26537216828478966
0.07830197510062717,0.26537216828478966
0.07833317732222535,0.26537216828478966
0.07833317732222535,0.2657317511686444
0.0783955817654217,0.2657317511686444
0.07842678398701988,0.26591154261057176
0.07844238509781896,0.26591154261057176
0.07844238509781896,0.2660913340524991
0.07847358731941714,0.2660913340524991
0.07859839620580986,0.2660913340524991
0.07861399731660894,0.26627112549442644
0.0786764017598053,0.26627112549442644
0.07877000842459983,0.2664509169363538
0.07886361508939436,0.2664509169363538
0.07886361508939436,0.2666307083782812
0.07891041842179163,0.2666307083782812
0.07891041842179163,0.26681049982020855
0.07898842397578708,0.26681049982020855
0.07912883397297887,0.2669902912621359
0.07916003619457705,0.2669902912621359
0.07916003619457705,0.2671700827040633
0.07920683952697433,0.2671700827040633
0.07920683952697433,0.267529665587918
0.07925364285937159,0.267529665587918
0.07928484508096977,0.267529665587918
0.07931604730256794,0.267529665587918
0.07933164841336703,0.2677094570298454
0.07934724952416612,0.2677094570298454
0.07940965396736248,0.2677094570298454
0.07947205841055884,0.2677094570298454
0.07947205841055884,0.26788924847177276
0.07950326063215701,0.2680690399137001
0.07955006396455427,0.2680690399137001
0.07961246840775063,0.2680690399137001
0.07961246840775063,0.2682488313556275
0.0796592717401479,0.2682488313556275
0.0796592717401479,0.2686084142394822
0.07969047396174607,0.2686084142394822
0.07975287840494243,0.2686084142394822
0.07976847951574152,0.2686084142394822
0.08109457393366408,0.2707659115426106
0.08112577615526226,0.2707659115426106
0.08115697837686044,0.2707659115426106
0.08118818059845861,0.2707659115426106
0.08118818059845861,0.2711254944264653
0.08123498393085588,0.2711254944264653
0.08129738837405223,0.2711254944264653
0.08134419170644949,0.2711254944264653
0.08137539392804767,0.2711254944264653
0.08140659614964585,0.27130528586839264
0.08143779837124403,0.27130528586839264
0.0814690005928422,0.27130528586839264
0.08151580392523948,0.27130528586839264
0.08154700614683766,0.27130528586839264
0.0816406128116322,0.27130528586839264
0.08173421947642673,0.27130528586839264
0.08173421947642673,0.27148507731032
0.08179662391962307,0.27148507731032
0.08185902836281943,0.27148507731032
0.08193703391681488,0.27148507731032
0.08193703391681488,0.2716648687522474
0.08203064058160942,0.2716648687522474
0.08207744391400668,0.2716648687522474
0.08210864613560485,0.2716648687522474
0.08220225280039939,0.2716648687522474
0.08220225280039939,0.27184466019417475
0.08221785391119847,0.27184466019417475
0.08221785391119847,0.2722042430780295
0.08221785391119847,0.27238403451995685
0.08224905613279665,0.27238403451995685
0.08228025835439483,0.27238403451995685
0.08229585946519392,0.27238403451995685
0.08234266279759118,0.27238403451995685
0.08240506724078754,0.27238403451995685
0.0824674716839839,0.27238403451995685
0.082483072794783,0.2725638259618842
0.08252987612718025,0.2725638259618842
0.08252987612718025,0.2727436174038116
0.08256107834877843,0.2727436174038116
0.0827326905675684,0.27292340884573896
0.08276389278916658,0.27292340884573896
0.08281069612156386,0.27292340884573896
0.08282629723236294,0.27292340884573896
0.08282629723236294,0.2732829917295937
0.08284189834316204,0.2732829917295937
0.08284189834316204,0.27346278317152106
0.08285749945396112,0.27346278317152106
0.0828887016755593,0.27346278317152106
0.08291990389715748,0.27346278317152106
0.08291990389715748,0.2736425746134484
0.08295110611875565,0.2736425746134484
0.08295110611875565,0.27382236605537574
0.08299790945115292,0.27382236605537574
0.08306031389434927,0.27382236605537574
0.08310711722674655,0.2741819489392305
0.08312271833754563,0.2741819489392305
0.08354394832912103,0.27544048903272206
0.08355954943992012,0.27544048903272206
0.0835907516615183,0.27544048903272206
0.08360635277231739,0.27544048903272206
0.08362195388311648,0.2756202804746494
0.08363755499391556,0.2756202804746494
0.08368435832631284,0.2756202804746494
0.08376236388030828,0.2756202804746494
0.08385597054510281,0.2756202804746494
0.08390277387750007,0.2758000719165768
0.08393397609909825,0.2758000719165768
0.08393397609909825,0.27597986335850416
0.08398077943149553,0.27597986335850416
0.08398077943149553,0.2761596548004315
0.08405878498549096,0.27633944624235884
0.08407438609629006,0.27633944624235884
0.08418359387188368,0.2765192376842862
0.08419919498268277,0.2766990291262136
0.08423039720428094,0.2766990291262136
0.08424599831508003,0.27687882056814095
0.08426159942587912,0.27687882056814095
0.08430840275827639,0.27687882056814095
0.08430840275827639,0.2770586120100683
0.08432400386907547,0.2772384034519957
0.08441761053387001,0.2772384034519957
0.08454241942026272,0.2772384034519957
0.08458922275266,0.2772384034519957
0.08462042497425817,0.2772384034519957
0.08466722830665543,0.27741819489392305
0.08469843052825361,0.27741819489392305
0.08472963274985179,0.27741819489392305
0.08477643608224905,0.27741819489392305
0.08480763830384723,0.27741819489392305
0.08482323941464633,0.27741819489392305
0.0848544416362445,0.27741819489392305
0.08487004274704359,0.27741819489392305
0.08487004274704359,0.2775979863358504
0.08491684607944086,0.2775979863358504
0.08493244719023994,0.27795756921970516
0.08496364941183812,0.2784969435454872
0.08497925052263722,0.2784969435454872
0.08497925052263722,0.27885652642934194
0.0849948516334363,0.27885652642934194
0.0849948516334363,0.2790363178712693
0.08502605385503448,0.2790363178712693
0.08505725607663266,0.2790363178712693
0.08507285718743174,0.2790363178712693
0.08515086274142719,0.2790363178712693
0.08516646385222627,0.2790363178712693
0.08516646385222627,0.2792161093131967
0.08530687384941808,0.2792161093131967
0.08532247496021717,0.27939590075512405
0.08533807607101626,0.27939590075512405
0.08533807607101626,0.2797554836389788
0.08538487940341352,0.2797554836389788
0.08538487940341352,0.27993527508090615
0.08540048051421262,0.27993527508090615
0.08544728384660988,0.27993527508090615
0.08546288495740897,0.27993527508090615
0.0855564916222035,0.27993527508090615
0.08558769384380167,0.27993527508090615
0.08580610939498892,0.28047464940668826
0.08582171050578802,0.28047464940668826
0.08593091828138164,0.2806544408486156
0.08594651939218072,0.280834232290543
0.08599332272457799,0.280834232290543
0.08604012605697525,0.2810140237324703
0.08624294049736342,0.28137360661632504
0.0862585416081625,0.28137360661632504
0.08628974382976068,0.2815533980582524
0.08630534494055976,0.2815533980582524
0.08647695715934975,0.2817331895001798
0.08649255827014883,0.2817331895001798
0.08652376049174701,0.2817331895001798
0.08658616493494337,0.2817331895001798
0.0866797715997379,0.2817331895001798
0.086695372710537,0.2817331895001798
0.086695372710537,0.28191298094210715
0.08671097382133608,0.28191298094210715
0.08674217604293426,0.2822725638259619
0.08686698492932697,0.2822725638259619
0.08691378826172423,0.28245235526788925
0.08697619270492059,0.28245235526788925
0.08697619270492059,0.2826321467098166
0.08706979936971512,0.2826321467098166
0.08736622047489781,0.28317152103559873
0.08736622047489781,0.2833513124775261
0.08739742269649599,0.2833513124775261
0.08739742269649599,0.2835311039194534
0.08745982713969234,0.2835311039194534
0.08758463602608506,0.2837108953613808
0.08760023713688414,0.2837108953613808
0.08760023713688414,0.28389068680330815
0.08761583824768324,0.28389068680330815
0.08761583824768324,0.2840704782452355
0.0876626415800805,0.2840704782452355
0.08774064713407595,0.2840704782452355
0.08781865268807139,0.2840704782452355
0.08781865268807139,0.2842502696871629
0.08788105713126775,0.2842502696871629
0.08791225935286592,0.2842502696871629
0.08797466379606228,0.28443006112909025
0.08800586601766046,0.28443006112909025
0.08800586601766046,0.2846098525710176
0.088099472682455,0.2846098525710176
0.08845829823083404,0.2851492268967997
0.0885207026740304,0.2851492268967997
0.08856750600642765,0.2851492268967997
0.08861430933882493,0.2851492268967997
0.08862991044962401,0.2853290183387271
0.08866111267122219,0.2853290183387271
0.08869231489282037,0.2853290183387271
0.08870791600361946,0.28568860122258183
0.08870791600361946,0.2858683926645092
0.08872351711441855,0.2858683926645092
0.08883272489001216,0.2860481841064365
0.08886392711161034,0.2860481841064365
0.08889512933320852,0.2860481841064365
0.08889512933320852,0.2862279755483639
0.0889419326656058,0.2862279755483639
0.0889419326656058,0.28640776699029125
0.08897313488720397,0.28640776699029125
0.08897313488720397,0.2865875584322186
0.08898873599800305,0.286767349874146
0.08901993821960123,0.286767349874146
0.08901993821960123,0.28694714131607335
0.08905114044119941,0.28694714131607335
0.08912914599519486,0.28694714131607335
0.08914474710599395,0.28694714131607335
0.08933196043558302,0.2871269327580007
0.08940996598957845,0.2871269327580007
0.08998720708914475,0.28820568140956493
0.09001840931074293,0.28820568140956493
0.09009641486473836,0.28820568140956493
0.09012761708633654,0.28820568140956493
0.09014321819713564,0.28838547285149224
0.09023682486193017,0.28838547285149224
0.09029922930512653,0.2885652642934196
0.09037723485912197,0.2885652642934196
0.09043963930231833,0.28892484717727435
0.0904708415239165,0.28892484717727435
0.09050204374551468,0.28892484717727435
0.09050204374551468,0.2891046386192017
0.09053324596711286,0.2891046386192017
0.09059565041030922,0.2891046386192017
0.0906112515211083,0.2891046386192017
0.0906112515211083,0.28946422150305645
0.0906112515211083,0.2896440129449838
0.09067365596430466,0.2896440129449838
0.09068925707510375,0.2896440129449838
0.09068925707510375,0.2898238043869112
0.09075166151830011,0.2898238043869112
0.09076726262909919,0.29000359582883856
0.09081406596149647,0.29000359582883856
0.09090767262629099,0.2901833872707659
0.09097007706948734,0.2901833872707659
0.09097007706948734,0.2903631787126933
0.09101688040188462,0.2903631787126933
0.09101688040188462,0.29072276159654803
0.0910480826234828,0.29072276159654803
0.09106368373428188,0.29072276159654803
0.09112608817747823,0.29072276159654803
0.09114168928827733,0.29090255303847534
0.09123529595307187,0.29090255303847534
0.09128209928546913,0.2910823444804027
0.09128209928546913,0.2912621359223301
0.0913133015070673,0.2912621359223301
0.09132890261786639,0.2912621359223301
0.09157852039065181,0.2916217188061848
0.09162532372304909,0.2916217188061848
0.09165652594464727,0.2916217188061848
0.09170332927704453,0.2916217188061848
0.09170332927704453,0.2918015102481122
0.0917345314986427,0.2918015102481122
0.09175013260944179,0.2918015102481122
0.09178133483103997,0.2918015102481122
0.09178133483103997,0.29198130169003955
0.09185934038503542,0.29198130169003955
0.09209335704702175,0.29198130169003955
0.09210895815782083,0.29198130169003955
0.09210895815782083,0.2921610931319669
0.09218696371181628,0.2921610931319669
0.09218696371181628,0.2923408845738943
0.09221816593341446,0.2923408845738943
0.09226496926581172,0.2923408845738943
0.09226496926581172,0.29252067601582166
0.092311772598209,0.292700467457749
0.09234297481980717,0.292700467457749
0.09234297481980717,0.2928802588996764
0.09237417704140535,0.2928802588996764
0.09240537926300353,0.2928802588996764
0.09240537926300353,0.29306005034160376
0.09245218259540079,0.29306005034160376
0.09246778370619989,0.29323984178353113
0.09248338481699897,0.29323984178353113
0.09254578926019533,0.29323984178353113
0.09259259259259259,0.29323984178353113
0.09262379481419077,0.29323984178353113
0.09263939592498986,0.29341963322545844
0.09267059814658804,0.29341963322545844
0.09270180036818622,0.29341963322545844
0.09310742924896252,0.29503775620280476
0.09312303035976162,0.29503775620280476
0.09318543480295798,0.29503775620280476
0.09345065368654248,0.29503775620280476
0.09345065368654248,0.2952175476447321
0.09351305812973884,0.2952175476447321
0.09351305812973884,0.29557713052858686
0.09354426035133702,0.29557713052858686
0.0935754625729352,0.29557713052858686
0.09359106368373428,0.29557713052858686
0.09359106368373428,0.29575692197051423
0.09363786701613155,0.29575692197051423
0.09365346812693064,0.29575692197051423
0.09368467034852881,0.29575692197051423
0.09373147368092608,0.29575692197051423
0.09373147368092608,0.29593671341244154
0.09377827701332335,0.29593671341244154
0.09380947923492153,0.29593671341244154
0.09382508034572061,0.29593671341244154
0.09407469811850604,0.29593671341244154
0.09410590034010421,0.29593671341244154
0.0941371025617024,0.29593671341244154
0.09415270367250148,0.2961165048543689
0.09419950700489875,0.2961165048543689
0.09419950700489875,0.2962962962962963
0.09423070922649693,0.2962962962962963
0.09423070922649693,0.29647608773822365
0.09433991700209055,0.29647608773822365
0.09435551811288964,0.29647608773822365
0.09438672033448782,0.29647608773822365
0.094417922556086,0.29647608773822365
0.09490155699085775,0.2973750449478605
0.09490155699085775,0.29755483638978786
0.09493275921245593,0.29755483638978786
0.0949639614340541,0.2977346278317152
0.0949639614340541,0.2982740021574973
0.09499516365565228,0.2982740021574973
0.09499516365565228,0.29845379359942464
0.09510437143124591,0.29845379359942464
0.09513557365284409,0.29845379359942464
0.09522918031763862,0.29845379359942464
0.09527598365003588,0.29845379359942464
0.09536959031483042,0.29845379359942464
0.09546319697962495,0.298633585041352
0.09547879809042403,0.298633585041352
0.09547879809042403,0.29899316792520675
0.09558800586601766,0.29899316792520675
0.09558800586601766,0.2991729593671341
0.09560360697681675,0.2991729593671341
0.0956660114200131,0.2991729593671341
0.0956816125308122,0.2991729593671341
0.09571281475241038,0.2993527508090615
0.0958064214172049,0.2993527508090615
0.09722612249992199,0.3011506652283351
0.09725732472152017,0.3011506652283351
0.0973665324971138,0.3011506652283351
0.09742893694031016,0.3013304566702625
0.09744453805110924,0.3013304566702625
0.0974913413835065,0.3013304566702625
0.09755374582670286,0.30151024811218985
0.09758494804830103,0.30151024811218985
0.09758494804830103,0.3016900395541172
0.09764735249149739,0.3016900395541172
0.09780336359948828,0.3016900395541172
0.09780336359948828,0.3018698309960446
0.09785016693188556,0.3018698309960446
0.09788136915348372,0.3018698309960446
0.09856781802864364,0.3033081625314635
0.09859902025024182,0.3033081625314635
0.09869262691503634,0.3033081625314635
0.09869262691503634,0.30348795397339084
0.09872382913663452,0.30348795397339084
0.0987550313582327,0.30348795397339084
0.0987706324690318,0.30348795397339084
0.09883303691222815,0.30348795397339084
0.09886423913382633,0.30348795397339084
0.09889544135542451,0.30348795397339084
0.09898904802021904,0.30348795397339084
0.09902025024181722,0.30348795397339084
0.09908265468501358,0.30348795397339084
0.0991762613498081,0.30348795397339084
0.09920746357140628,0.30348795397339084
0.09925426690380355,0.30348795397339084
0.09994071577896346,0.3043869111830277
0.09994071577896346,0.30456670262495505
0.09995631688976254,0.30456670262495505
0.09995631688976254,0.3047464940668824
0.09997191800056164,0.3047464940668824
0.10000312022215982,0.3047464940668824
0.10004992355455708,0.3047464940668824
0.10019033355174889,0.3047464940668824
0.10025273799494525,0.3049262855088098
0.1002995413273425,0.3049262855088098
0.1002995413273425,0.30510607695073716
0.1003151424381416,0.30510607695073716
0.1004399513245343,0.3054656598345919
0.1004555524353334,0.3054656598345919
0.10050235576773066,0.3054656598345919
0.10051795687852975,0.3054656598345919
0.10084558020531062,0.30600503416037395
0.1008611813161097,0.30600503416037395
0.10090798464850698,0.30600503416037395
0.10097038909170333,0.30600503416037395
0.10100159131330151,0.30600503416037395
0.10106399575649787,0.30600503416037395
0.10109519797809605,0.30600503416037395
0.1011420013104933,0.30600503416037395
0.1011420013104933,0.3063646170442287
0.10122000686448875,0.3063646170442287
0.10136041686168056,0.30654440848615605
0.10139161908327873,0.30654440848615605
0.101438422415676,0.30654440848615605
0.101438422415676,0.3067241999280834
0.10145402352647509,0.3067241999280834
0.10189085462884957,0.3074433656957929
0.10192205685044775,0.3074433656957929
0.10195325907204593,0.3074433656957929
0.10201566351524229,0.3074433656957929
0.10201566351524229,0.30762315713772026
0.10204686573684046,0.30762315713772026
0.10204686573684046,0.30780294857964763
0.10210927018003682,0.30780294857964763
0.10215607351243408,0.30780294857964763
0.10215607351243408,0.307982740021575
0.10217167462323318,0.307982740021575
0.10221847795563044,0.307982740021575
0.10221847795563044,0.3083423229054297
0.10226528128802771,0.3083423229054297
0.10229648350962589,0.3083423229054297
0.10243689350681769,0.3083423229054297
0.1029673312739867,0.30852211434735705
0.10304533682798216,0.30852211434735705
0.10304533682798216,0.3087019057892844
0.10309214016037942,0.3087019057892844
0.10309214016037942,0.3088816972312118
0.10317014571437487,0.3088816972312118
0.10320134793597305,0.3088816972312118
0.10321694904677213,0.3088816972312118
0.10324815126837031,0.3088816972312118
0.10332615682236575,0.3088816972312118
0.10335735904396393,0.3088816972312118
0.10346656681955756,0.3088816972312118
0.10346656681955756,0.3092412801150665
0.103544572373553,0.3092412801150665
0.10359137570595027,0.3092412801150665
0.10360697681674935,0.3092412801150665
0.10362257792754845,0.3094210715569939
0.10365378014914661,0.3094210715569939
0.10370058348154389,0.3094210715569939
0.10371618459234297,0.30960086299892126
0.1038097912571375,0.30960086299892126
0.10385659458953478,0.30960086299892126
0.10391899903273114,0.309960445882776
0.10395020125432931,0.309960445882776
0.10399700458672657,0.309960445882776
0.10402820680832475,0.31014023732470336
0.10405940902992293,0.31014023732470336
0.10407501014072201,0.31014023732470336
0.10409061125152111,0.31032002876663073
0.10412181347311929,0.31032002876663073
0.10412181347311929,0.3104998202085581
0.10413741458391837,0.3104998202085581
0.10416861680551655,0.3104998202085581
0.10418421791631564,0.3104998202085581
0.1042310212487129,0.3106796116504854
0.10437143124590471,0.3106796116504854
0.10446503791069923,0.3106796116504854
0.10446503791069923,0.3108594030924128
0.10449624013229741,0.3108594030924128
0.10452744235389559,0.3108594030924128
0.10454304346469469,0.3108594030924128
0.10457424568629287,0.3108594030924128
0.10460544790789104,0.3108594030924128
0.10462104901869013,0.31103919453434015
0.10463665012948922,0.31103919453434015
0.10463665012948922,0.3113987774181949
0.10469905457268558,0.3113987774181949
0.10469905457268558,0.31157856886012225
0.10476145901588194,0.31157856886012225
0.1048082623482792,0.31157856886012225
0.10485506568067647,0.31157856886012225
0.10488626790227464,0.31157856886012225
0.10494867234547099,0.31157856886012225
0.10499547567786827,0.31157856886012225
0.10502667789946644,0.31157856886012225
0.10502667789946644,0.311938151743977
0.10504227901026553,0.311938151743977
0.1050734812318637,0.31211794318590436
0.10513588567506006,0.31211794318590436
0.10513588567506006,0.3122977346278317
0.10515148678585916,0.3122977346278317
0.10521389122905551,0.3122977346278317
0.10526069456145278,0.3122977346278317
0.10526069456145278,0.3124775260697591
0.10530749789385004,0.3124775260697591
0.10532309900464913,0.31265731751168646
0.10533870011544821,0.31265731751168646
0.10533870011544821,0.31283710895361383
0.10536990233704639,0.31283710895361383
0.10543230678024275,0.31283710895361383
0.10546350900184093,0.31283710895361383
0.10546350900184093,0.3130169003955412
0.1054947112234391,0.3130169003955412
0.1055103123342382,0.3131966918374685
0.10557271677743456,0.3131966918374685
0.10557271677743456,0.3133764832793959
0.10561952010983182,0.3133764832793959
0.1056663234422291,0.3133764832793959
0.10568192455302818,0.3133764832793959
0.10568192455302818,0.31355627472132325
0.10569752566382727,0.3137360661632506
0.10571312677462635,0.3137360661632506
0.10574432899622453,0.3137360661632506
0.10577553121782271,0.3137360661632506
0.10579113232862179,0.313915857605178
0.10582233455021997,0.313915857605178
0.10583793566101907,0.313915857605178
0.10586913788261725,0.313915857605178
0.10590034010421542,0.313915857605178
0.10594714343661268,0.313915857605178
0.10599394676900996,0.313915857605178
0.10602514899060814,0.31409564904710535
0.10602514899060814,0.3142754404890327
0.1060875534338045,0.3142754404890327
0.1060875534338045,0.3144552319309601
0.10621236232019719,0.3144552319309601
0.10621236232019719,0.3148148148148148
0.10622796343099629,0.3148148148148148
0.10625916565259447,0.3149946062567422
0.1063371712065899,0.3149946062567422
0.1063371712065899,0.31535418914059693
0.10636837342818808,0.31535418914059693
0.10639957564978626,0.31535418914059693
0.10646198009298262,0.31535418914059693
0.1064931823145808,0.31535418914059693
0.1065087834253799,0.31535418914059693
0.1065087834253799,0.3155339805825243
0.10652438453617898,0.3157137720244516
0.10655558675777715,0.3157137720244516
0.10661799120097351,0.3157137720244516
0.10661799120097351,0.315893563466379
0.10664919342257169,0.315893563466379
0.10669599675496895,0.315893563466379
0.10672719897656713,0.315893563466379
0.10683640675216076,0.31607335490830635
0.10686760897375894,0.3162531463502337
0.10686760897375894,0.3164329377921611
0.10688321008455802,0.3164329377921611
0.1069300134169553,0.3167925206760158
0.10694561452775438,0.3167925206760158
0.10699241786015164,0.3167925206760158
0.10702362008174982,0.3167925206760158
0.10702362008174982,0.3169723121179432
0.107054822303348,0.3169723121179432
0.10708602452494617,0.3169723121179432
0.10716403007894162,0.3173318950017979
0.10721083341133889,0.3173318950017979
0.10724203563293706,0.3173318950017979
0.10727323785453524,0.3173318950017979
0.10730444007613342,0.3173318950017979
0.10730444007613342,0.3175116864437253
0.1073356422977316,0.3175116864437253
0.10736684451932978,0.3175116864437253
0.10736684451932978,0.31769147788565266
0.10746045118412431,0.31769147788565266
0.10752285562732067,0.31769147788565266
0.10756965895971793,0.31769147788565266
0.10760086118131611,0.31769147788565266
0.10764766451371338,0.31769147788565266
0.10767886673531156,0.31769147788565266
0.10778807451090518,0.31769147788565266
0.10778807451090518,0.31787126932758003
0.10780367562170426,0.31787126932758003
0.10780367562170426,0.3180510607695074
0.10783487784330244,0.3180510607695074
0.10786608006490062,0.3180510607695074
0.1078972822864988,0.3180510607695074
0.10808449561608786,0.3182308522114347
0.10811569783768604,0.3182308522114347
0.10816250117008332,0.3182308522114347
0.1081781022808824,0.3182308522114347
0.10820930450248058,0.3184106436533621
0.10824050672407876,0.3184106436533621
0.10833411338887329,0.3184106436533621
0.10836531561047147,0.3184106436533621
0.10839651783206965,0.3184106436533621
0.10842772005366783,0.3187702265372168
0.10844332116446691,0.3187702265372168
0.10847452338606509,0.3187702265372168
0.10849012449686418,0.3187702265372168
0.10852132671846236,0.3187702265372168
0.10858373116165872,0.3187702265372168
0.10861493338325688,0.3189500179791442
0.10866173671565416,0.3189500179791442
0.10867733782645324,0.31912980942107155
0.10870854004805142,0.31912980942107155
0.1087397422696496,0.31912980942107155
0.10877094449124777,0.31912980942107155
0.10877094449124777,0.3193096008629989
0.10880214671284595,0.3193096008629989
0.10883334893444413,0.3193096008629989
0.10884895004524323,0.3193096008629989
0.1088801522668414,0.3193096008629989
0.1088801522668414,0.3194893923049263
0.10895815782083684,0.3194893923049263
0.1090049611532341,0.3194893923049263
0.1090205622640332,0.3194893923049263
0.10905176448563138,0.3194893923049263
0.10912977003962682,0.3194893923049263
0.10917657337202409,0.3194893923049263
0.10917657337202409,0.319848975188781
0.10919217448282317,0.319848975188781
0.10919217448282317,0.3200287666307084
0.10923897781522045,0.3200287666307084
0.1093013822584168,0.3200287666307084
0.10939498892321134,0.3200287666307084
0.1094261911448095,0.3200287666307084
0.10947299447720678,0.3200287666307084
0.10950419669880496,0.3200287666307084
0.10953539892040313,0.3200287666307084
0.10953539892040313,0.32038834951456313
0.10956660114200131,0.32038834951456313
0.10959780336359949,0.32038834951456313
0.10964460669599675,0.32038834951456313
0.10967580891759493,0.32038834951456313
0.10978501669318856,0.32038834951456313
0.10978501669318856,0.32056814095649044
0.10981621891478674,0.32056814095649044
0.109863022247184,0.32056814095649044
0.10989422446878218,0.32056814095649044
0.10992542669038036,0.32056814095649044
0.10998783113357671,0.32056814095649044
0.11005023557677307,0.32056814095649044
0.11009703890917033,0.32056814095649044
0.11012824113076851,0.32056814095649044
0.1101438422415676,0.32056814095649044
0.11015944335236669,0.3207479323984178
0.11017504446316578,0.3207479323984178
0.11020624668476396,0.3207479323984178
0.11022184779556304,0.3207479323984178
0.11025305001716122,0.3207479323984178
0.11033105557115666,0.3207479323984178
0.11033105557115666,0.3209277238403452
0.11048706667914755,0.3209277238403452
0.11048706667914755,0.32110751528227255
0.11050266778994665,0.32110751528227255
0.11053387001154483,0.32110751528227255
0.11053387001154483,0.3212873067241999
0.11061187556554027,0.3212873067241999
0.11064307778713844,0.3212873067241999
0.11065867889793753,0.3212873067241999
0.1106898811195357,0.3212873067241999
0.11076788667353116,0.3214670981661273
0.11081469000592842,0.3214670981661273
0.1108458922275266,0.3214670981661273
0.1108458922275266,0.32164688960805465
0.11086149333832569,0.32164688960805465
0.11090829667072295,0.321826681049982
0.11093949889232113,0.321826681049982
0.1109863022247184,0.321826681049982
0.11101750444631658,0.321826681049982
0.11106430777871384,0.321826681049982
0.1111267122219102,0.321826681049982
0.11131392555149927,0.321826681049982
0.11132952666229835,0.321826681049982
0.11136072888389653,0.321826681049982
0.11137632999469563,0.321826681049982
0.11139193110549471,0.3220064724919094
0.11142313332709289,0.3220064724919094
0.11142313332709289,0.32218626393383676
0.11148553777028924,0.32218626393383676
0.1115479422134856,0.32218626393383676
0.11157914443508378,0.32218626393383676
0.11161034665668196,0.32218626393383676
0.11162594776748104,0.3223660553757641
0.11164154887828014,0.3223660553757641
0.11164154887828014,0.3225458468176915
0.11165714998907922,0.3225458468176915
0.11165714998907922,0.32272563825961886
0.11173515554307467,0.32272563825961886
0.11176635776467285,0.32272563825961886
0.11179755998627103,0.32272563825961886
0.11184436331866829,0.32272563825961886
0.11187556554026647,0.32272563825961886
0.11189116665106555,0.32272563825961886
0.11192236887266373,0.32272563825961886
0.11193796998346282,0.32272563825961886
0.111969172205061,0.32272563825961886
0.11198477331586008,0.32272563825961886
0.11198477331586008,0.32290542970154623
0.11201597553745826,0.32290542970154623
0.11201597553745826,0.32308522114347354
0.11209398109145371,0.3234448040273283
0.1121095822022528,0.3234448040273283
0.1121095822022528,0.32362459546925565
0.11215638553465007,0.32362459546925565
0.11218758775624825,0.32362459546925565
0.11223439108864551,0.3239841783531104
0.11228119442104278,0.3239841783531104
0.1123748010858373,0.3239841783531104
0.11240600330743548,0.3239841783531104
0.11245280663983276,0.3239841783531104
0.11249960997223002,0.3239841783531104
0.11249960997223002,0.32416396979503775
0.11256201441542638,0.3243437612369651
0.11265562108022091,0.3243437612369651
0.11270242441261819,0.3243437612369651
0.1127960310774127,0.3243437612369651
0.11282723329901088,0.3243437612369651
0.11284283440980998,0.3243437612369651
0.11290523885300634,0.3243437612369651
0.1129676432962027,0.3243437612369651
0.11303004773939905,0.3243437612369651
0.11304564885019813,0.3243437612369651
0.11304564885019813,0.3245235526788925
0.11307685107179631,0.3245235526788925
0.11310805329339449,0.3245235526788925
0.11310805329339449,0.32470334412081986
0.11313925551499267,0.32470334412081986
0.11317045773659085,0.3248831355627472
0.11320165995818902,0.3248831355627472
0.1132328621797872,0.3248831355627472
0.11332646884458174,0.3248831355627472
0.1133888732877781,0.3248831355627472
0.11351368217417081,0.3248831355627472
0.11351368217417081,0.32524271844660196
0.11352928328496989,0.32560230133045664
0.11360728883896533,0.32560230133045664
0.11360728883896533,0.325782092772384
0.1136384910605635,0.325782092772384
0.11371649661455896,0.325782092772384
0.11371649661455896,0.3259618842143114
0.11373209772535804,0.3259618842143114
0.11377890105775532,0.3259618842143114
0.11384130550095167,0.3259618842143114
0.11387250772254985,0.3259618842143114
0.11391931105494711,0.3259618842143114
0.11395051327654529,0.3259618842143114
0.11401291771974165,0.3259618842143114
0.11401291771974165,0.32614167565623875
0.11412212549533526,0.32614167565623875
0.11430933882492433,0.3263214670981661
0.11434054104652251,0.3263214670981661
0.11434054104652251,0.3265012585400935
0.11437174326812069,0.3265012585400935
0.11446534993291523,0.3270406328658756
0.11446534993291523,0.32722042430780296
0.11468376548410247,0.3275800071916577
0.11477737214889701,0.3275800071916577
0.11477737214889701,0.32775979863358506
0.11480857437049517,0.32775979863358506
0.11480857437049517,0.32811938151743975
0.11483977659209335,0.32811938151743975
0.11485537770289245,0.32811938151743975
0.11485537770289245,0.3282991729593671
0.11488657992449063,0.3282991729593671
0.11488657992449063,0.3284789644012945
0.11496458547848606,0.3284789644012945
0.11496458547848606,0.3288385472851492
0.1150581921432806,0.3288385472851492
0.11510499547567787,0.3288385472851492
0.11515179880807513,0.32919813016900396
0.1151986021404724,0.32919813016900396
0.11522980436207057,0.32919813016900396
0.11522980436207057,0.3293779216109313
0.11526100658366875,0.3293779216109313
0.1153390121376642,0.3293779216109313
0.1153390121376642,0.3295577130528587
0.11537021435926238,0.3295577130528587
0.11538581547006146,0.3295577130528587
0.11541701769165964,0.3295577130528587
0.11546382102405692,0.3295577130528587
0.1154950232456551,0.3295577130528587
0.11554182657805236,0.3295577130528587
0.11554182657805236,0.32991729593671343
0.11557302879965053,0.32991729593671343
0.11557302879965053,0.33027687882056816
0.11565103435364597,0.33027687882056816
0.11565103435364597,0.3304566702624955
0.11568223657524415,0.3304566702624955
0.11571343879684233,0.3304566702624955
0.11572903990764143,0.3304566702624955
0.11574464101844051,0.33063646170442285
0.11577584324003869,0.33063646170442285
0.11580704546163686,0.3308162531463502
0.11583824768323504,0.3308162531463502
0.11588505101563232,0.3308162531463502
0.1159006521264314,0.3308162531463502
0.1159006521264314,0.3309960445882776
0.11597865768042685,0.3309960445882776
0.11608786545602047,0.33117583603020495
0.11608786545602047,0.3313556274721323
0.11616587101001591,0.3313556274721323
0.11621267434241318,0.3313556274721323
0.11627507878560954,0.3313556274721323
0.11627507878560954,0.33171521035598706
0.11630628100720772,0.33171521035598706
0.11638428656120316,0.33171521035598706
0.11638428656120316,0.3318950017979144
0.11644669100439951,0.3318950017979144
0.11658710100159131,0.3318950017979144
0.11658710100159131,0.3320747932398418
0.1166027021123904,0.33225458468176916
0.11663390433398858,0.33225458468176916
0.11666510655558676,0.33225458468176916
0.11668070766638584,0.33225458468176916
0.11671190988798402,0.33225458468176916
0.1167431121095822,0.33225458468176916
0.11678991544197947,0.33225458468176916
0.11678991544197947,0.33243437612369653
0.11682111766357765,0.33243437612369653
0.11683671877437674,0.3326141675656239
0.11686792099597491,0.3326141675656239
0.11691472432837217,0.33279395900755127
0.11696152766076945,0.33279395900755127
0.11699272988236763,0.33279395900755127
0.11705513432556398,0.33279395900755127
0.11711753876876034,0.33279395900755127
0.11711753876876034,0.3329737504494786
0.11725794876595214,0.3329737504494786
0.11725794876595214,0.33315354189140595
0.11728915098755031,0.33315354189140595
0.11732035320914849,0.3333333333333333
0.11738275765234485,0.3333333333333333
0.11738275765234485,0.3338727076591154
0.11739835876314393,0.3338727076591154
0.11742956098474211,0.3338727076591154
0.11746076320634029,0.3338727076591154
0.11750756653873756,0.3338727076591154
0.1176011732035321,0.3338727076591154
0.11763237542513028,0.3338727076591154
0.11763237542513028,0.3340524991010428
0.11764797653592936,0.3340524991010428
0.11764797653592936,0.33423229054297016
0.11769477986832662,0.33423229054297016
0.11774158320072389,0.33423229054297016
0.11781958875471933,0.33423229054297016
0.11785079097631751,0.33423229054297016
0.11789759430871478,0.33423229054297016
0.11792879653031296,0.33423229054297016
0.11797559986271022,0.33423229054297016
0.1181472120815002,0.33423229054297016
0.11817841430309838,0.33423229054297016
0.11822521763549565,0.33423229054297016
0.11824081874629473,0.3344120819848975
0.11825641985709383,0.3344120819848975
0.11831882430029018,0.3344120819848975
0.11836562763268745,0.3344120819848975
0.1184280320758838,0.3344120819848975
0.11852163874067834,0.3345918734268249
0.11855284096227652,0.3345918734268249
0.1185840431838747,0.3345918734268249
0.11861524540547287,0.3345918734268249
0.11863084651627195,0.3345918734268249
0.11863084651627195,0.33477166486875226
0.11867764984866923,0.33477166486875226
0.11872445318106649,0.33477166486875226
0.11877125651346376,0.33477166486875226
0.11894286873225374,0.335131247752607
0.11895846984305282,0.335131247752607
0.11897407095385192,0.33531103919453437
0.118989672064651,0.33531103919453437
0.118989672064651,0.33567062207838905
0.11903647539704827,0.33567062207838905
0.11914568317264189,0.3358504135203164
0.11914568317264189,0.3360302049622438
0.11923928983743642,0.3360302049622438
0.11933289650223096,0.3363897878460985
0.11934849761303004,0.3363897878460985
0.11937969983462822,0.3363897878460985
0.11948890761022185,0.3363897878460985
0.11950450872102093,0.3363897878460985
0.11950450872102093,0.3365695792880259
0.11953571094261911,0.3365695792880259
0.11953571094261911,0.33674937072995326
0.11956691316421729,0.33674937072995326
0.11967612093981092,0.33674937072995326
0.11969172205061,0.33674937072995326
0.11972292427220818,0.3369291621718806
0.11978532871540454,0.3369291621718806
0.11981653093700272,0.337108953613808
0.11986333426939998,0.337108953613808
0.11986333426939998,0.33728874505573536
0.11989453649099815,0.33746853649766273
0.11992573871259633,0.33746853649766273
0.11994133982339543,0.3376483279395901
0.11997254204499361,0.3376483279395901
0.11997254204499361,0.33782811938151747
0.11998814315579269,0.33782811938151747
0.11998814315579269,0.3380079108234448
0.12005054759898905,0.3380079108234448
0.12008174982058722,0.33818770226537215
0.1201285531529845,0.33818770226537215
0.1201285531529845,0.3383674937072995
0.12015975537458266,0.3383674937072995
0.12019095759618084,0.3383674937072995
0.12031576648257356,0.3383674937072995
0.12036256981497083,0.3383674937072995
0.12039377203656901,0.3383674937072995
0.12042497425816719,0.3383674937072995
0.12042497425816719,0.3385472851492269
0.1205497831445599,0.3385472851492269
0.12218789977846423,0.34070478245235525
0.1222191020000624,0.34070478245235525
0.1222191020000624,0.34106436533621
0.12226590533245967,0.34106436533621
0.12231270866485694,0.34106436533621
0.12234391088645512,0.34106436533621
0.1223751131080533,0.34124415677813735
0.12240631532965147,0.34124415677813735
0.12240631532965147,0.3414239482200647
0.12245311866204873,0.3414239482200647
0.12246871977284783,0.3416037396619921
0.12246871977284783,0.34178353110391946
0.12249992199444601,0.34178353110391946
0.12249992199444601,0.3419633225458468
0.12257792754844145,0.3419633225458468
0.12260912977003963,0.3419633225458468
0.12260912977003963,0.3421431139877742
0.1226403319916378,0.3421431139877742
0.1226403319916378,0.34250269687162893
0.12267153421323598,0.34250269687162893
0.12267153421323598,0.3426824883135563
0.12270273643483416,0.3426824883135563
0.12273393865643234,0.3426824883135563
0.12273393865643234,0.3428622797554836
0.12274953976723142,0.3428622797554836
0.1227963430996287,0.3428622797554836
0.12292115198602141,0.3428622797554836
0.12303035976161503,0.3435814455231931
0.12304596087241411,0.3435814455231931
0.12307716309401229,0.3435814455231931
0.12309276420481138,0.3435814455231931
0.12310836531561047,0.34376123696512045
0.12313956753720864,0.34376123696512045
0.12313956753720864,0.3439410284070478
0.12607257636743735,0.3478964401294498
0.12608817747823645,0.3480762315713772
0.1261505819214328,0.3480762315713772
0.1261505819214328,0.34825602301330455
0.126181784143031,0.34825602301330455
0.126181784143031,0.3484358144552319
0.12621298636462916,0.3484358144552319
0.12632219414022278,0.3484358144552319
0.12638459858341913,0.3484358144552319
0.12638459858341913,0.3486156058971593
0.12641580080501733,0.3486156058971593
0.12647820524821368,0.3486156058971593
0.12650940746981185,0.34879539733908665
0.1265718119130082,0.34879539733908665
0.1266030141346064,0.34879539733908665
0.12661861524540546,0.34879539733908665
0.12661861524540546,0.348975188781014
0.12664981746700366,0.348975188781014
0.12668101968860182,0.348975188781014
0.12668101968860182,0.3491549802229414
0.12669662079940092,0.3491549802229414
0.1267278230209991,0.3491549802229414
0.12683703079659273,0.3491549802229414
0.12683703079659273,0.34933477166486876
0.12688383412899,0.34933477166486876
0.12691503635058815,0.34933477166486876
0.12693063746138725,0.34933477166486876
0.12694623857218634,0.34951456310679613
0.1269930419045836,0.34951456310679613
0.1270086430153827,0.34951456310679613
0.12724265967736903,0.34951456310679613
0.12732066523136448,0.34951456310679613
0.12732066523136448,0.3496943545487235
0.12733626634216355,0.3496943545487235
0.12736746856376174,0.3496943545487235
0.1274298730069581,0.3496943545487235
0.12746107522855626,0.3496943545487235
0.12749227745015446,0.3496943545487235
0.12753908078255172,0.34987414599065086
0.1275546818933508,0.34987414599065086
0.12758588411494898,0.34987414599065086
0.12764828855814533,0.34987414599065086
0.12796031077412712,0.35077310320028765
0.12817872632531435,0.3511326860841424
0.12822552965771164,0.3511326860841424
0.1282567318793098,0.3511326860841424
0.12831913632250616,0.3514922689679971
0.1283971418765016,0.3514922689679971
0.12845954631969797,0.3514922689679971
0.12847514743049704,0.3514922689679971
0.12850634965209523,0.3514922689679971
0.12874036631408156,0.35203164329377923
0.12874036631408156,0.3522114347357066
0.12875596742488066,0.3522114347357066
0.12877156853567975,0.35239122617763396
0.12884957408967518,0.35239122617763396
0.12888077631127337,0.35257101761956133
0.128989984086867,0.35257101761956133
0.128989984086867,0.35275080906148865
0.12900558519766608,0.35275080906148865
0.12900558519766608,0.352930600503416
0.12902118630846515,0.352930600503416
0.12905238853006334,0.352930600503416
0.12906798964086244,0.352930600503416
0.12922400074885332,0.3534699748291981
0.12930200630284877,0.3534699748291981
0.13157976847951575,0.3559870550161812
0.1316109707011139,0.3559870550161812
0.13167337514431027,0.3559870550161812
0.13176698180910482,0.3559870550161812
0.13182938625230117,0.3559870550161812
0.13200099847109115,0.3559870550161812
0.13201659958189024,0.3559870550161812
0.1320478018034884,0.3559870550161812
0.13211020624668476,0.3559870550161812
0.13225061624387657,0.35634663790003596
0.13225061624387657,0.3565264293419633
0.13229741957627383,0.3565264293419633
0.1323598240194702,0.3565264293419633
0.1323754251302693,0.3565264293419633
0.1324534306842647,0.3567062207838907
0.1324846329058629,0.3567062207838907
0.1324846329058629,0.35688601222581806
0.132500234016662,0.35688601222581806
0.132500234016662,0.3572455951096728
0.13254703734905926,0.3572455951096728
0.13257823957065742,0.3572455951096728
0.13260944179225562,0.3572455951096728
0.13264064401385378,0.3572455951096728
0.13267184623545197,0.3572455951096728
0.13345190177540642,0.3586839266450917
0.13354550844020094,0.3586839266450917
0.13354550844020094,0.35886371808701906
0.1336235139941964,0.35886371808701906
0.13370151954819184,0.35886371808701906
0.13370151954819184,0.3590435095289464
0.13373272176979,0.3590435095289464
0.13373272176979,0.3592233009708738
0.1337639239913882,0.3592233009708738
0.13382632843458453,0.3592233009708738
0.13387313176698182,0.3592233009708738
0.13387313176698182,0.35940309241280116
0.13388873287778089,0.35958288385472853
0.13395113732097724,0.35958288385472853
0.13395113732097724,0.3597626752966559
0.13396673843177634,0.3597626752966559
0.13396673843177634,0.36012225818051063
0.13398233954257543,0.36012225818051063
0.13426315953695903,0.3604818410643653
0.13427876064775812,0.3604818410643653
0.13427876064775812,0.3606616325062927
0.13435676620175357,0.3606616325062927
0.13435676620175357,0.36084142394822005
0.13438796842335174,0.36084142394822005
0.13440356953415084,0.3610212153901474
0.134434771755749,0.3610212153901474
0.13449717619894536,0.3610212153901474
0.13451277730974445,0.3610212153901474
0.1345595806421417,0.36138079827400216
0.1345751817529408,0.36138079827400216
0.13463758619613717,0.3615605897159295
0.13466878841773533,0.3615605897159295
0.13466878841773533,0.3617403811578569
0.13471559175013262,0.3617403811578569
0.1347311928609317,0.3617403811578569
0.1347311928609317,0.36192017259978426
0.13476239508252988,0.36192017259978426
0.13477799619332897,0.36209996404171163
0.13605728727885424,0.3635382955771305
0.1361352928328497,0.3635382955771305
0.1361508939436488,0.3635382955771305
0.13622889949764425,0.3635382955771305
0.13622889949764425,0.3637180870190579
0.1362757028300415,0.3637180870190579
0.13630690505163967,0.3637180870190579
0.13632250616243877,0.3637180870190579
0.13632250616243877,0.36389787846098526
0.13636930949483603,0.36389787846098526
0.13640051171643422,0.36389787846098526
0.13644731504883148,0.3640776699029126
0.13646291615963058,0.3640776699029126
0.13646291615963058,0.36425746134484
0.13647851727042964,0.36425746134484
0.13660332615682236,0.36425746134484
0.13661892726762145,0.36425746134484
0.1366969328216169,0.36443725278676736
0.13674373615401417,0.36443725278676736
0.13677493837561233,0.36461704422869473
0.13682174170800962,0.36461704422869473
0.13685294392960778,0.36461704422869473
0.13691534837280414,0.36461704422869473
0.13693094948360324,0.3647968356706221
0.13718056725638866,0.36497662711254947
0.13721176947798683,0.36497662711254947
0.13724297169958502,0.36497662711254947
0.1372585728103841,0.36497662711254947
0.1372585728103841,0.3651564185544768
0.13730537614278138,0.3651564185544768
0.13730537614278138,0.36533620999640415
0.1373833816967768,0.36533620999640415
0.137414583918375,0.36533620999640415
0.13746138725077225,0.36533620999640415
0.13750819058316952,0.3655160014383315
0.13757059502636587,0.3655160014383315
0.13760179724796406,0.3655160014383315
0.13761739835876313,0.3655160014383315
0.13786701613154856,0.3656957928802589
0.1379606227963431,0.3656957928802589
0.13799182501794127,0.3660553757641136
0.13802302723953946,0.3660553757641136
0.1385222627851103,0.3673139158576052
0.13856906611750758,0.3673139158576052
0.13858466722830665,0.36749370729953257
0.13858466722830665,0.36785329018338725
0.13860026833910574,0.36785329018338725
0.1386626727823021,0.36785329018338725
0.1386626727823021,0.3680330816253146
0.1386938750039003,0.3680330816253146
0.13883428500109207,0.3680330816253146
0.13886548722269026,0.3680330816253146
0.13889668944428843,0.3680330816253146
0.1389434927766857,0.3680330816253146
0.13905270055227933,0.3680330816253146
0.1390683016630784,0.3680330816253146
0.1390839027738775,0.368212873067242
0.13914630721707386,0.368212873067242
0.13914630721707386,0.36839266450916935
0.13927111610346657,0.36839266450916935
0.13930231832506473,0.36839266450916935
0.1393647227682611,0.36839266450916935
0.1394895316546538,0.3685724559510967
0.1395363349870511,0.3685724559510967
0.13959873943024742,0.3685724559510967
0.13961434054104652,0.3685724559510967
0.13966114387344378,0.3685724559510967
0.13967674498424287,0.3685724559510967
0.13975475053823833,0.3685724559510967
0.1397859527598365,0.3685724559510967
0.1398015538706356,0.3687522473930241
0.13981715498143468,0.3687522473930241
0.13984835720303285,0.3687522473930241
0.13989516053543014,0.3687522473930241
0.1399263627570283,0.3687522473930241
0.1399575649786265,0.3687522473930241
0.14000436831102375,0.3687522473930241
0.14001996942182282,0.3687522473930241
0.14001996942182282,0.3691118302768788
0.14009797497581827,0.3691118302768788
0.14016037941901463,0.3691118302768788
0.14016037941901463,0.36947141316073356
0.14023838497301008,0.36947141316073356
0.14025398608380918,0.36965120460266093
0.14026958719460825,0.36965120460266093
0.14031639052700554,0.3698309960445883
0.14142406939374083,0.3705501618122977
0.14143967050453993,0.3705501618122977
0.14143967050453993,0.3707299532542251
0.14154887828013354,0.3707299532542251
0.1415956816125308,0.3707299532542251
0.1415956816125308,0.3710895361380798
0.1417516927205217,0.3712693275800072
0.1417516927205217,0.37144911902193456
0.14860058036132173,0.378101402373247
0.1486317825829199,0.378101402373247
0.14867858591531716,0.3782811938151744
0.14870978813691535,0.3782811938151744
0.14872538924771445,0.3782811938151744
0.14872538924771445,0.37846098525710176
0.1487565914693126,0.37846098525710176
0.14880339480170987,0.37846098525710176
0.14885019813410716,0.37846098525710176
0.14955224812006615,0.3786407766990291
0.14956784923086525,0.3788205681409565
0.14958345034166431,0.3788205681409565
0.1496302536740616,0.37918015102481123
0.14966145589565977,0.37918015102481123
0.149879871446847,0.37918015102481123
0.14994227589004336,0.37918015102481123
0.15006708477643607,0.37918015102481123
0.15009828699803426,0.37918015102481123
0.15009828699803426,0.3793599424667386
0.15011388810883336,0.3793599424667386
0.15012948921963243,0.37953973390866597
0.15012948921963243,0.37971952535059333
0.15014509033043152,0.37971952535059333
0.1503323036600206,0.37971952535059333
0.15037910699241785,0.37971952535059333
0.1504415114356142,0.37971952535059333
0.15055071921120783,0.37971952535059333
0.15058192143280602,0.37971952535059333
0.15061312365440419,0.37971952535059333
0.15067552809760054,0.37971952535059333
0.15067552809760054,0.3798993167925207
0.1507223314299978,0.3798993167925207
0.150753533651596,0.3798993167925207
0.15078473587319416,0.3798993167925207
0.15081593809479235,0.3798993167925207
0.1508939436487878,0.3798993167925207
0.15098755031358232,0.380079108234448
0.15101875253518052,0.380079108234448
0.15103435364597959,0.380079108234448
0.15106555586757778,0.380079108234448
0.15109675808917594,0.380079108234448
0.15109675808917594,0.3802588996763754
0.15111235919997504,0.3802588996763754
0.1511591625323723,0.3802588996763754
0.1511591625323723,0.38043869111830275
0.15122156697556866,0.3806184825602301
0.15148678585915318,0.3807982740021575
0.15150238696995227,0.3807982740021575
0.1515647914131486,0.3807982740021575
0.1515959936347468,0.3807982740021575
0.15162719585634496,0.3807982740021575
0.15175200474273767,0.38097806544408486
0.15178320696433587,0.38097806544408486
0.15187681362913039,0.38097806544408486
0.15190801585072858,0.38097806544408486
0.15195481918312584,0.38097806544408486
0.15197042029392493,0.38097806544408486
0.1520016225155231,0.3811578568860122
0.1520328247371213,0.3811578568860122
0.15209522918031765,0.3811578568860122
0.1521264314019158,0.3811578568860122
0.1521420325127149,0.3811578568860122
0.1521420325127149,0.3813376483279396
0.15217323473431307,0.3813376483279396
0.15223563917750943,0.3813376483279396
0.15226684139910762,0.3813376483279396
0.15231364473150488,0.3813376483279396
0.15232924584230398,0.3813376483279396
0.15232924584230398,0.38151743976986696
0.15234484695310307,0.38169723121179433
0.15234484695310307,0.3818770226537217
0.15236044806390214,0.38223660553757643
0.15239165028550034,0.38223660553757643
0.1524228525070985,0.38223660553757643
0.15248525695029486,0.3827759798633585
0.15251645917189305,0.3827759798633585
0.15273487472308028,0.3827759798633585
0.1528284813878748,0.3827759798633585
0.152859683609473,0.3827759798633585
0.1528752847202721,0.3827759798633585
0.1528752847202721,0.38295577130528585
0.15290648694187026,0.38295577130528585
0.15290648694187026,0.3831355627472132
0.1529688913850666,0.3831355627472132
0.1529688913850666,0.3833153541891406
0.15301569471746387,0.3833153541891406
0.15304689693906207,0.3833153541891406
0.15306249804986116,0.3833153541891406
0.15309370027145933,0.3833153541891406
0.15312490249305752,0.3833153541891406
0.15315610471465568,0.3833153541891406
0.15317170582545478,0.3833153541891406
0.15323411026865114,0.3833153541891406
0.1532965147118475,0.3833153541891406
0.15331211582264656,0.38349514563106796
0.15335891915504385,0.38349514563106796
0.1534057224874411,0.38349514563106796
0.15345252581983837,0.38349514563106796
0.15348372804143656,0.38349514563106796
0.15354613248463292,0.3836749370729953
0.1536709413710256,0.3836749370729953
0.1536709413710256,0.3838547285149227
0.1537021435926238,0.3838547285149227
0.15374894692502106,0.38403451995685006
0.1538113513682174,0.38403451995685006
0.15459140690817186,0.38475368572455954
0.15460700801897095,0.38475368572455954
0.15465381135136821,0.38475368572455954
0.1546850135729664,0.38475368572455954
0.1546850135729664,0.38493347716648685
0.15471621579456457,0.38493347716648685
0.15479422134856002,0.38493347716648685
0.15519985022933633,0.3852930600503416
0.15526225467253268,0.3852930600503416
0.15534026022652814,0.3852930600503416
0.1553870635589254,0.3852930600503416
0.1553870635589254,0.3856526429341963
0.15546506911292085,0.3856526429341963
0.1555118724453181,0.38601222581805106
0.1555118724453181,0.3861920172599784
0.15557427688851447,0.3861920172599784
0.15558987799931356,0.3863718087019058
0.15562108022091173,0.3863718087019058
0.15569908577490718,0.3863718087019058
0.15571468688570625,0.38655160014383316
0.15574588910730444,0.38655160014383316
0.15574588910730444,0.38673139158576053
0.1557926924397017,0.38673139158576053
0.15583949577209896,0.3869111830276879
0.15585509688289806,0.3869111830276879
0.15587069799369715,0.38709097446961527
0.15588629910449625,0.38709097446961527
0.15591750132609442,0.38709097446961527
0.1559487035476926,0.38709097446961527
0.15599550688008987,0.38709097446961527
0.15612031576648258,0.38709097446961527
0.15616711909887984,0.38709097446961527
0.1562295235420762,0.38709097446961527
0.15627632687447346,0.38709097446961527
0.15629192798527256,0.38727076591154264
0.15632313020687072,0.38727076591154264
0.1563543324284689,0.38727076591154264
0.15641673687166527,0.38727076591154264
0.15647914131486163,0.38727076591154264
0.1565103435364598,0.38727076591154264
0.15655714686885705,0.38727076591154264
0.15658834909045524,0.38727076591154264
0.1566351524228525,0.38727076591154264
0.15668195575524976,0.38727076591154264
0.1573684046304097,0.3878101402373247
0.1574620112952042,0.38798993167925205
0.1574776124060033,0.38798993167925205
0.15757121907079785,0.3883495145631068
0.16066023900901744,0.39302409205321825
0.16067584011981653,0.39302409205321825
0.16078504789541015,0.39302409205321825
0.16081625011700834,0.39302409205321825
0.1608786545602047,0.39302409205321825
0.16090985678180286,0.39302409205321825
0.16094105900340105,0.39302409205321825
0.16097226122499922,0.39302409205321825
0.16098786233579832,0.39302409205321825
0.16098786233579832,0.3932038834951456
0.1610034634465974,0.3932038834951456
0.1610034634465974,0.393383674937073
0.1611282723329901,0.393383674937073
0.1611438734437892,0.39356346637900036
0.16117507566538739,0.39356346637900036
0.1618459234297482,0.3948220064724919
0.16186152454054728,0.3948220064724919
0.16186152454054728,0.39500179791441925
0.16189272676214547,0.39500179791441925
0.16189272676214547,0.3951815893563466
0.16190832787294454,0.3951815893563466
0.16190832787294454,0.395361380798274
0.16193953009454273,0.395361380798274
0.1620019345377391,0.39554117224020136
0.16207994009173454,0.39554117224020136
0.16243876564011359,0.39626033800791083
0.16248556897251085,0.39626033800791083
0.16248556897251085,0.3964401294498382
0.162516771194109,0.3964401294498382
0.162516771194109,0.39661992089176556
0.1625479734157072,0.39661992089176556
0.1625635745265063,0.39661992089176556
0.1628287934100908,0.39661992089176556
0.1628443945208899,0.39679971233369293
0.16287559674248805,0.39679971233369293
0.16292240007488534,0.39679971233369293
0.1629536022964835,0.39679971233369293
0.1632812256232644,0.3976986695433297
0.16331242784486255,0.3976986695433297
0.16331242784486255,0.3978784609852571
0.1633748322880589,0.3978784609852571
0.163390433398858,0.39805825242718446
0.163390433398858,0.3982380438691118
0.16345283784205436,0.3982380438691118
0.16348404006365252,0.3982380438691118
0.16348404006365252,0.3984178353110392
0.16357764672844707,0.3984178353110392
0.16357764672844707,0.39859762675296656
0.16359324783924614,0.39859762675296656
0.16362445006084433,0.39859762675296656
0.16364005117164343,0.39859762675296656
0.16364005117164343,0.39877741819489393
0.1637024556148398,0.39877741819489393
0.1646697244843833,0.3998561668464581
0.16471652781678056,0.3998561668464581
0.16477893225997692,0.40003595828838545
0.16481013448157508,0.40003595828838545
0.16485693781397234,0.40003595828838545
0.16488814003557054,0.4003955411722402
0.1649193422571687,0.4003955411722402
0.1649193422571687,0.40057533261416756
0.1649349433679678,0.40057533261416756
0.1649349433679678,0.4007551240560949
0.16499734781116415,0.4007551240560949
0.16499734781116415,0.4009349154980223
0.16501294892196325,0.4009349154980223
0.1650441511435614,0.4009349154980223
0.1650597522543605,0.40111470693994966
0.16510655558675777,0.40111470693994966
0.16510655558675777,0.40129449838187703
0.16513775780835596,0.40129449838187703
0.16515335891915503,0.40129449838187703
0.16515335891915503,0.4014742898238044
0.16520016225155232,0.4014742898238044
0.16520016225155232,0.40165408126573177
0.16540297669194046,0.4023732470334412
0.16540297669194046,0.40255303847536855
0.1654653811351368,0.40255303847536855
0.1655121844675341,0.40255303847536855
0.1655121844675341,0.4027328299172959
0.16552778557833317,0.4027328299172959
0.16552778557833317,0.4029126213592233
0.16555898779993136,0.4029126213592233
0.16560579113232862,0.4029126213592233
0.16566819557552498,0.4029126213592233
0.16569939779712314,0.4029126213592233
0.16571499890792224,0.4029126213592233
0.1657618022403195,0.40309241280115066
0.1657930044619177,0.403272204243078
0.1658086055727168,0.403272204243078
0.16583980779431495,0.403272204243078
0.1659022122375113,0.403272204243078
0.16596461668070767,0.403272204243078
0.16601142001310493,0.403272204243078
0.16604262223470312,0.403272204243078
0.16607382445630128,0.403272204243078
0.16613622889949764,0.403272204243078
0.16626103778589035,0.4045307443365696
0.16627663889668945,0.4045307443365696
0.1663078411182876,0.4045307443365696
0.1663546444506849,0.4045307443365696
0.16637024556148397,0.4045307443365696
0.16638584667228307,0.4047105357784969
0.16654185778027394,0.4048903272204243
0.16658866111267123,0.4048903272204243
0.167072295547443,0.40560949298813376
0.1671815033230366,0.40560949298813376
0.16727510998783113,0.4057892844300611
0.16733751443102748,0.4057892844300611
0.16735311554182658,0.4057892844300611
0.16738431776342474,0.4057892844300611
0.16739991887422384,0.4057892844300611
0.16780554775500015,0.40614886731391586
0.16782114886579924,0.40614886731391586
0.16797715997379015,0.40614886731391586
0.16799276108458921,0.40614886731391586
0.16799276108458921,0.40632865875584323
0.1680239633061874,0.40632865875584323
0.16805516552778557,0.40632865875584323
0.16808636774938376,0.40632865875584323
0.16808636774938376,0.40668824163969797
0.16808636774938376,0.40686803308162534
0.16819557552497738,0.40686803308162534
0.16822677774657555,0.4070478245235527
0.1683359855221692,0.4070478245235527
0.1683359855221692,0.4074074074074074
0.16835158663296826,0.4074074074074074
0.16846079440856188,0.40758719884933475
0.16849199663016007,0.40758719884933475
0.16853879996255733,0.40758719884933475
0.16857000218415552,0.40758719884933475
0.1685856032949546,0.40758719884933475
0.1685856032949546,0.4077669902912621
0.16861680551655278,0.4077669902912621
0.16867920995974914,0.4077669902912621
0.16867920995974914,0.4079467817331895
0.16869481107054823,0.4079467817331895
0.1687260132921464,0.4079467817331895
0.1687416144029455,0.4079467817331895
0.16883522106774002,0.4079467817331895
0.16892882773253456,0.4079467817331895
0.16892882773253456,0.40812657317511686
0.16897563106493182,0.40812657317511686
0.16910043995132454,0.4084861560589716
0.1692720521701145,0.40866594750089896
0.16930325439171268,0.40866594750089896
0.16931885550251177,0.40884573894282633
0.16933445661331087,0.40884573894282633
0.16933445661331087,0.4090255303847537
0.16936565883490903,0.4090255303847537
0.16941246216730632,0.4090255303847537
0.16947486661050268,0.4090255303847537
0.16952166994289994,0.4090255303847537
0.16952166994289994,0.40920532182668107
0.1695528721644981,0.40938511326860844
0.1695840743860963,0.40938511326860844
0.16963087771849356,0.40938511326860844
0.16966207994009175,0.40938511326860844
0.1696932821616899,0.40938511326860844
0.1696932821616899,0.4095649047105358
0.16972448438328808,0.4095649047105358
0.16974008549408717,0.4097446961524631
0.16978688882648443,0.4097446961524631
0.17062934880963523,0.41064365336209996
0.1707073543636307,0.41064365336209996
0.1708165621392243,0.41064365336209996
0.1708477643608225,0.41064365336209996
0.17091016880401885,0.41064365336209996
0.17092576991481795,0.41064365336209996
0.17106617991200973,0.4108234448040273
0.17109738213360792,0.4108234448040273
0.17115978657680428,0.4108234448040273
0.17134699990639332,0.4110032362459547
0.17136260101719242,0.4110032362459547
0.17144060657118787,0.41136281912980943
0.17148740990358513,0.41136281912980943
0.17148740990358513,0.4115426105717368
0.17151861212518332,0.4115426105717368
0.1715342132359824,0.41172240201366417
0.1715498143467815,0.41172240201366417
0.17161221878997784,0.41172240201366417
0.17164342101157604,0.41172240201366417
0.17186183656276327,0.41172240201366417
0.17204904989235234,0.41172240201366417
0.17204904989235234,0.41190219345559154
0.1720802521139505,0.41190219345559154
0.17240787544073138,0.4122617763394462
0.17243907766232955,0.4122617763394462
0.1725326843271241,0.4122617763394462
0.17268869543511497,0.4122617763394462
0.17282910543230678,0.4122617763394462
0.1729539143186995,0.4122617763394462
0.17304752098349402,0.4122617763394462
0.1730787232050922,0.4122617763394462
0.17310992542669038,0.4122617763394462
0.17315672875908764,0.4122617763394462
0.17317232986988673,0.4122617763394462
0.1732347343130831,0.4122617763394462
0.17332834097787764,0.4122617763394462
0.173390745421074,0.4122617763394462
0.17340634653187306,0.4122617763394462
0.17340634653187306,0.4124415677813736
0.17343754875347125,0.4124415677813736
0.17351555430746668,0.4124415677813736
0.17354675652906487,0.4124415677813736
0.17360916097226123,0.4124415677813736
0.1736403631938594,0.4124415677813736
0.17374957096945304,0.4124415677813736
0.17382757652344846,0.4124415677813736
0.17384317763424756,0.4124415677813736
0.17387437985584572,0.4124415677813736
0.17387437985584572,0.41262135922330095
0.17390558207744392,0.41262135922330095
0.17396798652064027,0.4128011506652283
0.17398358763143937,0.4128011506652283
0.17398358763143937,0.4129809421071557
0.17399918874223844,0.4129809421071557
0.17403039096383663,0.4129809421071557
0.17442041873381384,0.41370010787486516
0.17446722206621113,0.41370010787486516
0.17451402539860839,0.41370010787486516
0.17452962650940748,0.41370010787486516
0.17457642984180474,0.41370010787486516
0.1746076320634029,0.41370010787486516
0.17467003650659926,0.41370010787486516
0.17470123872819746,0.41370010787486516
0.17470123872819746,0.41387989931679253
0.17471683983899652,0.41387989931679253
0.17474804206059472,0.41387989931679253
0.1747636431713938,0.41387989931679253
0.17482604761459017,0.41387989931679253
0.17530968204936193,0.41513843941028405
0.175325283160161,0.41513843941028405
0.1753564853817592,0.41513843941028405
0.17782146088801523,0.41711614527148505
0.17783706199881433,0.41711614527148505
0.17783706199881433,0.4172959367134124
0.1778526631096134,0.4172959367134124
0.1778526631096134,0.4174757281553398
0.1778682642204125,0.4174757281553398
0.17793066866360885,0.4174757281553398
0.177961870885207,0.4174757281553398
0.177961870885207,0.41765551959726716
0.17802427532840337,0.41765551959726716
0.17811788199319792,0.41765551959726716
0.17811788199319792,0.4178353110391945
0.17822708976879154,0.4178353110391945
0.17825829199038973,0.4178353110391945
0.1782738931011888,0.4178353110391945
0.178305095322787,0.4178353110391945
0.17832069643358608,0.4178353110391945
0.178835533089956,0.418554476806904
0.1788511342007551,0.418554476806904
0.17889793753315236,0.418554476806904
0.17894474086554962,0.418554476806904
0.17897594308714782,0.418554476806904
0.17899154419794688,0.418554476806904
0.17902274641954508,0.418554476806904
0.17906954975194234,0.418554476806904
0.18059845861025306,0.4203523912261776
0.18062966083185122,0.4203523912261776
0.18064526194265032,0.4203523912261776
0.18067646416424848,0.4203523912261776
0.18073886860744484,0.4203523912261776
0.18078567193984213,0.4203523912261776
0.18078567193984213,0.420532182668105
0.18086367749383755,0.420532182668105
0.18089487971543575,0.42071197411003236
0.18091048082623482,0.42071197411003236
0.18091048082623482,0.42089176555195973
0.1809260819370339,0.42089176555195973
0.18097288526943117,0.42089176555195973
0.18097288526943117,0.4210715569938871
0.18112889637742208,0.4210715569938871
0.18119130082061843,0.4210715569938871
0.18119130082061843,0.42125134843581447
0.18120690193141753,0.42143113987774183
0.1812381041530157,0.42143113987774183
0.18142531748260476,0.4216109313196692
0.18145651970420293,0.42179072276159657
0.18150332303660022,0.42179072276159657
0.18150332303660022,0.42197051420352394
0.18151892414739929,0.42197051420352394
0.18151892414739929,0.42215030564545125
0.18156572747979657,0.42215030564545125
0.18162813192299293,0.42215030564545125
0.181643733033792,0.4223300970873786
0.18175294080938562,0.4223300970873786
0.18175294080938562,0.422509888529306
0.1817841430309838,0.422509888529306
0.18184654747418016,0.422509888529306
0.18189335080657743,0.422509888529306
0.18192455302817562,0.422509888529306
0.1820649630253674,0.4228694714131607
0.18215856969016195,0.4228694714131607
0.1822053730225592,0.4228694714131607
0.18223657524415737,0.4228694714131607
0.18225217635495647,0.4228694714131607
0.18228337857655466,0.4230492628550881
0.18236138413055009,0.4230492628550881
0.18237698524134918,0.4230492628550881
0.18237698524134918,0.42322905429701546
0.18243938968454554,0.42322905429701546
0.18243938968454554,0.42340884573894283
0.1824861930169428,0.42340884573894283
0.1824861930169428,0.42376842862279757
0.18257979968173735,0.42376842862279757
0.18282941745452277,0.42430780294857967
0.18287622078692004,0.42430780294857967
0.18300102967331275,0.42430780294857967
0.18301663078411182,0.42430780294857967
0.18304783300571,0.42430780294857967
0.18309463633810727,0.42448759439050704
0.18311023744890637,0.42448759439050704
0.18317264189210272,0.42448759439050704
0.18318824300290182,0.42448759439050704
0.18342225966488815,0.42448759439050704
0.1834690629972854,0.42448759439050704
0.1834690629972854,0.42466738583243435
0.1834846641080845,0.42466738583243435
0.1834846641080845,0.4248471772743617
0.18356266966207993,0.4248471772743617
0.18359387188367812,0.4248471772743617
0.18364067521607538,0.4248471772743617
0.1839058940996599,0.4250269687162891
0.18392149521045897,0.4250269687162891
0.18399950076445443,0.4250269687162891
0.18401510187525352,0.4250269687162891
0.18406190520765078,0.4250269687162891
0.18406190520765078,0.42520676015821646
0.18412430965084714,0.42520676015821646
0.1841555118724453,0.42520676015821646
0.1841555118724453,0.4253865516001438
0.1841867140940435,0.4255663430420712
0.18421791631564166,0.4255663430420712
0.18423351742644076,0.4255663430420712
0.1842959218696371,0.4255663430420712
0.1843115229804362,0.4255663430420712
0.18437392742363257,0.4255663430420712
0.18440512964523073,0.4255663430420712
0.18443633186682892,0.42574613448399856
0.18445193297762802,0.42574613448399856
0.18445193297762802,0.42592592592592593
0.18448313519922618,0.42592592592592593
0.18452993853162344,0.42592592592592593
0.1845767418640207,0.42592592592592593
0.1846079440856189,0.42592592592592593
0.18487316296920342,0.4261057173678533
0.18490436519080158,0.4261057173678533
0.1849979718555961,0.4261057173678533
0.1850135729663952,0.42628550880978067
0.1850291740771943,0.42628550880978067
0.1850291740771943,0.42646530025170803
0.18506037629879246,0.42646530025170803
0.18509157852039065,0.42646530025170803
0.18513838185278791,0.42646530025170803
0.1851695840743861,0.42646530025170803
0.18523198851758246,0.42646530025170803
0.18527879184997972,0.42646530025170803
0.1853099940715779,0.42646530025170803
0.18532559518237698,0.4266450916936354
0.1854504040687697,0.4266450916936354
0.18548160629036786,0.4266450916936354
0.18552840962276515,0.4266450916936354
0.18552840962276515,0.42682488313556277
0.1855908140659615,0.42682488313556277
0.18560641517676058,0.42682488313556277
0.18563761739835877,0.42682488313556277
0.18568442073075603,0.42682488313556277
0.18571562295235422,0.42682488313556277
0.18571562295235422,0.4270046745774901
0.1857312240631533,0.4270046745774901
0.18576242628475148,0.4270046745774901
0.18577802739555058,0.4270046745774901
0.18577802739555058,0.42718446601941745
0.1858716340603451,0.42718446601941745
0.18591843739274236,0.42718446601941745
0.18598084183593871,0.42718446601941745
0.1859964429467378,0.42718446601941745
0.1860120440575369,0.4273642574613448
0.18607444850073326,0.4273642574613448
0.18610565072233143,0.4273642574613448
0.18612125183313052,0.4273642574613448
0.18623045960872414,0.4273642574613448
0.1862772629411214,0.4273642574613448
0.18632406627351866,0.4273642574613448
0.18635526849511685,0.4273642574613448
0.18638647071671502,0.4273642574613448
0.18638647071671502,0.4275440489032722
0.1864332740491123,0.4275440489032722
0.1864332740491123,0.4279036317871269
0.18646447627071047,0.4279036317871269
0.18651127960310773,0.4279036317871269
0.18658928515710319,0.4279036317871269
0.18658928515710319,0.4280834232290543
0.18663608848950045,0.4280834232290543
0.18674529626509406,0.4280834232290543
0.18677649848669226,0.4280834232290543
0.1879465817966239,0.4291621718806185
0.1879777840182221,0.4291621718806185
0.18804018846141846,0.4291621718806185
0.18804018846141846,0.4295217547644732
0.18813379512621298,0.4295217547644732
0.18814939623701207,0.4295217547644732
0.18816499734781117,0.42970154620640055
0.18824300290180662,0.42970154620640055
0.1882586040126057,0.4298813376483279
0.18828980623420388,0.4300611290902553
0.1883678117881993,0.4300611290902553
0.18843021623139566,0.4300611290902553
0.18847701956379295,0.4300611290902553
0.18847701956379295,0.43024092053218266
0.1885238228961902,0.43024092053218266
0.1885394240069893,0.43024092053218266
0.18858622733938657,0.43042071197411
0.1886798340041811,0.43042071197411
0.18874223844737745,0.43042071197411
0.1887890417797747,0.43042071197411
0.1888202440013729,0.43042071197411
0.1888202440013729,0.4306005034160374
0.18886704733377016,0.4306005034160374
0.18888264844456926,0.43078029485796476
0.1889606539985647,0.43078029485796476
0.18899185622016287,0.43078029485796476
0.18908546288495742,0.43078029485796476
0.18913226621735468,0.43078029485796476
0.18917906954975194,0.43078029485796476
0.1892102717713501,0.43078029485796476
0.1892570751037474,0.43078029485796476
0.1892570751037474,0.43096008629989213
0.18931947954694375,0.4311398777418195
0.1893818839901401,0.4311398777418195
0.18944428843333647,0.4311398777418195
0.18944428843333647,0.43131966918374687
0.18949109176573373,0.43131966918374687
0.18949109176573373,0.43149946062567424
0.18950669287653282,0.43149946062567424
0.18950669287653282,0.4316792520676016
0.1895222939873319,0.431859043509529
0.18956909731972915,0.431859043509529
0.18958469843052825,0.431859043509529
0.1896315017629255,0.431859043509529
0.18970950731692096,0.431859043509529
0.18977191176011732,0.431859043509529
0.1897875128709164,0.431859043509529
0.1897875128709164,0.4320388349514563
0.18989672064651003,0.4320388349514563
0.18989672064651003,0.43221862639338365
0.1899279228681082,0.43221862639338365
0.1900527317545009,0.43221862639338365
0.1900683328653,0.43221862639338365
0.1900995350868982,0.43221862639338365
0.19017754064089362,0.43221862639338365
0.19025554619488907,0.43221862639338365
0.19027114730568817,0.432398417835311
0.19030234952728634,0.432398417835311
0.19033355174888453,0.432398417835311
0.19045836063527724,0.4325782092772384
0.1904739617460763,0.4325782092772384
0.19053636618927267,0.4325782092772384
0.19055196730007176,0.4325782092772384
0.19058316952166995,0.4325782092772384
0.19058316952166995,0.43275800071916576
0.19059877063246902,0.4329377921610931
0.19059877063246902,0.4331175836030205
0.190770382851259,0.4331175836030205
0.1907859839620581,0.43329737504494786
0.1908015850728572,0.43329737504494786
0.19086398951605354,0.43329737504494786
0.19095759618084807,0.43329737504494786
0.19097319729164716,0.43347716648687523
0.19105120284564261,0.43347716648687523
0.19108240506724078,0.43347716648687523
0.19112920839963807,0.43347716648687523
0.19116041062123623,0.43347716648687523
0.19116041062123623,0.4336569579288026
0.19117601173203533,0.4336569579288026
0.1912072139536335,0.4336569579288026
0.1912072139536335,0.43383674937072997
0.19123841617523168,0.43383674937072997
0.19126961839682985,0.43383674937072997
0.19128521950762895,0.43383674937072997
0.1913476239508253,0.43383674937072997
0.19137882617242347,0.43383674937072997
0.19141002839402166,0.43383674937072997
0.19142562950482075,0.43401654081265734
0.19142562950482075,0.4341963322545847
0.19145683172641892,0.4341963322545847
0.1914880339480171,0.4341963322545847
0.1914880339480171,0.4343761236965121
0.19155043839121347,0.4343761236965121
0.19158164061281163,0.4343761236965121
0.191644045056008,0.4343761236965121
0.1917376517208025,0.4345559151384394
0.1917688539424007,0.4345559151384394
0.19183125838559706,0.4345559151384394
0.19183125838559706,0.43473570658036675
0.19189366282879342,0.43473570658036675
0.19198726949358794,0.43473570658036675
0.1920340728259852,0.43473570658036675
0.19212767949077975,0.43473570658036675
0.1921588817123779,0.43473570658036675
0.1922056850447752,0.43473570658036675
0.19226808948797156,0.43473570658036675
0.19236169615276608,0.43473570658036675
0.19236169615276608,0.4349154980222941
0.19239289837436427,0.4349154980222941
0.19278292614434148,0.4356346637900036
0.19278292614434148,0.4361740381157857
0.19281412836593967,0.4361740381157857
0.19286093169833693,0.43635382955771307
0.1929077350307342,0.43635382955771307
0.19297013947393055,0.43635382955771307
0.1930169428063278,0.43635382955771307
0.1930169428063278,0.43653362099964044
0.1930325439171269,0.43653362099964044
0.1930325439171269,0.4367134124415678
0.19306374613872507,0.4367134124415678
0.19307934724952416,0.4367134124415678
0.1931729539143187,0.4370729953254225
0.19318855502511778,0.4370729953254225
0.19337576835470685,0.43725278676734985
0.1934537739087023,0.43725278676734985
0.1934537739087023,0.4374325782092772
0.1934693750195014,0.4374325782092772
0.1934693750195014,0.4376123696512046
0.19350057724109956,0.4376123696512046
0.19350057724109956,0.43779216109313196
0.1935941839058941,0.43779216109313196
0.1935941839058941,0.43797195253505933
0.19360978501669318,0.43797195253505933
0.19364098723829137,0.43797195253505933
0.19367218945988954,0.43797195253505933
0.19476426721582576,0.43976986695433296
0.19477986832662486,0.43976986695433296
0.19479546943742396,0.4399496583962603
0.19490467721301757,0.4399496583962603
0.19493587943461574,0.4399496583962603
0.19496708165621393,0.4399496583962603
0.19506068832100845,0.4399496583962603
0.1951230927642048,0.4399496583962603
0.19516989609660207,0.4399496583962603
0.19520109831820026,0.4399496583962603
0.19521669942899936,0.4399496583962603
0.19523230053979843,0.44030924128011506
0.19526350276139662,0.44030924128011506
0.19535710942619114,0.4406688241639698
0.19538831164778933,0.4406688241639698
0.1954039127585884,0.4406688241639698
0.19546631720178476,0.4406688241639698
0.19549751942338295,0.4406688241639698
0.19549751942338295,0.44084861560589717
0.19551312053418204,0.44084861560589717
0.1955443227557802,0.44084861560589717
0.1955755249773784,0.44084861560589717
0.1955755249773784,0.44102840704782453
0.19560672719897657,0.44102840704782453
0.19563792942057476,0.44102840704782453
0.19573153608536928,0.44102840704782453
0.19576273830696744,0.44102840704782453
0.19579394052856564,0.44102840704782453
0.1959967549689538,0.44156778137360664
0.19602795719055197,0.44156778137360664
0.19649599051452463,0.441747572815534
0.19651159162532372,0.441747572815534
0.19651159162532372,0.4419273642574613
0.19655839495772098,0.4419273642574613
0.19658959717931918,0.4419273642574613
0.19658959717931918,0.4421071556993887
0.19663640051171644,0.4421071556993887
0.1966676027333146,0.4421071556993887
0.1967924116197073,0.4421071556993887
0.1968236138413055,0.4421071556993887
0.19685481606290367,0.44228694714131606
0.19685481606290367,0.4426465300251708
0.19687041717370277,0.4426465300251708
0.19688601828450186,0.44282632146709816
0.1969640238384973,0.4431859043509529
0.19707323161409093,0.4431859043509529
0.1971356360572873,0.44354548723480763
0.19716683827888545,0.44354548723480763
0.19758806827046085,0.4444444444444444
0.19760366938125995,0.4444444444444444
0.19761927049205905,0.4446242358863718
0.19761927049205905,0.44480402732829916
0.1976504727136572,0.44480402732829916
0.1976816749352554,0.44480402732829916
0.19779088271084902,0.44480402732829916
0.19779088271084902,0.4449838187702265
0.19782208493244718,0.4449838187702265
0.19785328715404538,0.4449838187702265
0.19785328715404538,0.4451636102121539
0.19791569159724173,0.4451636102121539
0.1979780960404381,0.44534340165408126
0.19804050048363445,0.44534340165408126
0.1980717027052326,0.44534340165408126
0.1980873038160317,0.44534340165408126
0.1981029049268308,0.44552319309600863
0.19811850603762987,0.44552319309600863
0.19811850603762987,0.445702984537936
0.19814970825922806,0.445702984537936
0.19819651159162532,0.445702984537936
0.19832132047801804,0.445702984537936
0.1983525226996162,0.445702984537936
0.19847733158600891,0.445702984537936
0.19853973602920527,0.445702984537936
0.19855533714000437,0.445702984537936
0.19858653936160256,0.44588277597986337
0.19863334269399982,0.44606256742179073
0.19866454491559798,0.44606256742179073
0.19868014602639708,0.4462423588637181
0.19886735935598615,0.4462423588637181
0.1989297637991825,0.4462423588637181
0.19896096602078067,0.4462423588637181
0.19900776935317796,0.4462423588637181
0.1990701737963743,0.4462423588637181
0.19913257823957065,0.4462423588637181
0.19914817935036974,0.4462423588637181
0.19914817935036974,0.44642215030564547
0.1992261849043652,0.44642215030564547
0.1992417860151643,0.44642215030564547
0.19927298823676245,0.44642215030564547
0.19928858934756155,0.44642215030564547
0.19928858934756155,0.44660194174757284
0.1993353926799588,0.44660194174757284
0.199366594901557,0.44660194174757284
0.19941339823395426,0.44660194174757284
0.19955380823114605,0.44660194174757284
0.19958501045274424,0.44660194174757284
0.1996630160067397,0.44660194174757284
0.19974102156073512,0.44660194174757284
0.1997878248931324,0.44660194174757284
0.19981902711473057,0.44660194174757284
0.19983462822552966,0.44660194174757284
0.19994383600112328,0.44660194174757284
0.20000624044431964,0.44660194174757284
0.20000624044431964,0.4467817331895002
0.20013104933071235,0.4467817331895002
0.20016225155231052,0.4469615246314275
0.2002090548847078,0.4469615246314275
0.20027145932790413,0.4469615246314275
0.20030266154950233,0.4469615246314275
0.2004898748790914,0.44732110751528226
0.2005054759898905,0.44732110751528226
0.20052107710068956,0.4475008989572096
0.20056788043308685,0.4475008989572096
0.200599082654685,0.4475008989572096
0.20066148709788137,0.4475008989572096
0.20069268931947953,0.4475008989572096
0.200770694873475,0.4475008989572096
0.20081749820587225,0.4475008989572096
0.2009111048706668,0.4475008989572096
0.20100471153546132,0.4475008989572096
0.2010359137570595,0.4475008989572096
0.20109831820025587,0.4475008989572096
0.20116072264345222,0.4475008989572096
0.20120752597584948,0.447680690399137
0.20122312708664858,0.447680690399137
0.20123872819744765,0.44786048184106436
0.2013323348622422,0.44786048184106436
0.20136353708384036,0.44786048184106436
0.20141034041623765,0.44786048184106436
0.2014571437486349,0.4482200647249191
0.201472744859434,0.4482200647249191
0.20151954819183127,0.4482200647249191
0.20156635152422853,0.4482200647249191
0.20156635152422853,0.44839985616684647
0.2015975537458267,0.44857964760877383
0.2016131548566258,0.44857964760877383
0.2016131548566258,0.4487594390507012
0.20165995818902305,0.4487594390507012
0.20167555929982214,0.44893923049262857
0.20169116041062124,0.44893923049262857
0.2017379637430185,0.44893923049262857
0.2017535648538176,0.44893923049262857
0.2017535648538176,0.44911902193455594
0.20184717151861212,0.44911902193455594
0.20192517707260757,0.44911902193455594
0.20192517707260757,0.44929881337648325
0.20198758151580393,0.44929881337648325
0.20198758151580393,0.4494786048184106
0.20204998595900028,0.4494786048184106
0.20208118818059845,0.4494786048184106
0.20208118818059845,0.449658396260338
0.2021591937345939,0.449658396260338
0.20220599706699116,0.449658396260338
0.20223719928858935,0.449658396260338
0.20236200817498207,0.449658396260338
0.20239321039658023,0.449658396260338
0.20240881150737933,0.449658396260338
0.2024556148397766,0.449658396260338
0.20247121595057568,0.449658396260338
0.20247121595057568,0.44983818770226536
0.20248681706137478,0.44983818770226536
0.20253362039377204,0.44983818770226536
0.20253362039377204,0.4500179791441927
0.20254922150457114,0.4501977705861201
0.2025804237261693,0.4501977705861201
0.2027208337233611,0.4501977705861201
0.20273643483416018,0.4501977705861201
0.20276763705575837,0.4501977705861201
0.20279883927735654,0.4501977705861201
0.20283004149895473,0.4501977705861201
0.2028612437205529,0.4501977705861201
0.20290804705295018,0.4501977705861201
0.20292364816374925,0.4501977705861201
0.20293924927454834,0.45037756202804746
0.2029860526069456,0.45037756202804746
0.20304845705014196,0.45037756202804746
0.20307965927174015,0.45037756202804746
0.20311086149333832,0.45037756202804746
0.20311086149333832,0.45055735346997483
0.20312646260413741,0.45055735346997483
0.20317326593653467,0.45055735346997483
0.20317326593653467,0.4507371449119022
0.20318886704733377,0.4507371449119022
0.20322006926893194,0.4507371449119022
0.20323567037973103,0.4507371449119022
0.20325127149053013,0.45091693635382957
0.20326687260132922,0.45091693635382957
0.2032980748229274,0.45091693635382957
0.20334487815532465,0.45091693635382957
0.20336047926612374,0.45109672779575694
0.20336047926612374,0.45145631067961167
0.20337608037692284,0.45145631067961167
0.20337608037692284,0.45181589356346635
0.2034384848201192,0.45181589356346635
0.2034384848201192,0.4519956850053937
0.20364129926050734,0.4519956850053937
0.2037193048145028,0.4521754764473211
0.20375050703610098,0.4521754764473211
0.20379731036849824,0.4521754764473211
0.20381291147929734,0.45235526788924846
0.2038753159224937,0.45235526788924846
0.20390651814409186,0.45235526788924846
0.20390651814409186,0.4525350593311758
0.20392211925489095,0.4525350593311758
0.20392211925489095,0.4527148507731032
0.20396892258728822,0.4527148507731032
0.20396892258728822,0.45289464221503056
0.20400012480888638,0.45289464221503056
0.20401572591968548,0.45307443365695793
0.20404692814128367,0.45307443365695793
0.20409373147368093,0.45307443365695793
0.2041249336952791,0.45307443365695793
0.20418733813847545,0.45307443365695793
0.20423414147087274,0.45307443365695793
0.2042653436924709,0.45307443365695793
0.20431214702486816,0.45307443365695793
0.20432774813566726,0.45307443365695793
0.20432774813566726,0.45343401654081267
0.20434334924646635,0.45343401654081267
0.20437455146806452,0.45361380798274004
0.20442135480046178,0.45361380798274004
0.20442135480046178,0.4537935994246674
0.20443695591126088,0.4537935994246674
0.20446815813285907,0.4537935994246674
0.20446815813285907,0.4539733908665948
0.20448375924365814,0.4539733908665948
0.20453056257605542,0.4539733908665948
0.2045461636868545,0.4539733908665948
0.20457736590845269,0.4539733908665948
0.20479578145963992,0.4539733908665948
0.20479578145963992,0.45415318230852214
0.20495179256763082,0.45433297375044945
0.20501419701082718,0.45433297375044945
0.20504539923242535,0.45433297375044945
0.20506100034322444,0.45433297375044945
0.20507660145402354,0.4545127651923768
0.2051078036756217,0.4545127651923768
0.2051390058972199,0.4545127651923768
0.20517020811881806,0.4545127651923768
0.20521701145121532,0.4545127651923768
0.2052482136728135,0.4545127651923768
0.20527941589441168,0.4545127651923768
0.20531061811600987,0.4545127651923768
0.20531061811600987,0.4546925566343042
0.2055290336671971,0.4546925566343042
0.2055602358887953,0.4546925566343042
0.20559143811039346,0.4546925566343042
0.20559143811039346,0.45487234807623156
0.20562264033199162,0.45487234807623156
0.20565384255358982,0.4550521395181589
0.2056694436643889,0.4550521395181589
0.2056694436643889,0.4552319309600863
0.20570064588598708,0.4552319309600863
0.20573184810758527,0.4552319309600863
0.20579425255078163,0.4552319309600863
0.2058254547723798,0.4552319309600863
0.2059346625479734,0.4552319309600863
0.2059346625479734,0.45541172240201366
0.20602826921276796,0.45541172240201366
0.20605947143436612,0.45541172240201366
0.20612187587756248,0.45541172240201366
0.20616867920995974,0.45541172240201366
0.20618428032075883,0.45541172240201366
0.20621548254235703,0.45541172240201366
0.20632469031795064,0.45541172240201366
0.20632469031795064,0.45559151384394103
0.2063714936503479,0.45559151384394103
0.2064026958719461,0.45559151384394103
0.20648070142594152,0.45559151384394103
0.20648070142594152,0.4557713052858684
0.20649630253674062,0.4557713052858684
0.20649630253674062,0.45595109672779577
0.20655870697993697,0.45595109672779577
0.20658990920153514,0.45595109672779577
0.20662111142313333,0.4564904710535779
0.20669911697712878,0.4564904710535779
0.20669911697712878,0.45667026249550524
0.20671471808792785,0.45667026249550524
0.2067771225311242,0.45667026249550524
0.2068239258635215,0.45685005393743255
0.20685512808511966,0.45685005393743255
0.20691753252831602,0.4570298453793599
0.2069331336391151,0.4570298453793599
0.20699553808231147,0.4570298453793599
0.20699553808231147,0.45738942826321466
0.20704234141470873,0.45738942826321466
0.2070735436363069,0.45738942826321466
0.2071047458579051,0.45738942826321466
0.20715154919030235,0.45738942826321466
0.20718275141190054,0.45738942826321466
0.20727635807669506,0.45738942826321466
0.20732316140909232,0.45738942826321466
0.2073543636306905,0.45738942826321466
0.20741676807388687,0.45738942826321466
0.20741676807388687,0.457569219705142
0.20744797029548503,0.457569219705142
0.20744797029548503,0.4577490111470694
0.2074947736278823,0.4577490111470694
0.2074947736278823,0.45792880258899676
0.2075259758494805,0.45792880258899676
0.20755717807107865,0.45810859403092413
0.2076351836250741,0.45810859403092413
0.2076351836250741,0.4582883854728515
0.20777559362226591,0.4582883854728515
0.20796280695185498,0.45846817691477887
0.2080408125058504,0.45846817691477887
0.2080876158382477,0.45846817691477887
0.20810321694904677,0.45846817691477887
0.20811881805984586,0.45864796835670624
0.20813441917064496,0.45864796835670624
0.20816562139224312,0.45864796835670624
0.20827482916783674,0.45864796835670624
0.20830603138943493,0.45864796835670624
0.20871166027021124,0.4588277597986336
0.20880526693500578,0.4588277597986336
0.20882086804580485,0.459007551240561
0.20883646915660395,0.459007551240561
0.20886767137820214,0.459007551240561
0.20894567693219757,0.459007551240561
0.20899248026459483,0.459007551240561
0.20903928359699211,0.459007551240561
0.20910168804018847,0.459007551240561
0.20916409248338483,0.459007551240561
0.2091796935941839,0.4591873426824883
0.209195294704983,0.4591873426824883
0.20922649692658118,0.4591873426824883
0.20922649692658118,0.45936713412441565
0.20928890136977754,0.45936713412441565
0.2093357047021748,0.45936713412441565
0.20936690692377297,0.459546925566343
0.20938250803457206,0.459546925566343
0.20941371025617023,0.459546925566343
0.20946051358856752,0.459546925566343
0.20950731692096478,0.459546925566343
0.20956972136416113,0.4597267170082704
0.20958532247496023,0.45990650845019776
0.2096321258073575,0.45990650845019776
0.20969453025055385,0.45990650845019776
0.209725732472152,0.45990650845019776
0.2097413335829511,0.46008629989212513
0.2097413335829511,0.4602660913340525
0.20981933913694656,0.4602660913340525
0.20981933913694656,0.46044588277597986
0.20983494024774563,0.46044588277597986
0.20989734469094198,0.46044588277597986
0.21000655246653563,0.46044588277597986
0.2100377546881338,0.46044588277597986
0.21006895690973199,0.46044588277597986
0.21006895690973199,0.46062567421790723
0.21010015913133015,0.46062567421790723
0.21010015913133015,0.4608054656598346
0.21011576024212925,0.4608054656598346
0.21011576024212925,0.46098525710176197
0.21022496801772286,0.46098525710176197
0.21031857468251738,0.46098525710176197
0.2104745857905083,0.46098525710176197
0.2104745857905083,0.46116504854368934
0.21055259134450374,0.46116504854368934
0.21055259134450374,0.4613448399856167
0.2105681924553028,0.4613448399856167
0.21061499578770007,0.4613448399856167
0.21064619800929826,0.4613448399856167
0.21070860245249462,0.4613448399856167
0.21070860245249462,0.4615246314275441
0.2108802146712846,0.4615246314275441
0.2108802146712846,0.4617044228694714
0.2108958157820837,0.46188421431139876
0.21094261911448095,0.46188421431139876
0.21097382133607914,0.46188421431139876
0.21097382133607914,0.4620640057533261
0.2110050235576773,0.4620640057533261
0.21106742800087366,0.4620640057533261
0.21106742800087366,0.46242358863718086
0.21111423133327092,0.46242358863718086
0.21114543355486912,0.46242358863718086
0.21120783799806547,0.46242358863718086
0.21123904021966364,0.46242358863718086
0.21147305688164997,0.46314275440489033
0.21150425910324816,0.46314275440489033
0.21156666354644452,0.46314275440489033
0.21158226465724359,0.46314275440489033
0.21159786576804268,0.4633225458468177
0.21162906798964087,0.4633225458468177
0.21162906798964087,0.4638619201725998
0.21166027021123904,0.4638619201725998
0.2117382757652345,0.4638619201725998
0.21176947798683265,0.4638619201725998
0.211831882430029,0.4638619201725998
0.211831882430029,0.4640417116145272
0.2118630846516272,0.4640417116145272
0.21187868576242627,0.4640417116145272
0.21187868576242627,0.4642215030564545
0.21189428687322537,0.4642215030564545
0.21189428687322537,0.46440129449838186
0.21192548909482356,0.46440129449838186
0.21201909575961808,0.46440129449838186
0.21203469687041718,0.4645810859403092
0.21209710131361353,0.4645810859403092
0.2121439046460108,0.4645810859403092
0.21219070797840806,0.4645810859403092
0.2122687135324035,0.46494066882416396
0.21234671908639896,0.46494066882416396
0.21236232019719803,0.46512046026609133
0.21240912352959532,0.46512046026609133
0.21244032575119348,0.4653002517080187
0.2125651346375862,0.4653002517080187
0.2125651346375862,0.46548004314994607
0.2125807357483853,0.46548004314994607
0.21261193796998346,0.46548004314994607
0.21264314019158165,0.46548004314994607
0.21273674685637617,0.46548004314994607
0.21281475241037162,0.46548004314994607
0.21281475241037162,0.46565983459187343
0.21286155574276888,0.46565983459187343
0.21286155574276888,0.4658396260338008
0.21289275796436707,0.4658396260338008
0.21289275796436707,0.46601941747572817
0.21290835907516614,0.46601941747572817
0.21290835907516614,0.46619920891765554
0.21292396018596524,0.46619920891765554
0.21292396018596524,0.4663790003595829
0.2130019657399607,0.4663790003595829
0.21307997129395612,0.4663790003595829
0.2130955724047552,0.4663790003595829
0.2131267746263534,0.4665587918015103
0.21315797684795157,0.4665587918015103
0.21318917906954976,0.4665587918015103
0.21322038129114793,0.4665587918015103
0.21322038129114793,0.4667385832434376
0.21323598240194702,0.4667385832434376
0.21325158351274612,0.46691837468536496
0.21328278573434428,0.46691837468536496
0.21328278573434428,0.4670981661272923
0.21331398795594247,0.4670981661272923
0.21331398795594247,0.46745774901114706
0.21334519017754064,0.46745774901114706
0.21337639239913883,0.46745774901114706
0.21337639239913883,0.46763754045307443
0.2134231957315361,0.46763754045307443
0.21348560017473245,0.46763754045307443
0.2135168023963306,0.46763754045307443
0.21389122905550875,0.46763754045307443
0.2139536334987051,0.46763754045307443
0.2139536334987051,0.4678173318950018
0.21404724016349963,0.4678173318950018
0.21404724016349963,0.46817691477885653
0.21406284127429873,0.46817691477885653
0.21406284127429873,0.46853649766271127
0.21412524571749508,0.46853649766271127
0.2142500546038878,0.46853649766271127
0.2142500546038878,0.46871628910463864
0.2142656557146869,0.46871628910463864
0.214281256825486,0.468896080546566
0.21431245904708415,0.468896080546566
0.2143592623794814,0.468896080546566
0.21440606571187867,0.468896080546566
0.21440606571187867,0.4690758719884933
0.21442166682267777,0.4690758719884933
0.21442166682267777,0.4692556634304207
0.21443726793347687,0.4692556634304207
0.21443726793347687,0.46943545487234806
0.21445286904427596,0.46943545487234806
0.21454647570907048,0.4696152463142754
0.21462448126306594,0.4696152463142754
0.21462448126306594,0.4697950377562028
0.21470248681706136,0.4697950377562028
0.21476489126025772,0.4697950377562028
0.21487409903585136,0.4697950377562028
0.21493650347904772,0.4697950377562028
0.21498330681144498,0.4697950377562028
0.21498330681144498,0.46997482919813016
0.2150925145870386,0.46997482919813016
0.21512371680863676,0.46997482919813016
0.21515491903023495,0.46997482919813016
0.21515491903023495,0.4703344120819849
0.21517052014103405,0.4703344120819849
0.21520172236263221,0.4703344120819849
0.2152173234734313,0.4703344120819849
0.21526412680582857,0.4703344120819849
0.21534213235982402,0.47051420352391227
0.21535773347062312,0.47051420352391227
0.21548254235701583,0.47051420352391227
0.2154981434678149,0.47051420352391227
0.21554494680021216,0.47051420352391227
0.2156385534650067,0.47051420352391227
0.2156385534650067,0.47069399496583963
0.2156541545758058,0.47069399496583963
0.21568535679740397,0.47069399496583963
0.21570095790820307,0.47069399496583963
0.21570095790820307,0.470873786407767
0.21571655901900216,0.470873786407767
0.21574776124060033,0.470873786407767
0.2159193734593903,0.470873786407767
0.2159505756809885,0.47105357784969437
0.21598177790258666,0.47105357784969437
0.21601298012418485,0.47105357784969437
0.21602858123498392,0.47105357784969437
0.21602858123498392,0.47123336929162174
0.2160753845673812,0.47123336929162174
0.21613778901057756,0.47123336929162174
0.21616899123217573,0.47123336929162174
0.21616899123217573,0.4714131607335491
0.21618459234297482,0.4714131607335491
0.21641860900496115,0.4715929521754764
0.21646541233735841,0.4715929521754764
0.21651221566975568,0.4717727436174038
0.21657462011295203,0.4717727436174038
0.21657462011295203,0.47195253505933116
0.2166370245561484,0.47195253505933116
0.21669942899934475,0.47195253505933116
0.21674623233174203,0.47195253505933116
0.21685544010733565,0.4721323265012585
0.2169022434397329,0.4721323265012585
0.216917844550532,0.4721323265012585
0.21699585010452743,0.4723121179431859
0.21701145121532653,0.4723121179431859
0.21713626010171924,0.47249190938511326
0.21716746232331743,0.47249190938511326
0.21716746232331743,0.472851492268968
0.2171830634341165,0.472851492268968
0.2172142656557147,0.472851492268968
0.2172142656557147,0.47303128371089537
0.2173390745421074,0.47375044947860484
0.2174794845392992,0.47375044947860484
0.21766669786888826,0.47375044947860484
0.21771350120128552,0.47375044947860484
0.2177603045336828,0.4741100323624595
0.21777590564448188,0.4742898238043869
0.21777590564448188,0.47446961524631426
0.21780710786608007,0.47446961524631426
0.21780710786608007,0.4746494066882416
0.21782270897687916,0.4746494066882416
0.21782270897687916,0.474829198130169
0.21785391119847733,0.474829198130169
0.21788511342007552,0.47500898957209636
0.2179007145308746,0.47500898957209636
0.21793191675247278,0.47500898957209636
0.21797872008487004,0.47500898957209636
0.2180099223064682,0.47500898957209636
0.2180567256388655,0.47500898957209636
0.21810352897126276,0.47500898957209636
0.21811913008206185,0.47500898957209636
0.21815033230366002,0.47500898957209636
0.21819713563605728,0.47500898957209636
0.21825954007925363,0.47500898957209636
0.21855596118443632,0.47554836389787847
0.2185871634060345,0.47554836389787847
0.2185871634060345,0.47572815533980584
0.21864956784923087,0.47572815533980584
0.21864956784923087,0.4759079467817332
0.21871197229242723,0.4759079467817332
0.2187431745140254,0.4759079467817332
0.21880557895722175,0.4759079467817332
0.21882118006802084,0.4759079467817332
0.2188679834004181,0.47626752966558794
0.21894598895441356,0.47626752966558794
0.21899279228681082,0.47626752966558794
0.21914880339480172,0.47626752966558794
0.21914880339480172,0.4764473211075153
0.2191800056163999,0.4764473211075153
0.21919560672719898,0.47680690399137
0.21921120783799808,0.47680690399137
0.21924241005959624,0.47680690399137
0.21933601672439076,0.47680690399137
0.21939842116758712,0.47680690399137
0.21950762894318077,0.47680690399137
0.21957003338637712,0.47680690399137
0.21963243782957348,0.47680690399137
0.2196948422727698,0.47680690399137
0.2196948422727698,0.47698669543329736
0.2196948422727698,0.4773462783171521
0.2197416456051671,0.4773462783171521
0.21978844893756436,0.4773462783171521
0.21981965115916252,0.4773462783171521
0.2198508533807607,0.4773462783171521
0.21989765671315797,0.4773462783171521
0.22008487004274704,0.4773462783171521
0.2201160722643452,0.4773462783171521
0.2201628755967425,0.4773462783171521
0.22020967892913976,0.4773462783171521
0.22024088115073792,0.4773462783171521
0.2202876844831352,0.4773462783171521
0.2204436955911261,0.4773462783171521
0.2205685044775188,0.4773462783171521
0.2205685044775188,0.47752606975907946
0.2205841055883179,0.47752606975907946
0.22061530780991606,0.47752606975907946
0.22063090892071516,0.47752606975907946
0.22069331336391151,0.47752606975907946
0.22075571780710787,0.47752606975907946
0.22078692002870604,0.47752606975907946
0.22080252113950513,0.47752606975907946
0.22083372336110332,0.47752606975907946
0.22091172891509875,0.47752606975907946
0.22094293113669694,0.47752606975907946
0.22103653780149146,0.47752606975907946
0.22117694779868327,0.47770586120100683
0.22117694779868327,0.4778856526429342
0.22120815002028144,0.4778856526429342
0.22123935224187963,0.4778856526429342
0.22125495335267872,0.47806544408486157
0.2212705544634778,0.47806544408486157
0.2212705544634778,0.47824523552678894
0.22131735779587505,0.47824523552678894
0.22136416112827234,0.47824523552678894
0.2214109644606696,0.47824523552678894
0.2214109644606696,0.4784250269687163
0.22144216668226777,0.4784250269687163
0.22144216668226777,0.4786048184106437
0.22161377890105777,0.47878460985257104
0.22164498112265593,0.47878460985257104
0.22172298667665138,0.47878460985257104
0.22173858778745045,0.47878460985257104
0.22176979000904865,0.47896440129449835
0.221832194452245,0.47896440129449835
0.221832194452245,0.4791441927364257
0.22186339667384317,0.4791441927364257
0.22187899778464226,0.4791441927364257
0.22194140222783862,0.4791441927364257
0.22200380667103498,0.4791441927364257
0.22203500889263317,0.4791441927364257
0.22205061000343224,0.4791441927364257
0.22214421666822678,0.4793239841783531
0.22217541888982495,0.4793239841783531
0.2222378233330213,0.4793239841783531
0.2222534244438204,0.4793239841783531
0.2222534244438204,0.47950377562028046
0.22231582888701676,0.4798633585041352
0.22233142999781585,0.4798633585041352
0.2223938344410122,0.4798633585041352
0.22242503666261038,0.4798633585041352
0.22245623888420857,0.4798633585041352
0.22256544665980219,0.48004314994606256
0.22261224999219945,0.48004314994606256
0.22262785110299854,0.48022294138798993
0.2226590533245967,0.48022294138798993
0.22270585665699397,0.48022294138798993
0.22290867109738213,0.48022294138798993
0.22293987331898033,0.48022294138798993
0.2229710755405785,0.4804027328299173
0.22301787887297575,0.4804027328299173
0.22304908109457394,0.4804027328299173
0.22314268775936846,0.48076231571377204
0.22317388998096666,0.48076231571377204
0.223236294424163,0.48076231571377204
0.22325189553496208,0.48076231571377204
0.22329869886735937,0.48076231571377204
0.22331429997815844,0.48076231571377204
0.22332990108895753,0.4809421071556994
0.2235015133077475,0.4809421071556994
0.22354831664014477,0.4809421071556994
0.22362632219414022,0.4809421071556994
0.22368872663733658,0.4809421071556994
0.22368872663733658,0.4811218985976268
0.22371992885893477,0.4811218985976268
0.22375113108053293,0.4811218985976268
0.22376673219133203,0.4811218985976268
0.22376673219133203,0.48130169003955414
0.22384473774532745,0.48130169003955414
0.22387593996692565,0.48130169003955414
0.2239227432993229,0.48130169003955414
0.2239539455209211,0.48130169003955414
0.22396954663172017,0.48130169003955414
0.2240787544073138,0.48130169003955414
0.22415675996130924,0.48130169003955414
0.22440637773409466,0.4816612729234088
0.22445318106649192,0.4816612729234088
0.22448438328809012,0.4816612729234088
0.22451558550968828,0.4816612729234088
0.22451558550968828,0.4818410643653362
0.22453118662048738,0.4818410643653362
0.22456238884208557,0.4818410643653362
0.22457798995288464,0.4818410643653362
0.2246247932852819,0.4818410643653362
0.2246559955068801,0.4818410643653362
0.22470279883927735,0.4818410643653362
0.22470279883927735,0.48202085580726356
0.22471839995007645,0.48202085580726356
0.2247808043932728,0.48202085580726356
0.22481200661487097,0.48202085580726356
0.22498361883366097,0.48220064724919093
0.22501482105525913,0.48220064724919093
0.2250928266092546,0.48220064724919093
0.2250928266092546,0.4823804386911183
0.22512402883085275,0.4823804386911183
0.22515523105245094,0.4823804386911183
0.22523323660644637,0.4823804386911183
0.22524883771724546,0.48256023013304566
0.22582607881681177,0.4836389787846099
0.22582607881681177,0.48381877022653724
0.2258884832600081,0.48381877022653724
0.2258884832600081,0.48399856166846456
0.2259196854816063,0.48399856166846456
0.22596648881400355,0.48399856166846456
0.2260600954787981,0.48399856166846456
0.22607569658959717,0.4841783531103919
0.22615370214359262,0.4841783531103919
0.22618490436519081,0.4841783531103919
0.22621610658678898,0.4841783531103919
0.22621610658678898,0.4843581445523193
0.22624730880838717,0.4843581445523193
0.22626290991918624,0.4843581445523193
0.2263565165839808,0.4843581445523193
0.22640331991637805,0.4843581445523193
0.22663733657836438,0.48453793599424666
0.22666853879996257,0.48453793599424666
0.22668413991076164,0.48471772743617403
0.22668413991076164,0.4848975188781014
0.22669974102156074,0.4848975188781014
0.22671534213235983,0.48507731032002877
0.22821304876907236,0.48723480762315713
0.22825985210146962,0.48723480762315713
0.22829105432306782,0.48723480762315713
0.22829105432306782,0.4874145990650845
0.22833785765546508,0.4874145990650845
0.22836905987706324,0.4874145990650845
0.2284158632094605,0.4874145990650845
0.22864987987144686,0.48831355627472134
0.22868108209304502,0.48831355627472134
0.22882149209023683,0.48831355627472134
0.23075602982932386,0.4913700107874865
0.2308184342725202,0.4913700107874865
0.2308184342725202,0.49154980222941386
0.2309432431589129,0.4917295936713412
0.230958844269712,0.4917295936713412
0.23100564760210926,0.4917295936713412
0.23100564760210926,0.4919093851132686
0.23102124871290836,0.49208917655519596
0.2310836531561047,0.49208917655519596
0.23116165871010017,0.49226896799712333
0.23147368092608195,0.49226896799712333
0.23161409092327373,0.49226896799712333
0.23211332646884458,0.4929881337648328
0.23217573091204094,0.4929881337648328
0.23217573091204094,0.49316792520676017
0.2322069331336391,0.49316792520676017
0.23226933757683546,0.49316792520676017
0.23228493868763456,0.49316792520676017
0.2323473431308309,0.49316792520676017
0.23236294424163,0.4935275080906149
0.23240974757402727,0.4935275080906149
0.23244094979562546,0.4935275080906149
0.23247215201722363,0.4935275080906149
0.23248775312802272,0.4937072995325423
0.2325033542388218,0.4937072995325423
0.23253455646041998,0.4937072995325423
0.23258135979281724,0.4937072995325423
0.23259696090361634,0.4937072995325423
0.2326593653468127,0.4937072995325423
0.23269056756841086,0.4937072995325423
0.23372024088115073,0.4949658396260338
0.23372024088115073,0.49514563106796117
0.23375144310274892,0.49514563106796117
0.23381384754594528,0.49514563106796117
0.23382944865674435,0.49514563106796117
0.2339074542107398,0.49514563106796117
0.23396985865393616,0.49514563106796117
0.23401666198633342,0.49514563106796117
0.23598240194701864,0.49766271125494427
0.2360136041686168,0.49766271125494427
0.23606040750101406,0.49766271125494427
0.23609160972261226,0.49766271125494427
0.23610721083341135,0.49766271125494427
0.2364192330493931,0.4982020855807264
0.2364192330493931,0.49838187702265374
0.2364348341601922,0.49838187702265374
0.2364348341601922,0.4985616684645811
0.23649723860338856,0.4985616684645811
0.23651283971418766,0.4987414599065085
0.23660644637898218,0.4989212513484358
0.23660644637898218,0.49910104279036316
0.23663764860058037,0.49910104279036316
0.2367156541545758,0.49910104279036316
0.23676245748697308,0.49910104279036316
0.23679365970857125,0.49910104279036316
0.23680926081937034,0.49910104279036316
0.23693406970576306,0.49910104279036316
0.23698087303816032,0.4992808342322905
0.2369964741489594,0.4992808342322905
0.2369964741489594,0.4994606256742179
0.23704327748135667,0.4994606256742179
0.23712128303535213,0.4994606256742179
0.2371368841461512,0.4994606256742179
0.2371680863677494,0.4994606256742179
0.23721488970014665,0.4994606256742179
0.2372928952541421,0.4994606256742179
0.2372928952541421,0.49964041711614526
0.2373084963649412,0.49964041711614526
0.2373084963649412,0.49982020855807263
0.23733969858653936,0.49982020855807263
0.23733969858653936,0.5
0.23737090080813755,0.5
0.23738650191893662,0.5
0.2374177041405348,0.5001797914419274
0.2377141252457175,0.5008989572096368
0.23780773191051202,0.5008989572096368
0.2384161752316765,0.5026968716289104
0.23875939966925644,0.503955411722402
0.23879060189085463,0.503955411722402
0.23889980966644825,0.5041352031643294
0.23893101188804644,0.5041352031643294
0.23907142188523822,0.5041352031643294
0.23907142188523822,0.5044947860481841
0.23916502855003277,0.5044947860481841
0.23932103965802365,0.5044947860481841
0.23974226964959905,0.5046745774901115
0.23975787076039815,0.5046745774901115
0.2398046740927954,0.5046745774901115
0.2398202752035945,0.5046745774901115
0.2398202752035945,0.5048543689320388
0.2398358763143936,0.5048543689320388
0.2398358763143936,0.5050341603739662
0.23985147742519267,0.5050341603739662
0.2409435551811289,0.507371449119022
0.24097475740272709,0.507371449119022
0.24195762738306967,0.5088097806544408
0.24202003182626602,0.5088097806544408
0.24205123404786422,0.5088097806544408
0.24205123404786422,0.5089895720963682
0.24206683515866328,0.5091693635382956
0.24211363849106057,0.5091693635382956
0.24230085182064964,0.5095289464221503
0.2423164529314487,0.5095289464221503
0.2423476551530469,0.5095289464221503
0.24244126181784142,0.5095289464221503
0.24247246403943962,0.5095289464221503
0.24248806515023869,0.509888529306005
0.24251926737183688,0.509888529306005
0.24258167181503323,0.509888529306005
0.2426128740366314,0.509888529306005
0.2426440762582296,0.509888529306005
0.24284689069861773,0.5100683207479324
0.24286249180941683,0.5100683207479324
0.24287809292021592,0.5104279036317871
0.24289369403101502,0.5104279036317871
0.24289369403101502,0.5106076950737145
0.24298730069580954,0.5106076950737145
0.24301850291740773,0.5106076950737145
0.243065306249805,0.5106076950737145
0.243065306249805,0.5107874865156419
0.2430809073606041,0.5107874865156419
0.2430809073606041,0.5109672779575692
0.24312771069300135,0.5109672779575692
0.2431745140253986,0.5109672779575692
0.24323691846859496,0.5109672779575692
0.24328372180099223,0.5109672779575692
0.24333052513338949,0.5109672779575692
0.24333052513338949,0.5111470693994966
0.2434709351305813,0.5111470693994966
0.2435021373521795,0.5111470693994966
0.24353333957377765,0.5111470693994966
0.24353333957377765,0.511326860841424
0.243595744016974,0.5115066522833513
0.2436113451277731,0.5116864437252787
0.24407937845174577,0.5120460266091335
0.24440700177852664,0.5124056094929881
0.2444226028893257,0.5124056094929881
0.2444382040001248,0.5125854009349154
0.24446940622172297,0.5125854009349154
0.24448500733252207,0.5125854009349154
0.24453181066491933,0.5125854009349154
0.24504664732128928,0.5133045667026249
0.24509345065368654,0.5134843581445523
0.2451402539860838,0.5134843581445523
0.245171456207682,0.5136641495864797
0.2451870573184811,0.5136641495864797
0.24521825954007925,0.5136641495864797
0.2452806639832756,0.5136641495864797
0.2452806639832756,0.513843941028407
0.24551468064526194,0.5142035239122618
0.24554588286686013,0.5142035239122618
0.24588910730444008,0.5151024811218986
0.24593591063683734,0.5151024811218986
0.24596711285843553,0.5156418554476807
0.2459827139692346,0.5156418554476807
0.2460295173016319,0.5156418554476807
0.24606071952323005,0.5156418554476807
0.24609192174482822,0.5156418554476807
0.2461231239664264,0.5156418554476807
0.2461231239664264,0.5158216468896081
0.2461387250772255,0.5158216468896081
0.24616992729882367,0.5158216468896081
0.24618552840962277,0.5158216468896081
0.24618552840962277,0.5160014383315354
0.24620112952042186,0.5160014383315354
0.24626353396361822,0.5160014383315354
0.24632593840681458,0.5160014383315354
0.24640394396081,0.5160014383315354
0.24646634840400636,0.5160014383315354
0.24649755062560455,0.5160014383315354
0.24651315173640362,0.5160014383315354
0.24651315173640362,0.5161812297734628
0.2465443539580018,0.5163610212153902
0.24660675840119817,0.5163610212153902
0.24663796062279633,0.5163610212153902
0.24665356173359543,0.5163610212153902
0.24665356173359543,0.5165408126573175
0.24668476395519362,0.5165408126573175
0.24674716839838998,0.5165408126573175
0.24676276950918904,0.5167206040992449
0.24679397173078724,0.5167206040992449
0.2468407750631845,0.5167206040992449
0.24705919061437173,0.5170801869830997
0.24710599394676902,0.5170801869830997
0.24713719616836718,0.5170801869830997
0.24715279727916628,0.5170801869830997
0.24752722393834442,0.5174397698669543
0.24757402727074168,0.5174397698669543
0.24760522949233985,0.5176195613088816
0.24763643171393804,0.5176195613088816
0.2476988361571344,0.517799352750809
0.24779244282192892,0.517799352750809
0.2478236450435271,0.517799352750809
0.24941495834503416,0.5190578928443006
0.2494929638990296,0.5190578928443006
0.24952416612062778,0.5190578928443006
0.24955536834222597,0.5190578928443006
0.24963337389622142,0.519237684286228
0.2496489750070205,0.519237684286228
0.24968017722861868,0.519237684286228
0.24969577833941778,0.519237684286228
0.24974258167181504,0.519237684286228
0.2497893850042123,0.519237684286228
0.24985178944740866,0.519237684286228
0.25000780055539956,0.5194174757281553
0.2500390027769977,0.5194174757281553
0.2500702049985959,0.5194174757281553
0.25011700833099315,0.5194174757281553
0.25011700833099315,0.5195972671700827
0.25030422166058225,0.5195972671700827
0.2505850416549658,0.5195972671700827
0.2506318449873631,0.5195972671700827
0.2506318449873631,0.5197770586120101
0.2506474460981622,0.5199568500539374
0.25066304720896126,0.5199568500539374
0.25069424943055946,0.5199568500539374
0.25069424943055946,0.5201366414958648
0.2507098505413585,0.5201366414958648
0.2507098505413585,0.5203164329377922
0.250787856095354,0.5203164329377922
0.25086586164934943,0.5203164329377922
0.2508970638709476,0.5203164329377922
0.2510062716465412,0.5203164329377922
0.2510998783113358,0.5203164329377922
0.2511310805329339,0.5203164329377922
0.2511934849761303,0.5203164329377922
0.2517395238540984,0.5208558072635743
0.2517707260756966,0.5208558072635743
0.25186433274049114,0.5208558072635743
0.2519423382944866,0.5208558072635743
0.2519423382944866,0.5210355987055016
0.25198914162688385,0.5210355987055016
0.25198914162688385,0.521215390147429
0.2520047427376829,0.5213951815893564
0.2520515460700802,0.5213951815893564
0.25208274829167837,0.5215749730312838
0.25209834940247744,0.5215749730312838
0.25222315828887015,0.5215749730312838
0.25225436051046835,0.5215749730312838
0.2523011638428656,0.5215749730312838
0.2523011638428656,0.5217547644732111
0.2523167649536647,0.5217547644732111
0.2523323660644638,0.5219345559151385
0.25234796717526287,0.5219345559151385
0.2534556460419982,0.5222941387989931
0.2535024493743955,0.5222941387989931
0.25381447159037723,0.5226537216828478
0.2538300727011763,0.5226537216828478
0.25390807825517175,0.5226537216828478
0.2539236793659709,0.5226537216828478
0.25393928047676995,0.5228335131247752
0.2540016849199663,0.5228335131247752
0.2540484882523636,0.5228335131247752
0.2541108926955599,0.5230133045667026
0.2541732971387563,0.5230133045667026
0.2543449093575463,0.52319309600863
0.2543449093575463,0.5233728874505573
0.2543761115791444,0.5233728874505573
0.2544229149115417,0.5233728874505573
0.254469718243939,0.5233728874505573
0.254469718243939,0.5235526788924847
0.25451652157633625,0.5235526788924847
0.2545789260195326,0.5235526788924847
0.25462572935192984,0.5235526788924847
0.25464133046272897,0.5235526788924847
0.25464133046272897,0.5237324703344121
0.25465693157352803,0.5237324703344121
0.25546818933508064,0.5253505933117584
0.2555773971106743,0.5253505933117584
0.25559299822147336,0.5253505933117584
0.25562420044307155,0.5255303847536857
0.2556398015538706,0.5255303847536857
0.2559518237698524,0.5255303847536857
0.2559674248806515,0.5255303847536857
0.2559674248806515,0.5257101761956131
0.25601422821304876,0.5257101761956131
0.2564198570938251,0.5258899676375405
0.25646666042622235,0.5258899676375405
0.25649786264782054,0.5258899676375405
0.2565134637586196,0.5258899676375405
0.2565134637586196,0.5260697590794678
0.2565446659802178,0.5260697590794678
0.25659146931261506,0.5260697590794678
0.2566538737558114,0.5260697590794678
0.2566850759774096,0.5260697590794678
0.2567162781990078,0.5262495505213952
0.25673187930980684,0.5262495505213952
0.25673187930980684,0.5264293419633226
0.2567786826422041,0.5264293419633226
0.25682548597460136,0.5264293419633226
0.25688789041779775,0.5264293419633226
0.25691909263939594,0.5264293419633226
0.2569502948609941,0.5264293419633226
0.2570595026365877,0.5264293419633226
0.2570907048581859,0.5264293419633226
0.2571219070797841,0.5264293419633226
0.25715310930138224,0.5264293419633226
0.2571999126337795,0.5264293419633226
0.25727791818777496,0.5264293419633226
0.25730912040937315,0.5264293419633226
0.2573247215201722,0.52660913340525
0.2573247215201722,0.5267889248471773
0.25734032263097134,0.5267889248471773
0.2573715248525695,0.5267889248471773
0.2575587381821586,0.5267889248471773
0.25758994040375677,0.5267889248471773
0.25776155262254674,0.5269687162891047
0.2577771537333458,0.5269687162891047
0.25782395706574307,0.5269687162891047
0.2578395581765422,0.5269687162891047
0.25785515928734126,0.5271485077310321
0.25788636150893945,0.5271485077310321
0.2579331648413367,0.5271485077310321
0.2579643670629349,0.5271485077310321
0.257979968173734,0.5271485077310321
0.257979968173734,0.5273282991729593
0.25801117039533217,0.5273282991729593
0.25805797372772943,0.5273282991729593
0.25815158039252395,0.5275080906148867
0.2581983837249212,0.5275080906148867
0.2613342069955381,0.5329018338727076
0.26138101032793537,0.5329018338727076
0.2614122125495335,0.5329018338727076
0.2614434147711317,0.5329018338727076
0.26145901588193077,0.533081625314635
0.2615058192143281,0.533081625314635
0.2615058192143281,0.5334412081984897
0.26155262254672534,0.5334412081984897
0.2615994258791226,0.5334412081984897
0.2616930325439171,0.5336209996404171
0.2617554369871135,0.5336209996404171
0.2617554369871135,0.5338007910823445
0.2617710380979126,0.5338007910823445
0.26206745920309527,0.5338007910823445
0.26206745920309527,0.5339805825242718
0.2621454647570907,0.5339805825242718
0.26220786920028705,0.5341603739661992
0.2622858747542825,0.5341603739661992
0.2623170769758807,0.5343401654081266
0.26278511029985335,0.5357784969435455
0.2628007114106524,0.5357784969435455
0.2628631158538488,0.5357784969435455
0.26292552029704513,0.5357784969435455
0.26294112140784426,0.5359582883854729
0.2629723236294424,0.5359582883854729
0.2629879247402415,0.5359582883854729
0.26301912696183966,0.5359582883854729
0.26308153140503604,0.5359582883854729
0.26311273362663423,0.5359582883854729
0.2640019969421823,0.5379359942466738
0.26404880027457955,0.5379359942466738
0.26417360916097227,0.5379359942466738
0.26418921027177134,0.5379359942466738
0.26431401915816405,0.5379359942466738
0.26447003026615495,0.5381157856886012
0.26447003026615495,0.5382955771305286
0.26450123248775315,0.5382955771305286
0.2645792380417486,0.5382955771305286
0.27523479671752626,0.5528586839266451
0.2752503978283254,0.5528586839266451
0.2752816000499236,0.5528586839266451
0.27532840338232084,0.5528586839266451
0.2755156167119099,0.5528586839266451
0.2755468189335081,0.5528586839266451
0.27557802115510627,0.5528586839266451
0.27559362226590534,0.5528586839266451
0.27562482448750353,0.5528586839266451
0.27571843115229805,0.5528586839266451
0.2757808355954944,0.5528586839266451
0.27582763892789164,0.5528586839266451
0.27599925114668167,0.5532182668104998
0.27601485225748074,0.5532182668104998
0.2760304533682798,0.5533980582524272
0.27607725670067707,0.5533980582524272
0.2760928578114762,0.5535778496943545
0.2761240600330744,0.5535778496943545
0.27617086336547164,0.5535778496943545
0.27617086336547164,0.5537576411362819
0.27629567225186435,0.5537576411362819
0.2763580766950607,0.5537576411362819
0.2763892789166589,0.5537576411362819
0.27643608224905614,0.5537576411362819
0.27649848669225247,0.5537576411362819
0.2765140878030516,0.5537576411362819
0.2765452900246498,0.5537576411362819
0.2765764922462479,0.5537576411362819
0.2766232955786452,0.5537576411362819
0.27668570002184156,0.5537576411362819
0.27671690224343976,0.5537576411362819
0.2767325033542388,0.5537576411362819
0.2767793066866361,0.5537576411362819
0.2768105089082343,0.5537576411362819
0.2768105089082343,0.5539374325782093
0.27684171112983247,0.5539374325782093
0.27685731224063154,0.5539374325782093
0.27688851446222973,0.5539374325782093
0.27691971668382787,0.5539374325782093
0.276935317794627,0.554297015462064
0.27698212112702425,0.554297015462064
0.27701332334862244,0.554297015462064
0.27707572779181877,0.554297015462064
0.27712253112421603,0.554297015462064
0.27712253112421603,0.5544768069039914
0.27713813223501516,0.5544768069039914
0.2787138444257231,0.556274721323265
0.2787294455365222,0.556274721323265
0.2787606477581204,0.556274721323265
0.27880745109051763,0.556274721323265
0.2788542544229149,0.556274721323265
0.278869855533714,0.556274721323265
0.27890105775531215,0.556274721323265
0.27911947330649944,0.556274721323265
0.2791662766388967,0.556274721323265
0.27921307997129396,0.556274721323265
0.27924428219289216,0.556274721323265
0.2792598833036912,0.5564545127651924
0.2793066866360885,0.5564545127651924
0.27932228774688755,0.5564545127651924
0.2793378888576867,0.5566343042071198
0.27938469219008394,0.5566343042071198
0.279400293300883,0.5566343042071198
0.2794938999656776,0.5566343042071198
0.2795251021872757,0.5566343042071198
0.2795563044088739,0.5566343042071198
0.2795875066304721,0.5566343042071198
0.27963430996286937,0.5566343042071198
0.2796811132952666,0.5566343042071198
0.2796811132952666,0.5569938870909744
0.2796967144060657,0.5569938870909744
0.2797279166276639,0.5569938870909744
0.2797591188492621,0.5571736785329018
0.27980592218165934,0.5571736785329018
0.2811164154887828,0.5587918015102481
0.281147617710381,0.5587918015102481
0.2812724265967737,0.5589715929521755
0.2812880277075728,0.5589715929521755
0.28133483103997003,0.5591513843941028
0.28145963992636275,0.5591513843941028
0.28149084214796094,0.5591513843941028
0.28152204436955913,0.5591513843941028
0.28152204436955913,0.5593311758360302
0.2816312521451527,0.5593311758360302
0.2816624543667509,0.5593311758360302
0.2816624543667509,0.5595109672779576
0.28172485880994724,0.5595109672779576
0.28172485880994724,0.5596907587198849
0.2818184654747418,0.5596907587198849
0.28184966769633996,0.5596907587198849
0.2818652688071391,0.5596907587198849
0.2820524821367281,0.5598705501618123
0.2820524821367281,0.560230133045667
0.2821148865799245,0.560230133045667
0.2821148865799245,0.5605897159295218
0.28214608880152264,0.5605897159295218
0.28217729102312084,0.5605897159295218
0.28219289213391996,0.5605897159295218
0.2823177010203127,0.5605897159295218
0.28362819432743613,0.5629270046745775
0.28365939654903427,0.5629270046745775
0.28369059877063246,0.5629270046745775
0.2837374021030297,0.5629270046745775
0.2837998065462261,0.5634663790003596
0.28383100876782424,0.5634663790003596
0.2839090143218197,0.5634663790003596
0.28398701987581515,0.5636461704422869
0.28404942431901153,0.5636461704422869
0.2840962276514088,0.5636461704422869
0.28411182876220786,0.5636461704422869
0.28411182876220786,0.5640057533261417
0.2842054354270024,0.5640057533261417
0.28810571312677463,0.5668824163969794
0.2881213142375737,0.5668824163969794
0.28846453867515365,0.5672419992808342
0.28848013978595277,0.5672419992808342
0.2885737464507473,0.5674217907227616
0.28865175200474275,0.5674217907227616
0.2887297575587382,0.5674217907227616
0.2887921620019345,0.5674217907227616
0.2888233642235327,0.5674217907227616
0.2888545664451309,0.5674217907227616
0.2923336141533277,0.5702984537935994
0.2923492152641268,0.5702984537935994
0.2923492152641268,0.5704782452355268
0.2923648163749259,0.5704782452355268
0.2923648163749259,0.5706580366774542
0.2923960185965241,0.5706580366774542
0.2924272208181222,0.5706580366774542
0.2924896252613186,0.5706580366774542
0.2924896252613186,0.5708378281193816
0.29256763081531406,0.5708378281193816
0.29259883303691225,0.5708378281193816
0.2926144341477113,0.5708378281193816
0.29325407969047396,0.5713772024451637
0.29328528191207215,0.5713772024451637
0.29328528191207215,0.571556993887091
0.2933632874660676,0.571556993887091
0.29337888857686667,0.5717367853290184
0.29339448968766574,0.5717367853290184
0.2935036974632594,0.5722761596548004
0.2935036974632594,0.5724559510967278
0.29351929857405845,0.5724559510967278
0.2935661019064557,0.5724559510967278
0.29361290523885303,0.5724559510967278
0.29361290523885303,0.5726357425386551
0.2936285063496521,0.5726357425386551
0.2936285063496521,0.5728155339805825
0.29364410746045116,0.5728155339805825
0.29367530968204936,0.5728155339805825
0.2936909107928484,0.5728155339805825
0.29383132079004026,0.5729953254225099
0.29422134856001747,0.573534699748292
0.29425255078161566,0.573534699748292
0.29426815189241473,0.573534699748292
0.2951418140971637,0.5742538655160014
0.2952198196511592,0.5742538655160014
0.2952822240943555,0.5742538655160014
0.2957346563075291,0.5746134483998562
0.2969359418390589,0.5762315713772025
0.29695154294985804,0.5762315713772025
0.29701394739305437,0.5762315713772025
0.29704514961465256,0.5762315713772025
0.2970919529470498,0.5762315713772025
0.29718555961184434,0.5762315713772025
0.29720116072264346,0.5764113628191299
0.2972479640550407,0.5764113628191299
0.29734157071983525,0.5764113628191299
0.2973571718306343,0.5764113628191299
0.2973883740522325,0.5764113628191299
0.2974195762738307,0.5764113628191299
0.2974507784954289,0.5764113628191299
0.2975131829386252,0.5764113628191299
0.298355642921776,0.5773103200287666
0.2983868451433742,0.5773103200287666
0.2984180473649724,0.5773103200287666
0.29846485069736967,0.577490111470694
0.29849605291896786,0.577490111470694
0.30057100065524667,0.5800071916576771
0.3007270117632375,0.5800071916576771
0.30080501731723297,0.5800071916576771
0.3008830228712284,0.5801869830996045
0.30089862398202755,0.5801869830996045
0.3009454273144248,0.5801869830996045
0.30100783175762114,0.5810859403092413
0.3010234328684202,0.5810859403092413
0.3010234328684202,0.5812657317511687
0.30103903397921933,0.5812657317511687
0.30128865175200475,0.5812657317511687
0.30164747730038377,0.5812657317511687
0.30167867952198196,0.5812657317511687
0.3017254828543792,0.5812657317511687
0.3017878872975756,0.5812657317511687
0.30181908951917374,0.5812657317511687
0.3018970950731692,0.5812657317511687
0.3019282972947674,0.5812657317511687
0.30194389840556646,0.5812657317511687
0.30203750507036103,0.5812657317511687
0.30211551062435643,0.5812657317511687
0.30213111173515556,0.5812657317511687
0.30213111173515556,0.5814455231930961
0.30272395394552093,0.5823444804027328
0.3027551561671191,0.5823444804027328
0.3029891728291054,0.5825242718446602
0.30300477393990455,0.5825242718446602
0.30300477393990455,0.5828838547285149
0.30333239726668537,0.5830636461704423
0.3033479983774845,0.5830636461704423
0.30337920059908263,0.5830636461704423
0.30339480170988176,0.5830636461704423
0.30342600393147995,0.5830636461704423
0.303441605042279,0.5830636461704423
0.30395644169864894,0.5836030204962244
0.30398764392024713,0.5836030204962244
0.30398764392024713,0.5837828119381517
0.3040188461418453,0.5837828119381517
0.30479890168179974,0.5845019777058612
0.30483010390339793,0.5845019777058612
0.30483010390339793,0.5846817691477886
0.3049081094573934,0.5846817691477886
0.30495491278979064,0.5846817691477886
0.3050017161221879,0.5846817691477886
0.3050329183437861,0.5846817691477886
0.30504851945458517,0.5846817691477886
0.30506412056538423,0.584861560589716
0.3050953227869824,0.584861560589716
0.3051265250085806,0.584861560589716
0.3051421261193797,0.584861560589716
0.30518892945177695,0.584861560589716
0.30520453056257607,0.584861560589716
0.305719367218946,0.585400934915498
0.3057505694405442,0.585400934915498
0.3058597772161378,0.585400934915498
0.30590658054853503,0.585400934915498
0.3059377827701332,0.585400934915498
0.3059845861025305,0.585400934915498
0.30604699054572687,0.585400934915498
0.30609379387812413,0.585400934915498
0.30615619832132046,0.585400934915498
0.3061717994321196,0.585400934915498
0.3062030016537177,0.585400934915498
0.3062342038753159,0.585400934915498
0.3062342038753159,0.5855807263574254
0.30631220942931137,0.5855807263574254
0.3063590127617086,0.5855807263574254
0.3064058160941059,0.5855807263574254
0.3064058160941059,0.5857605177993528
0.3064370183157041,0.5857605177993528
0.30648382164810134,0.5857605177993528
0.3064994227589004,0.5857605177993528
0.3065306249804986,0.5859403092412802
0.30657742831289586,0.5859403092412802
0.30660863053449405,0.5859403092412802
0.3066554338668913,0.5859403092412802
0.3066866360884895,0.5859403092412802
0.30673343942088677,0.5859403092412802
0.30673343942088677,0.5861201006832075
0.3068426471964804,0.5861201006832075
0.30693625386127493,0.5862998921251349
0.3070142594152704,0.5862998921251349
0.3071078660800649,0.5862998921251349
0.307123467190864,0.5862998921251349
0.3073418827420512,0.5864796835670623
0.3073886860744485,0.5864796835670623
0.3073886860744485,0.5866594750089895
0.30868357827077286,0.5884573894282632
0.30874598271396925,0.5884573894282632
0.3089175949327592,0.5884573894282632
0.3098068582483073,0.5904350952894643
0.30982245935910635,0.5904350952894643
0.30985366158070454,0.5904350952894643
0.3099316671347,0.5904350952894643
0.3099316671347,0.5906148867313916
0.3099628693562982,0.5906148867313916
0.3100564760210927,0.5906148867313916
0.3101968860182845,0.5906148867313916
0.31046210490186904,0.5906148867313916
0.31046210490186904,0.590794678173319
0.3104933071234672,0.590794678173319
0.3105089082342663,0.590794678173319
0.31054011045586444,0.590794678173319
0.31057131267746263,0.5909744696152464
0.3106493182314581,0.5911542610571737
0.3107429248962526,0.5915138439410285
0.3108677337826453,0.5915138439410285
0.31139817154981436,0.5922330097087378
0.3114293737714125,0.5922330097087378
0.3116165871010016,0.5922330097087378
0.3116477893225998,0.5922330097087378
0.3117725982089925,0.5922330097087378
0.31181940154138976,0.5922330097087378
0.31181940154138976,0.5924128011506652
0.31183500265218883,0.5924128011506652
0.311866204873787,0.5925925925925926
0.3118818059845861,0.5925925925925926
0.3119130082061843,0.5925925925925926
0.31192860931698335,0.5925925925925926
0.31192860931698335,0.5927723840345199
0.3119754126493806,0.5927723840345199
0.312037817092577,0.5927723840345199
0.3121314237573715,0.5929521754764473
0.3121782270897688,0.5929521754764473
0.31220942931136697,0.5929521754764473
0.31225623264376423,0.5929521754764473
0.31225623264376423,0.5931319669183747
0.3123030359761615,0.5931319669183747
0.3123342381977597,0.5931319669183747
0.31238104153015694,0.5931319669183747
0.3125994570813442,0.5938511326860841
0.3126150581921433,0.5938511326860841
0.31264626041374144,0.5940309241280115
0.31266186152454056,0.5942107155699389
0.31267746263533963,0.5942107155699389
0.3127086648569378,0.5943905070118662
0.3127866704109333,0.5943905070118662
0.31283347374333054,0.5943905070118662
0.3128490748541296,0.5945702984537936
0.31286467596492873,0.5945702984537936
0.31286467596492873,0.594750089895721
0.3128802770757278,0.594750089895721
0.31289587818652687,0.5949298813376483
0.312911479297326,0.5949298813376483
0.3130362881837187,0.5949298813376483
0.3130362881837187,0.5951096727795757
0.31308309151611596,0.5951096727795757
0.3131298948485132,0.5951096727795757
0.3131610970701114,0.5952894642215031
0.3131766981809105,0.5952894642215031
0.3131766981809105,0.5954692556634305
0.31319229929170955,0.5954692556634305
0.31322350151330774,0.5956490471053578
0.3132391026241068,0.5956490471053578
0.31328590595650413,0.5956490471053578
0.3133327092889014,0.5956490471053578
0.3133639115104995,0.5956490471053578
0.3133639115104995,0.5958288385472852
0.3134575181752941,0.5958288385472852
0.31348872039689224,0.5958288385472852
0.3135823270616868,0.5958288385472852
0.3136291303940841,0.5958288385472852
0.3136603326156822,0.5958288385472852
0.3136603326156822,0.5960086299892126
0.3136915348372804,0.5960086299892126
0.31370713594807953,0.5960086299892126
0.31547006146837653,0.5978065444084861
0.3155168648007738,0.5978065444084861
0.3155792692439702,0.5978065444084861
0.3155792692439702,0.5979863358504135
0.31562607257636743,0.5981661272923409
0.3156572747979656,0.5981661272923409
0.3156728759087647,0.5981661272923409
0.31571967924116195,0.5981661272923409
0.3157352803519611,0.5981661272923409
0.3157664825735592,0.5981661272923409
0.31578208368435834,0.5981661272923409
0.3159380947923492,0.5983459187342682
0.31601610034634464,0.5983459187342682
0.31604730256794283,0.5983459187342682
0.31617211145433555,0.5983459187342682
0.3176854192018472,0.5997842502696872
0.31770102031264624,0.5997842502696872
0.31773222253424444,0.5997842502696872
0.3177634247558426,0.5997842502696872
0.3178102280882399,0.5997842502696872
0.31782582919903896,0.5997842502696872
0.31795063808543167,0.5997842502696872
0.31795063808543167,0.5999640417116145
0.31801304252862805,0.5999640417116145
0.3193391369465506,0.6019417475728155
0.31940154138974697,0.6019417475728155
0.3194639458329433,0.6021215390147429
0.3194795469437424,0.6021215390147429
0.3195263502761397,0.6021215390147429
0.3195575524977378,0.6021215390147429
0.319588754719336,0.6021215390147429
0.3196199569409342,0.6021215390147429
0.3196511591625324,0.6021215390147429
0.3197447658273269,0.6021215390147429
0.3197915691597242,0.6021215390147429
0.3197915691597242,0.6023013304566702
0.31982277138132237,0.6023013304566702
0.31996318137851415,0.6023013304566702
0.31999438360011234,0.6023013304566702
0.32005678804330867,0.6023013304566702
0.3201347935973041,0.6023013304566702
0.3201347935973041,0.6024811218985976
0.3207432369184686,0.6028407047824523
0.32077443914006676,0.6028407047824523
0.3208680458048613,0.6028407047824523
0.32094605135885673,0.6028407047824523
0.320992854691254,0.6028407047824523
0.320992854691254,0.6030204962243797
0.32108646135604857,0.6030204962243797
0.3211176635776467,0.6030204962243797
0.3211800680208431,0.6030204962243797
0.32119566913164216,0.6030204962243797
0.3214608880152267,0.6032002876663071
0.3214764891260258,0.6032002876663071
0.3214764891260258,0.6033800791082344
0.32161689912321756,0.6033800791082344
0.32164810134481575,0.6033800791082344
0.32164810134481575,0.6037396619920892
0.32178851134200753,0.6037396619920892
0.3218353146744048,0.6037396619920892
0.321866516896003,0.6039194534340165
0.32192892133919937,0.6039194534340165
0.32192892133919937,0.6040992448759439
0.3219913257823957,0.6040992448759439
0.3220069268931948,0.6040992448759439
0.32206933133639115,0.6040992448759439
0.3220849324471902,0.6040992448759439
0.32222534244438206,0.6042790363178713
0.3222409435551811,0.6042790363178713
0.3222721457767793,0.6042790363178713
0.3223813535523729,0.6042790363178713
0.3224125557739711,0.6042790363178713
0.32603201347935973,0.6071556993887091
0.3260476145901588,0.6071556993887091
0.3260476145901588,0.6073354908306364
0.3260944179225561,0.6073354908306364
0.3261100190333552,0.6073354908306364
0.3261100190333552,0.6075152822725638
0.32615682236575244,0.6075152822725638
0.32615682236575244,0.6076950737144912
0.3262036256981497,0.6076950737144912
0.32621922680894877,0.6078748651564185
0.3263596368061406,0.6078748651564185
0.3263596368061406,0.6080546565983459
0.32640644013853787,0.6080546565983459
0.3265000468033324,0.6082344480402733
0.3265312490249306,0.6082344480402733
0.32657805235732784,0.6082344480402733
0.32664045680052417,0.6082344480402733
0.32667165902212236,0.6082344480402733
0.32684327124091234,0.6082344480402733
0.32687447346251053,0.6082344480402733
0.326952479016506,0.6082344480402733
0.326952479016506,0.6084142394822006
0.32699928234890324,0.6084142394822006
0.3270148834597023,0.6084142394822006
0.32706168679209957,0.608594030924128
0.3270772879028987,0.608594030924128
0.3270772879028987,0.6087738223660554
0.3271084901244969,0.6087738223660554
0.3271084901244969,0.6089536138079827
0.3271708945676932,0.6091334052499101
0.3272020967892914,0.6091334052499101
0.32809136010483947,0.6094929881337648
0.32810696121563854,0.6094929881337648
0.32810696121563854,0.6096727795756922
0.3282005678804331,0.6096727795756922
0.32823177010203125,0.6096727795756922
0.3282473712128304,0.6098525710176196
0.3284033823208212,0.6098525710176196
0.3290430278635839,0.6103919453434017
0.3290898311959812,0.6103919453434017
0.3290898311959812,0.6105717367853291
0.3291678367499766,0.6105717367853291
0.3291834378607757,0.6105717367853291
0.3292926456363693,0.6105717367853291
0.3293082467471684,0.6105717367853291
0.3293394489687666,0.6105717367853291
0.329417454522762,0.6105717367853291
0.3294486567443602,0.6105717367853291
0.3299634934007301,0.6111111111111112
0.3300258978439265,0.6111111111111112
0.3300571000655247,0.6112909025530385
0.3300883022871228,0.6112909025530385
0.3301507067303192,0.6112909025530385
0.330291116727511,0.6116504854368932
0.33033792005990825,0.6116504854368932
0.33033792005990825,0.6118302768788205
0.3304315267247028,0.6118302768788205
0.3304471278355019,0.6120100683207479
0.33046272894630097,0.6120100683207479
0.3305407345002964,0.6121898597626753
0.33063434116509094,0.6121898597626753
0.33064994227589006,0.6123696512046026
0.33064994227589006,0.61254944264653
0.33075915005148365,0.61254944264653
0.33079035227308184,0.61254944264653
0.3308059533838809,0.61254944264653
0.3308527567162782,0.61254944264653
0.3308683578270773,0.61254944264653
0.3308995600486755,0.61254944264653
0.3309307622702736,0.61254944264653
0.3309307622702736,0.6127292340884574
0.3309775656026709,0.6127292340884574
0.3311023744890636,0.6127292340884574
0.33118038004305905,0.6127292340884574
0.33121158226465724,0.6127292340884574
0.33133639115104996,0.6127292340884574
0.33136759337264815,0.6127292340884574
0.331523604480639,0.6127292340884574
0.33157040781303626,0.6127292340884574
0.3315860089238354,0.6127292340884574
0.33163281225623265,0.6127292340884574
0.3316796155886299,0.6130888169723121
0.3317420200318263,0.6130888169723121
0.33178882336422355,0.6130888169723121
0.3318200255858217,0.6130888169723121
0.3318356266966208,0.6130888169723121
0.33192923336141533,0.6130888169723121
0.3319604355830135,0.6130888169723121
0.3319604355830135,0.6132686084142395
0.33199163780461166,0.6132686084142395
0.3335673499953197,0.6139877741819489
0.33358295110611874,0.6139877741819489
0.3337233611033106,0.6141675656238763
0.3337857655465069,0.6141675656238763
0.3338169677681051,0.6141675656238763
0.33386377110050236,0.6141675656238763
0.3339417766544978,0.6141675656238763
0.333972978876096,0.6141675656238763
0.33400418109769414,0.6141675656238763
0.3341757933164841,0.6141675656238763
0.3343474055352741,0.614527148507731
0.3343786077568723,0.614527148507731
0.3344098099784705,0.614527148507731
0.33444101220006867,0.614527148507731
0.3344722144216668,0.614527148507731
0.3344878155324659,0.614527148507731
0.33455021997566226,0.614527148507731
0.3346282255296577,0.614527148507731
0.3346594277512559,0.614527148507731
0.33467502886205497,0.6147069399496584
0.33470623108365316,0.6147069399496584
0.33470623108365316,0.6148867313915858
0.33472183219445223,0.6148867313915858
0.3347530344160504,0.6148867313915858
0.3347686355268495,0.6148867313915858
0.3348310399700459,0.6148867313915858
0.3349090455240413,0.6148867313915858
0.33494024774563946,0.6148867313915858
0.33500265218883585,0.6148867313915858
0.33509625885363037,0.6148867313915858
0.33514306218602763,0.6148867313915858
0.33514306218602763,0.6150665228335132
0.33515866329682675,0.6150665228335132
0.3351898655184249,0.6150665228335132
0.3353302755156167,0.6150665228335132
0.33536147773721486,0.6150665228335132
0.33542388218041125,0.6150665228335132
0.3354394832912103,0.6152463142754405
0.33545508440200944,0.6152463142754405
0.3354862866236076,0.6152463142754405
0.33554869106680396,0.6156058971592953
0.33556429217760303,0.6156058971592953
0.3355954943992012,0.6156058971592953
0.3356578988423976,0.6156058971592953
0.3356734999531967,0.6157856886012226
0.3357983088395894,0.6157856886012226
0.3357983088395894,0.61596548004315
0.33581390995038846,0.61596548004315
0.33581390995038846,0.6161452714850774
0.33587631439358484,0.6161452714850774
0.335907516615183,0.6161452714850774
0.3360167243907766,0.6161452714850774
0.3360479266123748,0.6163250629270047
0.3360635277231739,0.6163250629270047
0.3360947299447721,0.6163250629270047
0.3361571343879684,0.6163250629270047
0.3361571343879684,0.616504854368932
0.3362195388311648,0.616504854368932
0.33626634216356205,0.616504854368932
0.33629754438516024,0.616504854368932
0.3363755499391557,0.616504854368932
0.33640675216075383,0.616504854368932
0.336437954382352,0.616504854368932
0.33650035882554835,0.616504854368932
0.33650035882554835,0.6166846458108594
0.33653156104714654,0.6166846458108594
0.3367343754875347,0.6166846458108594
0.3367655777091329,0.6166846458108594
0.3368591843739274,0.6166846458108594
0.3368903865955256,0.6166846458108594
0.3369059877063247,0.6168644372527867
0.33695279103872194,0.6168644372527867
0.33696839214952107,0.6168644372527867
0.33696839214952107,0.6170442286947141
0.33698399326032014,0.6172240201366415
0.3370307965927174,0.6172240201366415
0.3370619988143156,0.6172240201366415
0.33707759992511466,0.6172240201366415
0.3371244032575119,0.6172240201366415
0.3371556054791101,0.6172240201366415
0.3371712065899092,0.6174038115785688
0.33720240881150737,0.6174038115785688
0.33724921214390463,0.6175836030204962
0.3373272176979001,0.6175836030204962
0.33734281880869915,0.6175836030204962
0.33737402103029734,0.6175836030204962
0.3374208243626946,0.6175836030204962
0.3374520265842928,0.6177633944624236
0.3374520265842928,0.6179431859043509
0.3375924365814846,0.6179431859043509
0.3375924365814846,0.6181229773462783
0.33767044213548003,0.6181229773462783
0.3377016443570782,0.6181229773462783
0.3377172454678773,0.6181229773462783
0.3377796499110737,0.6181229773462783
0.33782645324347094,0.6181229773462783
0.33792005990826546,0.6181229773462783
0.33795126212986365,0.6181229773462783
0.3381228743486536,0.6181229773462783
0.3381696776810509,0.6181229773462783
0.33818527879184995,0.6181229773462783
0.33823208212424727,0.6183027687882057
0.33831008767824267,0.6183027687882057
0.3383880932322381,0.6183027687882057
0.3384192954538363,0.6183027687882057
0.3384504976754345,0.6183027687882057
0.33851290211863083,0.6183027687882057
0.33852850322942996,0.6186623516720604
0.3387781210022154,0.6186623516720604
0.3388405254454117,0.6186623516720604
0.3389029298886081,0.6186623516720604
0.33894973322100536,0.6186623516720604
0.3389653343318044,0.6186623516720604
0.33907454210739807,0.6186623516720604
0.3391681487721926,0.6186623516720604
0.3392773565477862,0.6188421431139878
0.3393241598801835,0.6188421431139878
0.339417766544978,0.6190219345559151
0.33944896876657615,0.6190219345559151
0.3394645698773753,0.6192017259978425
0.3396517832069643,0.6192017259978425
0.3396829854285625,0.6192017259978425
0.3397141876501607,0.6192017259978425
0.3397453898717589,0.6192017259978425
0.33976099098255796,0.6192017259978425
0.33979219320415616,0.6192017259978425
0.3398389965365534,0.6192017259978425
0.34035383319292334,0.6193815174397699
0.34038503541452153,0.6193815174397699
0.3405410465225124,0.6195613088816972
0.3406658554089051,0.619920891765552
0.3407282598521015,0.619920891765552
0.34077506318449874,0.619920891765552
0.340821866516896,0.619920891765552
0.3408530687384942,0.619920891765552
0.34089987207089145,0.619920891765552
0.34093107429248964,0.619920891765552
0.3409466754032887,0.619920891765552
0.340993478735686,0.619920891765552
0.34102468095728417,0.619920891765552
0.3410714842896814,0.6201006832074794
0.3411026865112796,0.6201006832074794
0.3411182876220787,0.6204602660913341
0.34113388873287775,0.6204602660913341
0.34113388873287775,0.6206400575332615
0.34119629317607414,0.6206400575332615
0.34122749539767233,0.6206400575332615
0.3415707198352523,0.6206400575332615
0.34160192205685047,0.6206400575332615
0.34160192205685047,0.6208198489751888
0.3416331242784486,0.6208198489751888
0.34197634871602856,0.6211794318590436
0.3419919498268277,0.6211794318590436
0.34203875315922494,0.6211794318590436
0.3421167587132204,0.6211794318590436
0.3421791631564167,0.6211794318590436
0.342225966488814,0.6211794318590436
0.3422415675996131,0.6211794318590436
0.3422415675996131,0.6213592233009708
0.34228837093201037,0.6213592233009708
0.34231957315360856,0.6213592233009708
0.3425379887047958,0.6213592233009708
0.34255358981559486,0.6213592233009708
0.342569190926394,0.6215390147428982
0.3426471964803894,0.6215390147428982
0.3426783987019876,0.6215390147428982
0.34269399981278664,0.6215390147428982
0.34269399981278664,0.6218985976267529
0.34270960092358577,0.6218985976267529
0.34294361758557207,0.6220783890686803
0.3429592186963712,0.6220783890686803
0.34300602202876845,0.6220783890686803
0.34303722425036665,0.6220783890686803
0.3430684264719648,0.6220783890686803
0.343099628693563,0.6220783890686803
0.3431932353583575,0.6220783890686803
0.3431932353583575,0.6222581805106077
0.3432556398015539,0.6222581805106077
0.34330244313395114,0.622437971952535
0.3433492464663484,0.622437971952535
0.3433804486879466,0.622437971952535
0.34345845424194205,0.622437971952535
0.3434896564635402,0.622437971952535
0.3435208586851384,0.622437971952535
0.34355206090673657,0.6226177633944624
0.34358326312833476,0.6226177633944624
0.343630066460732,0.6226177633944624
0.3436456675715311,0.6226177633944624
0.34381727979032106,0.6227975548363898
0.3438328809011202,0.6227975548363898
0.3438640831227183,0.6227975548363898
0.34387968423351745,0.6227975548363898
0.3439264875659147,0.6231571377202445
0.3439420886767138,0.6231571377202445
0.34395768978751284,0.6233369291621719
0.34397329089831197,0.6233369291621719
0.3441293020063029,0.6233369291621719
0.34414490311710194,0.6233369291621719
0.3441917064494992,0.6233369291621719
0.3441917064494992,0.6235167206040992
0.3442229086710974,0.6235167206040992
0.34426971200349465,0.6235167206040992
0.34430091422509285,0.6235167206040992
0.3443633186682892,0.6235167206040992
0.34439452088988737,0.6235167206040992
0.34441012200068644,0.6235167206040992
0.34441012200068644,0.6236965120460266
0.34444132422228463,0.623876303487954
0.3444569253330837,0.623876303487954
0.3444569253330837,0.6240560949298813
0.3444881275546819,0.6240560949298813
0.34450372866548096,0.6240560949298813
0.34453493088707915,0.6240560949298813
0.34462853755187367,0.6244156778137361
0.344675340884271,0.6244156778137361
0.3447065431058691,0.6244156778137361
0.34472214421666825,0.6244156778137361
0.3447533464382664,0.6244156778137361
0.34481575088146277,0.6244156778137361
0.34483135199226184,0.6245954692556634
0.34486255421386003,0.6245954692556634
0.3448937564354582,0.6247752606975908
0.3449093575462573,0.6247752606975908
0.3449405597678555,0.6247752606975908
0.3449717619894537,0.6247752606975908
0.3450029642110518,0.6247752606975908
0.3451589753190427,0.6247752606975908
0.3451901775406409,0.6247752606975908
0.34520577865144,0.6247752606975908
0.34520577865144,0.6249550521395182
0.34525258198383724,0.6249550521395182
0.34550219975662266,0.6249550521395182
0.34553340197822086,0.6249550521395182
0.3456114075322163,0.6249550521395182
0.34567381197541264,0.6251348435814456
0.3457206153078099,0.6251348435814456
0.3464694686261662,0.6254944264653003
0.34650067084776437,0.6254944264653003
0.34650067084776437,0.6256742179072277
0.34651627195856344,0.625854009349155
0.34654747418016163,0.625854009349155
0.3465786764017598,0.625854009349155
0.3466254797341571,0.625854009349155
0.3466878841773534,0.625854009349155
0.34679709195294706,0.625854009349155
0.34679709195294706,0.6260338007910824
0.3468126930637461,0.6260338007910824
0.3468438952853443,0.6260338007910824
0.34690629972854065,0.6260338007910824
0.34693750195013884,0.6260338007910824
0.34696870417173703,0.6260338007910824
0.3470155075041343,0.6260338007910824
0.3470155075041343,0.6262135922330098
0.3470779119473307,0.6262135922330098
0.3471091141689288,0.6262135922330098
0.347140316390527,0.6262135922330098
0.3471715186121252,0.6262135922330098
0.34718711972292426,0.6262135922330098
0.34721832194452246,0.6262135922330098
0.3472807263877188,0.6262135922330098
0.347311928609317,0.6262135922330098
0.34732752972011605,0.6262135922330098
0.3474991419389061,0.6262135922330098
0.3475303441605042,0.6262135922330098
0.3475615463821024,0.6262135922330098
0.3476239508252988,0.6262135922330098
0.3476239508252988,0.626393383674937
0.3481075852600705,0.6271125494426465
0.3481075852600705,0.6272923408845739
0.3481387874816687,0.6272923408845739
0.34818559081406597,0.627831715210356
0.34820119192486504,0.627831715210356
0.34820119192486504,0.6280115066522833
0.34823239414646323,0.6280115066522833
0.3483103997004587,0.6281912980942107
0.34835720303285594,0.6281912980942107
0.34838840525445414,0.6281912980942107
0.3484040063652532,0.6281912980942107
0.3484352085868514,0.6283710895361381
0.3484664108084496,0.6283710895361381
0.3484976130300477,0.6285508809780654
0.348544416362445,0.6285508809780654
0.3485756185840432,0.6285508809780654
0.3486692252488377,0.6285508809780654
0.3487316296920341,0.6285508809780654
0.34877843302443134,0.6285508809780654
0.34880963524602954,0.6285508809780654
0.34887203968922587,0.6285508809780654
0.34887203968922587,0.6287306724199928
0.3489188430216231,0.6287306724199928
0.3489500452432213,0.6287306724199928
0.34901244968641765,0.6287306724199928
0.34907485412961403,0.6287306724199928
0.3491216574620113,0.6287306724199928
0.3491840619052077,0.6287306724199928
0.3492152641268058,0.6287306724199928
0.349246466348404,0.6287306724199928
0.34929326968080127,0.6287306724199928
0.34930887079160033,0.6287306724199928
0.34943367967799305,0.6287306724199928
0.34944928078879217,0.6287306724199928
0.3495272863427876,0.6287306724199928
0.3495740896751849,0.6287306724199928
0.3496052918967831,0.6287306724199928
0.3496364941183812,0.6287306724199928
0.3496676963399794,0.6287306724199928
0.34974570189397486,0.6287306724199928
0.349948516334363,0.6289104638619202
0.3499641174451621,0.6289104638619202
0.35007332522075574,0.6290902553038475
0.3501045274423539,0.6290902553038475
0.350120128553153,0.6290902553038475
0.35027613966114385,0.6290902553038475
0.35030734188274204,0.6290902553038475
0.35030734188274204,0.6292700467457749
0.35033854410434023,0.6292700467457749
0.3503853474367375,0.6294498381877023
0.35040094854753656,0.6294498381877023
0.35043215076913475,0.6296296296296297
0.350478954101532,0.6296296296296297
0.3505101563231302,0.6296296296296297
0.35055695965552747,0.6296296296296297
0.3508377796499111,0.629809421071557
0.3508689818715093,0.629809421071557
0.35118100408749103,0.629809421071557
0.3512278074198883,0.629809421071557
0.3512590096414865,0.629809421071557
0.3512902118630847,0.629809421071557
0.3519454585166464,0.6299892125134844
0.3519766607382446,0.6299892125134844
0.3521950762894318,0.6307083782811939
0.35225748073262814,0.6307083782811939
0.35228868295422633,0.6310679611650486
0.35230428406502545,0.6310679611650486
0.3523354862866236,0.6312477526069759
0.3523354862866236,0.6314275440489032
0.35241349184061904,0.6314275440489032
0.35250709850541356,0.6319669183746853
0.3525226996162127,0.6319669183746853
0.352585104059409,0.6319669183746853
0.35269431183500266,0.6319669183746853
0.35272551405660085,0.6319669183746853
0.3527723173889981,0.6319669183746853
0.35283472183219444,0.6319669183746853
0.3528971262753908,0.6319669183746853
0.35295953071858716,0.6319669183746853
0.35299073294018535,0.6319669183746853
0.3530063340509844,0.6319669183746853
0.3530063340509844,0.6321467098166127
0.35308433960497987,0.6321467098166127
0.3531779462697744,0.6321467098166127
0.3534899684857562,0.6321467098166127
0.35352117070735434,0.6321467098166127
0.35353677181815346,0.6321467098166127
0.3536147773721489,0.6321467098166127
0.35364597959374705,0.6321467098166127
0.35369278292614437,0.6321467098166127
0.3537239851477425,0.6321467098166127
0.3537863895909389,0.6321467098166127
0.35383319292333615,0.6321467098166127
0.35386439514493434,0.6321467098166127
0.35386439514493434,0.6323265012585401
0.35392679958813067,0.6323265012585401
0.35394240069892974,0.6323265012585401
0.3540048051421261,0.6328658755843222
0.3540360073637243,0.6328658755843222
0.35453524290929517,0.6335850413520316
0.3545664451308933,0.6335850413520316
0.35461324846329056,0.6335850413520316
0.35464445068488876,0.6335850413520316
0.3546600517956879,0.6335850413520316
0.3547380573496833,0.6335850413520316
0.35480046179287966,0.6335850413520316
0.35483166401447785,0.6335850413520316
0.3548472651252769,0.6335850413520316
0.3550812817872632,0.633764832793959
0.3551124840088614,0.633764832793959
0.3551124840088614,0.6339446242358864
0.3551592873412587,0.6339446242358864
0.3551748884520578,0.6341244156778137
0.35520609067365594,0.6341244156778137
0.35525289400605325,0.6343042071197411
0.3552840962276514,0.6343042071197411
0.3558301351056195,0.6346637900035959
0.35584573621641863,0.6346637900035959
0.3558925395488159,0.6346637900035959
0.35593934288121315,0.6346637900035959
0.3559549439920122,0.6348435814455232
0.3559861462136104,0.6348435814455232
0.3561265562108022,0.6348435814455232
0.3561421573216013,0.6350233728874506
0.3561889606539986,0.6350233728874506
0.35622016287559677,0.635203164329378
0.35629816842959217,0.635203164329378
0.3563761739835876,0.6353829557713053
0.3564229773159849,0.6353829557713053
0.35645417953758307,0.6353829557713053
0.35646978064838214,0.6355627472132327
0.35651658398077946,0.6355627472132327
0.35668819619956943,0.6364617044228694
0.35675060064276576,0.6364617044228694
0.356969016193953,0.6366414958647968
0.3570314206371494,0.6366414958647968
0.3570314206371494,0.6368212873067242
0.35723423507753754,0.6370010787486515
0.3572654372991357,0.6370010787486515
0.3572810384099348,0.6370010787486515
0.358029891728291,0.6375404530744336
0.358029891728291,0.637720244516361
0.3580610939498892,0.637720244516361
0.35807669506068834,0.6379000359582884
0.3581078972822865,0.6379000359582884
0.35834191394427284,0.6379000359582884
0.3583575150550719,0.6379000359582884
0.35837311616587103,0.6380798274002157
0.35843552060906736,0.6380798274002157
0.35849792505226374,0.6382596188421431
0.3585291272738619,0.6382596188421431
0.3585603294954601,0.6382596188421431
0.35860713282785733,0.6382596188421431
0.3586695372710537,0.6386192017259978
0.3586851383818528,0.6386192017259978
0.35888795282224095,0.6389787846098526
0.35890355393304,0.63915857605178
0.35901276170863367,0.63915857605178
0.35904396393023186,0.63915857605178
0.35907516615183,0.63915857605178
0.3591063683734282,0.63915857605178
0.3591375705950264,0.63915857605178
0.35918437392742364,0.63915857605178
0.3592311772598209,0.63915857605178
0.3592311772598209,0.6393383674937073
0.35930918281381635,0.6393383674937073
0.35930918281381635,0.6395181589356347
0.35934038503541454,0.6395181589356347
0.35934038503541454,0.639697950377562
0.3593715872570127,0.6398777418194894
0.3593871883678118,0.6398777418194894
0.3595119972542045,0.6402373247033442
0.3595275983650036,0.6402373247033442
0.35959000280819997,0.6402373247033442
0.3596212050297981,0.6402373247033442
0.3596212050297981,0.6404171161452715
0.3596836094729945,0.6404171161452715
0.3596836094729945,0.6405969075871989
0.35969921058379356,0.6405969075871989
0.35973041280539175,0.6405969075871989
0.35976161502698994,0.6405969075871989
0.36060407501014075,0.6405969075871989
0.36068208056413614,0.6405969075871989
0.36071328278573433,0.6405969075871989
0.3607444850073325,0.6405969075871989
0.3607756872289307,0.6405969075871989
0.3610721083341134,0.6407766990291263
0.36111891166651067,0.6407766990291263
0.3612437205529034,0.6407766990291263
0.3612749227745015,0.6407766990291263
0.36135292832849697,0.6407766990291263
0.3614621361040906,0.6407766990291263
0.3615089394364879,0.6407766990291263
0.36154014165808607,0.6407766990291263
0.3615869449904833,0.6407766990291263
0.3616649505444788,0.6407766990291263
0.3616961527660769,0.6409564904710536
0.36171175387687604,0.6409564904710536
0.36174295609847423,0.6409564904710536
0.361883366095666,0.6413160733549083
0.36196137164966147,0.6413160733549083
0.36196137164966147,0.6414958647968356
0.36197697276046054,0.6414958647968356
0.36200817498205873,0.6414958647968356
0.3620237760928578,0.6414958647968356
0.36213298386845144,0.6414958647968356
0.3621797872008487,0.6414958647968356
0.3622109894224469,0.6414958647968356
0.36222659053324596,0.6414958647968356
0.36228899497644235,0.6418554476806904
0.36241380386283506,0.6418554476806904
0.36249180941683046,0.6420352391226177
0.3625698149708259,0.6420352391226177
0.36261661830322317,0.6420352391226177
0.36267902274641955,0.6420352391226177
0.3631782582919904,0.6423948220064725
0.36325626384598586,0.6423948220064725
0.363287466067584,0.6423948220064725
0.3633186682891822,0.6423948220064725
0.3633810727323785,0.6425746134483998
0.3634434771755749,0.6425746134483998
0.36350588161877123,0.6425746134483998
0.36352148272957036,0.6425746134483998
0.3635838871727667,0.6425746134483998
0.3635838871727667,0.6429341963322546
0.36369309494836033,0.6432937792161093
0.3637242971699585,0.6432937792161093
0.3637711005023558,0.6432937792161093
0.36381790383475304,0.6432937792161093
0.3638647071671503,0.6432937792161093
0.36391151049954756,0.6432937792161093
0.36394271272114576,0.6432937792161093
0.3640363193859403,0.6434735706580367
0.3640363193859403,0.643653362099964
0.36405192049673935,0.643653362099964
0.36408312271833754,0.643653362099964
0.36411432493993573,0.643653362099964
0.36417672938313206,0.643653362099964
0.3642235327155293,0.643653362099964
0.3642859371587257,0.643653362099964
0.3643171393803239,0.643653362099964
0.36434834160192203,0.643653362099964
0.36434834160192203,0.6438331535418914
0.3643795438235202,0.6438331535418914
0.3644107460451184,0.6438331535418914
0.36450435270991294,0.6438331535418914
0.36453555493151113,0.6438331535418914
0.36453555493151113,0.6440129449838188
0.3645667571531093,0.6440129449838188
0.36466036381790384,0.6440129449838188
0.36469156603950204,0.6440129449838188
0.36475397048269836,0.6441927364257461
0.36476957159349743,0.6441927364257461
0.36481637492589475,0.6441927364257461
0.3648475771474929,0.6441927364257461
0.3648787793690911,0.6441927364257461
0.36520640269587196,0.6449119021934556
0.365222003806671,0.6449119021934556
0.3652844082498674,0.6449119021934556
0.36531561047146555,0.6449119021934556
0.3654872226902555,0.6458108594030925
0.36553402602265284,0.6458108594030925
0.3655808293550501,0.6458108594030925
0.36559643046584916,0.6458108594030925
0.3659084526818309,0.6458108594030925
0.3659396549034291,0.6458108594030925
0.36604886267902276,0.6458108594030925
0.36608006490062095,0.6458108594030925
0.3661112671222191,0.6458108594030925
0.36620487378701366,0.6458108594030925
0.36622047489781273,0.6458108594030925
0.36622047489781273,0.6459906508450198
0.36626727823021,0.6459906508450198
0.36626727823021,0.6461704422869471
0.36628287934100906,0.6461704422869471
0.36631408156260725,0.6461704422869471
0.3663296826734063,0.6461704422869471
0.36647009267059816,0.6463502337288745
0.36650129489219635,0.6463502337288745
0.3665480982245936,0.6463502337288745
0.36657930044619175,0.6465300251708018
0.36659490155699087,0.6465300251708018
0.36664170488938813,0.6467098166127292
0.3666573060001872,0.6467098166127292
0.3666729071109863,0.6468896080546566
0.3667197104433836,0.6468896080546566
0.3667509126649817,0.6468896080546566
0.36679771599737904,0.6468896080546566
0.36686012044057537,0.6468896080546566
0.3669381259945708,0.6468896080546566
0.36700053043776715,0.6468896080546566
0.36742176042934255,0.6468896080546566
0.36745296265094074,0.6468896080546566
0.3675309682049362,0.6470693994965839
0.36754656931573526,0.6470693994965839
0.3678897937533152,0.6474289823804387
0.3679365970857125,0.6474289823804387
0.36868545040406875,0.6477885652642934
0.368732253736466,0.6477885652642934
0.368732253736466,0.6481481481481481
0.3687790570688633,0.6481481481481481
0.3687946581796624,0.6483279395900755
0.3692002870604387,0.6485077310320029
0.3692782926144341,0.6485077310320029
0.3693094948360323,0.6485077310320029
0.3693406970576305,0.6485077310320029
0.3693718992792287,0.6485077310320029
0.36965271927361226,0.6486875224739302
0.3698867359355986,0.649047105357785
0.3699023370463977,0.649047105357785
0.3699335392679959,0.649047105357785
0.37001154482199133,0.649047105357785
0.3700427470435895,0.649047105357785
0.3700583481543886,0.649047105357785
0.3705731848107585,0.6499460625674218
0.37058878592155764,0.6499460625674218
0.37066679147555304,0.6499460625674218
0.37066679147555304,0.6501258540093492
0.37069799369715123,0.6501258540093492
0.3708072014727449,0.6501258540093492
0.3709008081375394,0.6501258540093492
0.37094761146993666,0.6501258540093492
0.37097881369153485,0.6501258540093492
0.37101001591313304,0.6501258540093492
0.3710256170239321,0.6503056454512766
0.3710568192455303,0.6503056454512766
0.37111922368872663,0.6503056454512766
0.37111922368872663,0.6504854368932039
0.3711504259103248,0.6504854368932039
0.3712284314643203,0.6504854368932039
0.37124403257511934,0.6508450197770587
0.3712596336859184,0.6508450197770587
0.3713220381291148,0.6508450197770587
0.37133763923991386,0.6508450197770587
0.37140004368311025,0.6508450197770587
0.37150925145870384,0.6508450197770587
0.37154045368030203,0.6508450197770587
0.3716028581234984,0.6508450197770587
0.3716808636774938,0.6508450197770587
0.371712065899092,0.6508450197770587
0.3717276670098911,0.6508450197770587
0.3723205092202565,0.6510248112189859
0.37233611033105557,0.6510248112189859
0.37236731255265376,0.6510248112189859
0.3731473680926082,0.651564185544768
0.3731629692034073,0.6517439769866954
0.37322537364660363,0.6517439769866954
0.37324097475740275,0.6517439769866954
0.3732721769790009,0.6517439769866954
0.3733033792005991,0.6517439769866954
0.3733345814221973,0.6517439769866954
0.3733657836437954,0.6517439769866954
0.37341258697619273,0.6517439769866954
0.3734905925301881,0.6517439769866954
0.37353739586258544,0.6517439769866954
0.3736622047489781,0.6517439769866954
0.3736778058597772,0.6517439769866954
0.3737246091921745,0.6517439769866954
0.37386501918936627,0.6519237684286228
0.3738806203001654,0.6519237684286228
0.37405223251895536,0.6521035598705501
0.3740990358513526,0.6521035598705501
0.37422384473774534,0.6521035598705501
0.3742394458485444,0.6521035598705501
0.3742706480701426,0.6521035598705501
0.37431745140253986,0.6521035598705501
0.3745982713969235,0.6522833513124775
0.3746294736185216,0.6522833513124775
0.374691878061718,0.6522833513124775
0.37473868139411526,0.6522833513124775
0.37489469250210616,0.6522833513124775
0.37489469250210616,0.6524631427544049
0.3749258947237043,0.6524631427544049
0.3749882991669007,0.6526429341963322
0.3750195013884989,0.6526429341963322
0.375050703610097,0.6526429341963322
0.37509750694249433,0.6526429341963322
0.3752379169396861,0.6526429341963322
0.3752379169396861,0.6528227256382596
0.3752535180504852,0.6528227256382596
0.37564354582046244,0.6535418914059691
0.37572155137445784,0.6535418914059691
0.3760491747012387,0.6539014742898238
0.37606477581203784,0.6539014742898238
0.37643920247121593,0.6540812657317512
0.37645480358201505,0.6540812657317512
0.3765172080252114,0.6540812657317512
0.3765328091360105,0.6540812657317512
0.37656401135760864,0.6540812657317512
0.376969640238385,0.6540812657317512
0.37700084245998317,0.6540812657317512
0.3770476457923804,0.6540812657317512
0.3770944491247777,0.6540812657317512
0.3771256513463759,0.6540812657317512
0.377156853567974,0.6540812657317512
0.3771880557895722,0.6540812657317512
0.37728166245436673,0.6540812657317512
0.3773596680083622,0.6540812657317512
0.3773908702299604,0.6542610571736786
0.37742207245155857,0.6542610571736786
0.37742207245155857,0.6544408486156059
0.37743767356235763,0.6544408486156059
0.3774688757839558,0.6544408486156059
0.377500078005554,0.6544408486156059
0.377500078005554,0.6546206400575333
0.37753128022715216,0.6546206400575333
0.3779369091079285,0.6553398058252428
0.3779681113295267,0.6553398058252428
0.3780617179943212,0.6553398058252428
0.3791381946394583,0.6556993887090975
0.3791537957502574,0.6560589715929521
0.3791849979718556,0.6560589715929521
0.3794658179662392,0.656957928802589
0.3794970201878374,0.6571377202445163
0.37954382352023464,0.6571377202445163
0.3795750257418328,0.6571377202445163
0.37996505351181004,0.6576770945702984
0.37999625573340823,0.6576770945702984
0.37999625573340823,0.6578568860122258
0.3800118568442073,0.6578568860122258
0.3800430590658055,0.6578568860122258
0.3801054635090018,0.6578568860122258
0.3801054635090018,0.6580366774541532
0.3801678679521982,0.6580366774541532
0.38030827794939,0.6580366774541532
0.3804018846141845,0.6580366774541532
0.3805266935005772,0.6582164688960805
0.38054229461137634,0.6582164688960805
0.38054229461137634,0.6585760517799353
0.3806203001653718,0.6585760517799353
0.38079191238416177,0.6585760517799353
0.38083871571655903,0.6587558432218626
0.3808855190489563,0.6587558432218626
0.3809479234921526,0.6591154261057174
0.38096352460295174,0.6591154261057174
0.38099472682454993,0.6591154261057174
0.3810415301569472,0.6592952175476448
0.38107273237854533,0.6592952175476448
0.38107273237854533,0.6594750089895721
0.3811507379325408,0.6596548004314995
0.3811663390433399,0.6596548004314995
0.38122874348653624,0.6598345918734269
0.3812755468189335,0.6598345918734269
0.38132235015133076,0.6598345918734269
0.3813379512621299,0.6598345918734269
0.3815563668133171,0.6600143833153542
0.38161877125651344,0.6600143833153542
0.3816655745889107,0.6600143833153542
0.3817903834753034,0.6601941747572816
0.38180598458610254,0.6601941747572816
0.3820244001372898,0.660373966199209
0.38210240569128523,0.660373966199209
0.38216481013448156,0.6607335490830637
0.382242815688477,0.6607335490830637
0.38232082124247246,0.660913340524991
0.3824300290180661,0.660913340524991
0.38249243346126244,0.660913340524991
0.3826328434584542,0.660913340524991
0.38264844456925334,0.660913340524991
0.3826952479016506,0.660913340524991
0.3828512590096415,0.6610931319669183
0.3829292645636369,0.6610931319669183
0.3829604667852351,0.6610931319669183
0.3829760678960342,0.6610931319669183
0.3829916690068333,0.6612729234088457
0.3830228712284315,0.6612729234088457
0.38303847233923055,0.6612729234088457
0.38303847233923055,0.6614527148507731
0.38306967456082874,0.6614527148507731
0.383116477893226,0.6614527148507731
0.3831320790040251,0.6616325062927004
0.38316328122562326,0.6616325062927004
0.3832256856688196,0.6616325062927004
0.3835377078848014,0.6621718806184825
0.3835689101063996,0.6621718806184825
0.38358451121719866,0.6623516720604099
0.38360011232799773,0.6623516720604099
0.3836313145495959,0.6623516720604099
0.383646915660395,0.6623516720604099
0.3836781178819932,0.6623516720604099
0.3837093201035914,0.6623516720604099
0.38374052232518957,0.6623516720604099
0.3837717245467877,0.6623516720604099
0.3838029267683859,0.6623516720604099
0.383818527879185,0.6623516720604099
0.3838653312115823,0.6625314635023373
0.38391213454397954,0.6625314635023373
0.3839589378763768,0.6625314635023373
0.3839745389871759,0.6625314635023373
0.3840681456519704,0.6627112549442646
0.38414615120596585,0.6627112549442646
0.38417735342756404,0.6627112549442646
0.38417735342756404,0.662891046386192
0.3841929545383631,0.662891046386192
0.3842553589815595,0.662891046386192
0.38427096009235856,0.662891046386192
0.38442697120034947,0.6632506292700467
0.3844737745327467,0.6632506292700467
0.384520577865144,0.6632506292700467
0.3845517800867422,0.6632506292700467
0.3846141845299385,0.6632506292700467
0.3846609878623358,0.6634304207119741
0.38469219008393396,0.6636102121539015
0.3847077911947331,0.6636102121539015
0.3847389934163312,0.6636102121539015
0.3848013978595276,0.6636102121539015
0.3848013978595276,0.6637900035958288
0.3848326000811258,0.6637900035958288
0.3848326000811258,0.6639697950377562
0.38484820119192487,0.6639697950377562
0.38487940341352306,0.6639697950377562
0.3848950045243221,0.6639697950377562
0.38501981341071484,0.6641495864796836
0.3850822178539112,0.6641495864796836
0.3850978189647103,0.664329377921611
0.38511342007550936,0.664329377921611
0.38514462229710755,0.664329377921611
0.3851602234079066,0.664329377921611
0.3851602234079066,0.6645091693635383
0.3851914256295048,0.6645091693635383
0.38528503229429933,0.6645091693635383
0.3853162345158975,0.6645091693635383
0.3853474367374957,0.6645091693635383
0.38540984118069205,0.6645091693635383
0.38544104340229024,0.6645091693635383
0.3855190489562857,0.6645091693635383
0.38556585228868295,0.6648687522473931
0.38559705451028115,0.6648687522473931
0.3856594589534775,0.6648687522473931
0.38569066117507567,0.6648687522473931
0.38569066117507567,0.6650485436893204
0.3858154700614684,0.6650485436893204
0.3862991044962401,0.6652283351312478
0.3863459078286374,0.6652283351312478
0.3863615089394365,0.6652283351312478
0.3863927111610347,0.6652283351312478
0.38643951449343195,0.6652283351312478
0.38643951449343195,0.6655879180151025
0.3865019189366283,0.6655879180151025
0.3865955256014228,0.6655879180151025
0.3866111267122219,0.6655879180151025
0.3866111267122219,0.6657677094570299
0.386626727823021,0.6657677094570299
0.38696995226060094,0.6657677094570299
0.3870635589253955,0.6657677094570299
0.3871103622577928,0.6657677094570299
0.38732877780898,0.6661272923408845
0.38739118225217634,0.6661272923408845
0.3874379855845736,0.6661272923408845
0.38932571999126336,0.6675656238763035
0.3893413211020625,0.6675656238763035
0.3894661299884552,0.6675656238763035
0.38949733221005334,0.6675656238763035
0.38949733221005334,0.6677454153182308
0.3895597366532497,0.6677454153182308
0.3895597366532497,0.6679252067601582
0.3896689444288433,0.6681049982020856
0.38980935442603515,0.6681049982020856
0.3898717588692315,0.6681049982020856
0.38990296109082967,0.6681049982020856
0.389965365534026,0.6681049982020856
0.3900589721988206,0.6681049982020856
0.3900589721988206,0.6682847896440129
0.3900901744204187,0.6682847896440129
0.390136977752816,0.6682847896440129
0.39016817997441416,0.6682847896440129
0.3902149833068114,0.6682847896440129
0.3902461855284096,0.6682847896440129
0.3902617866392087,0.6682847896440129
0.3902929888608069,0.6684645810859403
0.39033979219320414,0.6684645810859403
0.3904021966364005,0.6684645810859403
0.3904177977471996,0.6684645810859403
0.39046460107959685,0.6684645810859403
0.39088583107117225,0.6686443725278677
0.3910262410683641,0.6686443725278677
0.39104184217916316,0.6686443725278677
0.3910886455115604,0.6686443725278677
0.3911510499547568,0.6686443725278677
0.39119785328715406,0.6690039554117224
0.3912290555087522,0.6690039554117224
0.3912914599519486,0.6690039554117224
0.3913226621735468,0.6690039554117224
0.3913538643951449,0.6690039554117224
0.39140066772754223,0.6691837468536498
0.3914162688383413,0.6691837468536498
0.3914474710599395,0.6691837468536498
0.39202471215950574,0.6697231211794319
0.39204031327030486,0.6697231211794319
0.3920871166027021,0.6697231211794319
0.3921651221566976,0.6697231211794319
0.3921651221566976,0.6699029126213593
0.3921963243782957,0.6699029126213593
0.3922587288214921,0.6699029126213593
0.39243034104028207,0.6704422869471414
0.39247714437267933,0.6704422869471414
0.39257075103747385,0.6706220783890687
0.39269555992386657,0.6706220783890687
0.39272676214546476,0.6706220783890687
0.39275796436706295,0.6706220783890687
0.3928047676994602,0.6706220783890687
0.3928203688102593,0.6706220783890687
0.3928359699210584,0.670801869830996
0.39286717214265654,0.670801869830996
0.39289837436425473,0.670801869830996
0.3929295765858529,0.670801869830996
0.392945177696652,0.6709816612729234
0.39299198102904925,0.6709816612729234
0.39302318325064745,0.6709816612729234
0.3930387843614465,0.6709816612729234
0.3930699865830447,0.6709816612729234
0.3931011888046429,0.6709816612729234
0.3933508065774283,0.6711614527148507
0.3933976099098256,0.6717008270406328
0.39344441324222285,0.6717008270406328
0.39344441324222285,0.6718806184825602
0.3934600143530219,0.6718806184825602
0.3936628287934101,0.6718806184825602
0.3936784299042092,0.6718806184825602
0.3936784299042092,0.6720604099244876
0.3937564354582046,0.6720604099244876
0.3938032387906019,0.6720604099244876
0.39389684545539644,0.6720604099244876
0.3939748510093919,0.6724199928083423
0.39400605323099,0.6724199928083423
0.3940372554525882,0.6724199928083423
0.3941152610065837,0.6724199928083423
0.39416206433898093,0.6724199928083423
0.3942088676713782,0.6724199928083423
0.3942088676713782,0.6725997842502697
0.3942400698929764,0.6725997842502697
0.39442728322256543,0.6729593671341244
0.3944584854441636,0.6729593671341244
0.39452088988736,0.6731391585760518
0.3945364909981591,0.6731391585760518
0.3946144965521545,0.6731391585760518
0.3946300976629536,0.6731391585760518
0.3946612998845518,0.6731391585760518
0.39467690099535085,0.6731391585760518
0.3947237043277481,0.6731391585760518
0.3947705076601454,0.6731391585760518
0.39483291210334176,0.6731391585760518
0.394879715435739,0.6731391585760518
0.3949109176573372,0.6731391585760518
0.3949265187681363,0.6731391585760518
0.39498892321133267,0.6731391585760518
0.395051327654529,0.6731391585760518
0.39509813098692625,0.6731391585760518
0.39516053543012264,0.6731391585760518
0.3951761365409217,0.6731391585760518
0.3952073387625199,0.6731391585760518
0.3954881587569035,0.6731391585760518
0.3955349620893008,0.6731391585760518
0.3956285687540953,0.6733189500179791
0.3956285687540953,0.6734987414599065
0.3956597709756935,0.6734987414599065
0.39567537208649256,0.6734987414599065
0.39570657430809075,0.6734987414599065
0.3957221754188898,0.6734987414599065
0.3957689787512871,0.6736785329018339
0.3957845798620862,0.6736785329018339
0.39581578208368434,0.6736785329018339
0.39583138319448347,0.6736785329018339
0.39583138319448347,0.6738583243437613
0.395924989859278,0.6738583243437613
0.441729851165403,0.7116145271485077
0.44176105338700117,0.7116145271485077
0.44187026116259476,0.7116145271485077
0.44190146338419295,0.7116145271485077
0.441917064494992,0.7116145271485077
0.441917064494992,0.7117943185904351
0.44193266560579114,0.7117943185904351
0.44199507004898747,0.7117943185904351
0.44205747449218386,0.7117943185904351
0.4421198789353802,0.7117943185904351
0.4421354800461793,0.7117943185904351
0.44216668226777744,0.7119741100323624
0.44222908671097383,0.7119741100323624
0.442260288932572,0.7119741100323624
0.44229149115417016,0.7119741100323624
0.4423382944865674,0.7119741100323624
0.44235389559736654,0.7119741100323624
0.44238509781896473,0.7119741100323624
0.44241630004056287,0.7119741100323624
0.44241630004056287,0.7121539014742898
0.44244750226216106,0.7121539014742898
0.44247870448375926,0.7121539014742898
0.4424943055945583,0.7123336929162172
0.4425255078161565,0.7125134843581445
0.44260351337015197,0.7128730672419993
0.44289993447533466,0.7128730672419993
0.4429155355861337,0.7130528586839266
0.44300914225092825,0.713232650125854
0.4431027489157228,0.713232650125854
0.4431495522481201,0.713232650125854
0.44332116446691006,0.713232650125854
0.44335236668850825,0.713232650125854
0.4433835689101064,0.713232650125854
0.4434147711317046,0.713232650125854
0.4437891977908827,0.7137720244516361
0.4438204000124809,0.7137720244516361
0.44383600112328,0.7137720244516361
0.4441168211176636,0.7137720244516361
0.44413242222846266,0.7137720244516361
0.44416362445006086,0.7137720244516361
0.4442104277824581,0.7137720244516361
0.44427283222565445,0.7139518158935635
0.44428843333645357,0.7139518158935635
0.44430403444725264,0.7141316073354909
0.44430403444725264,0.7143113987774182
0.4443196355580517,0.7143113987774182
0.44433523666885083,0.7144911902193456
0.444366438890449,0.7144911902193456
0.44442884333364535,0.7144911902193456
0.444538051109239,0.7144911902193456
0.444538051109239,0.714670981661273
0.44455365222003806,0.714670981661273
0.44458485444163626,0.714670981661273
0.4446004555524353,0.714670981661273
0.4453181066491934,0.7161093131966918
0.44533370775999254,0.7161093131966918
0.44539611220318887,0.7161093131966918
0.4454897188679834,0.7161093131966918
0.4456769321975725,0.7161093131966918
0.44572373552996974,0.7161093131966918
0.44572373552996974,0.7162891046386192
0.44584854441636246,0.7162891046386192
0.44587974663796065,0.7162891046386192
0.4459109488595588,0.7162891046386192
0.445942151081157,0.7162891046386192
0.44602015663515243,0.7162891046386192
0.4460357577459515,0.7162891046386192
0.44608256107834876,0.7162891046386192
0.44614496552154514,0.7162891046386192
0.44617616774314334,0.7162891046386192
0.4462229710755406,0.7162891046386192
0.44625417329713873,0.7162891046386192
0.44625417329713873,0.7164688960805465
0.4463165777403351,0.7164688960805465
0.446472588848326,0.7164688960805465
0.4465193921807233,0.7164688960805465
0.4465817966239196,0.7166486875224739
0.44659739773471874,0.7166486875224739
0.44665980217791507,0.7166486875224739
0.44667540328871413,0.7166486875224739
0.4467066055103123,0.7166486875224739
0.44672220662111145,0.7166486875224739
0.4467534088427096,0.7166486875224739
0.4467690099535087,0.7168284789644013
0.4468470155075041,0.7168284789644013
0.4468782177291023,0.7168284789644013
0.447003026615495,0.7168284789644013
0.4470342288370932,0.7168284789644013
0.44725264438828044,0.7173678532901834
0.4473306499422759,0.7173678532901834
0.44737745327467315,0.7173678532901834
0.44740865549627135,0.7173678532901834
0.4474242566070704,0.7175476447321107
0.4474554588286686,0.7175476447321107
0.4474866610502668,0.7175476447321107
0.44753346438266406,0.7175476447321107
0.44753346438266406,0.7177274361740381
0.4475646666042622,0.7177274361740381
0.4476114699366595,0.7177274361740381
0.4476270710474586,0.7179072276159655
0.44767387437985584,0.7179072276159655
0.44770507660145403,0.7179072276159655
0.4526350276139661,0.7222222222222222
0.4526818309463634,0.7222222222222222
0.4527130331679616,0.7222222222222222
0.45272863427876064,0.7222222222222222
0.45272863427876064,0.7224020136641496
0.4527754376111579,0.7224020136641496
0.4528066398327561,0.7224020136641496
0.45282224094355517,0.7224020136641496
0.4528690442759524,0.7224020136641496
0.4529002464975506,0.7224020136641496
0.45291584760834974,0.7224020136641496
0.45302505538394333,0.7224020136641496
0.4530874598271397,0.7224020136641496
0.453134263159537,0.7224020136641496
0.4532278698243315,0.7224020136641496
0.45330587537832695,0.7224020136641496
0.45333707759992514,0.7224020136641496
0.4533526787107242,0.7224020136641496
0.45341508315392054,0.7224020136641496
0.45344628537551873,0.7224020136641496
0.453493088707916,0.7224020136641496
0.4536803020375051,0.7224020136641496
0.4537115042591032,0.7224020136641496
0.4537739087022996,0.7224020136641496
0.4537739087022996,0.722581805106077
0.4537895098130987,0.722581805106077
0.4538987175886923,0.722581805106077
0.4539143186994914,0.722581805106077
0.4539455209210896,0.722581805106077
0.45402352647508504,0.722581805106077
0.45405472869668323,0.722581805106077
0.45408593091828137,0.722581805106077
0.4541015320290805,0.722581805106077
0.45414833536147775,0.722581805106077
0.4541795375830759,0.722581805106077
0.45427314424787046,0.7227615965480043
0.4543043464694686,0.7227615965480043
0.4543355486910668,0.7227615965480043
0.454366750912665,0.7227615965480043
0.4543979531342632,0.7227615965480043
0.45441355424506225,0.7227615965480043
0.45444475646666044,0.7227615965480043
0.4544603575774595,0.7227615965480043
0.4544915597990577,0.7227615965480043
0.45453836313145496,0.7227615965480043
0.4546163686854504,0.7227615965480043
0.45466317201784767,0.7227615965480043
0.45466317201784767,0.7229413879899317
0.4547879809042404,0.7229413879899317
0.4547879809042404,0.723121179431859
0.45483478423663765,0.723121179431859
0.45486598645823584,0.723121179431859
0.4549751942338294,0.723121179431859
0.45499079534462855,0.723121179431859
0.45534962089300757,0.7233009708737864
0.4554744297794003,0.7233009708737864
0.4555056320009985,0.7236605537576412
0.45552123311179754,0.7236605537576412
0.4555836375549939,0.7236605537576412
0.4556304408873912,0.7236605537576412
0.45567724421978845,0.7236605537576412
0.4557552497737839,0.7236605537576412
0.4557552497737839,0.7238403451995685
0.45580205310618116,0.7238403451995685
0.4558956597709757,0.7240201366414959
0.45594246310337294,0.7240201366414959
0.45594246310337294,0.7241999280834233
0.45597366532497113,0.7241999280834233
0.4560828731005648,0.724559510967278
0.45609847421136385,0.724559510967278
0.45609847421136385,0.7247393024092054
0.4561764797653593,0.7247393024092054
0.4562076819869575,0.7247393024092054
0.45623888420855563,0.7249190938511327
0.4563168897625511,0.7249190938511327
0.45636369309494834,0.7250988852930601
0.45637929420574747,0.7250988852930601
0.4564260975381447,0.7250988852930601
0.4564416986489438,0.7250988852930601
0.45651970420293925,0.7250988852930601
0.4565665075353365,0.7250988852930601
0.4566289119785329,0.7250988852930601
0.4566913164217292,0.7250988852930601
0.4567069175325283,0.7250988852930601
0.4568785297513183,0.7250988852930601
0.45690973197291646,0.7250988852930601
0.45690973197291646,0.7252786767349874
0.45694093419451465,0.7252786767349874
0.45697213641611284,0.7252786767349874
0.45697213641611284,0.7254584681769147
0.4569877375269119,0.7254584681769147
0.45703454085930917,0.7254584681769147
0.4571281475241037,0.7254584681769147
0.4571593497457019,0.7254584681769147
0.45720615307809914,0.7254584681769147
0.45720615307809914,0.7256382596188421
0.45723735529969733,0.7256382596188421
0.4572529564104964,0.7256382596188421
0.4572841586320946,0.7256382596188421
0.45742456862928643,0.7256382596188421
0.45745577085088457,0.7256382596188421
0.45751817529408095,0.7256382596188421
0.45753377640488,0.7256382596188421
0.4575649786264782,0.7256382596188421
0.4575961808480764,0.7256382596188421
0.45762738306967454,0.7256382596188421
0.45775219195606726,0.7256382596188421
0.4577677930668664,0.7258180510607695
0.45784579862086183,0.7258180510607695
0.45784579862086183,0.7259978425026968
0.45793940528565635,0.7259978425026968
0.4580018097288527,0.7259978425026968
0.45807981528284814,0.7259978425026968
0.4581110175044463,0.7259978425026968
0.4581266186152454,0.7259978425026968
0.4581890230584418,0.7259978425026968
0.45823582639083904,0.7259978425026968
0.45823582639083904,0.7261776339446242
0.4582826297232363,0.7261776339446242
0.4583138319448345,0.7261776339446242
0.45832943305563356,0.7261776339446242
0.45834503416643263,0.7263574253865516
0.45836063527723175,0.7263574253865516
0.4584386408312272,0.7265372168284789
0.4585634497176199,0.7265372168284789
0.458579050828419,0.7265372168284789
0.4586726574932135,0.7265372168284789
0.45868825860401263,0.7265372168284789
0.45868825860401263,0.7268967997123337
0.45871946082561077,0.7268967997123337
0.45871946082561077,0.727076591154261
0.4588286686012044,0.727076591154261
0.45889107304440074,0.727076591154261
0.458937876376798,0.727076591154261
0.4589690785983962,0.7272563825961884
0.45901588193079346,0.7272563825961884
0.4590314830415926,0.7274361740381158
0.45904708415239165,0.7274361740381158
0.45907828637398984,0.7274361740381158
0.45907828637398984,0.7276159654800431
0.45910948859558803,0.7276159654800431
0.45914069081718617,0.7277957569219705
0.45920309526038255,0.7277957569219705
0.4592654997035789,0.7277957569219705
0.459281100814378,0.7277957569219705
0.459452713033168,0.7279755483638979
0.45953071858716343,0.7281553398058253
0.4596711285843552,0.7281553398058253
0.45973353302755154,0.7281553398058253
0.45974913413835067,0.7281553398058253
0.4597803363599488,0.7281553398058253
0.4598271396923461,0.7281553398058253
0.45985834191394426,0.7283351312477526
0.45992074635714064,0.7283351312477526
0.4599519485787388,0.72851492268968
0.4599675496895379,0.72851492268968
0.4599987519111361,0.72851492268968
0.4599987519111361,0.7288745055735347
0.46001435302193516,0.7288745055735347
0.4601391619083279,0.7288745055735347
0.46015476301912694,0.7288745055735347
0.46018596524072514,0.7290542970154621
0.46021716746232333,0.7290542970154621
0.4602639707947206,0.7290542970154621
0.4602951730163188,0.7290542970154621
0.4603887796811133,0.7292340884573895
0.4605447907891042,0.7292340884573895
0.46057599301070234,0.7294138798993168
0.46060719523230054,0.7294138798993168
0.4606227963430996,0.7294138798993168
0.4606227963430996,0.7295936713412442
0.4606539985646978,0.7295936713412442
0.46070080189709506,0.7295936713412442
0.46076320634029144,0.7295936713412442
0.4608100096726887,0.7295936713412442
0.46088801522668416,0.7295936713412442
0.4609504196698805,0.7295936713412442
0.46102842522387594,0.7295936713412442
0.46105962744547413,0.7295936713412442
0.46105962744547413,0.7297734627831716
0.4610908296670723,0.7297734627831716
0.4611688352210677,0.7299532542250989
0.4612000374426659,0.7299532542250989
0.4612000374426659,0.7301330456670263
0.46127804299666136,0.7301330456670263
0.46130924521825956,0.7301330456670263
0.4613560485506568,0.7301330456670263
0.461387250772255,0.7301330456670263
0.46143405410465227,0.7301330456670263
0.46144965521545134,0.7301330456670263
0.46148085743704953,0.7301330456670263
0.46154326188024586,0.7301330456670263
0.46154326188024586,0.7303128371089536
0.461558862991045,0.7304926285508809
0.4615900652126431,0.7304926285508809
0.4617616774314331,0.7306724199928083
0.4618084807638304,0.7306724199928083
0.46187088520702674,0.731032002876663
0.4618864863178258,0.731032002876663
0.4618864863178258,0.7312117943185904
0.46196449187182126,0.7312117943185904
0.46196449187182126,0.7313915857605178
0.46202689631501764,0.7313915857605178
0.4620424974258167,0.7313915857605178
0.4620736996474149,0.7313915857605178
0.46208930075821397,0.7315713772024451
0.4621049018690131,0.7315713772024451
0.4621049018690131,0.7317511686443725
0.4621829074230085,0.7317511686443725
0.4622141096446067,0.7317511686443725
0.4622453118662049,0.7317511686443725
0.4630097662953602,0.7322905429701546
0.46311897407095387,0.7322905429701546
0.4631813785141502,0.7322905429701546
0.4631969796249493,0.7322905429701546
0.4633061874005429,0.7322905429701546
0.463321788511342,0.7322905429701546
0.4634465973977347,0.732470334412082
0.4634777996193329,0.732470334412082
0.4635090018409311,0.732470334412082
0.46354020406252927,0.732470334412082
0.4635714062841274,0.732470334412082
0.4636026085057256,0.732470334412082
0.463665012948922,0.732470334412082
0.4639146307217074,0.7328299172959367
0.46397703516490374,0.7328299172959367
0.4640394396081001,0.7328299172959367
0.4640862429404974,0.7328299172959367
0.4640862429404974,0.7330097087378641
0.4641798496052919,0.7330097087378641
0.4642110518268901,0.7330097087378641
0.4642734562700864,0.7330097087378641
0.4643046584916846,0.7330097087378641
0.4644138662672782,0.7330097087378641
0.4644606695996755,0.7330097087378641
0.46449187182127366,0.7330097087378641
0.46452307404287185,0.7330097087378641
0.46455427626447005,0.7330097087378641
0.46472588848326,0.7330097087378641
0.4647414895940591,0.7330097087378641
0.4647414895940591,0.7331895001797915
0.46478829292645635,0.7331895001797915
0.46480389403725547,0.7333692916217188
0.46480389403725547,0.7335490830636462
0.46485069736965273,0.7335490830636462
0.46485069736965273,0.7337288745055736
0.46489750070205,0.7337288745055736
0.4649287029236482,0.7337288745055736
0.46494430403444725,0.7337288745055736
0.46497550625604545,0.7337288745055736
0.4649911073668445,0.7337288745055736
0.4650223095884427,0.7337288745055736
0.4651315173640363,0.7337288745055736
0.4651315173640363,0.7339086659475009
0.4651471184748354,0.7340884573894283
0.4651627195856345,0.7340884573894283
0.4651627195856345,0.7342682488313557
0.46522512402883087,0.7342682488313557
0.46527192736122813,0.734448040273283
0.4653187306936254,0.734448040273283
0.4653499329152236,0.734448040273283
0.4653811351368217,0.734448040273283
0.4654591406908172,0.734448040273283
0.46550594402321444,0.734448040273283
0.4657399606852008,0.734448040273283
0.46575556179599986,0.734448040273283
0.46575556179599986,0.7346278317152104
0.46578676401759805,0.7348076231571378
0.46581796623919625,0.7348076231571378
0.4658959717931917,0.7348076231571378
0.46636400511716436,0.7353469974829198
0.46636400511716436,0.7355267889248471
0.4664108084495616,0.7355267889248471
0.4664264095603607,0.7357065803667745
0.4664420106711598,0.7357065803667745
0.46647321289275795,0.7357065803667745
0.46656681955755247,0.7357065803667745
0.46666042622234705,0.7357065803667745
0.46666042622234705,0.7358863718087019
0.4666916284439452,0.7358863718087019
0.4667384317763425,0.7358863718087019
0.46675403288714157,0.7358863718087019
0.46678523510873976,0.7358863718087019
0.4669100439951325,0.7362459546925566
0.46692564510593154,0.7362459546925566
0.46695684732752973,0.7362459546925566
0.467003650659927,0.7362459546925566
0.46705045399232425,0.7362459546925566
0.46705045399232425,0.736425746134484
0.4670660551031233,0.736425746134484
0.4670972573247215,0.736425746134484
0.46717526287871697,0.736425746134484
0.46720646510031516,0.7366055375764113
0.46722206621111423,0.7366055375764113
0.46722206621111423,0.7367853290183387
0.46731567287590875,0.7367853290183387
0.4673312739867079,0.7367853290183387
0.4673936784299042,0.7369651204602661
0.46740927954070327,0.7369651204602661
0.46744048176230146,0.7369651204602661
0.4675184873162969,0.7369651204602661
0.46779930731068053,0.7373247033441208
0.46783050953227867,0.7373247033441208
0.4680801273050641,0.7375044947860482
0.4681113295266623,0.7375044947860482
0.46815813285905955,0.7375044947860482
0.4682049361914568,0.7375044947860482
0.46822053730225593,0.7375044947860482
0.46825173952385407,0.7375044947860482
0.4682673406346532,0.7375044947860482
0.4682985428562514,0.7376842862279755
0.46834534618864865,0.7376842862279755
0.4683765484102468,0.7376842862279755
0.468407750631845,0.7376842862279755
0.468407750631845,0.7378640776699029
0.46847015507504136,0.7378640776699029
0.46848575618584043,0.7380438691118303
0.4685481606290368,0.7382236605537577
0.46864176729383134,0.7382236605537577
0.4686885706262286,0.7382236605537577
0.46873537395862586,0.738403451995685
0.46876657618022405,0.738403451995685
0.46889138506661676,0.738403451995685
0.4689537895098131,0.738403451995685
0.4690161939530095,0.738403451995685
0.46906299728540674,0.738403451995685
0.46906299728540674,0.7385832434376124
0.46909419950700487,0.7385832434376124
0.46918780617179945,0.7385832434376124
0.4692346095041967,0.7385832434376124
0.4692346095041967,0.7387630348795398
0.4693594183905894,0.7387630348795398
0.4693906206121876,0.7387630348795398
0.469468626166183,0.7387630348795398
0.46948422727698214,0.7387630348795398
0.46948422727698214,0.7389428263214671
0.4694998283877812,0.7389428263214671
0.4694998283877812,0.7391226177633945
0.46957783394177666,0.7391226177633945
0.4696246372741739,0.7391226177633945
0.46974944616056663,0.7391226177633945
0.4697806483821648,0.7391226177633945
0.4698586539361603,0.7391226177633945
0.46990545726855754,0.7391226177633945
0.47054510281132017,0.7396619920891766
0.4706075072545165,0.7396619920891766
0.4706387094761147,0.7396619920891766
0.4707323161409092,0.7396619920891766
0.4707947205841056,0.7396619920891766
0.47084152391650286,0.7396619920891766
0.4708571250273019,0.7396619920891766
0.4708571250273019,0.739841783531104
0.47087272613810105,0.739841783531104
0.47087272613810105,0.7400215749730313
0.4709351305812974,0.7400215749730313
0.4710911416892883,0.7400215749730313
0.47110674280008735,0.7400215749730313
0.47110674280008735,0.7402013664149586
0.47116914724328374,0.7402013664149586
0.4712003494648819,0.7402013664149586
0.47126275390807826,0.7402013664149586
0.47159037723485914,0.7402013664149586
0.47165278167805547,0.7402013664149586
0.47168398389965366,0.7405609492988133
0.47174638834285,0.7405609492988133
0.47185559611844363,0.7405609492988133
0.4718867983400418,0.7407407407407407
0.4719023994508409,0.7409205321826681
0.4719336016724391,0.7409205321826681
0.47198040500483635,0.7411003236245954
0.47201160722643454,0.7411003236245954
0.47207401166963087,0.7411003236245954
0.47207401166963087,0.7412801150665228
0.4721208150020281,0.7412801150665228
0.4721520172236263,0.7412801150665228
0.4721988205560236,0.7412801150665228
0.47255764610440265,0.7416396979503775
0.47255764610440265,0.7418194893923049
0.47266685387999624,0.7418194893923049
0.47268245499079536,0.7421790722761596
0.4727136572123935,0.7421790722761596
0.4728072638771881,0.7425386551600144
0.47282286498798715,0.7427184466019418
0.4728384660987862,0.7427184466019418
0.4728696683203844,0.7427184466019418
0.4729008705419826,0.7427184466019418
0.47294767387437986,0.7427184466019418
0.4730568816499735,0.7428982380438691
0.47311928609316983,0.7428982380438691
0.473150488314768,0.7428982380438691
0.4731660894255671,0.7428982380438691
0.4731972916471653,0.7428982380438691
0.4732596960903616,0.7428982380438691
0.4732908983119598,0.7428982380438691
0.4734625105307498,0.7432578209277239
0.473493712752348,0.7432578209277239
0.47350931386314704,0.7434376123696512
0.4753658460482386,0.7454153182308522
0.4753970482698368,0.7455951096727795
0.4754126493806359,0.7455951096727795
0.4754126493806359,0.7457749011147069
0.4754594527130332,0.7457749011147069
0.47550625604543045,0.7457749011147069
0.47550625604543045,0.7459546925566343
0.4755218571562295,0.7459546925566343
0.4755218571562295,0.7461344839985616
0.4756778682642204,0.7461344839985616
0.4756778682642204,0.746314275440489
0.4756934693750195,0.746314275440489
0.4757558738182159,0.746314275440489
0.4758806827046086,0.746314275440489
0.47589628381540766,0.746314275440489
0.47603669381259944,0.746314275440489
0.4760834971449967,0.746314275440489
0.47613030047739396,0.746314275440489
0.47622390714218854,0.746314275440489
0.4762551093637867,0.746314275440489
0.476301912696184,0.746314275440489
0.4763643171393803,0.746314275440489
0.4771131704577366,0.7468536497662711
0.4771443726793348,0.7468536497662711
0.4772067771225311,0.7468536497662711
0.4772691815657275,0.7468536497662711
0.47739399045212016,0.7468536497662711
0.4774095915629193,0.7468536497662711
0.4774407937845175,0.7468536497662711
0.4774719960061156,0.7468536497662711
0.4775031982277138,0.7468536497662711
0.47755000156011107,0.7468536497662711
0.47761240600330745,0.7468536497662711
0.4776592093357047,0.7468536497662711
0.4776904115573029,0.7468536497662711
0.47772161377890104,0.7468536497662711
0.47772161377890104,0.7470334412081985
0.47775281600049924,0.7470334412081985
0.4777684171112983,0.7472132326501258
0.4777684171112983,0.7475728155339806
0.47781522044369557,0.7475728155339806
0.47787762488689195,0.7475728155339806
0.477893225997691,0.7475728155339806
0.4779400293300883,0.7475728155339806
0.47797123155168647,0.7475728155339806
0.47797123155168647,0.747752606975908
0.47800243377328466,0.747752606975908
0.47803363599488286,0.747752606975908
0.4780492371056819,0.747752606975908
0.4780960404380792,0.747752606975908
0.4781272426596774,0.747752606975908
0.4783456582108646,0.7482919813016901
0.4783612593216637,0.7482919813016901
0.478408062654061,0.7482919813016901
0.47845486598645826,0.7482919813016901
0.4784704670972573,0.7484717727436174
0.4785172704296546,0.7484717727436174
0.4785484726512528,0.7484717727436174
0.47862647820524823,0.7484717727436174
0.47865768042684637,0.7484717727436174
0.4787044837592437,0.7484717727436174
0.47895410153202905,0.7486515641855448
0.47898530375362725,0.7486515641855448
0.47898530375362725,0.7488313556274722
0.4795469437423945,0.7490111470693995
0.4795781459639926,0.7490111470693995
0.4795781459639926,0.7491909385113269
0.4796249492963899,0.7491909385113269
0.4796717526287872,0.7491909385113269
0.47989016817997443,0.7495505213951816
0.47995257262317076,0.7495505213951816
0.47998377484476895,0.7495505213951816
0.4800305781771662,0.749730312837109
0.4800617803987644,0.749730312837109
0.4800929826203626,0.749730312837109
0.480170988174358,0.749730312837109
0.4802333926175544,0.749730312837109
0.48026459483915257,0.749730312837109
0.48040500483634435,0.749730312837109
0.4804206059471434,0.749730312837109
0.4804518081687416,0.749730312837109
0.4804986115011389,0.749730312837109
0.480514212611938,0.749730312837109
0.48054541483353613,0.749730312837109
0.4805766170551343,0.749730312837109
0.4805766170551343,0.7499101042790364
0.4806078192767325,0.7499101042790364
0.4807482292739243,0.7500898957209636
0.48076383038472337,0.7500898957209636
0.48079503260632156,0.7500898957209636
0.48082623482791975,0.7500898957209636
0.48082623482791975,0.750269687162891
0.4808418359387188,0.750269687162891
0.480873038160317,0.750269687162891
0.4809198414927143,0.750269687162891
0.48095104371431247,0.750269687162891
0.48098224593591066,0.750269687162891
0.4810134481575088,0.7504494786048184
0.48106025148990605,0.7504494786048184
0.48106025148990605,0.7506292700467457
0.4810758526007052,0.7506292700467457
0.48110705482230337,0.7506292700467457
0.48112265593310244,0.7506292700467457
0.4812630659302942,0.7509888529306005
0.48127866704109334,0.7509888529306005
0.48140347592748606,0.7509888529306005
0.4814658803706824,0.7509888529306005
0.4814970825922806,0.7509888529306005
0.48151268370307965,0.7509888529306005
0.48154388592467784,0.7509888529306005
0.48154388592467784,0.7511686443725278
0.48160629036787417,0.7511686443725278
0.4816218914786733,0.7513484358144552
0.481918312583856,0.7513484358144552
0.48193391369465505,0.7513484358144552
0.48196511591625324,0.7513484358144552
0.48199631813785143,0.7513484358144552
0.48205872258104776,0.7513484358144552
0.48208992480264595,0.7513484358144552
0.4821367281350432,0.7515282272563826
0.4821991325782396,0.7515282272563826
0.482277138132235,0.7515282272563826
0.4823083403538332,0.7515282272563826
0.48235514368623045,0.7515282272563826
0.4824331492402259,0.7515282272563826
0.48254235701581955,0.7515282272563826
0.4826047614590159,0.7515282272563826
0.48263596368061407,0.7515282272563826
0.48308839589378766,0.7526069759079468
0.48316640144778306,0.7526069759079468
0.48322880589097944,0.7526069759079468
0.4832444070017785,0.7526069759079468
0.4832444070017785,0.7527867673498742
0.4832756092233767,0.7527867673498742
0.4833068114449749,0.7527867673498742
0.48332241255577396,0.7527867673498742
0.48338481699897035,0.7527867673498742
0.4834160192205685,0.7527867673498742
0.48347842366376487,0.7527867673498742
0.48349402477456394,0.7527867673498742
0.4835564292177603,0.7529665587918015
0.48361883366095665,0.7529665587918015
0.48371244032575117,0.7529665587918015
0.48374364254734936,0.7529665587918015
0.4837904458797466,0.7529665587918015
0.48413367031732657,0.7531463502337289
0.48419607476052295,0.7531463502337289
0.4842584792037193,0.7533261416756563
0.4843052825361166,0.7533261416756563
0.48433648475771474,0.7533261416756563
0.48435208586851386,0.7533261416756563
0.48449249586570564,0.7533261416756563
0.48452369808730383,0.7533261416756563
0.4845705014197011,0.7533261416756563
0.48464850697369655,0.7533261416756563
0.4846641080844956,0.7533261416756563
0.4847109114168929,0.7533261416756563
0.48474211363849107,0.7533261416756563
0.4849605291896783,0.753685724559511
0.4850229336328747,0.753685724559511
0.4851321414084683,0.753685724559511
0.48517894474086554,0.753685724559511
0.4852257480732628,0.753685724559511
0.485256950294861,0.753685724559511
0.4853193547380574,0.753685724559511
0.48533495584885644,0.753685724559511
0.4854129614028519,0.753685724559511
0.48542856251365096,0.753685724559511
0.48549096695684735,0.753685724559511
0.48558457362164187,0.753685724559511
0.48561577584324006,0.7538655160014384
0.4856781802864364,0.7538655160014384
0.48569378139723546,0.7540453074433657
0.48578738806203003,0.7540453074433657
0.4858341913944273,0.7540453074433657
0.48588099472682456,0.7542250988852931
0.48605260694561453,0.7545846817691478
0.4860838091672127,0.7545846817691478
0.4860838091672127,0.7547644732110752
0.4860994102780118,0.7547644732110752
0.48613061249961,0.7547644732110752
0.4861930169428063,0.7547644732110752
0.48623982027520357,0.7547644732110752
0.48627102249680176,0.7547644732110752
0.48627102249680176,0.7549442646530026
0.486317825829199,0.7549442646530026
0.4863958313831945,0.7549442646530026
0.48642703360479267,0.7549442646530026
0.48645823582639086,0.7549442646530026
0.486489438047989,0.7549442646530026
0.4865050391587881,0.7549442646530026
0.48653624138038626,0.7549442646530026
0.4865518424911854,0.7549442646530026
0.4865518424911854,0.7551240560949298
0.48662984804518084,0.7551240560949298
0.48686386470716714,0.7556634304207119
0.48689506692876533,0.7556634304207119
0.4869262691503635,0.7556634304207119
0.4869730724827608,0.7556634304207119
0.4871290835907517,0.7556634304207119
0.48714468470155076,0.7556634304207119
0.48717588692314895,0.7556634304207119
0.487191488033948,0.7556634304207119
0.4872226902555462,0.7556634304207119
0.4872382913663453,0.7556634304207119
0.48728509469874254,0.7558432218626393
0.4874255046959344,0.7558432218626393
0.4874567069175325,0.7558432218626393
0.4875035102499298,0.7558432218626393
0.48753471247152796,0.7558432218626393
0.4876127180255234,0.7558432218626393
0.4876127180255234,0.7560230133045667
0.4876439202471216,0.7560230133045667
0.48767512246871975,0.7560230133045667
0.4877843302443134,0.7560230133045667
0.48779993135511246,0.7560230133045667
0.4878779369091079,0.7560230133045667
0.4879091391307061,0.7560230133045667
0.4879715435739025,0.7560230133045667
0.48812755468189334,0.756202804746494
0.4882055602358888,0.7565623876303488
0.4882679646790852,0.7565623876303488
0.48831476801148244,0.7565623876303488
0.48837717245467877,0.7565623876303488
0.488423975787076,0.7565623876303488
0.4884863802302724,0.7565623876303488
0.4885019813410715,0.7565623876303488
0.48853318356266967,0.7565623876303488
0.48854878467346874,0.7565623876303488
0.4891416268838341,0.7574613448399856
0.48921963243782957,0.7574613448399856
0.48921963243782957,0.757641136281913
0.4892664357702268,0.757641136281913
0.4893288402134232,0.7578209277238404
0.4893288402134232,0.7580007191657677
0.48936004243502135,0.7580007191657677
0.48937564354582047,0.7580007191657677
0.4894380479890168,0.7581805106076951
0.48951605354301225,0.7581805106076951
0.4896096602078068,0.7581805106076951
0.48964086242940497,0.7581805106076951
0.4897656713157977,0.7583603020496225
0.48979687353739587,0.7583603020496225
0.49023370463977034,0.7585400934915498
0.49026490686136853,0.7585400934915498
0.4903117101937658,0.7585400934915498
0.49032731130456486,0.7585400934915498
0.49035851352616305,0.7585400934915498
0.4903741146369622,0.7587198849334772
0.49038971574776125,0.7587198849334772
0.49042091796935944,0.7588996763754046
0.4904989235233549,0.7590794678173319
0.49054572685575215,0.7592592592592593
0.4905925301881494,0.7592592592592593
0.4909825579581266,0.7603380079108234
0.4909981590689257,0.7603380079108234
0.49109176573372026,0.7603380079108234
0.4911385690661175,0.7603380079108234
0.49116977128771566,0.7603380079108234
0.49120097350931385,0.7603380079108234
0.49123217573091205,0.7603380079108234
0.49132578239570657,0.7603380079108234
0.49138818683890295,0.7603380079108234
0.491403787949702,0.7603380079108234
0.49149739461449654,0.7605177993527508
0.49152859683609473,0.7605177993527508
0.491575400168492,0.7605177993527508
0.49159100127929106,0.7605177993527508
0.4916378046116884,0.7605177993527508
0.49165340572248745,0.7605177993527508
0.49165340572248745,0.7606975907946781
0.4917158101656838,0.7606975907946781
0.4918718212736747,0.7606975907946781
0.4918718212736747,0.7608773822366055
0.49188742238447375,0.7608773822366055
0.4919030234952729,0.7612369651204602
0.4919654279384692,0.7612369651204602
0.4919654279384692,0.7614167565623876
0.4920590346032638,0.7614167565623876
0.4921370401572592,0.7614167565623876
0.49218384348965644,0.7614167565623876
0.49221504571125463,0.7614167565623876
0.4922462479328528,0.7614167565623876
0.49230865237604915,0.7614167565623876
0.49233985459764734,0.7614167565623876
0.49237105681924553,0.761596548004315
0.4924178601516428,0.761596548004315
0.49243346126244186,0.7617763394462423
0.4925582701488346,0.7617763394462423
0.49262067459203096,0.7617763394462423
0.4926674779244282,0.7617763394462423
0.49272988236762455,0.7617763394462423
0.49277668570002187,0.7617763394462423
0.49277668570002187,0.7619561308881697
0.49280788792162,0.7619561308881697
0.4928390901432182,0.7619561308881697
0.49285469125401726,0.7619561308881697
0.4929326968080127,0.7621359223300971
0.4929638990296109,0.7621359223300971
0.49297950014041,0.7621359223300971
0.49301070236200817,0.7621359223300971
0.49305750569440543,0.7621359223300971
0.49307310680520455,0.7623157137720245
0.4930887079160036,0.7623157137720245
0.4931199101376018,0.7623157137720245
0.49318231458079814,0.7623157137720245
0.4932603201347936,0.7623157137720245
0.4932915223563918,0.7623157137720245
0.49332272457799,0.7623157137720245
0.49336952791038724,0.7623157137720245
0.4933851290211863,0.7624955052139518
0.49343193235358357,0.7624955052139518
0.49349433679677995,0.7624955052139518
0.4935255390183781,0.7624955052139518
0.4935411401291772,0.7624955052139518
0.49357234235077535,0.7624955052139518
0.4935879434615745,0.7624955052139518
0.49361914568317267,0.7626752966558792
0.49363474679397173,0.7626752966558792
0.49369715123716806,0.7626752966558792
0.49375955568036445,0.7626752966558792
0.49379075790196264,0.7626752966558792
0.4938219601235608,0.7626752966558792
0.49386876345595804,0.7626752966558792
0.49388436456675716,0.7626752966558792
0.49475802677150615,0.7630348795397339
0.4947892289931043,0.7630348795397339
0.4948204312147025,0.7630348795397339
0.49486723454709974,0.7630348795397339
0.49489843676869794,0.7630348795397339
0.4953976723142688,0.7639338367493708
0.49547567786826424,0.7639338367493708
0.4954912789790633,0.7641136281912981
0.49555368342225964,0.7641136281912981
0.49560048675465695,0.7641136281912981
0.495616087865456,0.7641136281912981
0.4956472900870542,0.7641136281912981
0.4956628911978533,0.7641136281912981
0.49599051452463416,0.7642934196332255
0.49600611563543323,0.7642934196332255
0.49600611563543323,0.7644732110751529
0.49613092452182594,0.7644732110751529
0.49622453118662047,0.7644732110751529
0.49641174451620956,0.7644732110751529
0.49644294673780776,0.7644732110751529
0.4964741489594059,0.7644732110751529
0.4964741489594059,0.7646530025170802
0.496489750070205,0.7646530025170802
0.4967237667321913,0.7648327939590076
0.4967549689537895,0.7648327939590076
0.4967549689537895,0.7650125854009349
0.4967705700645886,0.7650125854009349
0.49684857561858403,0.7651923768428622
0.4968797778401822,0.7651923768428622
0.4968953789509813,0.7651923768428622
0.49712939561296765,0.7664509169363538
0.4971449967237667,0.7664509169363538
0.497191800056164,0.7664509169363538
0.49723860338856124,0.7664509169363538
0.49728540672095856,0.7664509169363538
0.4973322100533558,0.7664509169363538
0.4973322100533558,0.7666307083782812
0.4973790133857531,0.7666307083782812
0.49745701893974853,0.7666307083782812
0.49825267559050207,0.7669902912621359
0.4983150800336984,0.7669902912621359
0.49833068114449747,0.7671700827040633
0.49850229336328744,0.7673498741459907
0.4985802989172829,0.7673498741459907
0.49865830447127835,0.7673498741459907
0.4987051078036756,0.7673498741459907
0.49872070891447473,0.7673498741459907
0.49875191113607287,0.7673498741459907
0.49879871446847013,0.7673498741459907
0.49884551780086744,0.7673498741459907
0.4988923211332647,0.7673498741459907
0.49909513557365287,0.7673498741459907
0.4992511466816437,0.7673498741459907
0.49937595556803643,0.767529665587918
0.49939155667883556,0.767529665587918
0.4994851633436301,0.767529665587918
0.4995787700084246,0.767529665587918
0.49964117445162093,0.767529665587918
0.49964117445162093,0.7678892484717728
0.49965677556242005,0.7678892484717728
0.49968797778401824,0.7678892484717728
0.49976598333801364,0.7678892484717728
0.49976598333801364,0.7680690399137001
0.4998439888920091,0.7680690399137001
0.4999063933352055,0.7684286227975549
0.49993759555680367,0.7684286227975549
0.4999687977784018,0.7684286227975549
0.5,0.7684286227975549
0.5000156011107991,0.7684286227975549
0.5001404099971918,0.7684286227975549
0.5001560111079909,0.7684286227975549
0.500187213329589,0.7684286227975549
0.5002028144403882,0.7684286227975549
0.5002808199943836,0.7684286227975549
0.5003900277699772,0.7686084142394822
0.5004056288807763,0.7686084142394822
0.5004836344347717,0.7687882056814096
0.5005772410995663,0.7687882056814096
0.5006240444319635,0.7687882056814096
0.5006708477643608,0.7687882056814096
0.5006708477643608,0.768967997123337
0.500702049985959,0.768967997123337
0.500702049985959,0.7691477885652643
0.5007332522075572,0.7691477885652643
0.5008112577615527,0.7693275800071917
0.5008268588723517,0.7693275800071917
0.5008580610939499,0.7693275800071917
0.5008736622047489,0.7693275800071917
0.5009048644263472,0.7693275800071917
0.5009360666479453,0.7693275800071917
0.5010764766451371,0.7695073714491191
0.5011076788667354,0.7695073714491191
0.5011544821991326,0.7695073714491191
0.5012012855315299,0.7695073714491191
0.5012636899747261,0.7695073714491191
0.5013104933071235,0.7695073714491191
0.5013572966395208,0.7696871628910464
0.501419701082717,0.7696871628910464
0.5014353021935162,0.7696871628910464
0.5014665044151143,0.7696871628910464
0.5015133077475116,0.7696871628910464
0.5015289088583107,0.7696871628910464
0.501575712190708,0.7696871628910464
0.5016693188555025,0.7696871628910464
0.5017005210771007,0.7696871628910464
0.5017161221878997,0.7696871628910464
0.5018097288526943,0.7696871628910464
0.5019501388498862,0.7696871628910464
0.5020281444038815,0.7698669543329737
0.5020593466254797,0.7698669543329737
0.502106149957877,0.7698669543329737
0.5021217510686761,0.7698669543329737
0.5021373521794752,0.7702265372168284
0.5021685544010733,0.7702265372168284
0.5021841555118725,0.7702265372168284
0.5022153577334706,0.7702265372168284
0.5022309588442697,0.7702265372168284
0.5022309588442697,0.7704063286587558
0.5022465599550688,0.7704063286587558
0.5022933632874661,0.7704063286587558
0.5023089643982651,0.7704063286587558
0.5023089643982651,0.7707659115426105
0.5023557677306624,0.7707659115426105
0.5024025710630597,0.7707659115426105
0.5025429810602515,0.7709457029845379
0.5025429810602515,0.7711254944264653
0.5026053855034478,0.7711254944264653
0.502636587725046,0.7711254944264653
0.5026521888358451,0.7711254944264653
0.5027769977222378,0.7711254944264653
0.5028238010546351,0.7711254944264653
0.5028238010546351,0.77148507731032
0.5028706043870323,0.77148507731032
0.5029330088302287,0.77148507731032
0.5029642110518269,0.77148507731032
0.5029954132734251,0.77148507731032
0.5030266154950233,0.77148507731032
0.5030422166058224,0.7716648687522474
0.5030734188274205,0.7716648687522474
0.5030890199382196,0.7716648687522474
0.503167025492215,0.7716648687522474
0.5032294299354114,0.7716648687522474
0.5032606321570096,0.7716648687522474
0.5032762332678087,0.7716648687522474
0.5032762332678087,0.7718446601941747
0.5033542388218041,0.7718446601941747
0.5034478454865986,0.7718446601941747
0.5034790477081968,0.7718446601941747
0.5035726543729914,0.7718446601941747
0.5036038565945895,0.7718446601941747
0.5036506599269868,0.7718446601941747
0.503681862148585,0.7718446601941747
0.5037286654809823,0.7718446601941747
0.5037442665917813,0.7718446601941747
0.5038066710349777,0.7718446601941747
0.5038378732565759,0.7718446601941747
0.5038846765889732,0.7718446601941747
0.5039158788105713,0.7718446601941747
0.504025086586165,0.7720244516361021
0.5043059065805485,0.7722042430780295
0.5043371088021467,0.7722042430780295
0.5043683110237449,0.7722042430780295
0.5044775187993386,0.7722042430780295
0.5045243221317358,0.7722042430780295
0.5045243221317358,0.7723840345199569
0.5045867265749321,0.7723840345199569
0.5046803332397267,0.7723840345199569
0.504727136572124,0.7725638259618842
0.5047583387937221,0.7725638259618842
0.5048051421261194,0.7725638259618842
0.5049611532341103,0.7725638259618842
0.5050703610097039,0.7725638259618842
0.5051015632313021,0.7725638259618842
0.5051171643421012,0.7725638259618842
0.5051639676744984,0.7725638259618842
0.5051951698960966,0.7725638259618842
0.5052263721176948,0.7725638259618842
0.5053823832256856,0.7727436174038116
0.5053979843364848,0.7727436174038116
0.5054759898904801,0.7727436174038116
0.5055227932228775,0.7727436174038116
0.5055227932228775,0.772923408845739
0.5055383943336765,0.772923408845739
0.5059440232144529,0.7731032002876663
0.5059908265468501,0.7731032002876663
0.5061312365440419,0.7731032002876663
0.5061780398764392,0.7731032002876663
0.5061936409872383,0.7732829917295937
0.5063028487628319,0.7734627831715211
0.5063340509844301,0.7734627831715211
0.5063652532060283,0.7734627831715211
0.5063652532060283,0.7736425746134484
0.5063964554276265,0.7736425746134484
0.5064744609816219,0.7738223660553758
0.5066304720896128,0.7738223660553758
0.506661674311211,0.7738223660553758
0.50667727542201,0.7738223660553758
0.5067084776436083,0.7738223660553758
0.5067552809760055,0.7738223660553758
0.5067864831976037,0.7738223660553758
0.5069112920839964,0.7740021574973032
0.5069268931947954,0.7740021574973032
0.5069736965271927,0.7740021574973032
0.507004898748791,0.7740021574973032
0.50702049985959,0.7740021574973032
0.5070517020811882,0.7740021574973032
0.5070673031919872,0.7740021574973032
0.5070673031919872,0.7741819489392305
0.5070985054135855,0.7741819489392305
0.5071453087459827,0.7741819489392305
0.5072545165215764,0.7743617403811579
0.5076445442915536,0.7743617403811579
0.507722549845549,0.7743617403811579
0.5078473587319418,0.7743617403811579
0.507909763175138,0.7743617403811579
0.5079253642859372,0.7743617403811579
0.5079877687291335,0.7743617403811579
0.5080033698399326,0.7743617403811579
0.5080657742831289,0.7743617403811579
0.5080969765047272,0.7743617403811579
0.5082841898343162,0.7749011147069399
0.5083777964991107,0.7749011147069399
0.5085182064963025,0.7749011147069399
0.5085338076071017,0.7749011147069399
0.5090330431526725,0.7750809061488673
0.5090330431526725,0.7752606975907946
0.5090954475958688,0.7752606975907946
0.5093138631470561,0.7752606975907946
0.5093138631470561,0.775440489032722
0.5093606664794533,0.775440489032722
0.5094542731442478,0.775440489032722
0.5095322786982434,0.775440489032722
0.5097662953602297,0.7756202804746494
0.5097818964710288,0.7756202804746494
0.5097974975818278,0.7758000719165767
0.509828699803426,0.7758000719165767
0.5098599020250242,0.7758000719165767
0.5098755031358233,0.7758000719165767
0.5099223064682206,0.7758000719165767
0.5099379075790196,0.7758000719165767
0.5099691098006178,0.7758000719165767
0.5100315142438142,0.7759798633585041
0.5100627164654123,0.7759798633585041
0.5101251209086087,0.7759798633585041
0.5101407220194077,0.7759798633585041
0.5102187275734033,0.7759798633585041
0.5102187275734033,0.7761596548004315
0.5103123342381978,0.7761596548004315
0.510359137570595,0.7761596548004315
0.5103747386813942,0.7761596548004315
0.5104059409029923,0.7761596548004315
0.5104371431245904,0.7761596548004315
0.5104683453461887,0.7761596548004315
0.5104995475677868,0.7761596548004315
0.5105931542325813,0.7761596548004315
0.5106555586757777,0.7761596548004315
0.5107179631189741,0.7761596548004315
0.5107491653405722,0.7761596548004315
0.5108115697837686,0.7761596548004315
0.5109519797809604,0.7761596548004315
0.5109987831133577,0.7761596548004315
0.5110455864457549,0.7763394462423588
0.5111703953321477,0.7763394462423588
0.5114356142157321,0.7763394462423588
0.5114824175481294,0.7763394462423588
0.5118100408749103,0.7765192376842862
0.5118256419857093,0.7765192376842862
0.5118724453181066,0.7765192376842862
0.5119504508721021,0.7765192376842862
0.5120284564260975,0.7765192376842862
0.5120596586476958,0.7765192376842862
0.512106461980093,0.7765192376842862
0.5121376642016912,0.7765192376842862
0.5124184841960747,0.7770586120100683
0.5124808886392711,0.7770586120100683
0.5125276919716684,0.7770586120100683
0.5125744953040656,0.7770586120100683
0.5126056975256639,0.7770586120100683
0.5126056975256639,0.777418194893923
0.5126212986364629,0.777418194893923
0.5126525008580611,0.777418194893923
0.5126681019688601,0.777418194893923
0.5127305064120565,0.7775979863358504
0.5127617086336547,0.7775979863358504
0.5127773097444538,0.7775979863358504
0.5128085119660519,0.7775979863358504
0.5128397141876502,0.7775979863358504
0.5128865175200474,0.7775979863358504
0.5129333208524447,0.7775979863358504
0.5130269275172392,0.7775979863358504
0.5130737308496365,0.7775979863358504
0.5131049330712347,0.7775979863358504
0.5131361352928329,0.7775979863358504
0.5132609441792255,0.7775979863358504
0.5132921464008238,0.7775979863358504
0.5133857530656183,0.7777777777777778
0.5134325563980155,0.7779575692197052
0.5135729663952073,0.7779575692197052
0.5135729663952073,0.7783171521035599
0.5136509719492027,0.7783171521035599
0.513682174170801,0.7783171521035599
0.5137133763923991,0.7783171521035599
0.5137601797247964,0.7784969435454873
0.5137757808355955,0.7786767349874146
0.5137913819463946,0.7786767349874146
0.5138069830571936,0.778856526429342
0.5138225841679928,0.778856526429342
0.5139317919435864,0.778856526429342
0.5139941963867828,0.7790363178712694
0.51404099971918,0.7790363178712694
0.5140722019407782,0.7790363178712694
0.5141190052731754,0.7790363178712694
0.5141814097163718,0.7790363178712694
0.51421261193797,0.7790363178712694
0.5142282130487691,0.7790363178712694
0.5143218197135636,0.7790363178712694
0.5143530219351617,0.7790363178712694
0.5144622297107554,0.7792161093131967
0.5144934319323535,0.7792161093131967
0.5144934319323535,0.7793959007551241
0.5145870385971482,0.7793959007551241
0.5146182408187463,0.7793959007551241
0.5147274485943399,0.7793959007551241
0.5147742519267372,0.7795756921970515
0.5147898530375363,0.7795756921970515
0.5148210552591345,0.7797554836389787
0.5148366563699336,0.7797554836389787
0.5149302630347281,0.7797554836389787
0.5149458641455271,0.7797554836389787
0.5149770663671254,0.7797554836389787
0.5150082685887235,0.7797554836389787
0.5150394708103216,0.7797554836389787
0.5150394708103216,0.7801150665228335
0.515086274142719,0.7801150665228335
0.5151174763643172,0.7801150665228335
0.5151330774751163,0.7801150665228335
0.5151798808075135,0.7801150665228335
0.5152422852507098,0.7801150665228335
0.5152734874723081,0.7802948579647608
0.5152890885831071,0.7802948579647608
0.5152890885831071,0.7804746494066882
0.5153358919155043,0.7804746494066882
0.5153982963587007,0.7804746494066882
0.5154607008018971,0.7804746494066882
0.5156947174638834,0.7804746494066882
0.5157415207962807,0.7804746494066882
0.5157727230178789,0.7804746494066882
0.5157883241286779,0.7804746494066882
0.5157883241286779,0.7806544408486156
0.5159443352366688,0.7806544408486156
0.5160379419014633,0.7806544408486156
0.516147149677057,0.7806544408486156
0.5161939530094543,0.7806544408486156
0.5162407563418515,0.7808342322905429
0.5162719585634498,0.7808342322905429
0.5163655652282443,0.7810140237324703
0.5167243907766232,0.7815533980582524
0.5167399918874224,0.7815533980582524
0.5168179974414179,0.7817331895001798
0.5169116041062124,0.7817331895001798
0.5169116041062124,0.7819129809421071
0.5170052107710069,0.7819129809421071
0.5170520141034042,0.7822725638259619
0.5170832163250023,0.7822725638259619
0.5170988174358014,0.7824523552678893
0.5171300196573996,0.7824523552678893
0.5171612218789978,0.7824523552678893
0.5172236263221941,0.7824523552678893
0.5172860307653905,0.7826321467098166
0.517364036319386,0.7826321467098166
0.5176292552029704,0.782811938151744
0.5176604574245687,0.782811938151744
0.5177540640893632,0.782811938151744
0.5177696652001622,0.782811938151744
0.5178320696433586,0.782811938151744
0.5178476707541577,0.782811938151744
0.5178788729757559,0.782811938151744
0.5179100751973541,0.782811938151744
0.5179100751973541,0.7829917295936714
0.5181128896377422,0.7829917295936714
0.5181752940809385,0.7829917295936714
0.5182064963025368,0.7829917295936714
0.5182376985241349,0.7829917295936714
0.5186901307373085,0.7833513124775261
0.5187213329589067,0.7833513124775261
0.5188305407345003,0.7833513124775261
0.5188617429560984,0.7835311039194535
0.5189085462884957,0.7835311039194535
0.5189865518424912,0.7835311039194535
0.5190021529532902,0.7835311039194535
0.5190333551748885,0.7835311039194535
0.5190645573964866,0.7835311039194535
0.519126961839683,0.7835311039194535
0.5192049673936784,0.7835311039194535
0.5192673718368748,0.7837108953613808
0.5193453773908703,0.7837108953613808
0.5193921807232675,0.7837108953613808
0.5194077818340666,0.7837108953613808
0.5194701862772629,0.7838906868033082
0.5194857873880621,0.7838906868033082
0.5195793940528566,0.7838906868033082
0.5196105962744547,0.7838906868033082
0.519641798496053,0.7838906868033082
0.519657399606852,0.7838906868033082
0.5197354051608475,0.7838906868033082
0.5197822084932447,0.7838906868033082
0.5197978096040438,0.7840704782452356
0.519844612936441,0.7840704782452356
0.5199382196012357,0.7842502696871629
0.5199694218228338,0.7842502696871629
0.5200006240444319,0.7842502696871629
0.5200474273768292,0.7842502696871629
0.5201098318200256,0.7842502696871629
0.5201410340416238,0.7842502696871629
0.5202190395956192,0.7842502696871629
0.5202502418172174,0.7842502696871629
0.5202658429280165,0.7842502696871629
0.5202814440388156,0.7844300611290903
0.5203438484820119,0.7844300611290903
0.5203750507036101,0.7846098525710177
0.5204062529252083,0.7846098525710177
0.5204686573684046,0.7846098525710177
0.5204686573684046,0.7847896440129449
0.5204842584792038,0.7847896440129449
0.5205154607008019,0.7847896440129449
0.5205934662547973,0.7847896440129449
0.5205934662547973,0.7849694354548723
0.5206090673655964,0.7849694354548723
0.5206090673655964,0.7851492268967997
0.5206558706979937,0.7851492268967997
0.5207182751411901,0.7851492268967997
0.5207494773627882,0.7851492268967997
0.5209210895815782,0.7851492268967997
0.5209522918031764,0.7851492268967997
0.5209990951355736,0.7851492268967997
0.5211551062435645,0.785329018338727
0.5212331117975599,0.785329018338727
0.5212487129083591,0.785329018338727
0.5212643140191582,0.7856886012225818
0.5212955162407563,0.7858683926645091
0.5213111173515554,0.7860481841064365
0.5213735217947518,0.7860481841064365
0.5214203251271491,0.7860481841064365
0.5214983306811445,0.7860481841064365
0.5215295329027426,0.7860481841064365
0.5216387406783363,0.7860481841064365
0.5216699428999345,0.7862279755483639
0.5217947517863272,0.7862279755483639
0.5218103528971263,0.7862279755483639
0.5218571562295236,0.7862279755483639
0.5219663640051172,0.7862279755483639
0.5221223751131081,0.786767349874146
0.5221535773347062,0.786767349874146
0.5222315828887016,0.7869471413160734
0.5222783862210989,0.7869471413160734
0.5223095884426971,0.7869471413160734
0.5223563917750944,0.7869471413160734
0.5224031951074917,0.7869471413160734
0.5224499984398889,0.7869471413160734
0.5225124028830853,0.7869471413160734
0.5225592062154826,0.7869471413160734
0.5226060095478798,0.7869471413160734
0.522637211769478,0.7869471413160734
0.5226684139910762,0.7869471413160734
0.5227152173234735,0.7871269327580007
0.5227464195450716,0.7871269327580007
0.5227776217666698,0.7871269327580007
0.5227932228774689,0.7871269327580007
0.522808823988268,0.7873067241999281
0.5229024306530625,0.7873067241999281
0.5229492339854598,0.7873067241999281
0.522996037317857,0.7873067241999281
0.523167649536647,0.7873067241999281
0.5234016661986334,0.7874865156418555
0.5234952728634279,0.7874865156418555
0.523510873974227,0.7874865156418555
0.523510873974227,0.7876663070837828
0.5235732784174233,0.7876663070837828
0.5235888795282224,0.7876663070837828
0.5236200817498206,0.7876663070837828
0.5236980873038161,0.7876663070837828
0.5237292895254142,0.7876663070837828
0.5237604917470123,0.7876663070837828
0.5238072950794097,0.7876663070837828
0.5239477050766015,0.7876663070837828
0.5240101095197978,0.7880258899676376
0.524041311741396,0.7880258899676376
0.5241349184061905,0.7880258899676376
0.5241817217385878,0.7880258899676376
0.5242597272925832,0.7882056814095649
0.5242753284033823,0.7882056814095649
0.5243221317357796,0.7882056814095649
0.5243377328465787,0.7882056814095649
0.524384536178976,0.7882056814095649
0.5244001372897751,0.7883854728514923
0.5244313395113732,0.7883854728514923
0.5244781428437705,0.7883854728514923
0.5244937439545696,0.7883854728514923
0.5245093450653686,0.7885652642934197
0.5245249461761677,0.7885652642934197
0.5245561483977659,0.7885652642934197
0.5246341539517614,0.7885652642934197
0.5246809572841586,0.7885652642934197
0.524758962838154,0.7885652642934197
0.5247901650597523,0.7885652642934197
0.5248369683921495,0.7885652642934197
0.5248837717245468,0.7885652642934197
0.5249461761677432,0.7885652642934197
0.5251333894973322,0.7885652642934197
0.525273799494524,0.7885652642934197
0.5258198383724921,0.7892844300611291
0.5258354394832913,0.7892844300611291
0.5258666417048894,0.7892844300611291
0.525975849480483,0.7892844300611291
0.5260070517020812,0.7892844300611291
0.5260382539236793,0.7892844300611291
0.5260694561452776,0.7892844300611291
0.5261786639208712,0.7892844300611291
0.5262254672532685,0.7892844300611291
0.5262410683640675,0.7892844300611291
0.5262878716964647,0.7892844300611291
0.5263034728072639,0.7892844300611291
0.5263034728072639,0.7896440129449838
0.5263346750288621,0.7896440129449838
0.5264750850260539,0.7898238043869111
0.5264906861368529,0.7898238043869111
0.5268651127960311,0.7898238043869111
0.5268963150176292,0.7898238043869111
0.527036725014821,0.7898238043869111
0.5270679272364193,0.7898238043869111
0.5271147305688165,0.7898238043869111
0.5271615339012138,0.7898238043869111
0.527208337233611,0.7898238043869111
0.5272707416768074,0.7898238043869111
0.5273331461200037,0.7898238043869111
0.5273955505632001,0.7898238043869111
0.5274579550063965,0.7898238043869111
0.5274735561171956,0.7900035958288385
0.5276607694467846,0.7901833872707659
0.5277543761115792,0.7901833872707659
0.5277855783331773,0.7901833872707659
0.5278011794439764,0.7901833872707659
0.5278011794439764,0.7903631787126932
0.5278323816655746,0.7903631787126932
0.5278635838871728,0.7903631787126932
0.5280039938843646,0.7903631787126932
0.5280351961059627,0.7905429701546206
0.5280507972167618,0.7905429701546206
0.52825361165715,0.790722761596548
0.5282848138787481,0.790722761596548
0.5283004149895473,0.790722761596548
0.5284252238759399,0.7909025530384753
0.5284252238759399,0.7910823444804027
0.5284720272083372,0.7910823444804027
0.5285188305407345,0.7910823444804027
0.5286748416487254,0.7910823444804027
0.5287060438703236,0.7914419273642574
0.5287216449811226,0.7916217188061848
0.5287684483135199,0.7916217188061848
0.5287996505351181,0.7918015102481122
0.5288308527567163,0.7918015102481122
0.5288932571999126,0.7919813016900396
0.5289400605323099,0.7919813016900396
0.5290336671971044,0.7919813016900396
0.5290804705295017,0.7919813016900396
0.5292364816374926,0.7919813016900396
0.5292364816374926,0.7921610931319669
0.5292520827482917,0.7921610931319669
0.5292520827482917,0.7923408845738943
0.529298886080689,0.7923408845738943
0.5293300883022871,0.7923408845738943
0.5293924927454835,0.7923408845738943
0.5295953071858717,0.7923408845738943
0.5296109082966707,0.7923408845738943
0.5296265094074698,0.7925206760158217
0.5297513182938626,0.7925206760158217
0.5297825205154607,0.7925206760158217
0.5298137227370588,0.7925206760158217
0.5298761271802552,0.7925206760158217
0.5298917282910544,0.7925206760158217
0.5299385316234516,0.7925206760158217
0.5299541327342506,0.7925206760158217
0.530000936066648,0.7925206760158217
0.5300321382882461,0.7925206760158217
0.5301101438422415,0.7925206760158217
0.5301569471746388,0.7925206760158217
0.5302349527286343,0.7925206760158217
0.5302661549502324,0.7925206760158217
0.5302973571718307,0.7925206760158217
0.5303753627258261,0.7925206760158217
0.5304533682798215,0.7925206760158217
0.530531373833817,0.7925206760158217
0.5305469749446161,0.7925206760158217
0.5306093793878124,0.7925206760158217
0.5306405816094106,0.792700467457749
0.5306873849418079,0.792700467457749
0.5307341882742052,0.792700467457749
0.5308589971605978,0.792700467457749
0.5309370027145933,0.792700467457749
0.5309370027145933,0.7928802588996764
0.5309994071577896,0.7928802588996764
0.5310462104901869,0.7930600503416038
0.5311086149333832,0.7930600503416038
0.5311398171549815,0.7930600503416038
0.5312646260413741,0.7930600503416038
0.5313114293737714,0.7930600503416038
0.5314518393709632,0.7930600503416038
0.5314986427033604,0.7932398417835311
0.5315610471465568,0.7932398417835311
0.5316390527005522,0.7932398417835311
0.5316858560329496,0.7932398417835311
0.5316858560329496,0.7934196332254585
0.5317014571437486,0.7934196332254585
0.5317326593653469,0.7934196332254585
0.5317326593653469,0.7937792161093132
0.5320758838029268,0.7943185904350953
0.5320914849137258,0.7944983818770227
0.5321382882461231,0.7944983818770227
0.5322006926893195,0.7944983818770227
0.5322630971325158,0.7944983818770227
0.5323099004649131,0.7944983818770227
0.5324035071297076,0.7944983818770227
0.5324347093513058,0.7944983818770227
0.532465911572904,0.7944983818770227
0.5324971137945022,0.7944983818770227
0.5325127149053013,0.7944983818770227
0.5325127149053013,0.79467817331895
0.5325283160161004,0.79467817331895
0.5325751193484977,0.79467817331895
0.5326063215700958,0.79467817331895
0.5326375237916939,0.79467817331895
0.5328247371212831,0.79467817331895
0.5328559393428812,0.79467817331895
0.5328559393428812,0.7948579647608773
0.5328715404536803,0.7948579647608773
0.5328871415644794,0.7950377562028047
0.5329027426752785,0.7950377562028047
0.5329651471184749,0.7950377562028047
0.5329807482292739,0.7950377562028047
0.5329807482292739,0.7952175476447321
0.5330743548940684,0.7952175476447321
0.5331367593372648,0.7952175476447321
0.5331523604480639,0.7952175476447321
0.5332459671128584,0.7952175476447321
0.5332771693344566,0.7952175476447321
0.5333239726668538,0.7952175476447321
0.5333551748884521,0.7952175476447321
0.5333863771100502,0.7952175476447321
0.544213548004618,0.8015102481121898
0.5442603513370152,0.8015102481121898
0.5442915535586134,0.8015102481121898
0.5443227557802115,0.8015102481121898
0.5443383568910106,0.8015102481121898
0.5446035757745952,0.8016900395541172
0.5446503791069924,0.8016900395541172
0.5447595868825861,0.8016900395541172
0.5447907891041842,0.8016900395541172
0.5448687946581796,0.8016900395541172
0.544915597990577,0.8016900395541172
0.5449624013229742,0.8016900395541172
0.5450404068769696,0.8016900395541172
0.5490654934631346,0.8038475368572456
0.6209866142469344,0.8459187342682488
0.6211114231333271,0.8459187342682488
0.6211270242441261,0.8459187342682488
0.621267434241318,0.8459187342682488
0.6213454397953134,0.8459187342682488
0.6214078442385098,0.8459187342682488
0.6214546475709071,0.8459187342682488
0.6215482542357016,0.8459187342682488
0.6215950575680989,0.8459187342682488
0.621626259789697,0.8459187342682488
0.6216418609004961,0.8459187342682488
0.6216886642328934,0.8460985257101762
0.6217354675652906,0.8460985257101762
0.6218134731192861,0.8460985257101762
0.6449811226559331,0.858324343761237
0.6449967237667322,0.858324343761237
0.6450903304315267,0.858324343761237
0.6451059315423258,0.858324343761237
0.645137133763924,0.858324343761237
0.6451839370963213,0.858324343761237
0.6452151393179194,0.858324343761237
0.6452619426503167,0.858324343761237
0.6452931448719149,0.858324343761237
0.6459795937470748,0.8588637180870191
0.6460263970794721,0.8588637180870191
0.6460732004118693,0.8588637180870191
0.6461200037442666,0.8588637180870191
0.6461512059658647,0.8588637180870191
0.646182408187463,0.8588637180870191
0.6462136104090611,0.8588637180870191
0.6506131236544042,0.8619201725997843
0.6507067303191987,0.8620999640417116
0.6507379325407969,0.8620999640417116
0.6507691347623951,0.8624595469255664
0.6507847358731942,0.8624595469255664
0.6507847358731942,0.8626393383674937
0.6508159380947923,0.8628191298094211
0.6508783425379887,0.8628191298094211
0.6532809136010483,0.8642574613448399
0.6533277169334457,0.8642574613448399
0.6533589191550438,0.8642574613448399
0.653390121376642,0.8642574613448399
0.6541077724734001,0.8649766271125494
0.6541233735841991,0.8649766271125494
0.6542481824705919,0.8649766271125494
0.65427938469219,0.8649766271125494
0.6542949858029892,0.8649766271125494
0.6543885924677837,0.8651564185544768
0.6544665980217792,0.8651564185544768
0.6544821991325782,0.8653362099964041
0.6545134013541765,0.8653362099964041
0.654607008018971,0.8653362099964041
0.6546382102405691,0.8653362099964041
0.6559799057692908,0.8653362099964041
0.6854504040687697,0.8786407766990292
0.6854972074011669,0.8786407766990292
0.685512808511966,0.8786407766990292
0.6856376173983587,0.8790003595828838
0.6856532185091578,0.8790003595828838
0.6856844207307561,0.8791801510248112
0.6857156229523542,0.8791801510248112
0.6857624262847515,0.8791801510248112
0.6858092296171487,0.8793599424667385
0.6858404318387469,0.8795397339086659
0.6859028362819433,0.8795397339086659
0.6859184373927424,0.8795397339086659
0.6859496396143405,0.8795397339086659
0.6860120440575369,0.8795397339086659
0.686370869605916,0.880079108234448
0.686386470716715,0.880079108234448
0.6910356017348436,0.8827759798633585
0.6910512028456426,0.8827759798633585
0.695325907204593,0.8849334771664868
0.6953415083153921,0.8849334771664868
0.6955287216449811,0.8851132686084142
0.6955599238665793,0.8851132686084142
0.6955911260881775,0.8851132686084142
0.6956379294205748,0.8851132686084142
0.695684732752972,0.8851132686084142
0.7043277481356672,0.8879899316792521
0.7043901525788636,0.8879899316792521
0.7044213548004618,0.8879899316792521
0.7044993603544573,0.8879899316792521
0.7047021747948454,0.8879899316792521
0.7047801803488408,0.8883495145631068
0.70479578145964,0.8883495145631068
0.70479578145964,0.8885293060050342
0.704811382570439,0.8885293060050342
0.704982994789229,0.8888888888888888
0.705154607008019,0.8888888888888888
0.7053574214484071,0.8888888888888888
0.7074167680738869,0.8910463861920173
0.7075103747386814,0.8910463861920173
0.7075415769602795,0.8910463861920173
0.7075727791818778,0.8912261776339446
0.707619582514275,0.8912261776339446
0.7076507847358732,0.8912261776339446
0.7076819869574714,0.8915857605177994
0.7077443914006677,0.8915857605177994
0.707791194733065,0.8915857605177994
0.7078067958438641,0.8915857605177994
0.7078692002870605,0.8915857605177994
0.7078692002870605,0.8917655519597267
0.7078848013978595,0.8917655519597267
0.7079784080626541,0.8917655519597267
0.7080096102842522,0.8917655519597267
0.7080876158382476,0.8917655519597267
0.7081812225030422,0.8921251348435815
0.7082280258354395,0.8921251348435815
0.7083372336110331,0.8921251348435815
0.7083528347218322,0.8921251348435815
0.7084152391650286,0.8921251348435815
0.7084308402758276,0.8921251348435815
0.7084620424974258,0.8921251348435815
0.7085088458298231,0.8921251348435815
0.7094917158101657,0.8930240920532183
0.7095229180317638,0.8930240920532183
0.7095229180317638,0.8932038834951457
0.7099285469125401,0.893383674937073
0.7099441480233393,0.893383674937073
0.7102873724609192,0.8935634663790004
0.7103341757933165,0.8935634663790004
0.710427782458111,0.8937432578209277
0.7104589846797092,0.893923049262855
0.7105837935661019,0.893923049262855
0.7106149957877,0.8941028407047824
0.7106461980092983,0.8941028407047824
0.7106774002308964,0.8941028407047824
0.7107086024524946,0.8941028407047824
0.710771006895691,0.8941028407047824
0.7108022091172892,0.8941028407047824
0.7108490124496865,0.8941028407047824
0.7112234391088645,0.8950017979144193
0.7114106524384536,0.8950017979144193
0.71147305688165,0.8950017979144193
0.7115042591032481,0.8950017979144193
0.7115510624356454,0.8950017979144193
0.7115822646572436,0.8950017979144193
0.7116290679896409,0.8950017979144193
0.7117382757652345,0.8950017979144193
0.7117694779868327,0.8950017979144193
0.7117850790976318,0.8950017979144193
0.7119098879840244,0.8950017979144193
0.7119566913164217,0.8950017979144193
0.7121283035352117,0.8950017979144193
0.7121439046460109,0.8950017979144193
0.7123467190863989,0.8951815893563466
0.7142500546038878,0.8964401294498382
0.7142656557146869,0.8964401294498382
0.7144216668226778,0.8964401294498382
0.714452869044276,0.8964401294498382
0.7144996723766732,0.8964401294498382
0.714640082373865,0.8964401294498382
0.7150769134762395,0.8966199208917656
0.7151081156978377,0.8966199208917656
0.7151393179194359,0.8966199208917656
0.7152017223626322,0.8966199208917656
0.7152173234734313,0.8967997123336929
0.7152485256950295,0.8967997123336929
0.7152797279166276,0.8967997123336929
0.715342132359824,0.8967997123336929
0.7153733345814222,0.8967997123336929
0.7154201379138194,0.8967997123336929
0.7154513401354177,0.8967997123336929
0.7155293456894131,0.8967997123336929
0.7155605479110113,0.8967997123336929
0.7156541545758058,0.8967997123336929
0.7157009579082031,0.8967997123336929
0.7167618334425411,0.8971592952175477
0.7167930356641393,0.8971592952175477
0.7168086367749383,0.8971592952175477
0.7168398389965366,0.8971592952175477
0.7168554401073356,0.8971592952175477
0.7168866423289338,0.8971592952175477
0.716917844550532,0.8971592952175477
0.7169646478829292,0.8971592952175477
0.7170582545477238,0.8971592952175477
0.717105057880121,0.8971592952175477
0.7171362601017193,0.8971592952175477
0.7171830634341165,0.8971592952175477
0.7173546756529064,0.8975188781014024
0.7173858778745047,0.8975188781014024
0.7174170800961028,0.8975188781014024
0.7174794845392992,0.8976986695433298
0.7174950856500983,0.8976986695433298
0.7175418889824956,0.8976986695433298
0.7176042934256919,0.8976986695433298
0.7177759056444819,0.8976986695433298
0.71780710786608,0.8976986695433298
0.7178695123092764,0.8976986695433298
0.7178851134200755,0.8976986695433298
0.7179163156416737,0.8976986695433298
0.717963118974071,0.8976986695433298
0.7179943211956691,0.8978784609852571
0.7180411245280663,0.8978784609852571
0.7180723267496646,0.8978784609852571
0.7180879278604637,0.8978784609852571
0.7185091578520391,0.8980582524271845
0.7186183656276327,0.8980582524271845
0.7186339667384318,0.8980582524271845
0.7187119722924272,0.8982380438691119
0.7189459889544135,0.8982380438691119
0.7189615900652127,0.8982380438691119
0.7189615900652127,0.8984178353110392
0.7189771911760118,0.8984178353110392
0.7190083933976099,0.8984178353110392
0.719023994508409,0.8984178353110392
0.7192268089487972,0.8985976267529665
0.7192424100595962,0.8985976267529665
0.7193360167243907,0.8985976267529665
0.719726044494368,0.8985976267529665
0.7197572467159662,0.8985976267529665
0.7197884489375643,0.8985976267529665
0.7198040500483635,0.8985976267529665
0.7198508533807607,0.8987774181948939
0.7199132578239571,0.8987774181948939
0.7199288589347561,0.8987774181948939
0.7200224655995507,0.8987774181948939
0.7207401166963088,0.8987774181948939
0.720786920028706,0.8987774181948939
0.7208493244719024,0.8987774181948939
0.7239071421885238,0.9005753326141676
0.7240007488533183,0.9005753326141676
0.7240475521857156,0.9007551240560949
0.7240943555181129,0.9007551240560949
0.7250772254984554,0.9014742898238044
0.7250928266092546,0.9014742898238044
0.7251240288308528,0.9016540812657318
0.7251708321632501,0.9016540812657318
0.7252020343848482,0.9016540812657318
0.7254360510468345,0.9018338727076591
0.7256076632656245,0.9020136641495865
0.7256700677088209,0.9020136641495865
0.7257168710412182,0.9020136641495865
0.7258104777060127,0.9020136641495865
0.7259040843708072,0.9020136641495865
0.7259352865924054,0.9020136641495865
0.7259352865924054,0.9021934555915139
0.7259664888140036,0.9021934555915139
0.7260600954787981,0.9021934555915139
0.7261693032543917,0.9023732470334412
0.7262473088083872,0.9023732470334412
0.7262785110299853,0.9023732470334412
0.7268401510187525,0.9029126213592233
0.7314424787044838,0.9059690758719885
0.7314736809260819,0.9059690758719885
0.7315360853692783,0.9059690758719885
0.7316764953664701,0.9061488673139159
0.7317388998096664,0.9061488673139159
0.7317701020312646,0.9061488673139159
0.7318013042528628,0.9061488673139159
0.7318481075852601,0.9061488673139159
0.7318949109176573,0.9061488673139159
0.7325969609036164,0.906688241639698
0.7326749664576118,0.906688241639698
0.7327373709008081,0.906688241639698
0.7338918530999408,0.9072276159654801
0.7341570719835252,0.9074074074074074
0.7341726730943243,0.9074074074074074
0.7342194764267216,0.9074074074074074
0.7342350775375207,0.9074074074074074
0.7342662797591188,0.9074074074074074
0.734281880869918,0.9074074074074074
0.7367312552653749,0.9079467817331895
0.7367936597085712,0.9079467817331895
0.7368248619301694,0.9079467817331895
0.7368248619301694,0.9083063646170443
0.7369028674841649,0.9083063646170443
0.7369496708165622,0.9083063646170443
0.7369652719273613,0.9083063646170443
0.7370588785921558,0.9083063646170443
0.7370900808137539,0.9083063646170443
0.7371056819245531,0.9083063646170443
0.7371368841461512,0.9083063646170443
0.7371680863677493,0.9083063646170443
0.7372148897001467,0.9083063646170443
0.737277294143343,0.9083063646170443
0.7373084963649412,0.9083063646170443
0.7373240974757402,0.9083063646170443
0.7416144029454897,0.9104638619201726
0.7416456051670879,0.9104638619201726
0.741676807388686,0.9104638619201726
0.7417392118318824,0.9104638619201726
0.7430185029174077,0.9108234448040273
0.7430341040282068,0.9108234448040273
0.7431121095822023,0.9108234448040273
0.7454054728696683,0.9124415677813736
0.7462635339636182,0.912621359223301
0.7462791350744173,0.912621359223301
0.7463727417392119,0.9129809421071557
0.74640394396081,0.9129809421071557
0.74640394396081,0.9131607335490831
0.7466535617335954,0.9133405249910105
0.7466847639551936,0.9133405249910105
0.7468251739523855,0.9133405249910105
0.7468563761739836,0.9133405249910105
0.7468875783955817,0.9133405249910105
0.7469031795063809,0.9133405249910105
0.7469031795063809,0.9135203164329377
0.74691878061718,0.9135203164329377
0.7469499828387781,0.9135203164329377
0.7469655839495772,0.9135203164329377
0.747636431713938,0.9138798993167925
0.7476520328247371,0.9138798993167925
0.7569034915285968,0.9189140596907587
0.7569346937501951,0.9192736425746134
0.7569970981933913,0.9192736425746134
0.7570126993041905,0.9192736425746134
0.7570439015257886,0.9192736425746134
0.7570595026365877,0.9192736425746134
0.7570907048581859,0.9192736425746134
0.7571375081905831,0.9192736425746134
0.7672002246559955,0.9248471772743617
0.7672158257667946,0.9248471772743617
0.7674186402071828,0.9248471772743617
0.7711941090205623,0.926465300251708
0.7712097101313613,0.926465300251708
0.7731286467596493,0.9275440489032722
0.7731442478704483,0.9275440489032722
0.7731754500920466,0.9275440489032722
0.7732222534244438,0.9275440489032722
0.773253455646042,0.9275440489032722
0.7732690567568411,0.9275440489032722
0.7732690567568411,0.9277238403451996
0.7734094667540329,0.9277238403451996
0.7734874723080283,0.9277238403451996
0.7736590845268183,0.9277238403451996
0.7736902867484164,0.9277238403451996
0.773768292302412,0.9277238403451996
0.7737994945240101,0.9277238403451996
0.7781210022153577,0.9316792520676016
0.7781522044369559,0.9316792520676016
0.7781990077693531,0.9316792520676016
0.7782146088801523,0.9316792520676016
0.7782458111017504,0.9316792520676016
0.7782614122125495,0.9316792520676016
0.7784018222097413,0.9316792520676016
0.7787450466473212,0.9320388349514563
0.7787762488689195,0.9320388349514563
0.7807731910512028,0.9329377921610932
0.7818964710287373,0.9332973750449478
0.8019594995163656,0.9430061129090256
0.8019907017379637,0.9430061129090256
0.8020843084027582,0.9430061129090256
0.8021467128459546,0.9430061129090256
0.8021779150675528,0.9431859043509528
0.8021935161783519,0.9431859043509528
0.8022559206215483,0.9431859043509528
0.8023183250647447,0.9431859043509528
0.8023339261755437,0.9433656957928802
0.8023807295079409,0.9433656957928802
0.8024119317295392,0.9433656957928802
0.8042216605822334,0.9435454872348076
0.8042840650254298,0.9435454872348076
0.8047833005710007,0.943725278676735
0.8048613061249961,0.9439050701186623
0.8049081094573933,0.9439050701186623
0.8049549127897906,0.9439050701186623
0.8057817716621424,0.9439050701186623
0.8058753783269369,0.9439050701186623
0.8158288870167556,0.9467817331895002
0.815891291459952,0.9467817331895002
0.8159224936815501,0.9467817331895002
0.8159692970139474,0.9467817331895002
0.8160629036787419,0.9467817331895002
0.816078504789541,0.9467817331895002
0.816078504789541,0.9469615246314276
0.8161409092327374,0.9469615246314276
0.8161877125651347,0.9469615246314276
0.8162657181191301,0.9469615246314276
0.8164373303379201,0.9469615246314276
0.8195419513869387,0.9485796476087738
0.8195731536085369,0.9485796476087738
0.8196043558301351,0.9485796476087738
0.8196823613841305,0.9485796476087738
0.8235670379731037,0.9501977705861201
0.8235670379731037,0.9503775620280475
0.8235826390839027,0.9503775620280475
0.8250959468314144,0.951636102121539
0.8251271490530125,0.951636102121539
0.8252363568286062,0.9518158935634664
0.8252675590502043,0.9518158935634664
0.8253455646041998,0.9518158935634664
0.825376766825798,0.9518158935634664
0.8255951823769853,0.9519956850053938
0.8256107834877844,0.9519956850053938
0.8256575868201816,0.9519956850053938
0.8256887890417798,0.9519956850053938
0.8284813878748167,0.9525350593311759
0.828528191207214,0.9525350593311759
0.8302443133951137,0.9530744336569579
0.830291116727511,0.9530744336569579
0.8303067178383101,0.9532542250988852
0.8308683578270772,0.9532542250988852
0.8308839589378764,0.9532542250988852
0.8386689132266217,0.9568500539374326
0.8387313176698181,0.9568500539374326
0.8387781210022154,0.9568500539374326
0.8388093232238135,0.9568500539374326
0.8389341321102063,0.9568500539374326
0.8389341321102063,0.95702984537936
0.8389497332210053,0.95702984537936
0.8428344098099785,0.9579288025889967
0.8428968142531749,0.9579288025889967
0.8429436175855721,0.9579288025889967
0.8429592186963711,0.9579288025889967
0.8429904209179694,0.9579288025889967
0.8429904209179694,0.9581085940309241
0.8430060220287684,0.9581085940309241
0.8430528253611658,0.9581085940309241
0.8430840275827639,0.9581085940309241
0.843099628693563,0.9581085940309241
0.8431620331367593,0.9581085940309241
0.8431932353583576,0.9581085940309241
0.8433648475771475,0.9582883854728514
0.843442853131143,0.9582883854728514
0.8434896564635402,0.9582883854728514
0.8434896564635402,0.9584681769147788
0.8435052575743393,0.9584681769147788
0.8435364597959375,0.9586479683567062
0.8435520609067365,0.9586479683567062
0.8435520609067365,0.9588277597986335
0.8457830197510062,0.9599065084501978
0.8457986208618054,0.9599065084501978
0.8457986208618054,0.9600862998921251
0.8458142219726045,0.9600862998921251
0.8458454241942026,0.9600862998921251
0.8458454241942026,0.9602660913340525
0.845907828637399,0.9602660913340525
0.8459702330805954,0.9602660913340525
0.8460014353021935,0.9602660913340525
0.8460326375237917,0.9602660913340525
0.8460482386345908,0.9602660913340525
0.8460482386345908,0.9604458827759799
0.8461106430777872,0.9604458827759799
0.8461262441885862,0.9604458827759799
0.8461730475209835,0.9604458827759799
0.8463602608505726,0.9608054656598346
0.8464070641829698,0.9608054656598346
0.8464538675153671,0.960985257101762
0.8464850697369652,0.960985257101762
0.8465162719585635,0.960985257101762
0.8465318730693625,0.960985257101762
0.846609878623358,0.960985257101762
0.8466410808449562,0.960985257101762
0.8466878841773534,0.960985257101762
0.8468126930637462,0.960985257101762
0.8468750975069425,0.960985257101762
0.8469375019501388,0.960985257101762
0.846953103060938,0.9611650485436893
0.8470467097257325,0.9611650485436893
0.8470779119473306,0.9613448399856167
0.8472651252769197,0.9615246314275441
0.8472963274985179,0.9615246314275441
0.8473899341633124,0.9615246314275441
0.8474367374957097,0.9615246314275441
0.8474991419389061,0.9615246314275441
0.8476083497144997,0.9615246314275441
0.8477331586008924,0.9615246314275441
0.847842366376486,0.9615246314275441
0.8478891697088833,0.9617044228694714
0.8479203719304814,0.9617044228694714
0.8480919841492714,0.9617044228694714
0.8481699897032668,0.9618842143113988
0.8482947985896596,0.9618842143113988
0.8483416019220569,0.9618842143113988
0.8484040063652533,0.9618842143113988
0.8484664108084495,0.9618842143113988
0.8484664108084495,0.9620640057533262
0.8484820119192487,0.9620640057533262
0.8485132141408468,0.9620640057533262
0.8485756185840432,0.9620640057533262
0.8485756185840432,0.9622437971952535
0.8486224219164404,0.9622437971952535
0.8486536241380386,0.9622437971952535
0.8486536241380386,0.9624235886371809
0.8487316296920341,0.9624235886371809
0.848887640800025,0.9624235886371809
0.8489344441324223,0.9624235886371809
0.8489812474648195,0.9624235886371809
0.8490124496864176,0.9624235886371809
0.8490280507972168,0.9624235886371809
0.8490436519080159,0.9626033800791083
0.849074854129614,0.9626033800791083
0.8491060563512122,0.9626033800791083
0.8491216574620113,0.9626033800791083
0.8492152641268058,0.9626033800791083
0.8493400730131986,0.9626033800791083
0.8493400730131986,0.9627831715210357
0.8494024774563949,0.9627831715210357
0.8494336796779931,0.9627831715210357
0.8494804830103904,0.9627831715210357
0.8495272863427876,0.9627831715210357
0.849605291896783,0.9627831715210357
0.8496364941183813,0.9627831715210357
0.8496520952291803,0.9627831715210357
0.850463352990733,0.9633225458468176
0.8505101563231302,0.9633225458468176
0.8505101563231302,0.963502337288745
0.8505569596555275,0.963502337288745
0.850650566320322,0.963502337288745
0.8506817685419202,0.963502337288745
0.8506817685419202,0.9636821287306724
0.8507129707635184,0.9636821287306724
0.8507597740959156,0.9636821287306724
0.8507597740959156,0.9638619201725998
0.8509937907579019,0.9638619201725998
0.8510249929795002,0.9638619201725998
0.8510873974226965,0.9638619201725998
0.8511498018658928,0.9638619201725998
0.851181004087491,0.9638619201725998
0.8512122063090892,0.9638619201725998
0.8512434085306874,0.9638619201725998
0.8512434085306874,0.9640417116145271
0.8512746107522856,0.9640417116145271
0.85153982963587,0.9640417116145271
0.8515554307466692,0.9640417116145271
0.8516334363006646,0.9640417116145271
0.8516802396330618,0.9640417116145271
0.8519142562950482,0.9642215030564545
0.8519298574058473,0.9642215030564545
0.8519298574058473,0.9644012944983819
0.8519610596274455,0.9644012944983819
0.8521794751786327,0.9647608773822366
0.8521950762894318,0.9647608773822366
0.8523042840650255,0.964940668824164
0.8523666885082218,0.964940668824164
0.8524134918406191,0.964940668824164
0.8524446940622172,0.964940668824164
0.8526163062810072,0.964940668824164
0.8526319073918063,0.9651204602660913
0.8526787107242035,0.9651204602660913
0.8527099129458018,0.9651204602660913
0.8527255140566008,0.9651204602660913
0.852756716278199,0.9651204602660913
0.852756716278199,0.9654800431499461
0.8528191207213953,0.9654800431499461
0.8528503229429936,0.9654800431499461
0.8528659240537926,0.9654800431499461
0.8529439296077881,0.9654800431499461
0.8530063340509845,0.9654800431499461
0.8530375362725826,0.9654800431499461
0.8530843396049799,0.9654800431499461
0.853099940715779,0.9654800431499461
0.8531467440481763,0.9654800431499461
0.8531623451589753,0.9654800431499461
0.8531623451589753,0.9656598345918734
0.8531779462697744,0.9656598345918734
0.8532091484913726,0.9656598345918734
0.8532247496021717,0.9656598345918734
0.854519641798496,0.9663790003595829
0.8545508440200942,0.9663790003595829
0.8545820462416924,0.9663790003595829
0.8546288495740897,0.9663790003595829
0.8546600517956878,0.9663790003595829
0.854675652906487,0.9663790003595829
0.8547692595712815,0.9663790003595829
0.8548316640144779,0.9663790003595829
0.854862866236076,0.9663790003595829
0.8549096695684733,0.9663790003595829
0.8549408717900715,0.9663790003595829
0.8549564729008705,0.9663790003595829
0.8549876751224688,0.9663790003595829
0.8550188773440669,0.9663790003595829
0.855050079565665,0.9663790003595829
0.8551748884520578,0.9663790003595829
0.8552372928952542,0.9663790003595829
0.855377702892446,0.9663790003595829
0.8554557084464414,0.9663790003595829
0.8555025117788386,0.9663790003595829
0.8555337140004369,0.9663790003595829
0.8555961184436331,0.9663790003595829
0.8555961184436331,0.9665587918015103
0.8556273206652314,0.9665587918015103
0.8556429217760304,0.9665587918015103
0.8556741239976287,0.9665587918015103
0.855752129551624,0.9665587918015103
0.855752129551624,0.9667385832434376
0.8557677306624232,0.9667385832434376
0.8557833317732223,0.966918374685365
0.8558145339948204,0.966918374685365
0.8558457362164186,0.966918374685365
0.8558769384380168,0.966918374685365
0.8558925395488158,0.966918374685365
0.8560485506568067,0.966918374685365
0.856079752878405,0.966918374685365
0.8561421573216013,0.966918374685365
0.856266966207994,0.966918374685365
0.8563137695403913,0.966918374685365
0.8563761739835877,0.966918374685365
0.8565789884239758,0.9670981661272924
0.856610190645574,0.9672779575692197
0.8566725950887704,0.9672779575692197
0.8567037973103685,0.9672779575692197
0.8567349995319666,0.9672779575692197
0.8567818028643639,0.9674577490111471
0.8568286061967612,0.9674577490111471
0.8568754095291585,0.9674577490111471
0.8569378139723548,0.9674577490111471
0.8569378139723548,0.9676375404530745
0.8571562295235421,0.9676375404530745
0.8571718306343412,0.9676375404530745
0.8581390995038847,0.9681769147788565
0.8581547006146838,0.9681769147788565
0.8581859028362819,0.9681769147788565
0.8582795095010765,0.9681769147788565
0.8583263128334737,0.9681769147788565
0.858357515055072,0.9681769147788565
0.8584511217198665,0.9681769147788565
0.8584823239414646,0.9681769147788565
0.8584979250522637,0.9681769147788565
0.858544728384661,0.9681769147788565
0.8585603294954601,0.9681769147788565
0.8586071328278574,0.9681769147788565
0.8586383350494555,0.9681769147788565
0.8586695372710537,0.9681769147788565
0.8586851383818528,0.9681769147788565
0.8589035539330401,0.9681769147788565
0.8590127617086336,0.9681769147788565
0.8590439639302319,0.9681769147788565
0.8590595650410309,0.9681769147788565
0.8590907672626291,0.9681769147788565
0.85924677837062,0.9681769147788565
0.8596836094729945,0.9681769147788565
0.8597148116945926,0.9681769147788565
0.8597148116945926,0.9683567062207838
0.8597616150269899,0.9683567062207838
0.859777216137789,0.9683567062207838
0.859964429467378,0.9683567062207838
0.8600112327997753,0.9683567062207838
0.8601048394645698,0.9683567062207838
0.860120440575369,0.9683567062207838
0.8601516427969671,0.9683567062207838
0.8601672439077662,0.9683567062207838
0.8603388561265563,0.9685364976627112
0.8604168616805516,0.9685364976627112
0.8604480639021498,0.9685364976627112
0.8604636650129489,0.968896080546566
0.8606664794533371,0.968896080546566
0.8608068894505289,0.968896080546566
0.8608068894505289,0.9690758719884933
0.860822490561328,0.9690758719884933
0.8609004961153234,0.9690758719884933
0.8609941027801179,0.9690758719884933
0.8609941027801179,0.9692556634304207
0.8610409061125152,0.9692556634304207
0.8612749227745016,0.9694354548723481
0.861352928328497,0.9694354548723481
0.8613841305500952,0.9694354548723481
0.8614309338824925,0.9694354548723481
0.8614621361040906,0.9694354548723481
0.8614777372148897,0.9694354548723481
0.861524540547287,0.9694354548723481
0.8618209616524697,0.9697950377562028
0.861883366095666,0.9697950377562028
0.8619769727604606,0.9697950377562028
0.862054978314456,0.9697950377562028
0.8620861805360541,0.9697950377562028
0.8621485849792505,0.9697950377562028
0.8629286405192049,0.9701546206400575
0.8632406627351867,0.9701546206400575
0.8632718649567849,0.9701546206400575
0.8633810727323785,0.9701546206400575
0.863474679397173,0.9701546206400575
0.8638959093887485,0.9703344120819849
0.8639271116103466,0.9703344120819849
0.8640363193859403,0.9703344120819849
0.8640987238291367,0.9703344120819849
0.8641767293831321,0.9703344120819849
0.8642547349371276,0.9703344120819849
0.8642859371587257,0.9703344120819849
0.8648943804798902,0.9703344120819849
0.8649255827014883,0.9703344120819849
0.8649567849230865,0.9703344120819849
0.8649723860338856,0.9703344120819849
0.8650035882554837,0.9703344120819849
0.8650659926986801,0.9703344120819849
0.8652844082498674,0.9703344120819849
0.8653000093606665,0.9703344120819849
0.865393616025461,0.9703344120819849
0.8654404193578583,0.9703344120819849
0.86592405379263,0.9703344120819849
0.8659552560142282,0.9703344120819849
0.866080064900621,0.9703344120819849
0.86609566601142,0.9703344120819849
0.86609566601142,0.9705142035239123
0.8661112671222191,0.9705142035239123
0.8661736715654155,0.9705142035239123
0.8662048737870136,0.9705142035239123
0.8666105026677899,0.9705142035239123
0.8666729071109863,0.9705142035239123
0.8667353115541827,0.9706939949658396
0.8668289182189772,0.9706939949658396
0.8671721426565572,0.970873786407767
0.8671877437673562,0.970873786407767
0.8672501482105526,0.970873786407767
0.8673437548753471,0.970873786407767
0.8675153670941371,0.970873786407767
0.8675309682049361,0.970873786407767
0.8675621704265344,0.970873786407767
0.8675933726481325,0.970873786407767
0.8676557770913289,0.9710535778496944
0.867671378202128,0.9710535778496944
0.8678897937533152,0.9710535778496944
0.8680458048613061,0.9710535778496944
0.8680770070829043,0.9710535778496944
0.8680926081937034,0.9710535778496944
0.8681238104153016,0.9710535778496944
0.8685294392960778,0.9710535778496944
0.8685606415176761,0.9710535778496944
0.8685762426284751,0.9710535778496944
0.8686230459608724,0.9710535778496944
0.8686542481824706,0.9710535778496944
0.8688882648444569,0.9710535778496944
0.8689350681768542,0.9710535778496944
0.8689662703984524,0.9710535778496944
0.8689974726200506,0.9712333692916217
0.8690286748416487,0.9712333692916217
0.8691066803956442,0.9712333692916217
0.8691378826172423,0.9712333692916217
0.8691846859496396,0.9712333692916217
0.8692158881712377,0.9712333692916217
0.8693094948360324,0.9712333692916217
0.8693406970576305,0.9712333692916217
0.8694031015008269,0.9712333692916217
0.8694655059440232,0.9712333692916217
0.8694811070548223,0.9712333692916217
0.8694811070548223,0.9714131607335491
0.8694967081656214,0.9714131607335491
0.8696371181628132,0.9714131607335491
0.8696683203844113,0.9714131607335491
0.8696995226060096,0.9714131607335491
0.8697151237168086,0.9714131607335491
0.8697151237168086,0.9715929521754765
0.8697619270492059,0.9715929521754765
0.8701519548191832,0.9717727436174038
0.8701675559299822,0.9717727436174038
0.8702611625947767,0.9717727436174038
0.870292364816375,0.9717727436174038
0.8703235670379731,0.9717727436174038
0.8703547692595713,0.9717727436174038
0.8704015725919686,0.9719525350593312
0.870479578145964,0.9719525350593312
0.8705107803675621,0.9719525350593312
0.8706043870323567,0.9719525350593312
0.870666791475553,0.9719525350593312
0.8706979936971513,0.9719525350593312
0.8708072014727448,0.9719525350593312
0.8708540048051421,0.9719525350593312
0.8709788136915348,0.9719525350593312
0.870994414802334,0.9719525350593312
0.8712128303535212,0.9719525350593312
0.8712284314643203,0.9719525350593312
0.8712908359075167,0.9719525350593312
0.8713220381291148,0.9719525350593312
0.8713376392399139,0.9719525350593312
0.8713688414615121,0.9719525350593312
0.8714156447939093,0.9719525350593312
0.8715404536803021,0.9719525350593312
0.8716340603450966,0.9719525350593312
0.8716652625666947,0.9719525350593312
0.8717744703422884,0.9719525350593312
0.8717900714530875,0.9719525350593312
0.8718212736746856,0.9719525350593312
0.8718368747854848,0.9719525350593312
0.8721332958906675,0.972312117943186
0.8722113014446629,0.972312117943186
0.8723517114418546,0.972312117943186
0.872414115885051,0.972312117943186
0.8724609192174483,0.972312117943186
0.8724765203282474,0.972312117943186
0.8724765203282474,0.9724919093851133
0.8725077225498455,0.9724919093851133
0.8726169303254392,0.9724919093851133
0.8726481325470373,0.9724919093851133
0.8726637336578364,0.9724919093851133
0.8726637336578364,0.9726717008270407
0.8726949358794346,0.9726717008270407
0.873131766981809,0.9728514922689679
0.8738650191893663,0.9732110751528227
0.8738806203001653,0.9732110751528227
0.8739586258541608,0.9732110751528227
0.8747074791725171,0.97339086659475
0.8747230802833161,0.97339086659475
0.8748478891697089,0.97339086659475
0.874879091391307,0.97339086659475
0.8750195013884988,0.97339086659475
0.8750819058316952,0.97339086659475
0.8751131080532933,0.97339086659475
0.8751755124964897,0.97339086659475
0.8752379169396861,0.97339086659475
0.8753315236044806,0.97339086659475
0.8753471247152798,0.97339086659475
0.875393928047677,0.97339086659475
0.8754407313800743,0.97339086659475
0.8754719336016724,0.97339086659475
0.8755031358232707,0.97339086659475
0.8756591469312615,0.97339086659475
0.8757059502636588,0.97339086659475
0.8757683547068551,0.97339086659475
0.8758931635932479,0.97339086659475
0.8759087647040469,0.97339086659475
0.8759399669256451,0.97339086659475
0.8759555680364441,0.97339086659475
0.8760491747012388,0.97339086659475
0.8760803769228369,0.97339086659475
0.8761271802552342,0.97339086659475
0.8761739835876314,0.97339086659475
0.8762051858092296,0.97339086659475
0.8762363880308278,0.97339086659475
0.8763143935848232,0.97339086659475
0.8763923991388187,0.97339086659475
0.8764704046928141,0.97339086659475
0.8765328091360105,0.97339086659475
0.8768604324627913,0.97339086659475
0.8768604324627913,0.9735706580366774
0.8769384380167868,0.9735706580366774
0.876969640238385,0.9735706580366774
0.8769852413491841,0.9735706580366774
0.8770476457923804,0.9735706580366774
0.877156853567974,0.9735706580366774
0.8772192580111704,0.9735706580366774
0.8772348591219695,0.9735706580366774
0.8772816624543668,0.9735706580366774
0.8773128646759649,0.9735706580366774
0.877328465786764,0.9735706580366774
0.8773908702299603,0.9735706580366774
0.8774064713407594,0.9737504494786048
0.877484476894755,0.9737504494786048
0.8775312802271522,0.9737504494786048
0.8776872913351431,0.9737504494786048
0.8777652968891385,0.9737504494786048
0.8777964991107366,0.9737504494786048
0.8779993135511248,0.9737504494786048
0.8780149146619239,0.9737504494786048
0.8780461168835221,0.9737504494786048
0.8781085213267185,0.9737504494786048
0.8781553246591157,0.9737504494786048
0.8781553246591157,0.9739302409205322
0.8781865268807139,0.9739302409205322
0.8781865268807139,0.9741100323624595
0.8782333302131111,0.9741100323624595
0.8782957346563075,0.9741100323624595
0.878373740210303,0.9741100323624595
0.8784205435427003,0.9741100323624595
0.8785141502074948,0.9741100323624595
0.8785453524290929,0.9741100323624595
0.878560953539892,0.9741100323624595
0.8786857624262847,0.9741100323624595
0.8787637679802802,0.9741100323624595
0.8787637679802802,0.9742898238043869
0.8787949702018784,0.9742898238043869
0.8788261724234766,0.9742898238043869
0.8789353801990701,0.9742898238043869
0.8789821835314674,0.9742898238043869
0.8790133857530656,0.9742898238043869
0.8790133857530656,0.9744696152463143
0.8790757901962619,0.9744696152463143
0.8792005990826547,0.9744696152463143
0.8792942057474492,0.9744696152463143
0.8793254079690473,0.9744696152463143
0.8793878124122437,0.9744696152463143
0.879419014633842,0.9744696152463143
0.8796530312958283,0.9744696152463143
0.8796842335174264,0.9744696152463143
0.8797310368498237,0.9744696152463143
0.8797466379606228,0.9744696152463143
0.8797778401822209,0.9744696152463143
0.8798870479578146,0.9744696152463143
0.8799650535118101,0.9744696152463143
0.8799806546226091,0.9744696152463143
0.8800118568442074,0.9744696152463143
0.8800430590658055,0.9744696152463143
0.8801054635090019,0.9744696152463143
0.8801210646198009,0.9746494066882416
0.8801522668413991,0.974829198130169
0.8801834690629973,0.974829198130169
0.8802302723953945,0.974829198130169
0.8802926768385909,0.974829198130169
0.8803706823925863,0.974829198130169
0.8806983057193672,0.9751887810140237
0.8807295079409654,0.9751887810140237
0.8808231146057599,0.9751887810140237
0.8808855190489563,0.9751887810140237
0.8809167212705544,0.9751887810140237
0.8809479234921527,0.9751887810140237
0.8809791257137508,0.9751887810140237
0.8809947268245499,0.9751887810140237
0.8810415301569472,0.9751887810140237
0.8810727323785453,0.9751887810140237
0.8811039346001436,0.9751887810140237
0.8811507379325408,0.9751887810140237
0.8812599457081344,0.9751887810140237
0.8812911479297326,0.9751887810140237
0.8814159568161253,0.9751887810140237
0.8814471590377235,0.9751887810140237
0.8814627601485225,0.9751887810140237
0.8815251645917189,0.9751887810140237
0.8816031701457143,0.9751887810140237
0.881696776810509,0.9751887810140237
0.881696776810509,0.9753685724559511
0.8817747823645044,0.9755483638978785
0.8818059845861025,0.9755483638978785
0.8818527879184997,0.9755483638978785
0.881883990140098,0.9755483638978785
0.8819307934724953,0.9755483638978785
0.8819775968048925,0.9755483638978785
0.8820400012480889,0.9755483638978785
0.882071203469687,0.9755483638978785
0.8820868045804862,0.9755483638978785
0.8821024056912852,0.9757281553398058
0.8821336079128834,0.9757281553398058
0.8821804112452807,0.9757281553398058
0.8822272145776779,0.9757281553398058
0.8822272145776779,0.9759079467817332
0.8822740179100752,0.9759079467817332
0.8823520234640706,0.9759079467817332
0.8823520234640706,0.9760877382236606
0.8823676245748697,0.9760877382236606
0.882414427907267,0.9760877382236606
0.8824300290180661,0.9760877382236606
0.8825392367936598,0.9760877382236606
0.8825548379044588,0.9760877382236606
0.8826328434584543,0.9760877382236606
0.8826640456800524,0.9760877382236606
0.8826952479016505,0.9760877382236606
0.8827420512340478,0.9760877382236606
0.8827576523448469,0.9760877382236606
0.8828200567880433,0.9762675296655879
0.8828668601204406,0.9762675296655879
0.8829136634528378,0.9762675296655879
0.882929264563637,0.9762675296655879
0.8829760678960342,0.9762675296655879
0.8830228712284315,0.9762675296655879
0.8830540734500296,0.9762675296655879
0.8830852756716279,0.9762675296655879
0.8831320790040251,0.9762675296655879
0.8831476801148241,0.9762675296655879
0.8831944834472214,0.9762675296655879
0.8832256856688196,0.9762675296655879
0.8832724890012169,0.9762675296655879
0.8833348934444133,0.9762675296655879
0.8833660956660114,0.9762675296655879
0.8835221067740023,0.9762675296655879
0.8835377078848013,0.9762675296655879
0.8835689101063996,0.9764473211075153
0.8835845112171986,0.9764473211075153
0.8836157134387969,0.9764473211075153
0.883631314549596,0.9764473211075153
0.8839589378763768,0.9764473211075153
0.8839745389871759,0.9764473211075153
0.8839745389871759,0.9766271125494427
0.8840213423195732,0.9766271125494427
0.8840525445411713,0.9766271125494427
0.8840993478735686,0.97680690399137
0.8841461512059658,0.97680690399137
0.8841773534275641,0.97680690399137
0.8842865612031576,0.97680690399137
0.8843333645355549,0.97680690399137
0.884348965646354,0.97680690399137
0.884348965646354,0.9769866954332974
0.8844425723111485,0.9769866954332974
0.8846609878623358,0.9769866954332974
0.884692190083934,0.9769866954332974
0.8847389934163312,0.9769866954332974
0.8847389934163312,0.9771664868752248
0.8848013978595276,0.9771664868752248
0.8848013978595276,0.9773462783171522
0.8848326000811257,0.9773462783171522
0.8850822178539112,0.9777058612010069
0.8851446222971076,0.9777058612010069
0.8851758245187057,0.9777058612010069
0.885222627851103,0.9777058612010069
0.8852538300727012,0.9777058612010069
0.8852850322942993,0.9777058612010069
0.8852850322942993,0.9778856526429341
0.8853006334050985,0.9780654440848615
0.8853162345158976,0.9780654440848615
0.8853630378482948,0.9780654440848615
0.885394240069893,0.9780654440848615
0.8854566445130894,0.9780654440848615
0.8855034478454866,0.9780654440848615
0.8855190489562856,0.9780654440848615
0.8855502511778839,0.9780654440848615
0.8855970545102811,0.9780654440848615
0.8856438578426784,0.9780654440848615
0.8856594589534775,0.9780654440848615
0.8856906611750757,0.9780654440848615
0.8859558800586602,0.978784609852571
0.8859870822802584,0.978784609852571
0.8860650878342538,0.978784609852571
0.8860806889450529,0.978784609852571
0.886096290055852,0.9789644012944984
0.8861742956098474,0.9789644012944984
0.8862523011638429,0.9789644012944984
0.8862679022746419,0.9789644012944984
0.886439514493432,0.9789644012944984
0.8864707167150301,0.9789644012944984
0.8865487222690256,0.9789644012944984
0.8865799244906237,0.9789644012944984
0.8865955256014229,0.9789644012944984
0.886626727823021,0.9789644012944984
0.8866891322662174,0.9789644012944984
0.886798340041811,0.9789644012944984
0.8868295422634092,0.9789644012944984
0.8868451433742083,0.9789644012944984
0.8868919467066055,0.9789644012944984
0.8869231489282037,0.9789644012944984
0.8870011544821992,0.9789644012944984
0.8870167555929982,0.9791441927364257
0.8870635589253955,0.9793239841783531
0.8871259633685918,0.9793239841783531
0.88715716559019,0.9793239841783531
0.8872039689225872,0.9793239841783531
0.88732877780898,0.9793239841783531
0.8874379855845737,0.9793239841783531
0.8874691878061718,0.9793239841783531
0.8875003900277699,0.9793239841783531
0.8875471933601673,0.9793239841783531
0.8875939966925646,0.9793239841783531
0.8876251989141627,0.9793239841783531
0.8876564011357608,0.9793239841783531
0.8877032044681581,0.9793239841783531
0.8878280133545509,0.9793239841783531
0.8878748166869481,0.9793239841783531
0.8879060189085463,0.9793239841783531
0.8879372211301445,0.9793239841783531
0.8879996255733408,0.9793239841783531
0.8880620300165372,0.9793239841783531
0.8881400355705327,0.9793239841783531
0.8881712377921308,0.9793239841783531
0.8881868389029299,0.9793239841783531
0.8883116477893226,0.9793239841783531
0.8883272489001217,0.9793239841783531
0.8883584511217198,0.9793239841783531
0.888374052232519,0.9793239841783531
0.8884364566757154,0.9793239841783531
0.8884832600081126,0.9793239841783531
0.888561265562108,0.9793239841783531
0.8886236700053044,0.9793239841783531
0.8887172766700989,0.9793239841783531
0.8887640800024962,0.9793239841783531
0.8888264844456926,0.9793239841783531
0.8888576866672907,0.9793239841783531
0.8888888888888888,0.9793239841783531
0.8889668944428843,0.9793239841783531
0.8890292988860807,0.9793239841783531
0.889091703329277,0.9793239841783531
0.8891853099940715,0.9793239841783531
0.8892477144372679,0.9793239841783531
0.9078286373989828,0.986156058971593
0.9079222440637773,0.986156058971593
0.9079690473961746,0.986156058971593
0.9080938562825673,0.986156058971593
0.9081094573933665,0.986156058971593
0.9081406596149646,0.986156058971593
0.9081718618365627,0.986156058971593
0.90821866516896,0.986156058971593
0.9082654685013573,0.986156058971593
0.9082966707229555,0.986156058971593
0.9083122718337545,0.9863358504135203
0.9083278729445536,0.9863358504135203
0.9083590751661518,0.9863358504135203
0.9084526818309464,0.9863358504135203
0.9084838840525445,0.9863358504135203
0.9085306873849418,0.9863358504135203
0.9085618896065399,0.9863358504135203
0.9086554962713346,0.9863358504135203
0.9087022996037318,0.9863358504135203
0.9087959062685264,0.9863358504135203
0.9087959062685264,0.9865156418554477
0.9088739118225218,0.9865156418554477
0.9088895129333209,0.9865156418554477
0.908920715154919,0.9865156418554477
0.9089987207089145,0.9865156418554477
0.9090455240413118,0.9865156418554477
0.909107928484508,0.9865156418554477
0.9091391307061063,0.9865156418554477
0.9091703329277044,0.9865156418554477
0.9092483384817,0.9865156418554477
0.9092795407032981,0.9865156418554477
0.9092795407032981,0.9866954332973751
0.9092951418140972,0.9866954332973751
0.9103716184592343,0.9868752247393024
0.9105432306780242,0.9868752247393024
0.9106056351212206,0.9868752247393024
0.9106524384536179,0.9868752247393024
0.910668039564417,0.9868752247393024
0.9106992417860151,0.9868752247393024
0.9107148428968143,0.9868752247393024
0.9107772473400106,0.9868752247393024
0.9108240506724079,0.9868752247393024
0.9111204717775906,0.9868752247393024
0.9111360728883896,0.9868752247393024
0.912430965084714,0.9874145990650846
0.9124777684171113,0.9874145990650846
0.9125557739711068,0.9874145990650846
0.9126493806359013,0.9874145990650846
0.9126493806359013,0.9875943905070119
0.9126961839682985,0.9875943905070119
0.9128053917438922,0.9875943905070119
0.9129302006302848,0.9877741819489392
0.9129770039626821,0.9877741819489392
0.9138506661674312,0.9879539733908665
0.9138818683890293,0.9879539733908665
0.9151767605853537,0.9883135562747213
0.9151923616961528,0.9883135562747213
0.9152391650285501,0.9883135562747213
0.9152703672501482,0.9883135562747213
0.9153327716933446,0.9884933477166487
0.9153639739149427,0.9884933477166487
0.9154419794689382,0.9884933477166487
0.9154731816905364,0.9884933477166487
0.9155043839121345,0.9884933477166487
0.9155355861337328,0.9884933477166487
0.9155667883553309,0.9884933477166487
0.915597990576929,0.9884933477166487
0.9157071983525227,0.9884933477166487
0.9157384005741209,0.9884933477166487
0.9157540016849199,0.9884933477166487
0.9165808605572717,0.988673139158576
0.9174233205404225,0.988673139158576
0.9175013260944179,0.988673139158576
0.9175481294268152,0.988673139158576
0.9177041405348061,0.988673139158576
0.9177353427564042,0.988673139158576
0.9177509438672034,0.988673139158576
0.9177977471996006,0.988673139158576
0.9178289494211987,0.988673139158576
0.917875752753596,0.988673139158576
0.9179225560859933,0.988673139158576
0.9179537583075915,0.988673139158576
0.9179693594183906,0.988673139158576
0.9179693594183906,0.9888529306005034
0.9180005616399888,0.9888529306005034
0.9180317638615869,0.9888529306005034
0.918047364972386,0.9888529306005034
0.9180785671939842,0.9888529306005034
0.9181097694155824,0.9888529306005034
0.919279852725514,0.9890327220424308
0.9193734593903086,0.9890327220424308
0.9194046616119068,0.9890327220424308
0.9194514649443041,0.9890327220424308
0.9194826671659022,0.9890327220424308
0.9195294704982995,0.9890327220424308
0.9195606727198976,0.9890327220424308
0.9196386782738931,0.9892125134843581
0.9232113326468845,0.9902912621359223
0.9232425348684826,0.9902912621359223
0.9243814159568161,0.9902912621359223
0.9243970170676152,0.9902912621359223
0.9244282192892134,0.9902912621359223
0.9244438204000125,0.9902912621359223
0.9287965303129583,0.9906508450197771
0.9290305469749446,0.9906508450197771
0.9324939935723423,0.9919093851132686
0.9325407969047396,0.9919093851132686
0.932603201347936,0.9919093851132686
0.9326344035695342,0.9919093851132686
0.9326812069019315,0.9919093851132686
0.9327124091235296,0.9919093851132686
0.9327280102343287,0.9919093851132686
0.932790414677525,0.9919093851132686
0.9328060157883241,0.9919093851132686
0.9328372180099223,0.9919093851132686
0.9328684202315205,0.9919093851132686
0.932962026896315,0.9919093851132686
0.9329932291179132,0.9919093851132686
0.9329932291179132,0.992089176555196
0.9330556335611095,0.992089176555196
0.9330868357827077,0.992089176555196
0.9331180380043059,0.992089176555196
0.9331492402259041,0.992089176555196
0.9332116446691004,0.992089176555196
0.9333364535554931,0.992089176555196
0.9334144591094886,0.992089176555196
0.9334612624418859,0.992089176555196
0.9335080657742831,0.992089176555196
0.9335392679958813,0.992089176555196
0.9336016724390777,0.992089176555196
0.9338512902118631,0.992089176555196
0.9339136946550595,0.992089176555196
0.9339604979874567,0.992089176555196
0.9341321102062466,0.992089176555196
0.9342257168710412,0.992089176555196
0.9342569190926394,0.992089176555196
0.9342725202034385,0.992089176555196
0.9343037224250367,0.992089176555196
0.9344285313114293,0.992089176555196
0.9344597335330276,0.992089176555196
0.9344909357546257,0.992089176555196
0.9346781490842148,0.992089176555196
0.934709351305813,0.992089176555196
0.9347561546382103,0.992089176555196
0.9349589690785984,0.992089176555196
0.9349745701893974,0.992089176555196
0.9350057724109957,0.992089176555196
0.9352553901837811,0.992089176555196
0.9352865924053793,0.992089176555196
0.9353021935161784,0.992089176555196
0.9353489968485756,0.992089176555196
0.9353645979593747,0.992089176555196
0.9354426035133702,0.992089176555196
0.9354582046241693,0.992089176555196
0.9354894068457674,0.992089176555196
0.9355050079565665,0.992089176555196
0.9355674123997628,0.992089176555196
0.9356142157321601,0.992089176555196
0.9356454179537583,0.992089176555196
0.9357078223969547,0.992089176555196
0.9358482323941465,0.992089176555196
0.9358794346157446,0.992089176555196
0.9359106368373428,0.992089176555196
0.935941839058941,0.992089176555196
0.9360042435021374,0.992089176555196
0.9360978501669319,0.992089176555196
0.9361446534993292,0.992089176555196
0.9362070579425255,0.992089176555196
0.9362226590533246,0.992089176555196
0.9362226590533246,0.9922689679971234
0.936285063496521,0.9922689679971234
0.9363318668289182,0.9922689679971234
0.9364878779369091,0.9922689679971234
0.9365190801585073,0.9922689679971234
0.9365814846017037,0.9922689679971234
0.9366906923772973,0.9922689679971234
0.9367062934880963,0.9922689679971234
0.9369091079284845,0.9924487594390508
0.9370183157040781,0.9924487594390508
0.9370495179256763,0.9924487594390508
0.9371431245904709,0.9924487594390508
0.937174326812069,0.9924487594390508
0.9372523323660644,0.9924487594390508
0.9372991356984617,0.9924487594390508
0.9373459390308589,0.9924487594390508
0.9374239445848545,0.9924487594390508
0.9375331523604481,0.9924487594390508
0.9375643545820462,0.9924487594390508
0.9375799556928454,0.9924487594390508
0.937689163468439,0.9924487594390508
0.9377983712440325,0.9924487594390508
0.9386564323379825,0.9924487594390508
0.938750039002777,0.9924487594390508
0.9387812412243752,0.9924487594390508
0.9389060501107679,0.9924487594390508
0.9389528534431651,0.9924487594390508
0.9391400667727542,0.9924487594390508
0.939795313426316,0.9924487594390508
0.9399045212019096,0.9924487594390508
0.9399357234235077,0.9924487594390508
0.9400293300883023,0.9924487594390508
0.9400761334206995,0.9924487594390508
0.9401229367530968,0.9924487594390508
0.940169740085494,0.9924487594390508
0.9402009423070923,0.9924487594390508
0.9402321445286904,0.9924487594390508
0.9404193578582795,0.9924487594390508
0.9404505600798777,0.9924487594390508
0.9404661611906768,0.9924487594390508
0.9404661611906768,0.992628550880978
0.9405597678554714,0.992628550880978
0.9406377734094667,0.992628550880978
0.9406689756310649,0.992628550880978
0.9407157789634621,0.992628550880978
0.9407469811850604,0.992628550880978
0.9409653967362476,0.992628550880978
0.9409653967362476,0.9928083423229054
0.9410590034010422,0.9928083423229054
0.9411058067334395,0.9928083423229054
0.9411370089550376,0.9928083423229054
0.9411838122874349,0.9928083423229054
0.941215014509033,0.9928083423229054
0.9414022278386222,0.9928083423229054
0.9414334300602203,0.9928083423229054
0.9414490311710194,0.9928083423229054
0.9414802333926175,0.9928083423229054
0.9414958345034167,0.9928083423229054
0.9414958345034167,0.9929881337648327
0.9416050422790103,0.9929881337648327
0.9416518456114076,0.9929881337648327
0.9416986489438048,0.9929881337648327
0.9417766544978002,0.9929881337648327
0.9418078567193984,0.9929881337648327
0.9418546600517956,0.9929881337648327
0.941901463384193,0.9929881337648327
0.9419326656057911,0.9929881337648327
0.9419794689381884,0.9929881337648327
0.9420106711597865,0.9929881337648327
0.9420730756029829,0.9929881337648327
0.9421042778245811,0.9929881337648327
0.9421354800461793,0.9929881337648327
0.9421354800461793,0.9931679252067601
0.9421510811569784,0.9931679252067601
0.9422134856001747,0.9931679252067601
0.942244687821773,0.9931679252067601
0.9424163000405629,0.9931679252067601
0.9424631033729601,0.9931679252067601
0.9425567100377547,0.9931679252067601
0.9425567100377547,0.9933477166486875
0.9427127211457456,0.9933477166486875
0.9427439233673438,0.9933477166486875
0.9428063278105401,0.9933477166486875
0.9428375300321383,0.9933477166486875
0.9428687322537365,0.9933477166486875
0.9428999344753346,0.9933477166486875
0.942962338918531,0.9933477166486875
0.9430091422509282,0.9933477166486875
0.9430403444725265,0.9933477166486875
0.9430715466941246,0.9933477166486875
0.9432119566913164,0.9933477166486875
0.9432743611345128,0.9933477166486875
0.9433211644669101,0.9933477166486875
0.9433523666885082,0.9933477166486875
0.9433991700209055,0.9933477166486875
0.9434147711317046,0.9933477166486875
0.9434459733533027,0.9933477166486875
0.9435083777964991,0.9933477166486875
0.9435395800180972,0.9933477166486875
0.9435551811288964,0.9933477166486875
0.9436331866828919,0.9933477166486875
0.9436799900152891,0.9933477166486875
0.9437111922368873,0.9933477166486875
0.9437423944584854,0.9933477166486875
0.9437735966800836,0.9933477166486875
0.9438828044556773,0.9933477166486875
0.9439296077880746,0.9933477166486875
0.9439920122312708,0.9933477166486875
0.9467534088427096,0.9935275080906149
0.946831414396705,0.9935275080906149
0.9468626166183032,0.9935275080906149
0.9468782177291023,0.9935275080906149
0.9469094199507004,0.9935275080906149
0.9469250210614996,0.9935275080906149
0.9469562232830978,0.9935275080906149
0.9471122343910886,0.9935275080906149
0.9472058410558831,0.9935275080906149
0.9472214421666822,0.9935275080906149
0.9472526443882805,0.9935275080906149
0.9473306499422759,0.9935275080906149
0.9473774532746732,0.9935275080906149
0.9475022621610659,0.9935275080906149
0.9475490654934632,0.9935275080906149
0.9475958688258604,0.9935275080906149
0.9476270710474586,0.9935275080906149
0.9476426721582577,0.9935275080906149
0.9477674810446504,0.9937072995325422
0.9477830821554495,0.9937072995325422
0.9478454865986459,0.9937072995325422
0.9479078910418421,0.9937072995325422
0.9479234921526413,0.9937072995325422
0.9479702954850385,0.9937072995325422
0.9480170988174358,0.9937072995325422
0.9480483010390339,0.9937072995325422
0.9480795032606322,0.9937072995325422
0.9481263065930294,0.9937072995325422
0.9481575088146276,0.9937072995325422
0.9481887110362258,0.9937072995325422
0.9482979188118194,0.9937072995325422
0.9483447221442167,0.9937072995325422
0.948407126587413,0.9937072995325422
0.9484539299198103,0.9937072995325422
0.9484851321414085,0.9937072995325422
0.9485319354738058,0.9937072995325422
0.9485631376954039,0.9937072995325422
0.9486567443601984,0.9937072995325422
0.9488283565789885,0.9937072995325422
0.9488595588005866,0.9937072995325422
0.9489063621329838,0.9937072995325422
0.9489375643545821,0.9937072995325422
0.9489843676869794,0.9937072995325422
0.9490155699085775,0.9937072995325422
0.9490935754625729,0.9937072995325422
0.9491871821273675,0.9937072995325422
0.9492339854597648,0.9937072995325422
0.9492495865705638,0.9937072995325422
0.9493431932353583,0.9937072995325422
0.9493743954569566,0.9937072995325422
0.9494992043433492,0.9937072995325422
0.9497332210053355,0.9937072995325422
0.9497800243377329,0.9937072995325422
0.949811226559331,0.9937072995325422
0.9498424287809292,0.9937072995325422
0.9499360354457237,0.9937072995325422
0.9499672376673219,0.9937072995325422
0.949982838778121,0.9937072995325422
0.9500764454429156,0.9937072995325422
0.9500920465537146,0.9937072995325422
0.9501232487753128,0.9937072995325422
0.950154450996911,0.9937072995325422
0.9502012543293082,0.9937072995325422
0.9502636587725046,0.9937072995325422
0.950326063215701,0.9937072995325422
0.9504196698804955,0.9937072995325422
0.9504508721020937,0.9937072995325422
0.95051327654529,0.9937072995325422
0.9505600798776873,0.9937072995325422
0.95068488876408,0.9937072995325422
0.9507628943180755,0.9937072995325422
0.9507940965396736,0.9937072995325422
0.9508877032044681,0.9937072995325422
0.9509345065368654,0.9937072995325422
0.9509813098692627,0.9937072995325422
0.9515117476364318,0.9937072995325422
0.9515273487472308,0.9937072995325422
0.951574152079628,0.9937072995325422
0.951574152079628,0.9938870909744696
0.9516365565228244,0.9938870909744696
0.9516989609660208,0.9938870909744696
0.9517301631876189,0.9938870909744696
0.9517925676308153,0.9938870909744696
0.9518237698524135,0.9938870909744696
0.9518237698524135,0.994066882416397
0.9519329776280071,0.994066882416397
0.9519641798496052,0.994066882416397
0.9520577865143999,0.994066882416397
0.952088988735998,0.994066882416397
0.9521201909575961,0.994066882416397
0.9521513931791944,0.994066882416397
0.9522606009547879,0.994066882416397
0.9522918031763862,0.994066882416397
0.9523386065087834,0.994066882416397
0.9525258198383725,0.994066882416397
0.9525726231707697,0.994066882416397
0.952619426503167,0.994066882416397
0.9526506287247652,0.994066882416397
0.9527598365003588,0.994066882416397
0.9528222409435552,0.994066882416397
0.9528534431651534,0.994066882416397
0.9529782520515461,0.994066882416397
0.9531654653811351,0.994066882416397
0.9532902742675279,0.994066882416397
0.9533526787107242,0.994066882416397
0.9535710942619114,0.994066882416397
0.9536022964835096,0.994066882416397
0.9544447564666604,0.994066882416397
0.9544603575774595,0.994066882416397
0.9544915597990576,0.994066882416397
0.9545071609098568,0.994066882416397
0.9545851664638523,0.994066882416397
0.9546631720178477,0.994066882416397
0.9546943742394458,0.994066882416397
0.9548035820150395,0.994066882416397
0.9548347842366377,0.994066882416397
0.954897188679834,0.994066882416397
0.9549283909014322,0.994066882416397
0.9550063964554276,0.994066882416397
0.9550375986770258,0.994066882416397
0.9551312053418204,0.994066882416397
0.9551780086742176,0.994066882416397
0.9552404131174139,0.994066882416397
0.9558800586601766,0.994066882416397
0.9559268619925738,0.994066882416397
0.9559424631033729,0.994066882416397
0.9560048675465693,0.994066882416397
0.9560516708789666,0.994066882416397
0.9561452775437611,0.994066882416397
0.9561608786545602,0.994066882416397
0.9562544853193548,0.994066882416397
0.956301288651752,0.994066882416397
0.9563636930949484,0.994066882416397
0.9563792942057474,0.994066882416397
0.9564104964273457,0.994066882416397
0.9564260975381447,0.994066882416397
0.9564729008705419,0.994066882416397
0.9566289119785328,0.994066882416397
0.9566601142001311,0.994066882416397
0.9567381197541265,0.994066882416397
0.9567693219757246,0.994066882416397
0.9567849230865237,0.994066882416397
0.956816125308122,0.994066882416397
0.956831726418921,0.994066882416397
0.9568629286405193,0.994066882416397
0.9568629286405193,0.9942466738583243
0.9569253330837155,0.9942466738583243
0.9569253330837155,0.9944264653002517
0.9569877375269119,0.9944264653002517
0.957003338637711,0.9944264653002517
0.9572061530780992,0.9944264653002517
0.9572373552996973,0.9944264653002517
0.9572685575212955,0.9944264653002517
0.9573621641860901,0.9944264653002517
0.9573777652968891,0.9944264653002517
0.9574245686292864,0.9944264653002517
0.9574713719616836,0.9944264653002517
0.9575181752940809,0.9944264653002517
0.9575805797372773,0.9944264653002517
0.95770538862367,0.9944264653002517
0.9577521919560673,0.9944264653002517
0.9577833941776654,0.9944264653002517
0.9578613997316608,0.9944264653002517
0.9579082030640581,0.9944264653002517
0.9579394052856564,0.9944264653002517
0.9579706075072545,0.9944264653002517
0.9581110175044463,0.9944264653002517
0.9581734219476427,0.9944264653002517
0.9582514275016382,0.9944264653002517
0.9582826297232363,0.9944264653002517
0.9583294330556336,0.9944264653002517
0.958407438609629,0.9944264653002517
0.9584386408312272,0.9944264653002517
0.9584542419420262,0.9944264653002517
0.9585166463852226,0.9944264653002517
0.9585946519392181,0.9944264653002517
0.9586258541608162,0.9944264653002517
0.9586882586040126,0.9944264653002517
0.9587038597148116,0.9944264653002517
0.9587974663796063,0.9944264653002517
0.9588442697120035,0.9944264653002517
0.9589222752659989,0.9944264653002517
0.9589690785983962,0.9944264653002517
0.9590470841523917,0.9944264653002517
0.959109488595588,0.9944264653002517
0.9591250897063871,0.9944264653002517
0.9592030952603825,0.9944264653002517
0.9592654997035789,0.9944264653002517
0.959296701925177,0.9944264653002517
0.9593279041467753,0.9944264653002517
0.9593747074791725,0.9944264653002517
0.9594059097007707,0.9944264653002517
0.9594215108115698,0.9944264653002517
0.959468314143967,0.9944264653002517
0.9595307185871634,0.9944264653002517
0.9595775219195607,0.9944264653002517
0.9596087241411588,0.9944264653002517
0.9596711285843552,0.9944264653002517
0.9597491341383506,0.9944264653002517
0.9597803363599489,0.9944264653002517
0.9597959374707479,0.9944264653002517
0.9598271396923461,0.9944264653002517
0.9598895441355425,0.9944264653002517
0.9599207463571406,0.9944264653002517
0.9599519485787388,0.9944264653002517
0.959983150800337,0.9944264653002517
0.959983150800337,0.9946062567421791
0.959998751911136,0.9946062567421791
0.9600767574651315,0.9946062567421791
0.9602015663515242,0.9946062567421791
0.9602327685731225,0.9946062567421791
0.9603107741271178,0.9946062567421791
0.9603731785703142,0.9946062567421791
0.9604043807919124,0.9946062567421791
0.9604979874567069,0.9946062567421791
0.9605447907891042,0.9946062567421791
0.9605915941215014,0.9946062567421791
0.9606227963430997,0.9946062567421791
0.9608100096726887,0.9946062567421791
0.960856813005086,0.9946062567421791
0.961028425223876,0.9946062567421791
0.9611220318886705,0.9946062567421791
0.9611376329994695,0.9946062567421791
0.9611688352210678,0.9946062567421791
0.961215638553465,0.9946062567421791
0.9612468407750632,0.9946062567421791
0.9612468407750632,0.9947860481841064
0.9613092452182596,0.9947860481841064
0.9613560485506568,0.9947860481841064
0.9614028518830541,0.9947860481841064
0.9614496552154513,0.9947860481841064
0.9615120596586477,0.9947860481841064
0.9616056663234422,0.9947860481841064
0.9618864863178258,0.9947860481841064
0.9619020874286249,0.9947860481841064
0.9619956940934195,0.9947860481841064
0.9620268963150176,0.9947860481841064
0.9620580985366158,0.9947860481841064
0.9620736996474148,0.9947860481841064
0.9621049018690131,0.9947860481841064
0.9621829074230085,0.9947860481841064
0.9622141096446067,0.9947860481841064
0.9622921151986021,0.9947860481841064
0.9623077163094013,0.9947860481841064
0.9623701207525975,0.9947860481841064
0.9624013229741958,0.9947860481841064
0.9624637274173922,0.9947860481841064
0.9624793285281912,0.9947860481841064
0.9625105307497894,0.9947860481841064
0.9625417329713876,0.9947860481841064
0.9625729351929857,0.9947860481841064
0.9626353396361821,0.9947860481841064
0.9626665418577802,0.9947860481841064
0.9626977440793785,0.9947860481841064
0.9627445474117757,0.9947860481841064
0.9628069518549721,0.9947860481841064
0.9628381540765703,0.9947860481841064
0.9629317607413648,0.9947860481841064
0.9629941651845612,0.9947860481841064
0.9630409685169584,0.9947860481841064
0.9631657774033511,0.9947860481841064
0.9632125807357483,0.9947860481841064
0.963306187400543,0.9947860481841064
0.9633373896221411,0.9947860481841064
0.9633841929545384,0.9947860481841064
0.9634153951761365,0.9947860481841064
0.9634465973977347,0.9947860481841064
0.9635402040625293,0.9947860481841064
0.9635714062841274,0.9947860481841064
0.9635870073949265,0.9947860481841064
0.9636182096165247,0.9947860481841064
0.963680614059721,0.9947860481841064
0.9637430185029174,0.9947860481841064
0.9637898218353147,0.9947860481841064
0.9638054229461137,0.9947860481841064
0.9638678273893101,0.9947860481841064
0.9639302318325065,0.9947860481841064
0.964023838497301,0.9947860481841064
0.9640550407188991,0.9947860481841064
0.9640706418296983,0.9947860481841064
0.9641330462728946,0.9947860481841064
0.9641642484944928,0.9947860481841064
0.9642266529376892,0.9947860481841064
0.9642734562700864,0.9947860481841064
0.9643046584916846,0.9947860481841064
0.9643202596024837,0.9947860481841064
0.9643826640456801,0.9947860481841064
0.9644918718212737,0.9947860481841064
0.9645230740428719,0.9947860481841064
0.964538675153671,0.9947860481841064
0.9646010795968673,0.9947860481841064
0.9646166807076664,0.9947860481841064
0.9646634840400636,0.9947860481841064
0.9646946862616619,0.9947860481841064
0.9647102873724609,0.9949658396260338
0.9647570907048582,0.9949658396260338
0.9647882929264564,0.9949658396260338
0.9647882929264564,0.9951456310679612
0.9648038940372554,0.9951456310679612
0.9648350962588537,0.9951456310679612
0.9648818995912509,0.9951456310679612
0.9649287029236482,0.9951456310679612
0.9650067084776436,0.9951456310679612
0.9651315173640364,0.9951456310679612
0.9652251240288309,0.9951456310679612
0.9653655340260227,0.9951456310679612
0.9653811351368218,0.9951456310679612
0.965443539580018,0.9951456310679612
0.9655215451340136,0.9951456310679612
0.9656151517988081,0.9951456310679612
0.9657555617959999,0.9951456310679612
0.965786764017598,0.9951456310679612
0.9658647695715935,0.9951456310679612
0.9659271740147899,0.9951456310679612
0.9659427751255889,0.9951456310679612
0.9659739773471872,0.9951456310679612
0.9660987862335798,0.9951456310679612
0.9661455895659771,0.9951456310679612
0.9661923928983743,0.9951456310679612
0.9662235951199726,0.9951456310679612
0.9662703984523698,0.9951456310679612
0.966301600673968,0.9951456310679612
0.9663172017847671,0.9951456310679612
0.9663484040063652,0.9951456310679612
0.9664264095603607,0.9951456310679612
0.9664576117819589,0.9951456310679612
0.9665824206683515,0.9951456310679612
0.9666292240007488,0.9951456310679612
0.966816437330338,0.9951456310679612
0.9668476395519361,0.9951456310679612
0.9669100439951325,0.9951456310679612
0.9669568473275297,0.9953254225098885
0.9670348528815251,0.9953254225098885
0.9670660551031234,0.9953254225098885
0.9671128584355206,0.9953254225098885
0.9671752628787169,0.9953254225098885
0.9672064651003152,0.9953254225098885
0.9672376673219133,0.9953254225098885
0.9672532684327124,0.9953254225098885
0.9672844706543106,0.9953254225098885
0.9673000717651097,0.9953254225098885
0.9675496895378951,0.9953254225098885
0.9676120939810915,0.9953254225098885
0.9676276950918905,0.9953254225098885
0.9676744984242878,0.9953254225098885
0.9676900995350869,0.9953254225098885
0.967721301756685,0.9953254225098885
0.9677681050890824,0.9953254225098885
0.9678305095322787,0.9953254225098885
0.968048925083466,0.9953254225098885
0.9680957284158632,0.9953254225098885
0.9681269306374614,0.9953254225098885
0.9681425317482605,0.9955052139518159
0.9681581328590596,0.9955052139518159
0.9682205373022559,0.9955052139518159
0.9683141439670504,0.9955052139518159
0.9683141439670504,0.9956850053937433
0.9683297450778495,0.9958647968356706
0.9683609472994478,0.9958647968356706
0.9683765484102468,0.9958647968356706
0.9684389528534432,0.9958647968356706
0.9684545539642423,0.9958647968356706
0.9684857561858404,0.9958647968356706
0.9685325595182377,0.9958647968356706
0.9685637617398358,0.9958647968356706
0.9686105650722332,0.9958647968356706
0.9686729695154295,0.9958647968356706
0.9687197728478267,0.9958647968356706
0.968766576180224,0.9958647968356706
0.9688133795126213,0.9958647968356706
0.9688445817342195,0.9958647968356706
0.9688601828450185,0.9958647968356706
0.9689225872882149,0.9958647968356706
0.9689537895098131,0.9958647968356706
0.9689693906206122,0.9958647968356706
0.9690317950638085,0.9958647968356706
0.9690473961746077,0.996044588277598
0.9690785983962058,0.996044588277598
0.9691410028394022,0.996044588277598
0.9691722050610003,0.996044588277598
0.9692190083933976,0.996044588277598
0.9692346095041967,0.996044588277598
0.9692658117257948,0.996044588277598
0.9692970139473931,0.996044588277598
0.9693438172797904,0.996044588277598
0.9693750195013885,0.996044588277598
0.9694218228337858,0.996044588277598
0.969468626166183,0.996044588277598
0.9694998283877813,0.996044588277598
0.9695466317201785,0.996044588277598
0.9697338450497676,0.996044588277598
0.9697806483821648,0.996044588277598
0.969796249492964,0.996044588277598
0.9698430528253612,0.996044588277598
0.9699054572685575,0.996044588277598
0.9699678617117539,0.996044588277598
0.969983462822553,0.996044588277598
0.9700302661549502,0.996044588277598
0.9700614683765484,0.996044588277598
0.9700770694873475,0.996044588277598
0.9701082717089456,0.996044588277598
0.9701862772629412,0.996044588277598
0.9702174794845393,0.996044588277598
0.9702642828169366,0.996044588277598
0.9703110861493338,0.996044588277598
0.9703890917033293,0.996044588277598
0.9704358950357266,0.996044588277598
0.970513900589722,0.996044588277598
0.9705607039221192,0.996044588277598
0.9705763050329184,0.9962243797195254
0.9706075072545165,0.9962243797195254
0.9706699116977129,0.9962243797195254
0.9707635183625074,0.9962243797195254
0.9707791194733065,0.9962243797195254
0.9708415239165028,0.9962243797195254
0.9709663328028956,0.9962243797195254
0.971028737246092,0.9962243797195254
0.9710755405784892,0.9962243797195254
0.9711067428000874,0.9962243797195254
0.9711535461324846,0.9962243797195254
0.9711691472432837,0.9962243797195254
0.9712315516864801,0.9962243797195254
0.9712471527972791,0.9962243797195254
0.9712783550188774,0.9962243797195254
0.9712939561296764,0.9962243797195254
0.9713407594620737,0.9962243797195254
0.9713719616836719,0.9962243797195254
0.9714655683484664,0.9962243797195254
0.9714967705700646,0.9962243797195254
0.9715435739024618,0.9962243797195254
0.971559175013261,0.9962243797195254
0.9715903772348591,0.9962243797195254
0.9716371805672563,0.9962243797195254
0.9716683827888546,0.9962243797195254
0.9716995850104527,0.9962243797195254
0.971730787232051,0.9962243797195254
0.97174638834285,0.9962243797195254
0.9717931916752472,0.9962243797195254
0.9718243938968455,0.9962243797195254
0.9718555961184436,0.9962243797195254
0.971933601672439,0.9962243797195254
0.9719648038940373,0.9962243797195254
0.9719804050048363,0.9962243797195254
0.9720116072264345,0.9962243797195254
0.9720896127804299,0.9962243797195254
0.9721208150020282,0.9962243797195254
0.9721364161128272,0.9962243797195254
0.9721676183344254,0.9962243797195254
0.9721988205560236,0.9962243797195254
0.9722456238884208,0.9962243797195254
0.9722924272208181,0.9962243797195254
0.9723236294424163,0.9962243797195254
0.9723548316640145,0.9962243797195254
0.9724172361072109,0.9962243797195254
0.9724328372180099,0.9962243797195254
0.9724796405504071,0.9962243797195254
0.9725420449936035,0.9962243797195254
0.9725732472152018,0.9962243797195254
0.9725888483260008,0.9964041711614527
0.9726512527691972,0.9964041711614527
0.9726824549907953,0.9964041711614527
0.9727604605447908,0.9964041711614527
0.972791662766389,0.9964041711614527
0.9728072638771881,0.9964041711614527
0.9728072638771881,0.9965839626033801
0.9728384660987862,0.9965839626033801
0.9728384660987862,0.9967637540453075
0.9728540672095853,0.9967637540453075
0.9728852694311835,0.9967637540453075
0.9729164716527817,0.9967637540453075
0.9729476738743799,0.9967637540453075
0.972963274985179,0.9967637540453075
0.9730256794283753,0.9967637540453075
0.9730568816499735,0.9967637540453075
0.9730880838715716,0.9967637540453075
0.9731036849823708,0.9967637540453075
0.973150488314768,0.9967637540453075
0.9732284938687634,0.9967637540453075
0.9732440949795625,0.9967637540453075
0.9733064994227589,0.9967637540453075
0.9733221005335579,0.9967637540453075
0.9733845049767543,0.9967637540453075
0.9734625105307498,0.9967637540453075
0.973493712752348,0.9967637540453075
0.9735249149739461,0.9967637540453075
0.9735717183063434,0.9967637540453075
0.9736185216387406,0.9967637540453075
0.973680926081937,0.9967637540453075
0.9737121283035353,0.9967637540453075
0.9737433305251334,0.9967637540453075
0.9738213360791288,0.9967637540453075
0.973852538300727,0.9967637540453075
0.9738681394115261,0.9967637540453075
0.9738993416331243,0.9967637540453075
0.9739773471871197,0.9967637540453075
0.9740397516303161,0.9967637540453075
0.9740709538519142,0.9967637540453075
0.9741177571843115,0.9967637540453075
0.974195762738307,0.9967637540453075
0.9742269649599051,0.9967637540453075
0.9742893694031015,0.9967637540453075
0.9743205716246996,0.9967637540453075
0.9743517738462979,0.9967637540453075
0.9744141782894942,0.9967637540453075
0.9744453805110924,0.9967637540453075
0.9744609816218914,0.9967637540453075
0.9744921838434897,0.9967637540453075
0.9745077849542887,0.9967637540453075
0.9745389871758869,0.9967637540453075
0.9745857905082842,0.9967637540453075
0.9746169927298823,0.9967637540453075
0.9746325938406815,0.9967637540453075
0.9746637960622796,0.9967637540453075
0.974726200505476,0.9967637540453075
0.9747730038378732,0.9967637540453075
0.9748198071702705,0.9967637540453075
0.9748198071702705,0.9969435454872349
0.9748666105026678,0.9971233369291622
0.974913413835065,0.9971233369291622
0.9750070204998595,0.9971233369291622
0.9750382227214578,0.9971233369291622
0.9750382227214578,0.9973031283710896
0.9750694249430559,0.9973031283710896
0.975085026053855,0.9973031283710896
0.9751630316078505,0.9973031283710896
0.975256638272645,0.9973031283710896
0.9753034416050422,0.9973031283710896
0.9753346438266405,0.9973031283710896
0.9753658460482386,0.9973031283710896
0.9753970482698369,0.9973031283710896
0.9754126493806359,0.9973031283710896
0.9754438516022341,0.9973031283710896
0.9754594527130331,0.9973031283710896
0.9754906549346314,0.9973031283710896
0.9755530593778277,0.9973031283710896
0.9755842615994259,0.9973031283710896
0.9756778682642204,0.9973031283710896
0.9758338793722113,0.9973031283710896
0.9758650815938095,0.9973031283710896
0.9759118849262067,0.9973031283710896
0.9759274860370059,0.9973031283710896
0.9759274860370059,0.997482919813017
0.975958688258604,0.997482919813017
0.9759898904802022,0.997482919813017
0.9760054915910013,0.997482919813017
0.9760678960341976,0.997482919813017
0.9760834971449968,0.997482919813017
0.976145901588193,0.997482919813017
0.9761615026989922,0.997482919813017
0.9762083060313894,0.997482919813017
0.9762083060313894,0.9976627112549442
0.9762863115853849,0.9976627112549442
0.9763331149177822,0.9976627112549442
0.9763487160285812,0.9976627112549442
0.9764111204717776,0.9976627112549442
0.9764423226933757,0.9976627112549442
0.976489126025773,0.9976627112549442
0.9765203282473712,0.9976627112549442
0.9765359293581704,0.9976627112549442
0.9765671315797685,0.9976627112549442
0.9765983338013666,0.9976627112549442
0.9766919404661611,0.9976627112549442
0.9767075415769603,0.9976627112549442
0.9767387437985584,0.9976627112549442
0.9767543449093575,0.9976627112549442
0.9767855471309558,0.9976627112549442
0.9768167493525539,0.9976627112549442
0.9768791537957503,0.9976627112549442
0.9769415582389466,0.9976627112549442
0.977003962682143,0.9976627112549442
0.9770351649037411,0.9976627112549442
0.9770819682361385,0.9976627112549442
0.9771287715685357,0.9976627112549442
0.9771443726793347,0.9976627112549442
0.977191176011732,0.9976627112549442
0.9772067771225311,0.9976627112549442
0.9773003837873256,0.9976627112549442
0.9773315860089238,0.9976627112549442
0.9773471871197229,0.9976627112549442
0.9773783893413212,0.9976627112549442
0.9774719960061157,0.9976627112549442
0.9775031982277138,0.9976627112549442
0.9775812037817092,0.9976627112549442
0.9776124060033075,0.9976627112549442
0.9776436082249056,0.9976627112549442
0.9777528160004992,0.9976627112549442
0.9777840182220974,0.9976627112549442
0.9778464226652938,0.9976627112549442
0.9779556304408874,0.9976627112549442
0.9781116415488783,0.9976627112549442
0.9781428437704764,0.9976627112549442
0.9781896471028737,0.9976627112549442
0.9782052482136728,0.9976627112549442
0.978236450435271,0.9976627112549442
0.9782520515460701,0.9976627112549442
0.9782988548784673,0.9976627112549442
0.9783300571000655,0.9976627112549442
0.9783768604324627,0.9976627112549442
0.97842366376486,0.9976627112549442
0.9784548659864583,0.9976627112549442
0.9785484726512528,0.9976627112549442
0.9785796748728509,0.9976627112549442
0.9786264782052482,0.9976627112549442
0.9786732815376454,0.9976627112549442
0.9787044837592437,0.9976627112549442
0.9787044837592437,0.9978425026968716
0.9787356859808418,0.9978425026968716
0.9787668882024401,0.9978425026968716
0.9788448937564355,0.9978425026968716
0.9788916970888327,0.9978425026968716
0.97893850042123,0.9978425026968716
0.9789541015320291,0.9978425026968716
0.9789853037536272,0.9978425026968716
0.9790321070860245,0.9978425026968716
0.9790945115292209,0.9978425026968716
0.979125713750819,0.9978425026968716
0.9791881181940154,0.9978425026968716
0.9792037193048145,0.9978425026968716
0.9792505226372118,0.9978425026968716
0.9793285281912072,0.9978425026968716
0.9793753315236045,0.9978425026968716
0.9794065337452027,0.9978425026968716
0.9795001404099972,0.9978425026968716
0.9795469437423945,0.9978425026968716
0.9796093481855909,0.9978425026968716
0.9796561515179881,0.9978425026968716
0.9797029548503854,0.9978425026968716
0.9797341570719835,0.9978425026968716
0.9797965615151799,0.9978425026968716
0.979827763736778,0.9978425026968716
0.9799057692907736,0.9978425026968716
0.9799213704015726,0.9978425026968716
0.9799525726231708,0.9978425026968716
0.9800617803987643,0.9978425026968716
0.9801241848419607,0.9978425026968716
0.9801397859527599,0.9978425026968716
0.980170988174358,0.9978425026968716
0.9801865892851571,0.9978425026968716
0.9802645948391525,0.9978425026968716
0.9802801959499516,0.9978425026968716
0.9803113981715498,0.9978425026968716
0.9804050048363443,0.9978425026968716
0.9804674092795407,0.9978425026968716
0.9806078192767325,0.9978425026968716
0.9806390214983307,0.9978425026968716
0.9806546226091297,0.9978425026968716
0.980701425941527,0.9978425026968716
0.9807170270523261,0.9978425026968716
0.9807482292739244,0.9978425026968716
0.980873038160317,0.9978425026968716
0.9809198414927143,0.9978425026968716
0.9809510437143124,0.9978425026968716
0.9809822459359107,0.9978425026968716
0.981060251489906,0.9978425026968716
0.9810914537115043,0.9978425026968716
0.9811382570439016,0.9978425026968716
0.9812006614870978,0.9978425026968716
0.981216262597897,0.9978425026968716
0.9812474648194951,0.9978425026968716
0.9812630659302942,0.9978425026968716
0.9812942681518925,0.9978425026968716
0.9813410714842897,0.9978425026968716
0.9813722737058879,0.9978425026968716
0.9814190770382851,0.9978425026968716
0.9814346781490842,0.9978425026968716
0.9814658803706824,0.9978425026968716
0.9815438859246778,0.9978425026968716
0.981575088146276,0.9978425026968716
0.9815906892570752,0.9978425026968716
0.9816686948110706,0.9978425026968716
0.9818091048082623,0.9978425026968716
0.9818403070298605,0.9978425026968716
0.9818559081406596,0.9978425026968716
0.9819495148054541,0.9978425026968716
0.9819807170270524,0.9978425026968716
0.9820275203594496,0.9978425026968716
0.9820899248026459,0.9978425026968716
0.9821991325782395,0.9978425026968716
0.9822147336890387,0.9978425026968716
0.9823083403538332,0.9978425026968716
0.9823395425754313,0.9978425026968716
0.9823551436862304,0.9978425026968716
0.9824019470186277,0.9978425026968716
0.9824799525726232,0.9978425026968716
0.9825111547942214,0.9978425026968716
0.9825423570158195,0.9978425026968716
0.9825735592374177,0.9978425026968716
0.982620362569815,0.9978425026968716
0.9826827670130113,0.9978425026968716
0.9827139692346095,0.9978425026968716
0.9827295703454086,0.9978425026968716
0.9828699803426004,0.9978425026968716
0.9829011825641986,0.9978425026968716
0.9829479858965958,0.9978425026968716
0.9830259914505913,0.9978425026968716
0.9830571936721895,0.9978425026968716
0.9831039970045867,0.9978425026968716
0.9831351992261849,0.9978425026968716
0.9831664014477831,0.9978425026968716
0.9832288058909794,0.9978425026968716
0.9832600081125776,0.9978425026968716
0.983322412555774,0.9978425026968716
0.983338013666573,0.9978425026968716
0.9834004181097694,0.9978425026968716
0.9834316203313676,0.9978425026968716
0.9834784236637648,0.9978425026968716
0.9835096258853631,0.9978425026968716
0.9835564292177603,0.9978425026968716
0.9836188336609567,0.9978425026968716
0.983681238104153,0.9978425026968716
0.9837124403257512,0.9978425026968716
0.9837748447689475,0.9978425026968716
0.9838372492121439,0.9978425026968716
0.983852850322943,0.9978425026968716
0.9838840525445411,0.9978425026968716
0.9839152547661394,0.9978425026968716
0.9839464569877375,0.9978425026968716
0.9839932603201348,0.9978425026968716
0.9840244625417329,0.9978425026968716
0.984040063652532,0.9978425026968716
0.9840868669849293,0.9978425026968716
0.9841804736497238,0.9978425026968716
0.9841804736497238,0.998022294138799
0.9842584792037193,0.998022294138799
0.9843052825361166,0.998022294138799
0.9843364847577147,0.998022294138799
0.984383288090112,0.998022294138799
0.9844612936441075,0.998022294138799
0.9845236980873038,0.998022294138799
0.984554900308902,0.998022294138799
0.984570501419701,0.998022294138799
0.9846017036412993,0.998022294138799
0.9846485069736965,0.998022294138799
0.9846953103060938,0.998022294138799
0.9847421136384911,0.998022294138799
0.9847889169708883,0.998022294138799
0.9848669225248837,0.998022294138799
0.984898124746482,0.998022294138799
0.9849449280788792,0.998022294138799
0.9849761303004774,0.998022294138799
0.9850229336328746,0.998022294138799
0.9850229336328746,0.9982020855807263
0.985085338076071,0.9982020855807263
0.9851633436300664,0.9982020855807263
0.9852413491840619,0.9982020855807263
0.9852881525164592,0.9982020855807263
0.9853037536272583,0.9982020855807263
0.9853349558488564,0.9982020855807263
0.9854753658460482,0.9982020855807263
0.9855221691784455,0.9982020855807263
0.9855533714000437,0.9982020855807263
0.98561577584324,0.9982020855807263
0.9856469780648383,0.9982020855807263
0.9856781802864364,0.9982020855807263
0.9857561858404318,0.9982020855807263
0.9857717869512309,0.9982020855807263
0.9858185902836282,0.9982020855807263
0.9858965958376237,0.9982020855807263
0.9859121969484227,0.9982020855807263
0.9859746013916191,0.9982020855807263
0.9860370058348155,0.9982020855807263
0.98613061249961,0.9982020855807263
0.9861774158320072,0.9982020855807263
0.9862086180536054,0.9982020855807263
0.9862242191644045,0.9982020855807263
0.9862242191644045,0.9983818770226537
0.9862398202752036,0.9983818770226537
0.9862710224968018,0.9983818770226537
0.9863958313831945,0.9983818770226537
0.9864270336047927,0.9983818770226537
0.9864426347155918,0.9983818770226537
0.9865986458235826,0.9983818770226537
0.98664544915598,0.9983818770226537
0.9867078535991762,0.9983818770226537
0.9867234547099754,0.9983818770226537
0.9867546569315735,0.9983818770226537
0.9868014602639708,0.9983818770226537
0.986848263596368,0.9983818770226537
0.9869574713719617,0.9983818770226537
0.9869886735935599,0.9983818770226537
0.9870354769259572,0.9983818770226537
0.9870978813691534,0.9983818770226537
0.9871446847015507,0.9983818770226537
0.9871446847015507,0.998561668464581
0.9872694935879435,0.998561668464581
0.9873162969203407,0.998561668464581
0.9873474991419389,0.998561668464581
0.9873787013635371,0.998561668464581
0.9874567069175325,0.998561668464581
0.9876127180255234,0.998561668464581
0.9876907235795188,0.998561668464581
0.9877219258011171,0.998561668464581
0.9877531280227152,0.998561668464581
0.9877843302443134,0.998561668464581
0.9878467346875097,0.998561668464581
0.987877936909108,0.998561668464581
0.9879247402415052,0.998561668464581
0.9880807513494961,0.998561668464581
0.9881743580142907,0.998561668464581
0.9882055602358888,0.998561668464581
0.9882367624574869,0.998561668464581
0.9883147680114824,0.998561668464581
0.9883459702330806,0.998561668464581
0.9883615713438797,0.998561668464581
0.9883927735654778,0.998561668464581
0.9884707791194733,0.998561668464581
0.9885019813410715,0.998561668464581
0.9885643857842679,0.998561668464581
0.9886111891166651,0.998561668464581
0.9886579924490624,0.998561668464581
0.9886891946706605,0.998561668464581
0.9887359980030578,0.998561668464581
0.988767200224656,0.998561668464581
0.988782801335455,0.998561668464581
0.9888140035570533,0.998561668464581
0.9888920091110487,0.998561668464581
0.9889076102218478,0.9987414599065084
0.9889856157758432,0.9987414599065084
0.9890480202190396,0.9987414599065084
0.989110424662236,0.9987414599065084
0.9891728291054324,0.9987414599065084
0.9892040313270305,0.9987414599065084
0.9892352335486286,0.9987414599065084
0.9892508346594278,0.9987414599065084
0.9892820368810259,0.9987414599065084
0.9893288402134232,0.9987414599065084
0.9893600424350214,0.9987414599065084
0.989469250210615,0.9987414599065084
0.9895316546538113,0.9987414599065084
0.9895940590970077,0.9987414599065084
0.9896564635402041,0.9987414599065084
0.9896876657618022,0.9987414599065084
0.9897500702049986,0.9987414599065084
0.9897968735373959,0.9987414599065084
0.989812474648195,0.9989212513484358
0.989828075758994,0.9989212513484358
0.9898904802021904,0.9989212513484358
0.9899528846453868,0.9989212513484358
0.9899684857561858,0.9989212513484358
0.9900308901993822,0.9989212513484358
0.9900776935317794,0.9989212513484358
0.9901088957533777,0.9989212513484358
0.9901556990857749,0.9989212513484358
0.9902181035289712,0.9989212513484358
0.9902649068613685,0.9989212513484358
0.9903273113045649,0.9989212513484358
0.9903741146369621,0.9989212513484358
0.9904053168585604,0.9989212513484358
0.9908265468501357,0.9989212513484358
0.990857749071734,0.9989212513484358
0.990873350182533,0.9989212513484358
0.9909045524041312,0.9989212513484358
0.9910137601797248,0.9989212513484358
0.991060563512122,0.9989212513484358
0.9911073668445193,0.9989212513484358
0.9911385690661175,0.9989212513484358
0.9911697712877157,0.9989212513484358
0.9911853723985148,0.9991010427903632
0.9912009735093139,0.9991010427903632
0.9912945801741084,0.9991010427903632
0.9913725857281038,0.9991010427903632
0.991403787949702,0.9991010427903632
0.9914193890605011,0.9991010427903632
0.9914505912820993,0.9991010427903632
0.9915129957252956,0.9991010427903632
0.9915597990576929,0.9991010427903632
0.9916846079440856,0.9991010427903632
0.991747012387282,0.9991010427903632
0.9918094168304783,0.9991010427903632
0.9918406190520765,0.9991010427903632
0.9919654279384692,0.9991010427903632
0.9919966301600674,0.9991010427903632
0.9920434334924647,0.9991010427903632
0.9920746357140628,0.9991010427903632
0.992090236824862,0.9991010427903632
0.9921370401572592,0.9991010427903632
0.9921994446004555,0.9991010427903632
0.9922618490436519,0.9991010427903632
0.9923710568192455,0.9991010427903632
0.9924178601516428,0.9992808342322905
0.9924334612624419,0.9992808342322905
0.9924958657056382,0.9992808342322905
0.9925582701488346,0.9992808342322905
0.992620674592031,0.9992808342322905
0.9927142812568255,0.9992808342322905
0.9927766857000219,0.9992808342322905
0.99280788792162,0.9992808342322905
0.9928858934756155,0.9992808342322905
0.9929014945864145,0.9992808342322905
0.9929638990296109,0.9992808342322905
0.9930419045836063,0.9992808342322905
0.9930887079160036,0.9992808342322905
0.9931199101376018,0.9992808342322905
0.9931511123592,0.9992808342322905
0.9932759212455927,0.9992808342322905
0.993338325688789,0.9992808342322905
0.9933851290211864,0.9992808342322905
0.9934475334643826,0.9992808342322905
0.9934631345751818,0.9992808342322905
0.9934943367967799,0.9992808342322905
0.993509937907579,0.9992808342322905
0.9935567412399763,0.9992808342322905
0.9936347467939717,0.9992808342322905
0.9937283534587663,0.9992808342322905
0.9937595556803644,0.9992808342322905
0.9937907579019626,0.9992808342322905
0.9938063590127617,0.9994606256742179
0.9939311678991544,0.9994606256742179
0.9939623701207526,0.9994606256742179
0.9940715778963463,0.9994606256742179
0.9941339823395425,0.9994606256742179
0.994227589004337,0.9994606256742179
0.9942899934475334,0.9994606256742179
0.9943523978907298,0.9994606256742179
0.994383600112328,0.9994606256742179
0.9943992012231271,0.9994606256742179
0.9944304034447252,0.9994606256742179
0.9944616056663235,0.9994606256742179
0.9944928078879216,0.9994606256742179
0.9946332178851134,0.9994606256742179
0.9946644201067116,0.9994606256742179
0.9946956223283098,0.9994606256742179
0.9947268245499079,0.9994606256742179
0.994742425660707,0.9994606256742179
0.9947736278823052,0.9994606256742179
0.9948048301039034,0.9994606256742179
0.9948516334363007,0.9994606256742179
0.9948828356578988,0.9994606256742179
0.9949296389902961,0.9994606256742179
0.9950076445442916,0.9994606256742179
0.9950544478766888,0.9994606256742179
0.9950700489874879,0.9994606256742179
0.9951168523198852,0.9994606256742179
0.9951636556522825,0.9994606256742179
0.9951636556522825,0.9996404171161453
0.995272863427876,0.9996404171161453
0.9953040656494743,0.9996404171161453
0.9953196667602733,0.9996404171161453
0.9953664700926707,0.9996404171161453
0.9953976723142688,0.9996404171161453
0.9954288745358669,0.9996404171161453
0.9955848856438578,0.9996404171161453
0.995616087865456,0.9996404171161453
0.9956784923086524,0.9996404171161453
0.9957252956410496,0.9996404171161453
0.9958189023058441,0.9996404171161453
0.9958813067490405,0.9996404171161453
0.9959125089706387,0.9996404171161453
0.9960061156354333,0.9996404171161453
0.9960373178570314,0.9996404171161453
0.9960685200786296,0.9996404171161453
0.9961153234110268,0.9996404171161453
0.996318137851415,0.9996404171161453
0.9963493400730132,0.9996404171161453
0.9964429467378078,0.9996404171161453
0.9964741489594059,0.9996404171161453
0.9965209522918032,0.9996404171161453
0.9965521545134014,0.9996404171161453
0.9967861711753877,0.9996404171161453
0.9968173733969858,0.9996404171161453
0.9971137945021685,0.9996404171161453
0.9971137945021685,0.9998202085580726
0.9971761989453649,0.9998202085580726
0.997207401166963,0.9998202085580726
0.9972230022777622,0.9998202085580726
0.9972542044993603,0.9998202085580726
0.9973322100533558,0.9998202085580726
0.997363412274954,0.9998202085580726
0.9976130300477394,0.9998202085580726
0.9976598333801366,0.9998202085580726
0.9976910356017349,0.9998202085580726
0.9977534400449312,0.9998202085580726
0.9977690411557303,0.9998202085580726
0.9978002433773284,0.9998202085580726
0.997893850042123,0.9998202085580726
0.9979250522637212,0.9998202085580726
0.9979406533745203,0.9998202085580726
0.9979406533745203,1.0
0.998252675590502,1.0
0.9982838778121003,1.0
0.9984554900308902,1.0
0.9985178944740866,1.0
0.9985490966956847,1.0
0.998580298917283,1.0
0.9986115011388811,1.0
0.9986739055820775,1.0
0.9988299166900684,1.0
0.9988611189116665,1.0
0.9993291522356392,1.0
0.9993603544572374,1.0
1.0,1.0
