fpr,tpr
0.0,0.0
0.0,3.909762677405481e-05
0.0,0.00011729288032216445
6.3861854037346415e-06,0.00011729288032216445
6.3861854037346415e-06,0.0002345857606443289
2.5544741614938566e-05,0.0002345857606443289
2.5544741614938566e-05,0.0003127810141924385
3.1930927018673204e-05,0.0003127810141924385
3.1930927018673204e-05,0.0003909762677405482
3.831711242240785e-05,0.0003909762677405482
4.470329782614249e-05,0.00043007389451460296
4.470329782614249e-05,0.0004691715212886578
0.006271234066467418,0.023184892677014506
0.006271234066467418,0.02322399030378856
0.007618719186655427,0.028893146186026508
0.007625105372059161,0.028893146186026508
0.007631491557462896,0.028932243812800563
0.007644263928270365,0.028932243812800563
0.008595805553426827,0.031121710912147632
0.008608577924234296,0.031160808538921687
0.008678825963675377,0.03135629667279196
0.00971338799908039,0.03467959494858662
0.00987942881957749,0.035070571216327166
0.00987942881957749,0.035109668843101224
0.009924132117403632,0.03534425460374555
0.010588295399392034,0.03702545255502991
0.010601067770199504,0.03710364780857802
0.010779880961504075,0.037651014583414785
0.011137507344113215,0.03913672440082887
0.011150279714920684,0.03913672440082887
0.01165478836181572,0.03968409117566564
0.011731422586660536,0.040075067443406186
0.011808056811505352,0.04027055557727646
0.011814442996909086,0.04030965320405051
0.011839987738524025,0.04034875083082457
0.013749457174240682,0.04558783281854791
0.013749457174240682,0.04562693044532197
0.013806932842874294,0.04574422332564413
0.013889953253122844,0.045822418579192246
0.013909111809334048,0.0458615162059663
0.014107083556849823,0.046174297220158735
0.014126242113061026,0.046174297220158735
0.014177331596290903,0.046174297220158735
0.014496640866477636,0.046956249755639834
0.015454568677037832,0.049419400242405286
0.015454568677037832,0.049458497869179344
0.01548011341865277,0.04965398600304961
0.015499271974863974,0.04973218125659772
0.015499271974863974,0.04977127888337178
0.016412496487598027,0.05188255072917074
0.01641888267300176,0.051960745982718846
0.01645719978542417,0.052078038863041014
0.016482744527039107,0.05219533174336318
0.01650190308325031,0.05231262462368534
0.016527447824865253,0.0523517222504594
0.016527447824865253,0.05242991750400751
0.017134135438220042,0.054267505962388086
0.017249086775487265,0.054502091723032414
0.01735126574194702,0.054580286976580523
0.017427899966791834,0.054697579856902684
0.017447058523003038,0.05473667748367674
0.017453444708406776,0.05477577511045079
0.01772166449536363,0.0552058490049654
0.017766367793189772,0.055323141885287565
0.017772753978593507,0.055323141885287565
0.01780468490561218,0.055440434765609725
0.017811071091015915,0.055440434765609725
0.01783022964722712,0.05547953239238378
0.017855774388842057,0.055518630019157834
0.01786216057424579,0.055518630019157834
0.01981633330778859,0.06067951675333307
0.01981633330778859,0.06071861438010713
0.01984187804940353,0.06075771200688118
0.01986742279101847,0.06083590726042929
0.020135642577975323,0.06173515267623255
0.020142028763379057,0.06177425030300661
0.020231435359031342,0.06177425030300661
0.020237821544435076,0.06177425030300661
0.020237821544435076,0.06181334792978066
0.02026975247145375,0.06193064081010283
0.020276138656857484,0.06193064081010283
0.02081896441617493,0.06294717910622825
0.03011725036401257,0.08374711655002541
0.03035353922395075,0.08405989756421785
0.030359925409354484,0.08405989756421785
0.030404628707180626,0.08421628807131407
0.030596214269292665,0.08503733823356922
0.03061537282550387,0.08503733823356922
0.0313944874447595,0.08769597685420495
0.03142641837177817,0.08769597685420495
0.031432804557181906,0.08769597685420495
0.031458349298796845,0.08769597685420495
0.031464735484200576,0.087735074480979
0.031471121669604314,0.087735074480979
0.031477507855008045,0.08777417210775305
0.03255038700283547,0.09023732259451851
0.03255038700283547,0.09027642022129256
0.03256954555904667,0.09031551784806663
0.03269726926712136,0.09070649411580717
0.03269726926712136,0.09078468936935528
0.03304212327892304,0.0917230324119326
0.03304212327892304,0.09176213003870665
0.033067668020537976,0.09184032529225476
0.03315707461619026,0.09187942291902881
0.03315707461619026,0.09195761817257693
0.0331826193578052,0.09199671579935098
0.03331672925128362,0.09219220393322125
0.03336143254910977,0.09219220393322125
0.03337420491991724,0.09219220393322125
0.03870028354663193,0.1051335183954334
0.03870666973203566,0.1051335183954334
0.03872582828824687,0.1051335183954334
0.038789690142284214,0.10536810415607772
0.03880246251309168,0.10536810415607772
0.038808848698495414,0.10536810415607772
0.03900043426060745,0.10552449466317394
0.0398561831047079,0.10790944989639129
0.0398753416609191,0.10790944989639129
0.03988172784632284,0.10790944989639129
0.04131223337675939,0.11119365054541189
0.04131861956216313,0.11119365054541189
0.0413313919329706,0.11123274817218595
0.04133777811837433,0.11123274817218595
0.04151020512427517,0.11135004105250812
0.04553988811403173,0.11956054267505963
0.04557820522645414,0.11956054267505963
0.045590977597261606,0.11956054267505963
0.04576340460316244,0.11983422606247801
0.0476728740388791,0.12241466942956562
0.04896288349043349,0.12550338194471597
0.054084604184228675,0.140516870625953
0.054090990369632413,0.140516870625953
0.05411653511124735,0.140516870625953
0.05412292129665108,0.140516870625953
0.05662630597491507,0.14720256480431637
0.05665823690193374,0.14731985768463854
0.056696554014356144,0.1473589553114126
0.05759700615628273,0.1485709817414083
0.05760339234168647,0.1485709817414083
0.0590849873553529,0.15259803729913593
0.05921909724883133,0.1527153301794581
0.05955756507522927,0.15353638034171327
0.059627813114670344,0.15377096610235758
0.05963419930007408,0.1538491613559057
0.05965335785628528,0.15396645423622787
0.05965974404168902,0.1540055518630019
0.05966613022709275,0.1540055518630019
0.059781081564359975,0.15416194237009814
0.05996628094106828,0.15439652813074248
0.05998543949727948,0.15439652813074248
0.05999182568268322,0.15443562575751651
0.06000459805349069,0.15443562575751651
0.06001737042429816,0.15447472338429058
0.06002375660970189,0.15447472338429058
0.06011954939075791,0.15463111389138678
0.06663345850256724,0.16929272393165734
0.06664623087337472,0.16929272393165734
0.0667547960252382,0.1694100168119795
0.06676756839604567,0.16944911443875357
0.06678034076685314,0.16944911443875357
0.08712034127774798,0.21097079407279978
0.08749074003116458,0.2117527466082809
0.08749712621656831,0.2117527466082809
0.08750989858737579,0.21179184423505493
0.08750989858737579,0.211830941861829
0.08751628477277952,0.21187003948860303
0.08759291899762434,0.2119091371153771
0.08761207755383554,0.21194823474215116
0.08764400848085421,0.21202642999569926
0.08766955322246915,0.21202642999569926
0.08767593940787288,0.21202642999569926
0.08777811837433265,0.2122610157563436
0.09185889084731907,0.21812565977245182
0.09186527703272282,0.21820385502599993
0.09381306358086187,0.22250459397114594
0.09381944976626562,0.22250459397114594
0.09385138069328429,0.22258278922469407
0.0940557386262038,0.22301286311920868
0.09408128336781874,0.22309105837275678
0.09431118604235318,0.22340383938694922
0.09431757222775691,0.22340383938694922
0.09448999923365775,0.22359932752081949
0.09459856438552124,0.22363842514759355
0.09463049531253992,0.22363842514759355
0.09463688149794365,0.22363842514759355
0.09464326768334738,0.2236775227743676
0.0953649066339694,0.22555420885952224
0.09544792704421795,0.22578879462016654
0.09565228497713746,0.22602338038081088
0.09565867116254119,0.22602338038081088
0.09567144353334867,0.22602338038081088
0.09599713898893912,0.22719630918403252
0.09600352517434287,0.22719630918403252
0.09603545610136154,0.2273917973179028
0.09604184228676527,0.2273917973179028
0.0960673870283802,0.22743089494467686
0.09607377321378394,0.22743089494467686
0.09608654558459141,0.22743089494467686
0.09608654558459141,0.22746999257145092
0.09609293176999514,0.22746999257145092
0.09614402125322502,0.22754818782499903
0.09616317980943623,0.22754818782499903
0.09640585485477815,0.228251945106932
0.09641862722558561,0.22829104273370607
0.09662298515850512,0.228955702388865
0.09671239175415741,0.22915119052273528
0.09673793649577235,0.22926848340305744
0.09674432268117608,0.22926848340305744
0.0968784325746545,0.22934667865660555
0.09701892865353667,0.22958126441724988
0.09880706056658237,0.23317824608046292
0.09882621912279357,0.23341283184110725
0.09887092242061972,0.23341283184110725
0.09917745931999898,0.23403839386949213
0.09921577643242138,0.23407749149626617
0.09922854880322886,0.23407749149626617
0.09932434158428488,0.2341556867498143
0.10033335887807494,0.23634515384916135
0.10035251743428615,0.23638425147593542
0.10037167599049736,0.23638425147593542
0.10096559123304467,0.23779176603980137
0.10102945308708203,0.23822183993431598
0.10109331494111937,0.2383000351878641
0.10109970112652311,0.2383000351878641
0.10110608731192684,0.23833913281463814
0.10113801823894551,0.2384564256949603
0.10113801823894551,0.23849552332173438
0.10115079060975299,0.2385346209485084
0.10208955986410198,0.2400203307659225
0.10209594604950571,0.24005942839269656
0.1023705520218663,0.2404504046604371
0.10246634480292231,0.24060679516753333
0.10247273098832606,0.24060679516753333
0.10282397118553145,0.24138874770301444
0.10286228829795387,0.2415842358368847
0.1028686744833576,0.2415842358368847
0.10287506066876134,0.24170152871720688
0.10288144685416507,0.24170152871720688
0.10293253633739495,0.24181882159752904
0.10293892252279868,0.24181882159752904
0.1032007561243518,0.24232709074559175
0.10322630086596674,0.2423661883723658
0.10323907323677421,0.2423661883723658
0.10324545942217794,0.24240528599913985
0.10334125220323397,0.24260077413301012
0.10335402457404143,0.2426398717597842
0.10337956931565637,0.2426398717597842
0.10339234168646384,0.2427180670133323
0.10341788642807878,0.2427180670133323
0.10346258972590493,0.24287445752042852
0.10370526477124684,0.2431481409078469
0.10373080951286177,0.2431481409078469
0.1037371956982655,0.2431481409078469
0.1037371956982655,0.243226336161395
0.10380105755230286,0.24338272666849123
0.10484839195851534,0.24561129139461235
0.10484839195851534,0.2456503890213864
0.10616394615168467,0.24811353950815185
0.10620226326410709,0.24823083238847402
0.10630444223056684,0.24846541814911835
0.10632360078677804,0.24850451577589242
0.10694944695634404,0.24959924932556593
0.10695583314174777,0.24959924932556593
0.10708355684982246,0.24995112796653243
0.10708355684982246,0.2499902255933065
0.10712187396224487,0.2500684208468546
0.10733900426597184,0.25045939711459514
0.10734539045137559,0.25045939711459514
0.10750504508646895,0.25061578762169134
0.10823945640789844,0.2522969855729757
0.10824584259330217,0.2522969855729757
0.10827777352032084,0.25233608319974976
0.10831609063274325,0.25245337608007196
0.10847574526783661,0.25296164522813464
0.10852044856566276,0.2530007428549087
0.10889084731907937,0.2541345740313563
0.10951669348864536,0.2557766743558666
0.10965718956752753,0.2558548696094147
0.11089610953585205,0.258200727215858
0.11098551613150433,0.25831802009618016
0.111017447058523,0.25831802009618016
0.11104299180013794,0.25831802009618016
0.11110046746877156,0.25847441060327636
0.11141339055355455,0.2588262892442429
0.11148363859299563,0.2589826797513391
0.1114964109638031,0.2589826797513391
0.11150918333461057,0.2589826797513391
0.1115155695200143,0.25902177737811316
0.11152195570541804,0.25902177737811316
0.11155388663243672,0.2590608750048872
0.11156665900324418,0.2590608750048872
0.11157304518864791,0.2590608750048872
0.11158581755945539,0.25917816788520937
0.11159220374485912,0.25917816788520937
0.11164967941349273,0.25921726551198343
0.11165606559889647,0.25921726551198343
0.11734615679362403,0.26942174610001174
0.11741001864766137,0.2695390389803339
0.117563287097351,0.2696563318606561
0.11767823843461823,0.2699691128748485
0.1181699747107058,0.27102474879774796
0.11825938130635809,0.27122023693161823
0.1183168569749917,0.27129843218516636
0.11853398727871868,0.2715330179458107
0.11859784913275602,0.2716894084529069
0.11869364191381204,0.2718457989600031
0.1187064142846195,0.27188489658677717
0.11873195902623444,0.2719630918403253
0.1189427031445577,0.27235406810806584
0.1189427031445577,0.2723931657348399
0.11895547551536516,0.2723931657348399
0.11948552890387514,0.2733315087774172
0.11949191508927887,0.27337060640419125
0.11949191508927887,0.2734097040309653
0.11950468746008634,0.2734097040309653
0.11951107364549007,0.2734097040309653
0.11974736250542825,0.2737615826719318
0.12175262472220094,0.27759315009578917
0.12175262472220094,0.27763224772256323
0.12175901090760467,0.27763224772256323
0.12264669067872379,0.27946983618094384
0.122665849234935,0.279587129061266
0.12268500779114619,0.27962622668804005
0.12340026055636447,0.28064276498416546
0.12343219148338315,0.2806818626109395
0.12476051804735995,0.2827931344567385
0.12477967660357116,0.2827931344567385
0.12599943801568447,0.2848653086757634
0.12600582420108822,0.2848653086757634
0.12601859657189568,0.2848653086757634
0.1260377551281069,0.28490440630253744
0.12620379594860398,0.28506079680963364
0.12620379594860398,0.2850998944364077
0.1262421130610264,0.28517808968995584
0.1262612716172376,0.28517808968995584
0.13436534089457686,0.2998787973570004
0.1347996015020308,0.3008562380263518
0.13527217922190718,0.3017945810689291
0.13532326870513706,0.30183367869570316
0.13554678519426777,0.302420143097314
0.13738600659054334,0.30601712476052706
0.13743070988836947,0.30617351526762326
0.13746264081538814,0.30625171052117134
0.13752011648402176,0.30632990577471947
0.13753288885482923,0.30636900340149353
0.13762868163588526,0.3065644915353638
0.1379671494622832,0.30722915119052274
0.1390911180933405,0.30953591117019197
0.14268015429023936,0.31672987449661805
0.1427056990318543,0.3167689721233921
0.14271847140266175,0.3167689721233921
0.1428142641837178,0.3169253626304883
0.142833422739929,0.31700355788403645
0.1431335734539045,0.31759002228564726
0.14316550438092318,0.31759002228564726
0.143242138605768,0.31774641279274346
0.1435039722073211,0.31845017007467646
0.14387437096073774,0.3193885131172538
0.14420645260173193,0.31954490362435
0.14422561115794313,0.31954490362435
0.14487061588372033,0.3207178324275716
0.15450736965795592,0.339523790905892
0.15458400388280072,0.3396019861594401
0.15722788463994686,0.34358994409039373
0.1572342708253506,0.34358994409039373
0.15729174649398422,0.34374633459748993
0.15736199453342528,0.343785432224264
0.15736199453342528,0.34382452985103806
0.15740669783125144,0.3438636274778121
0.15761105576417095,0.34425460374555267
0.15763021432038216,0.3442937013723267
0.15766853143280457,0.34433279899910074
0.15775155184305312,0.34433279899910074
0.15775793802845683,0.34433279899910074
0.15790482029274275,0.34468467764006727
0.15860091450174982,0.34589670407006295
0.15860730068715356,0.34589670407006295
0.15862007305796103,0.34589670407006295
0.15865839017038344,0.34589670407006295
0.15955884231231002,0.34691324236618837
0.15955884231231002,0.34695233999296243
0.15956522849771373,0.34695233999296243
0.15976320024522953,0.34703053524651056
0.1598142897284594,0.34703053524651056
0.1598334482846706,0.34703053524651056
0.15983983447007433,0.34703053524651056
0.1599100825095154,0.34703053524651056
0.15994839962193783,0.34703053524651056
0.1603315707461619,0.347343316260703
0.16033795693156563,0.347343316260703
0.1603826602293918,0.3474215115142511
0.16052954249367768,0.34781248778199164
0.16077860372442332,0.34812526879618405
0.1616024216415051,0.3497673691206944
0.16233044677753083,0.3507057121632717
0.16234321914833832,0.3507839074168198
0.16234321914833832,0.3508621026703679
0.16240069481697192,0.3508621026703679
0.16255396326666155,0.3510575908042382
0.16650062584616956,0.35715682058099074
0.16689656934120112,0.35786057786292375
0.16692211408281604,0.35789967548969776
0.16703706542008329,0.3579778707432459
0.16703706542008329,0.35801696837001995
0.16704983779089075,0.358095163623568
0.1670562239762945,0.358095163623568
0.16750964313995964,0.35875982327872696
0.16751602932536339,0.35875982327872696
0.16755434643778577,0.35879892090550103
0.1679119728203949,0.35950267818743403
0.16991084885176386,0.363060562223873
0.16994916596418627,0.36309965985064707
0.17123917541574066,0.36485905305547955
0.1712647201573556,0.36485905305547955
0.17127110634275935,0.36485905305547955
0.17146269190487137,0.3650936388161239
0.17481543924183207,0.37045001368416935
0.17482182542723582,0.3705282089377175
0.1821212353437045,0.38182742307541934
0.18215316627072317,0.38206200883606367
0.18228088997879788,0.3821011064628377
0.1822872761642016,0.3821011064628377
0.1824341584284875,0.382296594596708
0.18244054461389123,0.382296594596708
0.18295782563159374,0.3829612542518669
0.18298337037320866,0.38300035187864095
0.1829897565586124,0.38300035187864095
0.18300252892941987,0.3830785471321891
0.18305361841264975,0.38311764475896315
0.18517383196668966,0.3859717715134691
0.18719825273967353,0.3899206318176487
0.19083199223439856,0.39613715447472336
0.19083199223439856,0.39617625210149743
0.19084476460520602,0.3962935449818196
0.1908575369760135,0.3962935449818196
0.1909150126446471,0.3963717402353677
0.19131734232508238,0.39703639989052664
0.1916685825222878,0.39746647378504124
0.19168135489309526,0.3975055714118153
0.19217947735458657,0.39817023106697425
0.19223056683781645,0.3983657192008445
0.19224972539402763,0.39848301208116665
0.1923008148772575,0.3985221097079407
0.19245408332694716,0.39875669546858505
0.19272868929930773,0.3991476717363256
0.19274146167011522,0.39918676936309966
0.19277339259713389,0.39918676936309966
0.1928117097095563,0.3992649646166478
0.19286279919278618,0.39946045275051806
0.1928883439344011,0.39946045275051806
0.19353973484558204,0.40051608867341754
0.19366745855365672,0.4006333815537397
0.19367384473906046,0.4006333815537397
0.19505326078626714,0.4024709700121203
0.19735867371701535,0.4061461469288814
0.1973650599024191,0.40618524455565547
0.19739060464403402,0.40622434218242953
0.19739699082943776,0.40622434218242953
0.1974225355710527,0.40638073268952574
0.1974800112396863,0.40638073268952574
0.19749278361049377,0.40638073268952574
0.19864868316856976,0.408022833014036
0.1987317035788183,0.40821832114790635
0.19940225304621043,0.40943034757790203
0.19941502541701792,0.40943034757790203
0.1996513142769561,0.40958673808499824
0.19967685901857102,0.4096258357117723
0.19969601757478223,0.4096258357117723
0.19973433468720464,0.40986042147241664
0.19974072087260838,0.40986042147241664
0.20340639129435206,0.41580326074207297
0.20341277747975578,0.41584235836884703
0.20341277747975578,0.41588145599562104
0.20364268015429024,0.4161942370098135
0.20539888114031726,0.41822731360206433
0.20546912917975835,0.4182664112288384
0.2054755153651621,0.4182664112288384
0.20585230030398244,0.41889197325722327
0.20585868648938616,0.41889197325722327
0.20589700360180857,0.41904836376431953
0.20825989220119037,0.4228799311881769
0.20826627838659412,0.4228799311881769
0.20831098168442025,0.4228799311881769
0.20831098168442025,0.42299722406849904
0.20833014024063146,0.4230363216952731
0.2083365264260352,0.4230363216952731
0.20921143382634685,0.4240919576181726
0.20921143382634685,0.42413105524494665
0.20921782001175057,0.4242483481252688
0.21782639793598488,0.44004378934198696
0.21783278412138862,0.44004378934198696
0.2179796663856745,0.4401610822223091
0.21798605257107825,0.4401610822223091
0.2183309065828799,0.4404347656097275
0.2183436789536874,0.4404347656097275
0.2184586302909546,0.4405911561168237
0.21852249214499195,0.44066935137037183
0.21873962244871892,0.4411385228916605
0.21877155337573762,0.4411776205184345
0.21891204945461976,0.4414513039058529
0.22030423787263392,0.44383625913907027
0.22102587682325595,0.4448527974351957
0.22134518609344267,0.4454001642100325
0.2213898893912688,0.44547835946358055
0.22234143101642526,0.44692497165422057
0.22237974812884767,0.44692497165422057
0.222443609982885,0.44696406928099464
0.22244999616828875,0.44696406928099464
0.22272460214064935,0.4473159479219611
0.22298643574220248,0.4475896313093795
0.2229928219276062,0.44766782656292764
0.22495338084655273,0.4513821011064628
0.22496615321736022,0.4513821011064628
0.22497892558816768,0.4513821011064628
0.2250044703297826,0.451499393986785
0.2266968094617723,0.4541580326074207
0.22670319564717603,0.4541580326074207
0.22670958183257978,0.4541971302341948
0.22670958183257978,0.45423622786096884
0.22672235420338724,0.45423622786096884
0.2267351265741947,0.45423622786096884
0.22695225687792167,0.4547053993822575
0.2272140904794748,0.455057278023224
0.22722686285028226,0.455057278023224
0.22726517996270468,0.455057278023224
0.2272907247043196,0.4551354732767721
0.2286509821953151,0.4569339641083786
0.2289128157968682,0.4574813308832154
0.22891920198227195,0.4574813308832154
0.2289447467238869,0.4575204285099894
0.22895113290929062,0.4575204285099894
0.23031777658568983,0.45881065019353323
0.23051574833320562,0.4589670407006295
0.23052213451860934,0.4589670407006295
0.23052213451860934,0.4590061383274035
0.2318951643804123,0.46064823865191384
0.23190155056581602,0.46064823865191384
0.23192070912202722,0.4606873362786879
0.2319334814928347,0.4606873362786879
0.23194625386364218,0.4606873362786879
0.2330382915676808,0.46229033897642413
0.23305106393848826,0.46229033897642413
0.23308938105091068,0.46229033897642413
0.23319156001737043,0.4623294366031982
0.23328096661302272,0.46272041287093874
0.23329373898383018,0.46272041287093874
0.23340230413569366,0.46295499863158307
0.23352364165836462,0.4631895843922274
0.23381102000153267,0.4637760487938382
0.23382379237234016,0.4637760487938382
0.23383017855774388,0.4638151464206123
0.23384933711395509,0.46389334167416035
0.2338876542263775,0.4639715369277085
0.23389404041178125,0.4639715369277085
0.23397067463662605,0.46416702506157875
0.2339770608220298,0.46416702506157875
0.2339834470074335,0.4642061226883528
0.233996219378241,0.4642061226883528
0.23400899174904846,0.4642061226883528
0.23402815030525967,0.4642061226883528
0.23404730886147088,0.46428431794190095
0.2340536950468746,0.46428431794190095
0.2341622601987381,0.4644016108222231
0.2341814187549493,0.46444070844899715
0.23602064015122487,0.4667474684286664
0.23602064015122487,0.46678656605544044
0.23604618489283982,0.46694295656253665
0.23693386466395894,0.4681940806193064
0.2370232712596112,0.46838956875317667
0.23745753186706517,0.4688978379012394
0.23757248320433239,0.46893693552801347
0.23793649577234527,0.469327911795754
0.23794926814315273,0.469327911795754
0.23817278463228345,0.4697579856902686
0.23819832937389837,0.4697970833170427
0.23821110174470586,0.4697970833170427
0.23823026030091707,0.4698361809438167
0.23823026030091707,0.46987527857059075
0.23823664648632079,0.46987527857059075
0.23826857741333946,0.46987527857059075
0.23905407821799882,0.4708918168667162
0.2390668505888063,0.4708918168667162
0.23934145656116687,0.4710873050005865
0.23935422893197436,0.4711264026273605
0.23936700130278182,0.4711264026273605
0.23959690397731626,0.47132189076123077
0.23977571716862084,0.47171286702897136
0.23978210335402458,0.47171286702897136
0.2398076480956395,0.47179106228251944
0.23983319283725446,0.47179106228251944
0.23984596520806192,0.47179106228251944
0.2401908192198636,0.47276850295187084
0.24020359159067106,0.47276850295187084
0.2402674534447084,0.472885795832193
0.24028022581551586,0.472885795832193
0.2410593404347715,0.47366774836767406
0.24109765754719392,0.4738632365015444
0.24109765754719392,0.4739023341283184
0.24169795897514496,0.475036165304766
0.2417043451605487,0.475036165304766
0.24174904845837483,0.47515345818508814
0.24498684445806831,0.48019705203894125
0.24499323064347203,0.48019705203894125
0.2450443201267019,0.4802361496657153
0.24509540960993179,0.4803925401728115
0.24527422280123637,0.4804316377995856
0.24528699517204383,0.4804316377995856
0.24547219454875213,0.48070532118700393
0.2464812118425422,0.4818000547366775
0.24650675658415716,0.48183915236345154
0.24672388688788413,0.4820737381240959
0.24673027307328788,0.4820737381240959
0.24690908626459243,0.4823083238847402
0.24693463100620738,0.4823474215115143
0.24707512708508952,0.48269930015248075
0.24708789945589701,0.48269930015248075
0.24711344419751194,0.48269930015248075
0.24747745676552482,0.4832466669273175
0.24755409099036962,0.4833639598076397
0.24756047717577337,0.4833639598076397
0.24775206273788541,0.4835203503147359
0.24777760747950034,0.483598545568284
0.2477903798503078,0.483598545568284
0.2478031522211153,0.4836376431950581
0.24798196541241985,0.4840286194627986
0.24800112396863105,0.4840286194627986
0.24964237361739086,0.48660906282988625
0.24966791835900579,0.48664816045666026
0.24968069072981328,0.4866872580834343
0.24988504866273278,0.4870000390976268
0.2498914348481365,0.4870000390976268
0.24996168288757759,0.48719552723149706
0.2500127723708075,0.4872346248582711
0.2500191585562112,0.4872346248582711
0.25010217896645975,0.4873128201118192
0.2506130737987585,0.4880165773937522
0.251155899558076,0.4889549204363295
0.2511942166704984,0.4890722133166517
0.2512900094515544,0.4892286038237479
0.2515710016093187,0.48954138483794035
0.25159016016552993,0.4895804824647144
0.25159654635093365,0.4896586777182625
0.25162209109254857,0.4896586777182625
0.25162209109254857,0.48969777534503656
0.251660408204971,0.48969777534503656
0.2517242700590083,0.48969777534503656
0.25176258717143074,0.4897368729718106
0.25180090428385316,0.4898150682253587
0.2526758116841648,0.49118348516245064
0.253633739494725,0.4927082926066388
0.255319692441311,0.4954842241075967
0.2553260786267147,0.4954842241075967
0.2553388509975222,0.49552332173437075
0.2554027128515595,0.4956406146146929
0.25559429841367154,0.49583610274856316
0.25560707078447903,0.49583610274856316
0.2558816767568396,0.49610978613598156
0.2558944491276471,0.49610978613598156
0.25616266891460393,0.49653986003049616
0.2562712340664674,0.4965789576572702
0.256328709735101,0.4965789576572702
0.25633509592050474,0.4965789576572702
0.25633509592050474,0.49661805528404424
0.25634786829131223,0.49661805528404424
0.25634786829131223,0.49669625053759237
0.25653306766802053,0.4967744457911405
0.256641632819884,0.49689173867146263
0.2566607913760952,0.49689173867146263
0.2566735637469027,0.49696993392501077
0.25809129690653176,0.4990812057708097
0.2581998620583953,0.4992375962779059
0.25854471607019697,0.49947218203855026
0.25869159833448285,0.49962857254564647
0.25906199708789945,0.5002541345740313
0.25907476945870694,0.5002541345740313
0.2591067003857256,0.5003323298275795
0.2591386313127443,0.5003323298275795
0.259145017498148,0.5003323298275795
0.2591514036835517,0.5003714274543535
0.2591833346105704,0.5004105250811276
0.26005824201088207,0.5015443562575752
0.2600901729379007,0.5017007467646714
0.26033284798324263,0.5020526254056379
0.2603456203540501,0.5020526254056379
0.26040948220808746,0.5020526254056379
0.2604350269497024,0.50216991828596
0.2606329986972182,0.5024045040466044
0.260709632922063,0.5024826993001524
0.26072240529287044,0.5024826993001524
0.2608245842593302,0.5026390898072487
0.26083097044473397,0.5026390898072487
0.2608692875571564,0.5026781874340227
0.2609331494111937,0.5027172850607968
0.2610736454900759,0.502873675567893
0.2610800316754796,0.502873675567893
0.2610928040462871,0.502873675567893
0.2610928040462871,0.5029127731946671
0.26120136919815057,0.5030691637017634
0.2613737962040514,0.5033037494624076
0.26138018238945515,0.5033037494624076
0.26138018238945515,0.5033428470891816
0.26138656857485887,0.5034210423427298
0.262152910823307,0.5041638972514368
0.262178455564922,0.5041638972514368
0.2621848417503257,0.5041638972514368
0.2622295450481518,0.5041638972514368
0.2622359312335556,0.5042029948782109
0.26243390298107133,0.5043593853853071
0.26247860627889746,0.5043593853853071
0.26248499246430124,0.5043593853853071
0.2625807852453572,0.5045939711459514
0.26261910235777963,0.5047112640262736
0.26263826091399084,0.5047112640262736
0.2637877742866631,0.5064315596043321
0.26379416047206683,0.5064315596043321
0.2639921322195826,0.5067834382452985
0.26404322170281247,0.5068225358720726
0.2641006973714461,0.5068616334988466
0.2643306000459805,0.507174414513039
0.2645413441643038,0.5074480979004574
0.2666104682351138,0.5101849317746413
0.26666794390374743,0.5101849317746413
0.26669348864536235,0.5102631270281894
0.2669680946177229,0.5104195175352856
0.2676067131580964,0.5113969582046369
0.26761948552890386,0.5113969582046369
0.26762587171430763,0.5113969582046369
0.26762587171430763,0.511436055831411
0.26768973356834497,0.5115924463385072
0.2677088921245562,0.5116315439652813
0.2677727539785935,0.5116706415920553
0.26777914016399723,0.5116706415920553
0.26777914016399723,0.5117097392188295
0.26778552634940095,0.5117097392188295
0.26783022964722714,0.5117097392188295
0.2679898842823205,0.5120616178597959
0.26803458758014664,0.51210071548657
0.26841137251896696,0.5126089846346327
0.26843053107517817,0.5126480822614067
0.26857741333946406,0.5127653751417289
0.26864766137890517,0.5128435703952771
0.268915881165862,0.5130390585291473
0.2689286535366695,0.5130390585291473
0.2689286535366695,0.5130781561559213
0.2689350397220732,0.5130781561559213
0.2690691496155516,0.5133909371701137
0.26913939765499273,0.5133909371701137
0.26951618259381305,0.5144465730930132
0.26997598794288197,0.51499393986785
0.2699823741282857,0.51499393986785
0.2700015326844969,0.5150721351213982
0.2705188137021994,0.5157367947765571
0.27052519988760315,0.5157367947765571
0.2705379722584106,0.5157367947765571
0.27069124070810024,0.5159322829104274
0.2707423301913301,0.5159713805372014
0.27084450915778985,0.5161277710442976
0.2709275295680384,0.5162059662978458
0.2709466881242496,0.5162059662978458
0.2709530743096534,0.5162059662978458
0.2709658466804608,0.5162059662978458
0.27102332234909443,0.5163623568049419
0.2710360947199019,0.51644055205849
0.2711255013155542,0.5165578449388122
0.2711446598717654,0.5165578449388122
0.2711574322425729,0.5165969425655863
0.2717130303726978,0.5172225045939711
0.2719301606764248,0.5173397974742933
0.274740082254068,0.5205458028697658
0.2747592408102792,0.520623998123314
0.27493166781618006,0.520663095750088
0.2749444401869875,0.5207803886304101
0.2749891434848136,0.5208194862571842
0.27500830204102483,0.5208194862571842
0.2750210744118323,0.5209758767642804
0.2758640508851253,0.5225006842084685
0.27587682325593277,0.5225397818352426
0.2758832094413365,0.5225397818352426
0.2766623240605921,0.5236345153849161
0.2766750964313996,0.5236345153849161
0.2767006411730145,0.5236736130116902
0.2768602958081079,0.5241818821597529
0.27695608858916393,0.524260077413301
0.27696886095997136,0.5242991750400751
0.27703272281400876,0.5243382726668491
0.2770774261118349,0.5243773702936232
0.2770838122972386,0.5243773702936232
0.27710935703885353,0.5243773702936232
0.27714128796587223,0.5244555655471713
0.2771540603366797,0.5244555655471713
0.27716683270748715,0.5244946631739453
0.277339259713388,0.524963834695234
0.27755639001711496,0.5253548109629745
0.2776394104273635,0.5254330062165227
0.2776649551689785,0.5254330062165227
0.2780481262932025,0.525667591977167
0.2780545124786063,0.5257066896039411
0.2780800572202212,0.5257066896039411
0.27817585000127726,0.5259412753645853
0.2781886223720847,0.5260194706181335
0.278278028967737,0.5262540563787778
0.28103686106215037,0.5284435234781248
0.2810432472475541,0.5284435234781248
0.2811134952869952,0.5285608163584471
0.28114542621401384,0.5287172068655432
0.2812284466242624,0.5288735973726395
0.2812539913658773,0.5290299878797357
0.281285922292896,0.5291081831332838
0.2813944874447595,0.52926457364038
0.2816116177484865,0.5295382570277984
0.2816180039338902,0.5295382570277984
0.28170102434413874,0.5296555499081206
0.28188622372084704,0.5300465261758611
0.28193731320407694,0.5300856238026351
0.28194369938948066,0.5300856238026351
0.28195647176028815,0.5300856238026351
0.2819692441310956,0.5300856238026351
0.2819820165019031,0.5300856238026351
0.2821863744348226,0.5303984048168277
0.2822502362888599,0.5304766000703758
0.2832017779140164,0.531375845486179
0.2832081640994201,0.531375845486179
0.2832400950264388,0.5314540407397271
0.2833486601783023,0.5315713336200493
0.2833869772907247,0.5316104312468233
0.28341252203233963,0.5316104312468233
0.28346999770097325,0.5316104312468233
0.2836104937798554,0.5318450170074677
0.28363603852147035,0.5318450170074677
0.28364242470687406,0.5318450170074677
0.2837126727463152,0.5318841146342417
0.2837509898587376,0.5318841146342417
0.283763762229545,0.5318841146342417
0.2862990778348277,0.5339171912264925
0.2868163588525302,0.534972827149392
0.28702710297085343,0.5354029010439066
0.28706542008327585,0.5354419986706807
0.28710373719569826,0.5354419986706807
0.2871867576059468,0.5354810962974548
0.28724423327458043,0.5354810962974548
0.2877168109944568,0.536341244086484
0.2877231971798605,0.536341244086484
0.29106317214601374,0.5409156664190483
0.29106317214601374,0.5409547640458224
0.2911461925562623,0.5409938616725964
0.2911845096686847,0.5409938616725964
0.2913633228599893,0.5411111545529186
0.2914016399724117,0.5411111545529186
0.29145272945564155,0.541345740313563
0.2928768488006744,0.5433397192790398
0.2928832349860781,0.5433397192790398
0.2928960073568856,0.5433397192790398
0.29292793828390423,0.5434179145325879
0.293464377857818,0.5443562575751651
0.2934963087848366,0.5444344528287133
0.2935282397118553,0.5444344528287133
0.29353462589725904,0.5444344528287133
0.29356017063887396,0.5445126480822614
0.2936878943469487,0.5447472338429057
0.29373259764477483,0.5447472338429057
0.29373898383017855,0.5447472338429057
0.29376452857179347,0.5447863314696798
0.29681073900937494,0.5481096297454745
0.29686821467800856,0.5481487273722485
0.296880987048816,0.5481487273722485
0.29696400745906454,0.5481878249990225
0.2971747515773878,0.5483833131328928
0.297193910133599,0.5483833131328928
0.29723861343142516,0.548539703639989
0.297289702914655,0.5486960941470853
0.29740465425192225,0.5486960941470853
0.2974365851789409,0.5487742894006333
0.2974557437351521,0.5487742894006333
0.2974685161059596,0.5487742894006333
0.2974876746621708,0.5488133870274075
0.29891818019260735,0.550690073112562
0.2989692696758372,0.5508464636196583
0.2990139729736634,0.5508464636196583
0.2990586762714895,0.5509637564999804
0.29906506245689324,0.5509637564999804
0.29912253812552686,0.5510810493803027
0.29914169668173807,0.5510810493803027
0.2991480828671418,0.5510810493803027
0.2991608552379493,0.5510810493803027
0.2991991723503717,0.5511592446338507
0.29925026183360154,0.5512765375141729
0.29926942038981275,0.551315635140947
0.29935882698546507,0.5515502209015912
0.29944823358111733,0.5515502209015912
0.29947377832273225,0.5515502209015912
0.299480164508136,0.5515502209015912
0.29969090862645925,0.5517848066622356
0.30000383171124223,0.552097587676428
0.300010217896646,0.552097587676428
0.30002299026745344,0.552097587676428
0.30004214882366465,0.552097587676428
0.3032033105985133,0.5575321577980217
0.3035545507957187,0.5580795245728585
0.3035928679081411,0.5581186221996325
0.3035992540935448,0.5581186221996325
0.3036247988351598,0.5581577198264065
0.303643957391371,0.5581577198264065
0.30366950213298594,0.5581577198264065
0.30367588831838965,0.5582359150799546
0.30524050374230466,0.5600735035383352
0.3052788208547271,0.5601516987918833
0.30598130124913786,0.5607772608202682
0.30599407361994535,0.5607772608202682
0.30600045980534907,0.5607772608202682
0.3060068459907528,0.5608163584470423
0.306026004546964,0.5608163584470423
0.3060962525864051,0.5609336513273644
0.3061728868112499,0.5610900418344607
0.30617927299665365,0.5610900418344607
0.3091169182823716,0.5639050709621926
0.30918078013640893,0.5639441685889667
0.30918716632181265,0.5639441685889667
0.30942984136715457,0.5646088282441256
0.3094362275525583,0.5646088282441256
0.3094873170357882,0.5646088282441256
0.3095000894065957,0.5646088282441256
0.3095064755919994,0.5646088282441256
0.3095128617774031,0.5646479258708996
0.30955756507522925,0.5646479258708996
0.3095831098168442,0.5646479258708996
0.3096341993000741,0.5646479258708996
0.3096405854854778,0.5646870234976737
0.30978108156435996,0.5648434140047699
0.30980662630597494,0.564882511631544
0.3099088052724347,0.564960706885092
0.31001737042429817,0.5650779997654143
0.3100237566097019,0.5650779997654143
0.3100493013513168,0.5651170973921883
0.3100556875367206,0.5651170973921883
0.3101131632053542,0.5651952926457364
0.3101195493907579,0.5651952926457364
0.31174802666871027,0.5677366383860499
0.3118182747081513,0.5678539312663722
0.31243134850690985,0.5686358838018533
0.31244412087771734,0.5686749814286273
0.31246327943392854,0.5686749814286273
0.31360002043579327,0.5696524220979786
0.3136191789920045,0.5696915197247527
0.31363195136281197,0.5696915197247527
0.31381076455411655,0.569926105485397
0.31381715073952027,0.569926105485397
0.3138618540373464,0.5700043007389451
0.31416839093672566,0.5702388864995894
0.31419393567834064,0.5702388864995894
0.3262127366081692,0.5845095202721194
0.32629575701841773,0.5845486178988936
0.3263021432038215,0.5845486178988936
0.32640432217028126,0.5847441060327638
0.3264170945410887,0.5847441060327638
0.3264745702097223,0.584861398913086
0.3264873425805298,0.584861398913086
0.32651288732214473,0.584861398913086
0.32653843206375965,0.58490049653986
0.326627838659412,0.5850568870469562
0.3266853143280456,0.5851350823005044
0.3266853143280456,0.5851741799272784
0.32669808669885303,0.5852523751808265
0.32672363144046795,0.5852914728076006
0.32678749329450535,0.5853696680611487
0.326819424221524,0.5854478633146968
0.3278476000715253,0.5861125229698557
0.32786675862773645,0.5861516205966297
0.32788591718394766,0.5861516205966297
0.3281413646000971,0.5864253039840481
0.32815413697090456,0.5864644016108223
0.3281796817125195,0.5864644016108223
0.3286075561345697,0.5867771826250147
0.32861394231997343,0.5867771826250147
0.32863948706158835,0.5868553778785628
0.3295143944619,0.5876373304140439
0.3295271668327075,0.5876764280408179
0.3295463253889187,0.587715525667592
0.3295463253889187,0.587754623294366
0.3296548905407822,0.5879892090550104
0.3296612767261859,0.5879892090550104
0.3296740490969934,0.5879892090550104
0.3296740490969934,0.5880283066817844
0.3299550412547577,0.5881846971888807
0.32996142744016144,0.5881846971888807
0.34067744654762816,0.6010478163975447
0.3407029912892431,0.6010478163975447
0.34089457685135516,0.601243304531415
0.34091373540756637,0.601243304531415
0.3409392801491813,0.601243304531415
0.3409903696324112,0.6013214997849631
0.3409967558178149,0.6013214997849631
0.3410159143740261,0.6013214997849631
0.3411244795258896,0.6015951831723815
0.3411372518966971,0.6015951831723815
0.34122665849234934,0.6015951831723815
0.34122665849234934,0.6016342807991555
0.3418078013640892,0.6021816475739923
0.34181418754949294,0.6021816475739923
0.34187166321812656,0.6021816475739923
0.3420440902240274,0.6022598428275404
0.34205686259483487,0.6022598428275404
0.34217181393210205,0.6023771357078626
0.3421782001175058,0.6023771357078626
0.3422612205277544,0.6024944285881847
0.3424975093876925,0.6029245024826994
0.34270186732061203,0.6031199906165696
0.3427657291746494,0.6031981858701176
0.34277850154545686,0.6032372834968918
0.342823204843283,0.6032763811236658
0.34284874958489797,0.6032763811236658
0.34284874958489797,0.6033545763772139
0.3428551357703017,0.6033545763772139
0.3429126114389353,0.6035109668843102
0.3429317699951465,0.6035109668843102
0.34293815618055024,0.6035109668843102
0.343231920709122,0.6037455526449544
0.3432383068945258,0.6037846502717285
0.3432446930799295,0.6037846502717285
0.343257465450737,0.6037846502717285
0.34545431322962167,0.6064823865191383
0.34546069941502544,0.6064823865191383
0.34625897259049226,0.6074207295617156
0.3463036758883184,0.6074207295617156
0.3463228344445296,0.6074207295617156
0.3464377857817968,0.6074989248152637
0.3468465016476358,0.6078508034562302
0.346865660203847,0.6078508034562302
0.3469167496870769,0.6079680963365524
0.3469359082432881,0.6079680963365524
0.3470061562827292,0.6080462915901005
0.3471338799908039,0.6083199749775189
0.3476447748231027,0.6088673417523557
0.34767670575012133,0.6088673417523557
0.34810458017217155,0.6092974156468702
0.34811096635757527,0.6092974156468702
0.34815566965540146,0.6094147085271924
0.3481620558408052,0.6094147085271924
0.34825146243645744,0.6094538061539665
0.3482578486218612,0.6094538061539665
0.3482578486218612,0.6095320014075145
0.3483153242904948,0.6095710990342886
0.3483919585153396,0.6096883919146108
0.3484047308861471,0.6096883919146108
0.3484111170715508,0.6096883919146108
0.348430275627762,0.6097665871681589
0.3558893401793241,0.6179770887907104
0.3558957263647278,0.6179770887907104
0.3566301376861573,0.6186417484458694
0.3566301376861573,0.6186808460726434
0.35663652387156103,0.6186808460726434
0.3569941502541702,0.6191891152207061
0.35700692262497763,0.6191891152207061
0.3570133088103814,0.6191891152207061
0.35702608118118884,0.6191891152207061
0.35723043911410834,0.6193846033545763
0.3572368252995121,0.6193846033545763
0.35740925230541293,0.6196191891152207
0.3574220246762204,0.6196191891152207
0.35747311415945027,0.6196191891152207
0.35786905765448185,0.619814677249091
0.35788821621069306,0.6198928725026391
0.3578946023960968,0.6199319701294131
0.3579456918793266,0.6200492630097353
0.35803509847497894,0.6201274582632834
0.3581117326998237,0.6202447511436056
0.3581245050706312,0.6202447511436056
0.35835440774516564,0.6205575321577981
0.35855237949268143,0.6207921179184424
0.35885253020665697,0.6209485084255386
0.3591909980330549,0.6215740704539234
0.35921654277466986,0.6215740704539234
0.3592293151454773,0.6215740704539234
0.359261246072496,0.6216131680806976
0.3592867908141109,0.6216913633342456
0.36301632308989196,0.6254056378777808
0.3630418678315069,0.6254447355045549
0.3630737987585256,0.625522930758103
0.36311211587094794,0.6255620283848771
0.3631376606125629,0.6256793212651992
0.36315043298337035,0.6256793212651992
0.3632334533936189,0.6257184188919732
0.3632462257644264,0.6257966141455213
0.3634825146243646,0.6260702975329397
0.36353360410759444,0.6260702975329397
0.36353999029299816,0.6260702975329397
0.36355914884920937,0.6260702975329397
0.36356553503461314,0.6260702975329397
0.3635974659616318,0.6260702975329397
0.36360385214703556,0.6260702975329397
0.363616624517843,0.6261093951597138
0.36362301070324676,0.6261093951597138
0.36393593378802974,0.6263830785471322
0.36394231997343346,0.6263830785471322
0.3640189541982783,0.6265394690542284
0.3640444989398932,0.6265394690542284
0.36426801542902393,0.6266958595613247
0.36427440161442765,0.6266958595613247
0.3665223388765423,0.6290808147945419
0.3665670421743684,0.6290808147945419
0.36664367639921325,0.62915901004809
0.36665006258461696,0.62915901004809
0.36666922114082817,0.62915901004809
0.3666756073262319,0.6291981076748642
0.3669565994839962,0.6295499863158306
0.36698853041101487,0.6295499863158306
0.37542468132934836,0.6380341713258005
0.3754310675147521,0.6380341713258005
0.3754502260709633,0.6380341713258005
0.37560349452065295,0.6381514642061227
0.37560988070605666,0.6381514642061227
0.3758589419368023,0.6383860499667671
0.3764592433647534,0.6387379286077335
0.3764656295501571,0.6387379286077335
0.37652310521879073,0.6387770262345076
0.3766444427414617,0.6389334167416038
0.3766699874830766,0.6389334167416038
0.37672107696630647,0.6390898072487
0.37673384933711396,0.6390898072487
0.37674662170792145,0.6390898072487
0.3767785526349401,0.639128904875474
0.376804097376555,0.639128904875474
0.37689350397220733,0.6392071001290222
0.37689989015761105,0.6392071001290222
0.40538227705826757,0.66473785041248
0.405395049429075,0.664776948039254
0.4055866349911871,0.6649724361731243
0.40737476690423274,0.6672791961527935
0.40739392546044395,0.6672791961527935
0.40740669783125144,0.6673182937795675
0.40741308401665516,0.6673182937795675
0.40743224257286637,0.6673182937795675
0.40762382813497844,0.6675528795402119
0.4076366005057859,0.6675919771669859
0.4076749176182083,0.6677092700473082
0.4077132347306307,0.6677874653008562
0.40775793802845683,0.6677874653008562
0.40801338544460625,0.6681784415685967
0.40803893018622117,0.6681784415685967
0.40803893018622117,0.6682175391953709
0.408090019669451,0.668295734448919
0.4081027920402585,0.668295734448919
0.40812833678187344,0.668295734448919
0.40818581245050706,0.668334832075693
0.40833269471479294,0.668334832075693
0.4083390809001967,0.668334832075693
0.4083390809001967,0.668373929702467
0.4083582394564079,0.668373929702467
0.40915651263187475,0.6692340774914962
0.4092076021151046,0.6692731751182703
0.40938002912100546,0.6693122727450443
0.4093864153064092,0.6693122727450443
0.4096865660203847,0.6693513703718185
0.40970572457659593,0.6693513703718185
0.40971211076199965,0.6693513703718185
0.4099739443635528,0.6694686632521406
0.4099739443635528,0.6695077608789146
0.4099803305489565,0.6695077608789146
0.4100569647738013,0.669781444266333
0.41007612333001253,0.6698205418931071
0.41007612333001253,0.6698596395198811
0.41008889570081997,0.6698987371466552
0.41013359899864615,0.6699378347734293
0.4102166194088947,0.6699769324002033
0.41022939177970213,0.6700160300269774
0.41030602600454696,0.6700160300269774
0.4107019694995785,0.6703679086679438
0.41098934784274654,0.6707197873089104
0.4113022709275296,0.6708761778160066
0.4160599790533119,0.6749032333737343
0.4160663652387156,0.6749032333737343
0.41611106853654173,0.6750205262540564
0.41614938564896414,0.6750596238808304
0.4162324060592127,0.6750987215076045
0.41623879224461646,0.6751378191343785
0.4162962679132501,0.6751769167611525
0.4163026540986538,0.6751769167611525
0.4163026540986538,0.6752551120147007
0.41644315017753597,0.6754115025217969
0.4164750811045546,0.675450600148571
0.4164814672899584,0.675450600148571
0.41672414233530025,0.6756069906556672
0.4169859759368534,0.6759588692966337
0.41699874830766087,0.6759979669234077
0.41701152067846836,0.6759979669234077
0.4170370654200833,0.6760761621769559
0.417043451605487,0.6760761621769559
0.4170626101616982,0.6760761621769559
0.41708815490331314,0.6760761621769559
0.4171520167573505,0.6761152598037299
0.4172031062405804,0.676154357430504
0.4176182082918231,0.6763498455643743
0.4176309806626306,0.6763498455643743
0.4176565254042455,0.6765062360714704
0.417669297775053,0.6765062360714704
0.41821212353437043,0.676897212339211
0.4182185097197742,0.676897212339211
0.4182376682759854,0.676897212339211
0.4182440544613891,0.676897212339211
0.4187485631082842,0.6773663838604996
0.4187741078498991,0.6773663838604996
0.41885074207474393,0.6774054814872738
0.41885074207474393,0.6774445791140478
0.41886351444555137,0.6774445791140478
0.41886351444555137,0.6774836767408219
0.41904871382225967,0.6774836767408219
0.41905510000766344,0.6774836767408219
0.41908064474927836,0.6774836767408219
0.41909341712008585,0.6774836767408219
0.419138120417912,0.6775618719943699
0.4191572789741232,0.6775618719943699
0.4193360921654277,0.6777573601282402
0.41935525072163893,0.6777573601282402
0.4193616369070427,0.6777964577550143
0.4193616369070427,0.6778355553817883
0.41937440927785014,0.6778355553817883
0.4195149053567323,0.6780701411424327
0.4195340639129435,0.6780701411424327
0.41963624287940327,0.6781092387692067
0.419642629064807,0.6781092387692067
0.4196554014356145,0.6781092387692067
0.41966817380642196,0.6781483363959807
0.4196745599918257,0.6781483363959807
0.41974480803126674,0.6781874340227548
0.4197511942166705,0.6781874340227548
0.4198916902955527,0.6782265316495288
0.4199044626663601,0.678265629276303
0.4200258001890311,0.678304726903077
0.4200832758576647,0.678304726903077
0.420268475234373,0.6786175079172694
0.42195442818095896,0.6801423153614575
0.42197358673717017,0.6801423153614575
0.4219799729225739,0.6801423153614575
0.4220246762204,0.6802596082417798
0.4220310624058038,0.6802596082417798
0.4220310624058038,0.6802987058685538
0.4220566071474187,0.6802987058685538
0.42206299333282243,0.6802987058685538
0.42229928219276064,0.6807287797630683
0.4223503716759905,0.6808069750166165
0.422771859912637,0.681197951284357
0.4227782460980407,0.681197951284357
0.42456637801108643,0.6819799038198381
0.42457276419649015,0.6819799038198381
0.4246366260505275,0.6820190014466122
0.42464301223593126,0.6820190014466122
0.42464301223593126,0.6820580990733862
0.42464301223593126,0.6821362943269343
0.42484737016885077,0.6823708800875787
0.4248601425396582,0.6824490753411268
0.4248729149104657,0.6824490753411268
0.4249303905790993,0.6825272705946749
0.42495593532071424,0.6825272705946749
0.4251155899558076,0.6827227587285452
0.4252113827368636,0.6828791492356414
0.4252241551076711,0.6828791492356414
0.4252433136638823,0.6828791492356414
0.4252880169617084,0.6828791492356414
0.4259777249853118,0.683309223130156
0.42602881446854163,0.6833483207569301
0.4260352006539454,0.6833483207569301
0.4264119855927657,0.6835829065175744
0.4264183717781695,0.6835829065175744
0.4267440672337599,0.6839738827853149
0.4267632257899711,0.6839738827853149
0.42691649423966077,0.6842475661727333
0.427127238357984,0.6843648590530554
0.4271400107287915,0.6843648590530554
0.4271655554704064,0.6844039566798296
0.42717194165581013,0.6844430543066036
0.4271783278412139,0.6844430543066036
0.42782333256699107,0.6850686163349885
0.42782971875239484,0.6851468115885366
0.4278424911232023,0.6851468115885366
0.42786803586481725,0.6851468115885366
0.4285258129614019,0.6860851546311139
0.4286599228548803,0.6862024475114361
0.4286663090402841,0.6862024475114361
0.4286663090402841,0.6862415451382101
0.42876848800674383,0.6863979356453064
0.42877487419214755,0.6864370332720804
0.4288004189337625,0.6865543261524025
0.4288259636753774,0.6865934237791766
0.4288898255294148,0.6865934237791766
0.4295923059238256,0.6872189858075615
0.4295986921092293,0.6872189858075615
0.4296114644800368,0.6872580834343356
0.4296178506654405,0.6872580834343356
0.429943546121031,0.6874535715682059
0.4299627046772422,0.6874535715682059
0.42997547704804967,0.6874535715682059
0.4300329527166833,0.6874926691949799
0.4302756277620252,0.6878445478359464
0.43028201394742893,0.6878445478359464
0.4305566199197895,0.6879618407162685
0.43062048177382684,0.6880009383430425
0.4306332541446343,0.6880400359698167
0.4307035021840754,0.6881182312233648
0.4420262089048969,0.7020369863549283
0.4420262089048969,0.7021151816084764
0.4420645260173193,0.7021542792352504
0.44207091220272304,0.7021542792352504
0.44213477405676044,0.7021933768620244
0.4421475464275679,0.7021933768620244
0.4422624977648351,0.7022715721155726
0.44308631568191686,0.7030144270242796
0.4433417630980663,0.7030535246510536
0.4441591948297443,0.7038354771865348
0.4441783533859555,0.7038354771865348
0.44418473957135923,0.7038354771865348
0.44424860142539657,0.7038354771865348
0.4442996909086265,0.7038354771865348
0.4444529593583161,0.703952770066857
0.44477865481390655,0.7042655510810494
0.44479142718471404,0.7042655510810494
0.44479142718471404,0.7043046487078234
0.4451362811965157,0.7045001368416937
0.44514266738191943,0.7045001368416937
0.4451554397527269,0.7045392344684678
0.4451937568651493,0.7046565273487899
0.44520014305055305,0.7046565273487899
0.445225687792168,0.7046956249755639
0.4452512325337829,0.7046956249755639
0.4452640049045904,0.7046956249755639
0.4452703910899941,0.7046956249755639
0.4452767772753979,0.704734722602338
0.445321480573224,0.704734722602338
0.4454364319104912,0.7048520154826602
0.4454492042812987,0.7048520154826602
0.4454555904667024,0.7048520154826602
0.44551306613533603,0.7048911131094343
0.44553861087695096,0.7049302107362083
0.44554499706235473,0.7049302107362083
0.44557054180396966,0.7049693083629823
0.44558331417477715,0.7049693083629823
0.4456471760288145,0.7049693083629823
0.4456535622142182,0.7049693083629823
0.4458387615909265,0.7050866012433046
0.4458579201471377,0.7050866012433046
0.4458579201471377,0.7051256988700786
0.4459856438552124,0.7052038941236267
0.4460622780800572,0.7052429917504007
0.4460750504508647,0.7052429917504007
0.44611975374869084,0.7052820893771748
0.4462410912713618,0.705438479884271
0.44761412113316473,0.7064941158071705
0.4478631823639104,0.7066114086874926
0.4478631823639104,0.7066505063142667
0.44787595473471786,0.7066505063142667
0.4481633330778859,0.7070414825820073
0.4481761054486934,0.7070414825820073
0.4483166015275756,0.7071587754623294
0.4483229877129793,0.7071587754623294
0.4483421462691905,0.7071587754623294
0.4483485324545942,0.7071587754623294
0.4485081870896876,0.7071587754623294
0.44860397987074363,0.7072369707158775
0.4487700206912407,0.7073542635961997
0.44878279306204816,0.7073542635961997
0.44885304110148927,0.7073542635961997
0.4488785858431042,0.7073542635961997
0.4489169029555266,0.7073542635961997
0.448955220067949,0.7073542635961997
0.44896160625335274,0.7073542635961997
0.44898715099496767,0.7074324588497478
0.44901269573658265,0.7074324588497478
0.44903185429279385,0.7074324588497478
0.449051012849005,0.7074715564765218
0.4492745293381357,0.7076279469836181
0.4492873017089432,0.7076279469836181
0.4492936878943469,0.7076279469836181
0.4493064602651544,0.7076670446103922
0.4493192326359619,0.7076670446103922
0.44934477737757683,0.7077061422371662
0.44935116356298055,0.7077061422371662
0.44937032211919176,0.7077452398639402
0.4494277977878254,0.7077843374907143
0.44944057015863287,0.7077843374907143
0.44970240376018594,0.7081362161316808
0.4525634148210591,0.711850490675216
0.4525825733772703,0.711850490675216
0.4527486141977674,0.7121632716894084
0.45324035047385497,0.7125542479571491
0.4532658952154699,0.7125542479571491
0.4532786675862774,0.7125542479571491
0.45375763149155746,0.7129061265981155
0.45552660484839197,0.7146264221761739
0.455596852887833,0.7147828126832702
0.4556287838148517,0.7148219103100442
0.45563517000025544,0.7148610079368183
0.45566071474187037,0.7149783008171404
0.45567348711267786,0.7149783008171404
0.45572457659590776,0.7149783008171404
0.4557309627813115,0.7149783008171404
0.4557756660791376,0.7150955936974626
0.45580121082075253,0.7150955936974626
0.45581398319156,0.7150955936974626
0.45585868648938616,0.7151737889510107
0.45585868648938616,0.7152519842045588
0.4558650726747899,0.7152519842045588
0.4558650726747899,0.7152910818313328
0.45589700360180857,0.7152910818313328
0.4559033897872123,0.7152910818313328
0.45590977597261606,0.7153301794581068
0.45600556875367204,0.715408374711655
0.45601834112447953,0.715408374711655
0.45622908524280276,0.7157602533526215
0.45624824379901396,0.7157602533526215
0.45656116688379694,0.7159166438597178
0.45657393925460443,0.7159166438597178
0.4565867116254119,0.7159948391132658
0.45662502873783434,0.7159948391132658
0.4582662783865941,0.7175196465574539
0.4582790507574016,0.7175196465574539
0.45831098168442025,0.7175196465574539
0.4586047462129921,0.7178715251984205
0.4586111323983958,0.7178715251984205
0.4586430633254145,0.7179106228251945
0.45867499425243313,0.7179106228251945
0.45868138043783685,0.7179106228251945
0.45871331136485555,0.7179106228251945
0.45873246992106675,0.7179106228251945
0.4587644008480854,0.7179888180787426
0.4587771732188929,0.7179888180787426
0.4587835594042966,0.7179888180787426
0.4588282627021228,0.7180670133322907
0.45907093774746466,0.718223403839387
0.45907732393286843,0.718223403839387
0.45908371011827215,0.718262501466161
0.45914118578690577,0.718262501466161
0.45915395815771326,0.718262501466161
0.4592369785679618,0.7183406967197091
0.4592433647533655,0.7183406967197091
0.4595499016527448,0.7185361848535794
0.4595626740235523,0.7185361848535794
0.45968401154622324,0.7186143801071275
0.46062916698597595,0.7192790397622865
0.46062916698597595,0.7193181373890605
0.4606419393567834,0.7193181373890605
0.46064832554218715,0.7193181373890605
0.46066748409839836,0.7193572350158345
0.4606802564692058,0.7193963326426086
0.4606930288400133,0.7193963326426086
0.460699415025417,0.7193963326426086
0.460699415025417,0.7194354302693826
0.4607058012108208,0.7194354302693826
0.4607185735816282,0.7194354302693826
0.4610634275934299,0.7195527231497049
0.4611017447058523,0.719670016030027
0.4611272894474672,0.719670016030027
0.46308784836641376,0.7217030926222778
0.46310062073722125,0.7217030926222778
0.46387334917107315,0.7221722641435665
0.46389250772728435,0.7221722641435665
0.46393082483970677,0.7222113617703405
0.463949983395918,0.7222504593971146
0.463949983395918,0.7223286546506626
0.4639691419521291,0.7223286546506626
0.4640330038061665,0.7223286546506626
0.46404577617697396,0.7223286546506626
0.4641032518456076,0.722524142784533
0.46420543081206733,0.722602338038081
0.46421181699747105,0.722602338038081
0.46555291593225534,0.7238925597216249
0.4660063350959205,0.7244790241232357
0.46601272128132426,0.7244790241232357
0.4660446522083429,0.7245181217500097
0.4660638107645541,0.7245181217500097
0.46633841673691473,0.7247918051374281
0.46634480292231845,0.7248309027642023
0.46635757529312594,0.7248309027642023
0.46636396147852965,0.7248309027642023
0.4663895062201446,0.7248309027642023
0.46651084374281554,0.7249481956445244
0.466644953636294,0.7252218790319428
0.466836539198406,0.7252609766587168
0.46748154392418323,0.7258474410603276
0.4675773367052392,0.7260038315674239
0.46787110123381104,0.726121124447746
0.4679605078294633,0.72616022207452
0.4679988249418857,0.72616022207452
0.4680307558689044,0.72616022207452
0.46803714205430813,0.72616022207452
0.46810100390834547,0.7261993197012941
0.4681520933915753,0.7262775149548423
0.4681712519477865,0.7262775149548423
0.468184024318594,0.7262775149548423
0.46885457378598616,0.7269421746100012
0.46898868367946456,0.7270594674903234
0.46899506986486833,0.7270594674903234
0.46902061460648325,0.7270594674903234
0.4700743351980995,0.7282714939203191
0.4700807213835032,0.7282714939203191
0.47010626612511813,0.7282714939203191
0.47012542468132934,0.7282714939203191
0.47012542468132934,0.7283105915470931
0.47094924259841114,0.7289361535754779
0.4709620149692186,0.728975251202252
0.4709684011546223,0.728975251202252
0.4710067182670447,0.728975251202252
0.4710194906378522,0.728975251202252
0.4710194906378522,0.729014348829026
0.4710322630086597,0.729014348829026
0.47113444197511944,0.7292489345896704
0.4711663729021381,0.7292489345896704
0.4712302347561754,0.7292880322164444
0.47124939331238663,0.7293271298432186
0.47131964135182775,0.7294053250967666
0.4714154341328837,0.7294444227235407
0.47143459268909493,0.7294835203503147
0.4742445142667382,0.7313602064354694
0.4742445142667382,0.7313993040622434
0.4742636728229494,0.7314384016890175
0.4742700590083531,0.7314384016890175
0.47799959128413416,0.7340579426828792
0.47801236365494165,0.7340579426828792
0.478050680767364,0.7340970403096532
0.478076225508979,0.7340970403096532
0.4780889978797864,0.7340970403096532
0.47812731499220884,0.7340970403096532
0.47838276240835825,0.7342143331899754
0.4784083071499732,0.7342143331899754
0.48043272792295705,0.7366774836767408
0.480458272664572,0.7366774836767408
0.48046465884997575,0.7366774836767408
0.48061792729966535,0.7368338741838371
0.4836322068102281,0.7400007819525355
0.4836449791810356,0.7400007819525355
0.4836641377372468,0.7400398795793095
0.48367052392265053,0.7400398795793095
0.4840217641198559,0.7401962700864058
0.4840536950468746,0.7401962700864058
0.484187804940353,0.740391758220276
0.4842005773111605,0.740391758220276
0.4845645898791734,0.7407045392344684
0.48468592740184435,0.7409391249951128
0.48469231358724807,0.7409391249951128
0.4846986997726518,0.7409782226218868
0.4846986997726518,0.741017320248661
0.4847306306996705,0.741056417875435
0.4847561754412854,0.741056417875435
0.4847625616266891,0.741056417875435
0.48489028533476386,0.7411346131289831
0.4849030577055713,0.7411346131289831
0.4849286024471863,0.7411346131289831
0.4849413748179937,0.7411346131289831
0.4855033591335224,0.7415255893967236
0.4855225176897336,0.7415255893967236
0.4855480624313485,0.7415255893967236
0.48562469665619334,0.7416428822770458
0.48563108284159706,0.7416428822770458
0.48565024139780827,0.7416428822770458
0.48619945334252945,0.7418774680376901
0.48620583952793317,0.7418774680376901
0.48621861189874066,0.7419165656644642
0.4866017830229647,0.7422684443054307
0.4866273277645797,0.7422684443054307
0.4866337139499834,0.7422684443054307
0.48847293534625896,0.7434413731086523
0.4884793215316627,0.7434413731086523
0.48867729327917847,0.7435586659889745
0.48900298873476894,0.743949642256715
0.4901205711804225,0.745357156820581
0.49017166066365236,0.745357156820581
0.49017804684905614,0.745396254447355
0.4903951771527831,0.7455526449544513
0.49040156333818685,0.7455526449544513
0.4904143357089943,0.7455526449544513
0.4904654251922242,0.7456308402079994
0.4905229008608578,0.7456699378347734
0.4906570107543362,0.7458654259686437
0.4906761693105474,0.7458654259686437
0.4908677548726595,0.7459045235954178
0.4909124581704856,0.7459827188489658
0.4909124581704856,0.74602181647574
0.49093161672669683,0.74602181647574
0.49095077528290804,0.7461000117292881
0.4910146371369454,0.7461391093560621
0.49129562929470966,0.7464518903702545
0.4914361253735918,0.7466473785041248
0.4914361253735918,0.7466864761308989
0.49145528392980303,0.7466864761308989
0.4914680563006105,0.7466864761308989
0.49627685390962273,0.7504789459279821
0.49628324009502645,0.7504789459279821
0.4964428947301198,0.7505571411815303
0.49644928091552354,0.7505571411815303
0.49646843947173475,0.7506353364350784
0.4965450736965796,0.7507526293154005
0.4965642322527908,0.7507526293154005
0.4965961631798094,0.7508308245689487
0.49666641121925054,0.7508699221957227
0.49671111451707667,0.7508699221957227
0.4971006718267045,0.7511045079563671
0.49934222290341534,0.7526684130273292
0.4994252433136639,0.7527466082808774
0.5002618336015531,0.7537240489502287
0.500312923084783,0.7537240489502287
0.5003384678263979,0.7538022442037768
0.5003703987534166,0.753880439457325
0.5004023296804353,0.7539977323376471
0.500434260607454,0.7539977323376471
0.5005108948322988,0.7540368299644211
0.5005172810177025,0.7540368299644211
0.5005364395739137,0.7541932204715174
0.5005492119447211,0.7542323180982914
0.500555598130125,0.7542714157250655
0.5005747566863361,0.7542714157250655
0.5007407975068332,0.7544278062321617
0.5007535698776406,0.7544278062321617
0.5007599560630445,0.7544278062321617
0.5008685212149079,0.7545450991124839
0.5008749074003116,0.7545450991124839
0.5009259968835416,0.7545841967392579
0.5009259968835416,0.7546232943660319
0.500964313995964,0.7546232943660319
0.5011239686310573,0.7548187824999023
0.5014624364574553,0.7550533682605466
0.5014815950136664,0.7550924658873206
0.5014879811990701,0.7550924658873206
0.5017114976882009,0.755366149274739
0.5017178838736046,0.755366149274739
0.5017434286152196,0.755366149274739
0.5017625871714307,0.7554052469015131
0.5028610110608731,0.7566172733315087
0.5028737834316805,0.7566563709582829
0.5046746877155338,0.758220276029245
0.5047449357549748,0.758259373656019
0.5056006845990753,0.7590022285647261
0.505607070784479,0.7590022285647261
0.505632615526094,0.7590022285647261
0.5056581602677089,0.7590022285647261
0.5057284083071499,0.7590022285647261
0.5070503486857231,0.7599796692340774
0.5070567348711268,0.7599796692340774
0.5071142105397604,0.7599796692340774
0.5073952026975247,0.7602533526214958
0.5074015888829284,0.7602533526214958
0.5074654507369658,0.7602533526214958
0.5075037678493882,0.7602533526214958
0.5075101540347919,0.7602533526214958
0.5080721383503206,0.7607616217695586
0.5080785245357243,0.7607616217695586
0.5080912969065318,0.7608007193963326
0.5099752216006335,0.7618954529460061
0.5099816077860373,0.7618954529460061
0.5107862671469078,0.7625992102279392
0.510805425703119,0.7625992102279392
0.5108181980739265,0.7625992102279392
0.5108245842593302,0.7625992102279392
0.5108373566301377,0.7625992102279392
0.5108437428155415,0.7625992102279392
0.5108565151863489,0.7625992102279392
0.5112588448667842,0.7632638698830981
0.511309934350014,0.7632638698830981
0.5113546376478402,0.7632638698830981
0.5113610238332439,0.7632638698830981
0.5117952844406979,0.7636157485240646
0.5118080568115053,0.7636157485240646
0.5118527601093315,0.7636157485240646
0.5118591462947353,0.7636548461508387
0.5118783048509464,0.7637330414043868
0.5118846910363501,0.7637330414043868
0.5119677114465987,0.7638112366579348
0.5119740976320024,0.7638112366579348
0.5120251871152324,0.763889431911483
0.5120379594860398,0.763889431911483
0.5120379594860398,0.7639285295382571
0.5120635042276548,0.7639285295382571
0.5128298464761029,0.7643586034327716
0.5128426188469104,0.7643586034327716
0.5128553912177178,0.7643586034327716
0.5128681635885253,0.7643977010595456
0.512874549773929,0.7643977010595456
0.512874549773929,0.7644367986863198
0.5128873221447365,0.7644367986863198
0.5128937083301403,0.7644367986863198
0.5132002452295195,0.76463228682019
0.5132066314149233,0.76463228682019
0.5132194037857307,0.76463228682019
0.5135898025391473,0.7647886773272863
0.5152246660025034,0.766782656292763
0.5152374383733108,0.766782656292763
0.5244335453546888,0.7743675958869297
0.5244399315400925,0.7743675958869297
0.5244527039108999,0.7743675958869297
0.5245612690627635,0.7743675958869297
0.5246123585459933,0.7744066935137037
0.5246251309168007,0.7744066935137037
0.5246570618438194,0.7744848887672519
0.5264707384984801,0.7762051843453103
0.5264898970546913,0.7762051843453103
0.5265282141671137,0.7762051843453103
0.5265409865379211,0.7762051843453103
0.5267836615832631,0.7763615748524064
0.5313944874447595,0.7819134378543222
0.5314072598155669,0.7819134378543222
0.5314200321863745,0.7819134378543222
0.5314328045571819,0.7819525354810963
0.5314391907425856,0.7819525354810963
0.5314519631133932,0.7819525354810963
0.5333742049199173,0.7837510263127028
0.533380591105321,0.7837510263127028
0.5333933634761284,0.7837510263127028
0.5336168799652592,0.783946514446573
0.5336360385214703,0.783946514446573
0.5336424247068741,0.783946514446573
0.5336551970776816,0.783946514446573
0.5336615832630853,0.783946514446573
0.5336743556338928,0.7839856120733472
0.5336871280047002,0.7839856120733472
0.5336999003755077,0.7839856120733472
0.5337062865609115,0.7839856120733472
0.5346642143714716,0.7847675646088282
0.5348877308606024,0.7850021503694725
0.5366567042174368,0.7865660554404348
0.5366758627736481,0.7865660554404348
0.5366822489590518,0.7866051530672088
0.536701407515263,0.7866051530672088
0.5367141798860704,0.7866051530672088
0.5367397246276854,0.7866442506939829
0.5377806728484942,0.7870743245884975
0.5377870590338979,0.7870743245884975
0.5377998314047053,0.7870743245884975
0.537857307073339,0.7870743245884975
0.5378764656295502,0.7871134222152716
0.5392431093059493,0.7885209367791375
0.5393899915702353,0.7885209367791375
0.5394474672388688,0.7887164249130078
0.5394985567220988,0.7887164249130078
0.5395049429075025,0.7887164249130078
0.5395560323907324,0.7887555225397819
0.539683756098807,0.7887946201665559
0.5397156870258257,0.7887946201665559
0.5397540041382481,0.7888337177933299
0.5397540041382481,0.788872815420104
0.5397603903236519,0.788872815420104
0.5397795488798631,0.788872815420104
0.5397859350652668,0.788872815420104
0.539805093621478,0.788872815420104
0.5398497969193041,0.788872815420104
0.5399392035149565,0.788911913046878
0.5399455897003602,0.788911913046878
0.5399775206273788,0.7889510106736521
0.5399966791835901,0.7889510106736521
0.5400094515543975,0.7889510106736521
0.5400477686668199,0.7890292059272003
0.540239354228932,0.7893419869413927
0.5403096022683731,0.7894201821949408
0.5403415331953917,0.7894592798217148
0.5403415331953917,0.7894983774484888
0.5403670779370067,0.7894983774484888
0.542378726339183,0.7912968682800954
0.5423851125245868,0.7912968682800954
0.5424234296370092,0.7913750635336435
0.5495887296599995,0.7971224146694296
0.5497100671826705,0.7973179028032998
0.5497228395534779,0.7973179028032998
0.5497292257388816,0.7973179028032998
0.5499719007842235,0.797435195683622
0.5521815209339157,0.7992727841420025
0.5527945947326742,0.799585565156195
0.5530692007050348,0.7997419556632912
0.5530819730758424,0.7997419556632912
0.5530819730758424,0.7997810532900653
0.5531011316320535,0.7997810532900653
0.553113904002861,0.7997810532900653
0.5531905382277058,0.7998592485436135
0.5532096967839171,0.7998592485436135
0.5532416277109357,0.7998592485436135
0.5532927171941656,0.7999374437971615
0.553305489564973,0.7999374437971615
0.5533246481211842,0.7999374437971615
0.5533885099752216,0.7999374437971615
0.5534204409022403,0.7999374437971615
0.5534906889416814,0.7999765414239356
0.5536822745037934,0.8000938343042577
0.5537078192454084,0.8001329319310317
0.553739750172427,0.8001329319310317
0.5537525225432345,0.8001329319310317
0.5537716810994456,0.8001329319310317
0.5537844534702532,0.8001720295578059
0.5550297596239814,0.8011885678539312
0.5550616905510001,0.8011885678539312
0.5550680767364038,0.8011885678539312
0.555087235292615,0.8012667631074794
0.5550936214780188,0.8012667631074794
0.5552213451860935,0.8013449583610275
0.5552341175569009,0.8013449583610275
0.555278820854727,0.8013449583610275
0.5552979794109383,0.8013449583610275
0.555304365596342,0.8013449583610275
0.5553937721919943,0.8014231536145756
0.5554065445628017,0.8014231536145756
0.5554384754898204,0.8014231536145756
0.5554576340460317,0.8014622512413496
0.5555981301249138,0.8015013488681237
0.5556683781643549,0.8016186417484459
0.5557003090913736,0.8016186417484459
0.555834418984852,0.8018923251358643
0.5558408051702557,0.8018923251358643
0.5558727360972744,0.8019314227626383
0.5559429841367155,0.8019705203894124
0.5559557565075229,0.8019705203894124
0.5559813012491379,0.8019705203894124
0.5560004598053491,0.8019705203894124
0.5560132321761565,0.8019705203894124
0.5560898664010013,0.8020096180161864
0.5561026387718089,0.8020096180161864
0.55612179732802,0.8020096180161864
0.5561281835134237,0.8020487156429604
0.5561409558842312,0.8020878132697346
0.5561665006258462,0.8020878132697346
0.5561792729966536,0.8020878132697346
0.5562303624798836,0.8020878132697346
0.556243134850691,0.8020878132697346
0.556268679592306,0.8020878132697346
0.5563261552609395,0.8021660085232827
0.5563325414463433,0.8021660085232827
0.5563517000025545,0.8021660085232827
0.556364472373362,0.8021660085232827
0.5563836309295731,0.8021660085232827
0.5564602651544179,0.8022442037768307
0.5564666513398216,0.8022833014036048
0.5564730375252255,0.8022833014036048
0.5564858098960329,0.8022833014036048
0.5568753672056607,0.8026351800445712
0.5568945257618719,0.8026742776713454
0.5569072981326794,0.8026742776713454
0.5569264566888906,0.8026742776713454
0.5569520014305055,0.8026742776713454
0.5569583876159092,0.8027133752981194
0.5569903185429279,0.8027524729248935
0.5571691317342325,0.8027915705516675
0.5573479449255371,0.8029479610587638
0.5573734896671521,0.8029870586855378
0.5573798758525558,0.8029870586855378
0.5573926482233632,0.8029870586855378
0.5574245791503819,0.8029870586855378
0.5574373515211893,0.8029870586855378
0.5575778476000716,0.8031043515658599
0.5575970061562827,0.8031043515658599
0.5576097785270901,0.8031043515658599
0.557616164712494,0.8031043515658599
0.5576417094541088,0.8031043515658599
0.5576480956395126,0.8031043515658599
0.5576672541957238,0.8031043515658599
0.5576736403811275,0.8031043515658599
0.5581526042864077,0.8034953278336004
0.5581653766572151,0.8034953278336004
0.5581781490280225,0.8034953278336004
0.5581845352134264,0.8034953278336004
0.5583058727360972,0.8035344254603746
0.558312258921501,0.8035344254603746
0.5583761207755383,0.8035344254603746
0.5584591411857869,0.8035344254603746
0.5584655273711906,0.8035344254603746
0.5584910721128056,0.8035344254603746
0.5586060234500728,0.8036126207139227
0.558650726747899,0.8036126207139227
0.5586571129333027,0.8036126207139227
0.5586826576749176,0.8036126207139227
0.5587209747873401,0.8036517183406967
0.5587401333435512,0.8036517183406967
0.5587592918997625,0.8036908159674708
0.5587784504559736,0.8036908159674708
0.5587848366413773,0.8036908159674708
0.5588934017932409,0.8037299135942448
0.5589189465348559,0.8037690112210188
0.5590977597261604,0.8038863041013411
0.5591041459115641,0.8039254017281151
0.5591169182823715,0.8039254017281151
0.5591424630239865,0.8039254017281151
0.5591616215801977,0.8039254017281151
0.5591743939510052,0.8039254017281151
0.5591999386926201,0.8040035969816632
0.5593851380693284,0.8040817922352114
0.5593979104401359,0.8040817922352114
0.5595320203336144,0.8041599874887594
0.5595447927044218,0.8041599874887594
0.5595767236314405,0.8041599874887594
0.5596278131146704,0.8041990851155335
0.5596405854854778,0.8041990851155335
0.5598130124913786,0.8042772803690816
0.5605474238128081,0.8047855495171443
0.5605601961836156,0.8047855495171443
0.560719850818709,0.8049419400242406
0.5607453955603239,0.8049419400242406
0.5607517817457276,0.8049419400242406
0.5607645541165351,0.8049419400242406
0.5610263877180882,0.8050201352777886
0.5610391600888956,0.8050201352777886
0.5612179732802003,0.8050592329045627
0.5613073798758526,0.8050983305313367
0.56132015224666,0.8050983305313367
0.5613329246174675,0.8050983305313367
0.5613967864715048,0.8050983305313367
0.5615883720336169,0.805293818665207
0.5616011444044243,0.805293818665207
0.5616777786292692,0.8053329162919811
0.5616841648146729,0.8053329162919811
0.5617224819270953,0.8053720139187551
0.5622333767593941,0.8057238925597217
0.5622461491302015,0.8057238925597217
0.5622525353156053,0.8057238925597217
0.5622780800572202,0.8057238925597217
0.5622908524280277,0.8057238925597217
0.5623163971696427,0.8058020878132698
0.5623163971696427,0.8058411854400438
0.5623291695404501,0.8058411854400438
0.562571844585792,0.8060366735739141
0.5625846169565994,0.8060366735739141
0.5625846169565994,0.8060757712006881
0.5626037755128107,0.8060757712006881
0.5626867959230593,0.8061930640810103
0.5632296216823767,0.8065840403487509
0.5653945385342427,0.8077960667787465
0.5654073109050501,0.8077960667787465
0.5654328556466651,0.8077960667787465
0.5654392418320688,0.8078351644055206
0.5654456280174726,0.8078351644055206
0.5654711727590875,0.8078351644055206
0.5654711727590875,0.8079133596590687
0.5658607300687154,0.8082261406732612
0.5658671162541191,0.8082261406732612
0.5658671162541191,0.8082652383000352
0.5658798886249266,0.8082652383000352
0.5658990471811378,0.8082652383000352
0.5663907834572254,0.808773507448098
0.5703566045929446,0.8103765101458341
0.5703629907783483,0.8104156077726082
0.570369376963752,0.8104156077726082
0.5703821493345594,0.8104547053993822
0.5707908652003985,0.8104938030261564
0.5707972513858023,0.8105329006529304
0.5708355684982246,0.8105719982797044
0.5708547270544359,0.8106110959064785
0.5708611132398396,0.8106110959064785
0.5711931948808338,0.8109238769206709
0.571212353437045,0.8109629745474449
0.5713400771451197,0.8111193650545412
0.5715252765218279,0.8112366579348633
0.5715763660050579,0.8113148531884115
0.5715891383758653,0.8113148531884115
0.5716849311569213,0.8114321460687336
0.571742406825555,0.8114321460687336
0.5717679515671699,0.8114712436955077
0.5717743377525736,0.8114712436955077
0.5717871101233811,0.8114712436955077
0.5718190410503998,0.8114712436955077
0.5718254272358035,0.8114712436955077
0.5718318134212073,0.8115103413222817
0.5722916187702761,0.8117840247097001
0.5722980049556798,0.8117840247097001
0.5723107773264874,0.8118231223364741
0.5723171635118911,0.8118231223364741
0.5723171635118911,0.8118622199632483
0.5723235496972948,0.8118622199632483
0.5723235496972948,0.8119013175900223
0.5723810253659284,0.8119404152167964
0.5724640457761769,0.8119795128435704
0.5724704319615808,0.8119795128435704
0.5725151352594069,0.8119795128435704
0.5725470661864255,0.8119795128435704
0.5725662247426367,0.8119795128435704
0.5726364727820779,0.8120968057238925
0.5726364727820779,0.8121359033506667
0.5739328684190359,0.8127614653790515
0.5740350473854957,0.8128005630058256
0.5740925230541293,0.8128787582593736
0.574149998722763,0.8129178558861477
0.5741883158351854,0.8129178558861477
0.57431603954326,0.8129178558861477
0.5743288119140675,0.8129569535129217
0.5743351980994712,0.8130351487664699
0.5743479704702787,0.8130351487664699
0.5743607428410862,0.8130351487664699
0.5744054461389123,0.8130742463932439
0.5744501494367384,0.8130742463932439
0.5744629218075459,0.8130742463932439
0.5746864382966766,0.8132697345271142
0.5766406110302195,0.8142471751964656
0.5770173959690398,0.8144035657035618
0.5771515058625182,0.8144426633303359
0.5771898229749406,0.8144817609571099
0.5771962091603443,0.8144817609571099
0.5773367052392265,0.8146381514642062
0.577349477610034,0.8146381514642062
0.5774963598743199,0.8146772490909802
0.5775666079137609,0.8146772490909802
0.5777007178072394,0.8147163467177543
0.5777071039926431,0.8147163467177543
0.5778092829591028,0.8148336395980764
0.5778412138861215,0.8148336395980764
0.5779050757401589,0.8148336395980764
0.5779178481109664,0.8148336395980764
0.5779880961504075,0.8148727372248504
0.5779944823358112,0.8148727372248504
0.5780072547066186,0.8148727372248504
0.5781477507855008,0.8150291277319467
0.5781860678979233,0.8150291277319467
0.5787544383988555,0.8157719826406538
0.5787672107696631,0.8157719826406538
0.5787799831404705,0.8158501778942018
0.5788119140674892,0.8158501778942018
0.5788183002528929,0.8158501778942018
0.5790034996296013,0.815967470774524
0.5791439957084834,0.816045666028072
0.5791950851917133,0.8160847636548462
0.5792078575625208,0.8160847636548462
0.5793228088997879,0.8161238612816202
0.5793355812705955,0.8161629589083943
0.5793419674559992,0.8161629589083943
0.5798017728050681,0.816671228056457
0.5798337037320868,0.816671228056457
0.5798720208445092,0.816710325683231
0.5800955373336398,0.8167885209367791
0.5801083097044474,0.8167885209367791
0.5805170255702864,0.8171013019509715
0.5811556441106598,0.8172576924580678
0.5811939612230822,0.8172576924580678
0.5812003474084859,0.8172576924580678
0.5812003474084859,0.8172967900848418
0.5812258921501009,0.8172967900848418
0.581270595447927,0.8172967900848418
0.5815579737910951,0.8174531805919381
0.5816473803867473,0.8175704734722602
0.5816665389429586,0.8175704734722602
0.5816665389429586,0.8176486687258083
0.5816729251283623,0.8176486687258083
0.5817240146115922,0.8176486687258083
0.5826244667535188,0.8183915236345154
0.5826755562367487,0.8184697188880635
0.5827841213886121,0.8184697188880635
0.5828224385010345,0.8184697188880635
0.5830714997317802,0.8185870117683857
0.5830778859171839,0.8186261093951597
0.5832311543668736,0.8187043046487078
0.5832503129230848,0.8187434022754819
0.5833205609625258,0.8188606951558041
0.58423378547526,0.8194471595574149
0.5842401716606637,0.8194862571841889
0.5843870539249495,0.819525354810963
0.5845722533016579,0.8198381358251554
0.5845722533016579,0.8198772334519294
0.5846361151556952,0.8200336239590257
0.584642501341099,0.8200336239590257
0.5847063631951362,0.8200336239590257
0.5847255217513475,0.8200336239590257
0.5852364165836462,0.8204636978535403
0.5852555751398575,0.8204636978535403
0.5852555751398575,0.8205027954803144
0.585434388331162,0.8205418931070884
0.5854471607019694,0.8205418931070884
0.5855046363706031,0.8205418931070884
0.5855110225560068,0.8205418931070884
0.5858303318261936,0.8208155764945068
0.5858367180115973,0.8208155764945068
0.5858494903824047,0.8208155764945068
0.5859261246072496,0.8208546741212809
0.5859516693488646,0.8208546741212809
0.5859836002758833,0.8208546741212809
0.5874460367333384,0.8215584314032138
0.5874524229187422,0.8215584314032138
0.5874715814749534,0.8215584314032138
0.5874715814749534,0.8215975290299878
0.5876950979640841,0.8218321147906322
0.5877014841494879,0.8218321147906322
0.5877142565202953,0.8218321147906322
0.5900516003780621,0.8232005317277241
0.5900899174904846,0.8232396293544982
0.5906710603622244,0.8235915079954647
0.5906774465476282,0.8235915079954647
0.5908307149973178,0.8237088008757868
0.5908562597389327,0.8237088008757868
0.5909712110762,0.8237478985025609
0.5910223005594298,0.823826093756109
0.5910286867448336,0.823826093756109
0.5910414591156411,0.823826093756109
0.591067003857256,0.823826093756109
0.5911180933404858,0.823826093756109
0.5911244795258896,0.823865191382883
0.5912458170485606,0.8239433866364312
0.5912522032339643,0.8239433866364312
0.5912841341609829,0.8239433866364312
0.5914437887960763,0.8240606795167533
0.5916800776560145,0.8240997771435273
0.5917950289932817,0.8240997771435273
0.5918014151786855,0.8240997771435273
0.5918780494035303,0.8241779723970755
0.5919163665159527,0.8242561676506236
0.5919227527013564,0.8242561676506236
0.5919546836283751,0.8242561676506236
0.5919674559991825,0.8242561676506236
0.5920887935218535,0.8243343629041717
0.5921143382634685,0.8243343629041717
0.5921271106342759,0.8243343629041717
0.5921590415612946,0.8243343629041717
0.5921654277466983,0.8243343629041717
0.5922229034153319,0.8243734605309457
0.5922356757861394,0.8243734605309457
0.600212021355404,0.8278531493138367
0.6002184075408077,0.8278531493138367
0.6002503384678264,0.8278531493138367
0.6003014279510562,0.8278531493138367
0.600403606917516,0.8279704421941588
0.6004802411423609,0.8279704421941588
0.6005441029963982,0.8279704421941588
0.6007803918563364,0.8281659303280291
0.6007995504125476,0.8282050279548031
0.6008123227833551,0.8282050279548031
0.6010358392724857,0.8282441255815772
0.6010613840141007,0.8282441255815772
0.6010805425703118,0.8282832232083512
0.6010869287557157,0.8282832232083512
0.6011060873119268,0.8282832232083512
0.6011188596827343,0.8283614184618994
0.6014445551383247,0.8285178089689956
0.6014573275091323,0.8285178089689956
0.6014700998799397,0.8285178089689956
0.6014764860653434,0.8285569065957696
0.6017383196668966,0.8287914923564139
0.601776636779319,0.828830589983188
0.6017957953355302,0.828830589983188
0.6018213400771452,0.828830589983188
0.6019043604873937,0.8289087852367362
0.6020256980100647,0.8290260781170583
0.6020384703808721,0.8290260781170583
0.6020448565662758,0.8290260781170583
0.6027920402585127,0.829534347265121
0.6028175850001277,0.8295734448918951
0.6030027843768361,0.8296125425186691
0.6030155567476435,0.8296125425186691
0.6032773903491966,0.8297298353989913
0.6033667969448488,0.8298080306525394
0.6033731831302527,0.8298080306525394
0.6034242726134825,0.8298080306525394
0.6034817482821161,0.8298080306525394
0.6034945206529236,0.8298080306525394
0.6035009068383274,0.8298080306525394
0.6035392239507498,0.8298080306525394
0.6035456101361535,0.8298080306525394
0.607505045086469,0.8325057668999492
0.6075689069405062,0.8325448645267233
0.6076072240529287,0.8325839621534973
0.6076136102383325,0.8325839621534973
0.6076583135361586,0.8325839621534973
0.6076710859069661,0.8325839621534973
0.6076838582777735,0.8325839621534973
0.6077030168339848,0.8325839621534973
0.6182146780085319,0.8389177776908942
0.6184573530538738,0.8390741681979904
0.6185914629473522,0.8390741681979904
0.6199070171405217,0.8396997302263752
0.6199197895113291,0.8396997302263752
0.6199325618821365,0.8396997302263752
0.6200730579610187,0.8396997302263752
0.6202646435231307,0.8398561207334715
0.6202710297085345,0.8398561207334715
0.6207755383554295,0.8400516088673418
0.6210373719569826,0.8401298041208899
0.621075689069405,0.8401689017476639
0.6210948476256163,0.8401689017476639
0.6211650956650574,0.840207999374438
0.6211842542212686,0.840207999374438
0.6212608884461134,0.840286194627986
0.6212672746315171,0.8403252922547602
0.6214333154520142,0.8404425851350823
0.6214524740082255,0.8404425851350823
0.6214652463790329,0.8404425851350823
0.6214716325644366,0.8404425851350823
0.6215163358622627,0.8404425851350823
0.6215291082330702,0.8404425851350823
0.621535494418474,0.8404425851350823
0.624639180524689,0.8433749071431365
0.6246455667100927,0.8433749071431365
0.6247732904181674,0.8433749071431365
0.6248435384576085,0.8433749071431365
0.624856310828416,0.8433749071431365
0.6248626970138197,0.8433749071431365
0.6249010141262421,0.8433749071431365
0.6249201726824534,0.8433749071431365
0.6249648759802795,0.8434140047699105
0.6249712621656832,0.8434531023966845
0.6249840345364907,0.8434531023966845
0.6249904207218944,0.8434531023966845
0.6250095792781056,0.8434531023966845
0.6250734411321429,0.8434531023966845
0.6250862135029505,0.8434531023966845
0.6250925996883542,0.8434922000234586
0.6254055227731371,0.8436094929037807
0.6255651774082305,0.843765883410877
0.6261527064653741,0.8441177620518434
0.6261590926507778,0.8441177620518434
0.6265103328479833,0.8444305430660359
0.6265933532582318,0.8444696406928099
0.6266188979998467,0.8445478359463581
0.6266444427414617,0.8446260311999062
0.6266572151122691,0.8446260311999062
0.6266699874830766,0.8446260311999062
0.6266763736684804,0.8446260311999062
0.6268615730451886,0.8448606169605505
0.6268679592305924,0.8448606169605505
0.6268743454159961,0.8449388122140986
0.6321365621886734,0.8484966962505376
0.6333563236007868,0.8492786487860187
0.6333627097861905,0.8492786487860187
0.6335798400899175,0.8494741369198889
0.6336245433877437,0.8494741369198889
0.6336373157585511,0.8494741369198889
0.633905535545508,0.8496696250537592
0.6339566250287378,0.8496696250537592
0.6340332592535827,0.8496696250537592
0.6341226658492349,0.8496696250537592
0.634384499450788,0.8497869179340815
0.6347868291312233,0.850177894201822
0.6348123738728383,0.850177894201822
0.6350039594349504,0.8506079680963365
0.6350103456203541,0.8506470657231107
0.6350231179911615,0.8506470657231107
0.6350550489181802,0.8506861633498847
0.6350614351035839,0.8506861633498847
0.6352913377781184,0.8508034562302068
0.6353424272613483,0.8508816514837549
0.6356872812731499,0.8510380419908512
0.6357255983855723,0.8510380419908512
0.635783074054206,0.8510380419908512
0.6359618872455105,0.8511553348711733
0.6360385214703553,0.8511553348711733
0.6360512938411628,0.8511553348711733
0.6362939688865047,0.8512726277514955
0.6364727820778093,0.8513899206318176
0.6364855544486168,0.8513899206318176
0.6388037397501725,0.8526410446885874
0.6389186910874397,0.8527192399421355
0.6389953253122844,0.8527192399421355
0.639008097683092,0.8527192399421355
0.6390272562393031,0.8527583375689096
0.6390336424247068,0.8527583375689096
0.6392443865430301,0.8527974351956836
0.6392571589138376,0.8527974351956836
0.6393146345824712,0.8529538257027799
0.6393529516948936,0.8529538257027799
0.6394231997343347,0.8529929233295539
0.6520550744629218,0.8608124486843649
0.6520614606483256,0.8608124486843649
0.6520870053899405,0.8608124486843649
0.6520997777607479,0.8608124486843649
0.6521061639461517,0.8608124486843649
0.6521317086877666,0.8608906439379129
0.6521636396147853,0.8608906439379129
0.652170025800189,0.8608906439379129
0.6522402738396301,0.860929741564687
0.6522402738396301,0.860968839191461
0.6522530462104376,0.8610079368182352
0.6525276521827982,0.8612034249521054
0.6525468107390093,0.8612034249521054
0.653421718139321,0.8617898893537163
0.6535111247349733,0.8618680846072644
0.653517510920377,0.8618680846072644
0.6543285564666513,0.8622981585017789
0.6543413288374588,0.8622981585017789
0.6543732597644775,0.8622981585017789
0.6544179630623036,0.8622981585017789
0.6544243492477073,0.8622981585017789
0.6546159348098194,0.8624545490088752
0.6562635706439829,0.8635101849317747
0.6563018877564053,0.8635101849317747
0.656333818683424,0.8635101849317747
0.6563721357958464,0.8635883801853228
0.6564296114644801,0.8636274778120968
0.6564487700206912,0.8636274778120968
0.6571704089713133,0.8639402588262892
0.657176795156717,0.8639402588262892
0.6577132347306307,0.8642921374672557
0.6577260071014381,0.8643312350940298
0.657828186067898,0.8643703327208039
0.6580644749278362,0.864487625601126
0.6581027920402586,0.8645658208546741
0.6581538815234884,0.8645658208546741
0.6581730400796996,0.8645658208546741
0.6581985848213145,0.8645658208546741
0.6582049710067183,0.8645658208546741
0.6582943776023705,0.8645658208546741
0.6583071499731781,0.8645658208546741
0.6583199223439855,0.8645658208546741
0.6583390809001967,0.8645658208546741
0.6583518532710042,0.8645658208546741
0.6584923493498863,0.8646831137349963
0.6586073006871536,0.8647222113617703
0.6586136868725573,0.8647222113617703
0.7000344854011802,0.8915431833287719
0.7000919610698138,0.8915431833287719
0.700232457148696,0.891660476209094
0.7003090913735408,0.891660476209094
0.7003154775589445,0.8916995738358682
0.7004432012670192,0.8918168667161903
0.70475387641454,0.8951010673652109
0.7047730349707513,0.8951010673652109
0.704779421156155,0.8951010673652109
0.7068740899685799,0.895843922273918
0.7068804761539838,0.895843922273918
0.7068932485247912,0.895843922273918
0.7068996347101949,0.895843922273918
0.7071678544971518,0.8961176056613364
0.7071742406825555,0.8961176056613364
0.7072381025365928,0.8961176056613364
0.7075318670651647,0.8961958009148845
0.707621273660817,0.8962739961684326
0.7076595907732394,0.8962739961684326
0.7076659769586431,0.8962739961684326
0.7077234526272767,0.8962739961684326
0.7077426111834879,0.8962739961684326
0.7078639487061589,0.8963521914219806
0.70788310726237,0.8963912890487548
0.7080236033412523,0.8964694843023029
0.7081130099369045,0.896586777182625
0.708125782307712,0.896625874809399
0.7081321684931157,0.896625874809399
0.7086558356962219,0.8970168510771396
0.7086622218816256,0.8970168510771396
0.7086749942524332,0.8970168510771396
0.7089879173372161,0.897251436837784
0.7089943035226198,0.897251436837784
0.7092242061971543,0.8974469249716542
0.709230592382558,0.8974469249716542
0.7092433647533655,0.8974860225984282
0.7092625233095767,0.8974860225984282
0.7092689094949804,0.8974860225984282
0.7099905484456025,0.8978769988661688
0.7100033208164099,0.8978769988661688
0.7100160931872174,0.8978769988661688
0.7100799550412548,0.8978769988661688
0.7100799550412548,0.8979160964929429
0.7100863412266585,0.8979160964929429
0.7101310445244846,0.898033389373265
0.7101438168952922,0.898033389373265
0.7101757478223107,0.898072487000039
0.7102012925639257,0.8981506822535872
0.7102204511201369,0.8981506822535872
0.7105014432779012,0.8981897798803613
0.7105142156487088,0.8981897798803613
0.710603622244361,0.8983070727606834
0.7106674840983983,0.8983852680142316
0.7107121873962244,0.8984243656410056
0.7140266176207628,0.9002619540993861
0.7140393899915702,0.9002619540993861
0.7140968656602038,0.9003010517261603
0.7141096380310114,0.9003010517261603
0.7141287965872225,0.9003010517261603
0.7142501341098935,0.9004183446064824
0.7142501341098935,0.9004574422332564
0.7142565202952972,0.9004574422332564
0.7144034025595831,0.9004574422332564
0.7146141466779063,0.9006138327403527
0.7146396914195213,0.9006529303671267
0.7147035532735586,0.9006529303671267
0.7147227118297699,0.9006529303671267
0.7147482565713847,0.9006529303671267
0.7221626178251207,0.9043281072838879
0.7222647967915804,0.9043281072838879
0.7222711829769842,0.9043281072838879
0.7223031139040028,0.9043281072838879
0.7223095000894066,0.9043672049106619
0.7223158862748104,0.9043672049106619
0.7223605895726365,0.9043672049106619
0.7223605895726365,0.9044063025374359
0.7223925204996552,0.9044063025374359
0.7228906429611465,0.9045235954177582
0.7229545048151838,0.9045235954177582
0.7229800495567987,0.9045235954177582
0.7230119804838174,0.9045235954177582
0.7230247528546249,0.9045235954177582
0.7230630699670473,0.9045235954177582
0.723095000894066,0.9045235954177582
0.7231205456356808,0.9045235954177582
0.7265754719391013,0.9064784767564609
0.726728740388791,0.906517574383235
0.7267415127595984,0.906517574383235
0.7267478989450021,0.906517574383235
0.7267670575012134,0.906556672010009
0.727546172120469,0.9068694530242014
0.7275972616036989,0.9068694530242014
0.7276228063453138,0.9068694530242014
0.7276291925307176,0.9069085506509755
0.7276355787161213,0.9069085506509755
0.7282039492170537,0.9073777221722641
0.7282231077732648,0.9073777221722641
0.7282805834418985,0.9073777221722641
0.7286765269369301,0.9076514055596825
0.7287276164201599,0.9077296008132306
0.7287340026055636,0.9077296008132306
0.7288297953866196,0.9077296008132306
0.7290788566173653,0.9078859913203269
0.7291044013589802,0.9078859913203269
0.7296152961912791,0.908003284200649
0.7297557922701612,0.9080814794541971
0.7297877231971799,0.9081596747077453
0.7298132679387948,0.9081596747077453
0.7316652617058779,0.9091762130038706
0.7317163511891077,0.9091762130038706
0.7336385929956318,0.9103491418070923
0.7375597108335249,0.9137506353364351
0.7375660970189286,0.9137506353364351
0.7375852555751399,0.9137506353364351
0.7376108003167547,0.9137506353364351
0.7376171865021586,0.9137506353364351
0.737629958872966,0.9137506353364351
0.7376363450583697,0.9137506353364351
0.7376810483561959,0.9137506353364351
0.7387475413186195,0.9141416116041756
0.7387666998748308,0.9141416116041756
0.7387794722456382,0.9141416116041756
0.7387986308018495,0.9141416116041756
0.7388752650266942,0.9141807092309496
0.738951899251539,0.9141807092309496
0.7389646716223466,0.9141807092309496
0.7389710578077503,0.9141807092309496
0.7392201190384959,0.9142589044844978
0.7392392775947071,0.9142589044844978
0.7392775947071295,0.9142980021112719
0.7398459652080619,0.9144934902451421
0.739890668505888,0.9144934902451421
0.7399034408766956,0.9144934902451421
0.7399800751015404,0.9145325878719162
0.7399800751015404,0.9145716854986903
0.7399992336577516,0.9145716854986903
0.7400056198431553,0.9145716854986903
0.7400183922139627,0.9145716854986903
0.7400311645847703,0.9146107831254643
0.740037550770174,0.9146107831254643
0.7401205711804225,0.9146498807522383
0.7401269573658262,0.9146498807522383
0.7401844330344599,0.9146498807522383
0.7401972054052673,0.9146889783790124
0.7402355225176898,0.9146889783790124
0.7402482948884972,0.9146889783790124
0.7402866120009196,0.9147280760057864
0.740299384371727,0.9147280760057864
0.7403632462257644,0.9147280760057864
0.7403887909673794,0.9147280760057864
0.7404271080798017,0.9148062712593346
0.7404334942652055,0.9148062712593346
0.7406442383835288,0.9148844665128827
0.7409188443558894,0.9150408570199788
0.7409699338391192,0.915079954646753
0.740976320024523,0.915119052273527
0.7411232022888089,0.9151972475270751
0.7411295884742126,0.9151972475270751
0.7412509259968836,0.9152754427806232
0.7413467187779396,0.9153536380341714
0.7413531049633433,0.9153536380341714
0.7413722635195545,0.9153927356609454
0.741385035890362,0.9153927356609454
0.7414041944465731,0.9153927356609454
0.7414233530027844,0.9153927356609454
0.7414680563006105,0.9153927356609454
0.7416213247503002,0.9154709309144935
0.7418959307226607,0.9155491261680416
0.7422216261782512,0.91582280955546
0.742228012363655,0.91582280955546
0.7423046465884997,0.915901004809008
0.7424323702965745,0.915901004809008
0.7424515288527856,0.915901004809008
0.7424579150381894,0.915901004809008
0.742636728229494,0.9159792000625562
0.7426942038981276,0.9159792000625562
0.7427005900835313,0.9159792000625562
0.7430135131683143,0.9162528834499746
0.743115692134774,0.9162528834499746
0.7431795539888114,0.9163701763302967
0.7431859401742151,0.9163701763302967
0.7432498020282525,0.9164092739570708
0.7433583671801159,0.916487469210619
0.7434094566633459,0.916487469210619
0.743696835006514,0.9166047620909411
0.7447761003397451,0.9167611525980373
0.7447952588959562,0.9167611525980373
0.7448208036375712,0.9167611525980373
0.75726747898945,0.9237596277905931
0.757293023731065,0.9237596277905931
0.758206248243799,0.9248934589670407
0.7582126344292027,0.9248934589670407
0.7582254068000103,0.9248934589670407
0.758614964109638,0.9250498494741369
0.7586277364804455,0.9250498494741369
0.758640508851253,0.9250498494741369
0.7587682325593277,0.9251671423544591
0.7587682325593277,0.9252062399812332
0.7587810049301351,0.9252062399812332
0.7588065496717501,0.9252062399812332
0.758832094413365,0.9252062399812332
0.758832094413365,0.9252453376080072
0.7588384805987688,0.9252453376080072
0.7589151148236135,0.9252453376080072
0.7589342733798248,0.9252453376080072
0.7589598181214398,0.9252844352347812
0.7590428385316883,0.9252844352347812
0.7590875418295144,0.9252844352347812
0.7591258589419368,0.9252844352347812
0.7591322451273406,0.9252844352347812
0.7591577898689554,0.9252844352347812
0.7593685339872788,0.9254017281151035
0.759528188622372,0.9254408257418775
0.7595473471785833,0.9254408257418775
0.7595984366618131,0.9254408257418775
0.7596112090326206,0.9254408257418775
0.759649526145043,0.9254408257418775
0.7598155669655401,0.9254408257418775
0.7627468260658543,0.9268483403057435
0.762778756992873,0.9268483403057435
0.7627915293636804,0.9268483403057435
0.7628298464761029,0.9268483403057435
0.7628426188469104,0.9268874379325175
0.7632704932689606,0.9270438284396137
0.7632768794543643,0.9270438284396137
0.7633535136792091,0.9270438284396137
0.7634620788310726,0.9270438284396137
0.7634684650164764,0.9270438284396137
0.7634812373872838,0.9270438284396137
0.7634812373872838,0.9270829260663878
0.7635834163537436,0.9270829260663878
0.7636281196515697,0.9270829260663878
0.7638580223261042,0.9271611213199359
0.7638644085115079,0.9271611213199359
0.7639793598487751,0.9272002189467099
0.7639921322195826,0.9272002189467099
0.7640112907757938,0.927239316573484
0.7640623802590237,0.927239316573484
0.7640879250006386,0.927239316573484
0.7640943111860423,0.927239316573484
0.7684369172605819,0.9305235172225046
0.7684433034459857,0.9305235172225046
0.7684688481876005,0.9305235172225046
0.7686668199351163,0.9306799077296009
0.7687562265307687,0.9306799077296009
0.7688328607556134,0.9307190053563749
0.768845633126421,0.9307190053563749
0.7688584054972284,0.9307190053563749
0.7688584054972284,0.9307581029831489
0.7689094949804582,0.9307581029831489
0.7689414259074769,0.9307581029831489
0.7689478120928807,0.930797200609923
0.7689605844636882,0.930797200609923
0.7690244463177255,0.9309535911170193
0.769133011469589,0.9309926887437933
0.7691521700258002,0.9309926887437933
0.7704485656627583,0.9314227626383078
0.7704613380335658,0.9314227626383078
0.7704677242189695,0.9314227626383078
0.7720642705699032,0.932908472455722
0.7725623930313945,0.9331039605895922
0.7725687792167982,0.9331039605895922
0.7726134825146244,0.9331821558431403
0.7726198687000281,0.9331821558431403
0.7726326410708355,0.9331821558431403
0.7726390272562393,0.9332212534699144
0.7727156614810842,0.9332994487234625
0.7727284338518916,0.9332994487234625
0.7727475924081028,0.9332994487234625
0.7727603647789103,0.9332994487234625
0.7727795233351215,0.9332994487234625
0.7727859095205252,0.9332994487234625
0.7728050680767364,0.9333385463502365
0.7728433851891588,0.9333385463502365
0.7729327917848111,0.9334167416037846
0.7729391779702148,0.9334167416037846
0.7730158121950597,0.9334949368573328
0.7732648734258053,0.933651327364429
0.7747336960686643,0.9345505727802322
0.774765626995683,0.9346287680337804
0.7747911717372978,0.9346287680337804
0.7747975579227017,0.9346287680337804
0.7747975579227017,0.9346678656605544
0.7748294888497202,0.9346678656605544
0.774835875035124,0.9346678656605544
0.774861419776739,0.9346678656605544
0.7749252816307763,0.9346678656605544
0.7754234040922676,0.9348633537944246
0.775436176463075,0.9348633537944246
0.7755128106879199,0.9348633537944246
0.7778756992873017,0.9363490636118388
0.7780289677369914,0.936544551745709
0.7780481262932025,0.936544551745709
0.7780545124786062,0.936544551745709
0.7781247605180474,0.936544551745709
0.7794977903798503,0.9375610900418344
0.7795041765652541,0.9375610900418344
0.7795424936776765,0.9375610900418344
0.7795488798630802,0.9375610900418344
0.7795616522338876,0.9375610900418344
0.7796063555317138,0.9376001876686085
0.7796191279025213,0.9376001876686085
0.7796510588295399,0.9376001876686085
0.7796766035711549,0.9376001876686085
0.7797085344981736,0.9376001876686085
0.7797532377959997,0.9376001876686085
0.7798298720208445,0.9376001876686085
0.7798873476894781,0.9376392852953825
0.7799001200602856,0.9376392852953825
0.7800022990267453,0.9377565781757047
0.7801747260326461,0.9377956758024788
0.7801811122180499,0.9377956758024788
0.7801938845888574,0.9377956758024788
0.7804557181904105,0.9379129686828009
0.7805195800444479,0.9379520663095751
0.7805259662298516,0.9379520663095751
0.7806026004546964,0.9379911639363491
0.7806217590109076,0.9380302615631231
0.7806281451963113,0.9380302615631231
0.7806536899379263,0.9380302615631231
0.78066007612333,0.9380302615631231
0.7812029018826474,0.9381475544434453
0.7812092880680512,0.9381475544434453
0.7812092880680512,0.9381866520702193
0.7812348328096661,0.9381866520702193
0.7812667637366848,0.9382648473237675
0.7813306255907222,0.9382648473237675
0.7813370117761259,0.9382648473237675
0.7817137967149462,0.9383430425773156
0.7817329552711574,0.9383430425773156
0.7817648861981761,0.9383430425773156
0.7817840447543873,0.9383430425773156
0.7818095894960022,0.9383430425773156
0.7818989960916546,0.9383430425773156
0.7819181546478657,0.9383430425773156
0.7819309270186732,0.9383430425773156
0.7819500855748844,0.9383430425773156
0.7820650369121517,0.9384212378308636
0.7821161263953815,0.9384212378308636
0.7821863744348226,0.9384603354576377
0.7821927606202264,0.9384603354576377
0.7822055329910338,0.9384603354576377
0.7822055329910338,0.9384994330844117
0.7822183053618412,0.9384994330844117
0.7822566224742636,0.9384994330844117
0.7822757810304749,0.9384994330844117
0.7822885534012823,0.9384994330844117
0.782946330497867,0.9388513117253783
0.782946330497867,0.9388904093521523
0.7829527166832707,0.9388904093521523
0.7841469333537692,0.9395941666340853
0.7841533195391729,0.9396332642608594
0.7841660919099803,0.9396332642608594
0.7842044090224027,0.9397114595144075
0.7842044090224027,0.9397505571411815
0.7848877308606024,0.940102435782148
0.7848941170460061,0.940102435782148
0.7849005032314098,0.940141533408922
0.7849068894168135,0.940141533408922
0.7849196617876211,0.940141533408922
0.7849260479730248,0.9401806310356962
0.7850282269394845,0.9401806310356962
0.7850729302373106,0.9402588262892443
0.7850793164227143,0.9402588262892443
0.7851304059059443,0.9402588262892443
0.785136792091348,0.9402588262892443
0.7851495644621554,0.9402588262892443
0.7851751092037704,0.9402588262892443
0.7851814953891741,0.9402588262892443
0.7852070401307891,0.9402588262892443
0.7852198125015966,0.9402979239160183
0.785353922395075,0.9404543144231146
0.7853603085804787,0.9404543144231146
0.7857434797047028,0.940806193064081
0.7857690244463177,0.940806193064081
0.7857754106317214,0.940806193064081
0.7864204153574986,0.9410407788247254
0.7865034357677472,0.9410407788247254
0.7865098219531509,0.9410407788247254
0.7883298847932153,0.9418618289869805
0.7883426571640227,0.9418618289869805
0.7883554295348303,0.9418618289869805
0.7883554295348303,0.9419009266137546
0.788361815720234,0.9419009266137546
0.7883937466472527,0.9419009266137546
0.7884129052034639,0.9419009266137546
0.7899583620711677,0.9424482933885913
0.7899711344419751,0.9424873910153654
0.7900030653689938,0.9424873910153654
0.7900094515543975,0.9424873910153654
0.7902840575267581,0.9426046838956875
0.7903032160829693,0.9426437815224615
0.7914080261578154,0.9432302459240725
0.7914144123432192,0.9432302459240725
0.7914463432702378,0.9432693435508465
0.7914846603826602,0.9432693435508465
0.791491046568064,0.9432693435508465
0.7918295143944619,0.9435039293114907
0.7918359005798656,0.9435039293114907
0.7919827828441516,0.9435039293114907
0.7919891690295553,0.9435039293114907
0.7921105065522263,0.9435821245650389
0.7938156180550233,0.9445204676076162
0.7938794799090607,0.9446377604879383
0.793968886504713,0.9446768581147125
0.7939752726901167,0.9446768581147125
0.7940519069149615,0.9447941509950346
0.7940646792857691,0.9447941509950346
0.7942243339208623,0.9448332486218086
0.7943967609267633,0.9448723462485827
0.794403147112167,0.9448723462485827
0.7944159194829744,0.9448723462485827
0.7944223056683781,0.9448723462485827
0.7944478504099931,0.9448723462485827
0.7944733951516081,0.9449114438753567
0.7944925537078192,0.9449114438753567
0.794498939893223,0.9449114438753567
0.7945117122640305,0.9449114438753567
0.7945628017472603,0.9449896391289049
0.7945755741180678,0.9449896391289049
0.7947096840115462,0.9450287367556789
0.7947288425677574,0.9450287367556789
0.7947607734947761,0.945067834382453
0.7947671596801799,0.945067834382453
0.7951822617314226,0.9452633225163233
0.7952333512146524,0.9453415177698714
0.7952588959562674,0.9453415177698714
0.7954951848162056,0.9454979082769676
0.7980560451631031,0.9465926418266412
0.7980752037193144,0.9465926418266412
0.7980815899047181,0.9465926418266412
0.7981071346463331,0.9465926418266412
0.7981518379441592,0.9465926418266412
0.7981582241295629,0.9466317394534152
0.7981709965003704,0.9466317394534152
0.7981837688711779,0.9466317394534152
0.798228472169004,0.9466317394534152
0.7982348583544078,0.9466317394534152
0.8006616088078269,0.9473354967353481
0.8007126982910567,0.9473354967353481
0.8007446292180754,0.9473745943621222
0.8009489871509949,0.9473745943621222
0.8009617595218025,0.9473745943621222
0.8009809180780136,0.9473745943621222
0.8010000766342249,0.9474527896156704
0.8010064628196286,0.9474527896156704
0.801044779932051,0.9474527896156704
0.8010575523028585,0.9474527896156704
0.8018813702199402,0.948000156390507
0.8018877564053439,0.948000156390507
0.801958004444785,0.9481174492708293
0.8019771630009962,0.9481174492708293
0.8020027077426112,0.9481565468976033
0.8020601834112447,0.9481565468976033
0.8020665695966486,0.9481565468976033
0.802200679490127,0.9483129374046996
0.8022070656755307,0.9483129374046996
0.8022326104171457,0.9483129374046996
0.8022453827879531,0.9483129374046996
0.8023028584565867,0.9483129374046996
0.8023092446419905,0.9483129374046996
0.8074437377065931,0.9510888689056575
0.8075203719314379,0.9511670641592055
0.8075459166730529,0.9511670641592055
0.8075586890438603,0.9511670641592055
0.807565075229264,0.9511670641592055
0.8076097785270901,0.9512061617859796
0.807616164712494,0.9512061617859796
0.80771195749355,0.9512061617859796
0.8077183436789537,0.9512061617859796
0.8081653766572151,0.9513625522930758
0.8086826576749176,0.951479845173398
0.8086954300457251,0.951479845173398
0.8090913735407567,0.9516362356804942
0.8091360768385828,0.9516753333072683
0.8091680077656015,0.9516753333072683
0.8091807801364089,0.9516753333072683
0.8091935525072164,0.9517144309340423
0.8093659795131172,0.9517926261875904
0.8093787518839247,0.9517926261875904
0.8094042966255396,0.9518317238143644
0.8114159450277161,0.9524963834695234
0.811441489769331,0.9524963834695234
0.8125207551025622,0.952965554990812
0.8125271412879659,0.952965554990812
0.8125399136587733,0.952965554990812
0.8132934835364141,0.9532392383782304
0.8132998697218178,0.9532392383782304
0.8133190282780289,0.9532392383782304
0.8133318006488365,0.9532392383782304
0.8133573453904513,0.9532392383782304
0.8133637315758551,0.9532392383782304
0.8134275934298925,0.9532392383782304
0.8135744756941784,0.9533174336317786
0.8135808618795821,0.9533174336317786
0.8136191789920045,0.9533565312585526
0.8136702684752344,0.9533565312585526
0.8136958132168494,0.9533565312585526
0.8137021994022531,0.9533565312585526
0.813727744143868,0.9533565312585526
0.8141428461951107,0.953591117019197
0.8156308273941809,0.9540993861672596
0.8156499859503921,0.9540993861672596
0.8157266201752369,0.9540993861672596
0.8157393925460444,0.9540993861672596
0.8157457787314482,0.9540993861672596
0.8157840958438706,0.9540993861672596
0.8166590032441822,0.9544903624350002
0.8166653894295859,0.9544903624350002
0.8166781618003934,0.9544903624350002
0.8173742560094005,0.9546467529420964
0.8173934145656117,0.9546467529420964
0.8174508902342453,0.9546467529420964
0.8176360896109536,0.9546858505688705
0.817648861981761,0.9546858505688705
0.8176807929087797,0.9546858505688705
0.8187728306128184,0.9551550220901591
0.8215380488926355,0.9563670485201549
0.8215444350780392,0.9563670485201549
0.8215635936342504,0.9563670485201549
0.8215891383758653,0.9563670485201549
0.8216019107466728,0.9563670485201549
0.821621069302884,0.9563670485201549
0.8216785449715176,0.9563670485201549
0.8216849311569213,0.9563670485201549
0.8217487930109587,0.9563670485201549
0.8217743377525736,0.9563670485201549
0.8218829029044371,0.9563670485201549
0.8218956752752445,0.9563670485201549
0.821933992387667,0.9563670485201549
0.8222660740286613,0.9564061461469289
0.822534293815618,0.9566016342807991
0.8225406800010218,0.9566016342807991
0.8225853832988479,0.9566016342807991
0.8227194931923264,0.9566407319075733
0.8228216721587861,0.9566407319075733
0.8228216721587861,0.9566798295343473
0.8232303880246251,0.9569535129217657
0.8232878636932588,0.9569926105485397
0.8245523284031983,0.9573444891895062
0.8245842593302168,0.9573444891895062
0.8245906455156206,0.9573444891895062
0.8246161902572355,0.9573835868162802
0.8246225764426393,0.9573835868162802
0.8246928244820804,0.9573835868162802
0.8247183692236953,0.9573835868162802
0.8247822310777326,0.9574226844430543
0.8247950034485401,0.9574226844430543
0.824941885712826,0.9574226844430543
0.8249610442690373,0.9574226844430543
0.8327968937594197,0.9610587637330414
0.8328032799448234,0.9610587637330414
0.8328735279842644,0.9610587637330414
0.8328863003550719,0.9610587637330414
0.8329629345799168,0.9610978613598155
0.8329948655069354,0.9610978613598155
0.8330076378777429,0.9610978613598155
0.8330140240631466,0.9610978613598155
0.8331545201420287,0.9612151542401376
0.8331609063274324,0.9612151542401376
0.83317367869824,0.9612151542401376
0.8331992234398549,0.9612151542401376
0.8333716504457558,0.9613324471204598
0.8333780366311595,0.9613324471204598
0.8334035813727744,0.9613324471204598
0.8334099675581782,0.9613324471204598
0.8336334840473089,0.9614106423740079
0.8340677446547629,0.961488837627556
0.834086903210974,0.961488837627556
0.8347702250491736,0.9617625210149744
0.8348213145324035,0.9618016186417484
0.8348851763864409,0.9618016186417484
0.8349490382404782,0.9618798138952965
0.8349681967966894,0.9618798138952965
0.8349809691674969,0.9618798138952965
0.8350001277237081,0.9618798138952965
0.8350703757631491,0.9618798138952965
0.8350767619485528,0.9618798138952965
0.8350959205047641,0.9619580091488447
0.8351023066901678,0.9619580091488447
0.835147009987994,0.9619580091488447
0.8351533961733977,0.9619580091488447
0.8351917132858201,0.9619580091488447
0.8351917132858201,0.9619971067756187
0.8352044856566276,0.9619971067756187
0.8354088435895471,0.9621534972827149
0.8355876567808517,0.9621925949094889
0.8356387462640815,0.9622316925362631
0.8370117761258845,0.9628181569378739
0.8370947965361331,0.9628181569378739
0.8371139550923442,0.9628181569378739
0.8373246992106674,0.962896352191422
0.837337471581475,0.962896352191422
0.8375673742560094,0.9629745474449701
0.8375737604414132,0.9629745474449701
0.8375865328122206,0.9629745474449701
0.8375929189976243,0.9629745474449701
0.837624849924643,0.9629745474449701
0.837624849924643,0.9630136450717441
0.8376312361100468,0.9630136450717441
0.8376503946662579,0.9630136450717441
0.8377014841494879,0.9630136450717441
0.8377078703348916,0.9630136450717441
0.8389531764886198,0.9636783047269031
0.8391128311237132,0.9638346952339993
0.8391511482361356,0.9638346952339993
0.8391575344215393,0.9638346952339993
0.8392213962755767,0.9638737928607733
0.8392341686463841,0.9638737928607733
0.8398727871867576,0.964303866755288
0.8398791733721613,0.964303866755288
0.8399302628553912,0.964303866755288
0.8399366490407949,0.964303866755288
0.8399813523386211,0.964303866755288
0.8400005108948323,0.964303866755288
0.840006897080236,0.964303866755288
0.8400196694510434,0.964303866755288
0.8401218484175033,0.964342964382062
0.8401346207883107,0.964342964382062
0.8401473931591182,0.964342964382062
0.8402048688277518,0.964382062008836
0.8402176411985592,0.964382062008836
0.8402176411985592,0.9644211596356101
0.8402878892380004,0.9644211596356101
0.8403006616088078,0.9644211596356101
0.8429637009221652,0.965828674199476
0.8466293713439088,0.9667279196152794
0.8468720463892507,0.9668843101223755
0.8468848187600583,0.9668843101223755
0.8468975911308657,0.9668843101223755
0.8469295220578844,0.9668843101223755
0.8469359082432881,0.9668843101223755
0.8469550667994993,0.9668843101223755
0.8469678391703068,0.9669625053759237
0.8470189286535367,0.9669625053759237
0.8470253148389404,0.9669625053759237
0.8470444733951517,0.9670016030026978
0.8470508595805554,0.9670016030026978
0.8511060873119268,0.9690346795949486
0.8511124734973305,0.9690346795949486
0.8511316320535418,0.9690346795949486
0.8511380182389455,0.9690346795949486
0.8513296038010576,0.9691128748484967
0.8519107466727974,0.9693865582359151
0.8533029350908116,0.9696993392501075
0.853341252203234,0.9696993392501075
0.8539543260019925,0.9698557297572037
0.8539607121873962,0.9698557297572037
0.8539607121873962,0.9698948273839778
0.8539926431144149,0.9699339250107518
0.8540054154852224,0.9699339250107518
0.8540245740414336,0.9699339250107518
0.8540756635246635,0.9699730226375259
0.8540948220808746,0.9700121202643
0.8541075944516822,0.9700121202643
0.854133139193297,0.9700121202643
0.8544205175364651,0.970051217891074
0.8544332899072726,0.970051217891074
0.8545737859861547,0.970051217891074
0.8545865583569622,0.970051217891074
0.8545865583569622,0.9701294131446221
0.854592944542366,0.9701294131446221
0.8546057169131734,0.9701294131446221
0.8546121030985772,0.9701294131446221
0.8546312616547883,0.9701294131446221
0.8546376478401921,0.9701294131446221
0.8546695787672107,0.9701294131446221
0.854688737323422,0.9701294131446221
0.8546951235088257,0.9701294131446221
0.8547078958796331,0.9701294131446221
0.8547270544358444,0.9701294131446221
0.8552507216389507,0.9703249012784924
0.8552571078243544,0.9703249012784924
0.8553337420491992,0.9703249012784924
0.8553401282346029,0.9703249012784924
0.8553848315324291,0.9703639989052665
0.8559340434771502,0.9707158775462329
0.8559468158479577,0.9707158775462329
0.8559851329603801,0.9707158775462329
0.8559915191457839,0.9707158775462329
0.8581692083684573,0.9720842944833249
0.8586928755715636,0.9723188802439692
0.8587248064985823,0.9723188802439692
0.8587375788693897,0.9723188802439692
0.858756737425601,0.9723188802439692
0.8616816103405114,0.9735309066739649
0.8617199274529338,0.9735309066739649
0.8617326998237412,0.9735309066739649
0.8617390860091451,0.9735309066739649
0.8617965616777786,0.973609101927513
0.8618029478631823,0.973609101927513
0.8618221064193936,0.973609101927513
0.8623777045495185,0.9737263948078352
0.8624032492911334,0.9737263948078352
0.8624287940327484,0.9737654924346092
0.8624351802181521,0.9737654924346092
0.86277364804455,0.9740000781952536
0.86277364804455,0.9740391758220276
0.8627864204153575,0.9740391758220276
0.8628311237131836,0.9740391758220276
0.8628375098985874,0.9740391758220276
0.8628502822693949,0.9740391758220276
0.8628822131964136,0.9740391758220276
0.8628885993818173,0.9740391758220276
0.8629269164942397,0.9740391758220276
0.8630354816461031,0.9740391758220276
0.8630482540169107,0.9740391758220276
0.8630865711293331,0.9740391758220276
0.8630993435001405,0.9740391758220276
0.8631185020563517,0.9740391758220276
0.8631312744271592,0.9740391758220276
0.8652578741666028,0.9749775188646049
0.8652961912790252,0.9750166164913789
0.8657432242572867,0.9751339093717012
0.8657943137405165,0.9751730069984752
0.865807086111324,0.9751730069984752
0.8689235445883465,0.9765805215623412
0.868936316959154,0.9765805215623412
0.8689874064423838,0.9765805215623412
0.8689937926277875,0.9765805215623412
0.8690065649985951,0.9766196191891152
0.8690768130380361,0.9766196191891152
0.8691789920044959,0.9767369120694374
0.8691853781898996,0.9767369120694374
0.8692045367461109,0.9767369120694374
0.8692939433417631,0.9768151073229855
0.8693003295271668,0.9768151073229855
0.869345032824993,0.9768151073229855
0.8695877078703349,0.9769714978300817
0.8696643420951797,0.9770105954568558
0.8698431552864843,0.977206083590726
0.8698623138426955,0.9772451812175001
0.8698814723989067,0.9772451812175001
0.8699070171405217,0.9772451812175001
0.8699261756967328,0.9772451812175001
0.8713502950417656,0.9779880361262071
0.8714971773060516,0.9780271337529812
0.8715291082330702,0.9780271337529812
0.8715418806038777,0.9780271337529812
0.8715482667892814,0.9780662313797552
0.8715738115308964,0.9780662313797552
0.8715801977163001,0.9780662313797552
0.8716376733849337,0.9780662313797552
0.8716504457557411,0.9780662313797552
0.8717079214243748,0.9781053290065294
0.8717526247222009,0.9781053290065294
0.8717526247222009,0.9781444266333034
0.8717717832784121,0.9781444266333034
0.8718420313178532,0.9781444266333034
0.871893120801083,0.9781444266333034
0.8727169387181649,0.9784963052742699
0.8728446624262396,0.9785354029010439
0.8729149104656806,0.9785745005278179
0.8729212966510844,0.9785745005278179
0.8732278335504636,0.9786917934081402
0.8732406059212711,0.9786917934081402
0.8732469921066749,0.9786917934081402
0.8732597644774823,0.9786917934081402
0.8744859120749994,0.979278257809751
0.8744986844458068,0.979278257809751
0.8745114568166144,0.979278257809751
0.8746200219684778,0.9793564530632991
0.8746264081538815,0.9793564530632991
0.874639180524689,0.9793564530632991
0.8746519528954965,0.9793955506900731
0.8746774976371114,0.9793955506900731
0.8752969576212737,0.9797083317042655
0.8763315196566787,0.980060210345232
0.8763379058420824,0.9800993079720061
0.876465629550157,0.9801775032255542
0.8765039466625795,0.9801775032255542
0.8765358775895982,0.9801775032255542
0.877142565202953,0.9806075771200689
0.8773022198380463,0.9806857723736169
0.8775832119958107,0.9808421628807131
0.8775895981812144,0.9808421628807131
0.8776151429228294,0.9808812605074871
0.8776215291082331,0.9808812605074871
0.8776406876644443,0.9808812605074871
0.877647073849848,0.9808812605074871
0.8778131146703451,0.9809203581342613
0.8778322732265563,0.9809594557610353
0.8781196515697244,0.9810767486413575
0.8781260377551281,0.9810767486413575
0.8781388101259355,0.9810767486413575
0.8781962857945692,0.9811158462681315
0.8782026719799729,0.9811158462681315
0.8782665338340103,0.9811158462681315
0.8787007944414642,0.9811940415216797
0.8787199529976755,0.9812331391484537
0.8787710424809053,0.9812722367752278
0.8791095103073032,0.9813113344020018
0.8791350550489182,0.9813113344020018
0.8791478274197256,0.9813113344020018
0.8791989169029555,0.9813504320287758
0.8792883234986079,0.9814286272823239
0.8793202544256264,0.9814286272823239
0.8793394129818377,0.9814286272823239
0.8793585715380489,0.9814286272823239
0.8794224333920863,0.9814286272823239
0.8802079341967456,0.9816241154161942
0.8802143203821493,0.9816241154161942
0.8802270927529569,0.9816632130429683
0.8814085370526478,0.9820541893107089
0.8814213094234552,0.9820541893107089
0.8814660127212813,0.9820541893107089
0.881472398906685,0.9820541893107089
0.8815234883899149,0.9820932869374829
0.8815362607607224,0.9820932869374829
0.8816128949855673,0.982171482191031
0.881619281170971,0.982171482191031
0.8816575982833934,0.982171482191031
0.8817086877666233,0.9822496774445791
0.881810866733083,0.9822496774445791
0.8818172529184868,0.9822496774445791
0.8826410708355685,0.9826406537123197
0.8827879530998544,0.9826406537123197
0.8828198840268731,0.9826406537123197
0.8828326563976805,0.9826406537123197
0.8828518149538918,0.9826406537123197
0.8828582011392955,0.9826406537123197
0.8829092906225253,0.9826406537123197
0.8829284491787366,0.9826406537123197
0.8829348353641403,0.9826406537123197
0.8829476077349477,0.9826406537123197
0.882966766291159,0.9826406537123197
0.8829731524765627,0.9826406537123197
0.8829923110327739,0.9826406537123197
0.8830178557743888,0.9826406537123197
0.8830434005160038,0.9826406537123197
0.8830497867014075,0.9826406537123197
0.883158351853271,0.9826797513390937
0.8831711242240785,0.9826797513390937
0.8831902827802897,0.9826797513390937
0.8832094413365009,0.9826797513390937
0.8835159782358801,0.9827188489658678
0.8835351367920914,0.9827188489658678
0.8840396454389864,0.9827579465926418
0.8840396454389864,0.9827970442194158
0.8840460316243901,0.9827970442194158
0.8840588039951975,0.9827970442194158
0.88409712110762,0.9827970442194158
0.8841993000740798,0.98283614184619
0.884384499450788,0.9829925323532862
0.8844036580069993,0.9829925323532862
0.884410044192403,0.9829925323532862
0.8846335606815338,0.9831098252336083
0.8846527192377449,0.9831098252336083
0.8848826219122794,0.9831098252336083
0.8852083173678699,0.9831880204871565
0.8853041101489258,0.9832271181139305
0.8853168825197333,0.9832271181139305
0.8853551996321557,0.9832662157407045
0.8853615858175594,0.9832662157407045
0.8853615858175594,0.9833053133674786
0.8853679720029632,0.9833053133674786
0.8859427286892994,0.9834617038745748
0.8859555010601068,0.9834617038745748
0.8860193629141441,0.9835398991281229
0.8860257490995479,0.9835398991281229
0.8860640662119703,0.983578996754897
0.8861023833243927,0.983578996754897
0.8861598589930263,0.983578996754897
0.8862556517740823,0.983618094381671
0.886262037959486,0.983618094381671
0.8864025340383682,0.983657192008445
0.8864089202237719,0.983657192008445
0.8864153064091757,0.9836962896352192
0.8864280787799831,0.9836962896352192
0.8864536235215981,0.9836962896352192
0.8864727820778093,0.9836962896352192
0.8865685748588653,0.9837744848887673
0.8865813472296727,0.9837744848887673
0.886600505785884,0.9838135825155413
0.8871561039160089,0.9840872659029597
0.8871816486576238,0.9840872659029597
0.8871944210284313,0.9840872659029597
0.8874243237029658,0.9841263635297337
0.8874370960737732,0.9841654611565078
0.8874562546299845,0.9841654611565078
0.8880565560579354,0.9844000469171521
0.8880757146141467,0.9844000469171521
0.8880884869849541,0.9844000469171521
0.8880948731703578,0.9844000469171521
0.8881076455411654,0.9844000469171521
0.8881076455411654,0.9844391445439262
0.8883630929573147,0.9844391445439262
0.8884014100697372,0.9844391445439262
0.8884652719237744,0.9844391445439262
0.888478044294582,0.9844391445439262
0.8888228983063836,0.9847128279313445
0.8890144838684957,0.9847128279313445
0.8892635450992413,0.9847910231848926
0.8893146345824712,0.9847910231848926
0.8893274069532787,0.9847910231848926
0.8893465655094899,0.9847910231848926
0.8893721102511049,0.9847910231848926
0.8893784964365086,0.9848301208116668
0.8894806754029683,0.9849083160652149
0.8894934477737758,0.9849083160652149
0.889512606329987,0.9849083160652149
0.8896020129256392,0.9849474136919889
0.889608399111043,0.9849474136919889
0.8896211714818505,0.9849474136919889
0.8896722609650803,0.9849474136919889
0.8896978057066953,0.9849865113187629
0.8899085498250185,0.9849865113187629
0.8900362735330932,0.9849865113187629
0.8900618182747082,0.985025608945537
0.8900873630163231,0.985025608945537
0.8901065215725343,0.985025608945537
0.8901192939433418,0.985025608945537
0.8901384524995529,0.985025608945537
0.8902597900222239,0.985064706572311
0.8903747413594911,0.985064706572311
0.8903811275448948,0.985064706572311
0.8904130584719135,0.985064706572311
0.8904322170281248,0.985064706572311
0.8905535545507958,0.985064706572311
0.8905918716632182,0.985064706572311
0.8906748920734667,0.985064706572311
0.8907451401129077,0.985064706572311
0.890764298669119,0.985064706572311
0.8907770710399264,0.985064706572311
0.8908153881523488,0.9851038041990852
0.8909175671188085,0.9851429018258592
0.8909303394896161,0.9851429018258592
0.8910644493830945,0.9851429018258592
0.8910899941247095,0.9851429018258592
0.8910963803101132,0.9851429018258592
0.8911283112371319,0.9852210970794073
0.8912241040181879,0.9852210970794073
0.8912304902035916,0.9852601947061813
0.8912496487598028,0.9852601947061813
0.8913198967992438,0.9852992923329554
0.8913965310240887,0.9852992923329554
0.8914412343219148,0.9852992923329554
0.8914731652489335,0.9852992923329554
0.8915178685467596,0.9852992923329554
0.891556185659182,0.9852992923329554
0.8917094541088717,0.9853383899597294
0.8917222264796791,0.9853383899597294
0.8917286126650829,0.9853383899597294
0.8925971338799908,0.98572936622747
0.8926099062507983,0.98572936622747
0.8926099062507983,0.985768463854244
0.892616292436202,0.985768463854244
0.892641837177817,0.985768463854244
0.8926929266610468,0.985768463854244
0.8926993128464505,0.985768463854244
0.892737629958873,0.985768463854244
0.8934273379824763,0.9861203424952105
0.8934401103532837,0.9861203424952105
0.8934911998365137,0.9861203424952105
0.8935039722073211,0.9861203424952105
0.8935997649883771,0.9861985377487587
0.8936125373591847,0.9861985377487587
0.8936380821007995,0.9861985377487587
0.8936955577694332,0.9862376353755327
0.8941362045622908,0.9863549282558549
0.894180907860117,0.9863549282558549
0.8941872940455208,0.9863549282558549
0.8942128387871356,0.9863549282558549
0.8942192249725394,0.9863549282558549
0.8948578435129129,0.9867068068968213
0.8948642296983166,0.9867068068968213
0.894877002069124,0.9867068068968213
0.8948897744399316,0.9867068068968213
0.8950430428896212,0.9867850021503695
0.8950685876312361,0.9867850021503695
0.8962947352287531,0.9872541736716581
0.8963202799703681,0.9872541736716581
0.8963585970827905,0.9872932712984321
0.8964543898638465,0.9873714665519803
0.8966970649091884,0.9874496618055284
0.8967289958362071,0.9874496618055284
0.8967417682070146,0.9874496618055284
0.8967736991340333,0.9874887594323024
0.8968886504713005,0.9874887594323024
0.8968950366567042,0.9874887594323024
0.8970738498480088,0.9875278570590765
0.897310138707947,0.9875278570590765
0.8973165248933507,0.9875278570590765
0.8973548420057731,0.9875278570590765
0.897693309832171,0.9876451499393987
0.8976996960175748,0.9876842475661727
0.897744399315401,0.9876842475661727
0.8977635578716121,0.9876842475661727
0.8977763302424197,0.9876842475661727
0.897814647354842,0.9876842475661727
0.8978274197256495,0.9876842475661727
0.8979423710629167,0.9876842475661727
0.8979551434337242,0.9876842475661727
0.8979806881753392,0.9876842475661727
0.8981084118834138,0.9877624428197208
0.8981147980688176,0.9877624428197208
0.8983638592995632,0.9877624428197208
0.8983766316703706,0.9877624428197208
0.8984213349681968,0.9877624428197208
0.8984724244514267,0.9877624428197208
0.898536286305464,0.9877624428197208
0.8985554448616753,0.9877624428197208
0.8986448514573275,0.9877624428197208
0.8986640100135387,0.9878015404464949
0.8986703961989424,0.9878015404464949
0.8987725751654022,0.9879188333268171
0.8989322298004956,0.9879188333268171
0.8989386159858993,0.9879188333268171
0.8989641607275143,0.9879188333268171
0.898970546912918,0.9879188333268171
0.8990280225815516,0.9879188333268171
0.8990344087669553,0.9879188333268171
0.8990471811377628,0.9879188333268171
0.8991940634020487,0.9880361262071392
0.8992323805144711,0.9880361262071392
0.899257925256086,0.9880361262071392
0.8994111937057757,0.9881534190874613
0.8994558970036018,0.9881925167142355
0.8994622831890056,0.9881925167142355
0.8994942141160243,0.9881925167142355
0.899500600301428,0.9881925167142355
0.8996155516386952,0.9882316143410095
0.8996666411219251,0.9882316143410095
0.8996794134927325,0.9882316143410095
0.8999923365775155,0.9883098095945576
0.9001711497688201,0.9883489072213316
0.9001775359542238,0.9883489072213316
0.9002669425498762,0.9883489072213316
0.900292487291491,0.9883489072213316
0.9003435767747209,0.9883489072213316
0.9003882800725471,0.9883489072213316
0.9004457557411807,0.9884271024748797
0.9004904590390068,0.9884271024748797
0.9005990241908703,0.9884271024748797
0.9006437274886965,0.9884662001016539
0.9006628860449076,0.9884662001016539
0.9006884307865226,0.9884662001016539
0.9007395202697525,0.9884662001016539
0.9007522926405599,0.9884662001016539
0.9008353130508084,0.9885443953552019
0.9008608577924234,0.988583492981976
0.9008672439778271,0.988583492981976
0.900918333461057,0.9886616882355241
0.9009566505734794,0.9886616882355241
0.9009630367588832,0.9886616882355241
0.9010907604669579,0.9887789811158463
0.9011226913939766,0.9887789811158463
0.9013717526247222,0.9888962739961684
0.9014100697371447,0.9888962739961684
0.9014164559225484,0.9888962739961684
0.9014356144787595,0.9888962739961684
0.9014420006641632,0.9888962739961684
0.901448386849567,0.9889744692497165
0.9015952691138529,0.9889744692497165
0.9016335862262753,0.9889744692497165
0.9016846757095052,0.9889744692497165
0.9016974480803127,0.9889744692497165
0.9018060132321761,0.9890526645032647
0.9018123994175798,0.9890526645032647
0.9018507165300023,0.9890526645032647
0.9020870053899405,0.9890917621300387
0.9021317086877666,0.9890917621300387
0.90229136332286,0.9892090550103608
0.9023105218790712,0.989248152637135
0.9023552251768974,0.989287250263909
0.9023679975477048,0.989287250263909
0.9025212659973945,0.9894045431442311
0.9025340383682019,0.9894045431442311
0.9032684496896314,0.9896782265316495
0.9033770148414949,0.9897173241584236
0.9033834010268986,0.9897173241584236
0.9033961733977061,0.9897173241584236
0.9034472628809359,0.9897173241584236
0.9047819756303165,0.989991007545842
0.9048011341865277,0.989991007545842
0.9048075203719315,0.989991007545842
0.9048394512989502,0.989991007545842
0.9052800980918078,0.990030105172616
0.905803765294914,0.9901473980529382
0.9058931718905663,0.9901473980529382
0.9058995580759701,0.9901473980529382
0.9062699568293867,0.9901864956797123
0.9062763430147904,0.9901864956797123
0.9063465910542314,0.9901864956797123
0.9063529772396353,0.9901864956797123
0.9063976805374614,0.9901864956797123
0.9064040667228651,0.9901864956797123
0.9064615423914987,0.9901864956797123
0.9064679285769024,0.9901864956797123
0.9064807009477099,0.9901864956797123
0.9064870871331137,0.9901864956797123
0.906768079290878,0.9902646909332603
0.9068255549595116,0.9902646909332603
0.9068574858865303,0.9902646909332603
0.906863872071934,0.9902646909332603
0.906889416813549,0.9902646909332603
0.9074322425728664,0.9904210814403566
0.9074514011290776,0.9904210814403566
0.9074641734998851,0.9904210814403566
0.9075918972079597,0.9904210814403566
0.9075982833933635,0.9904210814403566
0.9076238281349784,0.9904210814403566
0.9076621452474009,0.9904601790671306
0.9077515518430531,0.9905383743206787
0.9082305157483332,0.9905774719474528
0.9083901703834266,0.9906165695742268
0.908402942754234,0.9906165695742268
0.9084923493498863,0.9906165695742268
0.9085370526477125,0.9906165695742268
0.9085498250185199,0.9906165695742268
0.9085625973893274,0.9906165695742268
0.9085817559455386,0.9906165695742268
0.9086328454287685,0.9906556672010008
0.908645617799576,0.9906556672010008
0.9087541829514394,0.990694764827775
0.9087669553222469,0.990694764827775
0.9090798784070299,0.9908120577080971
0.9091309678902598,0.9908120577080971
0.9092906225253532,0.9908120577080971
0.9094949804582727,0.9908120577080971
0.9095013666436764,0.9908120577080971
0.9095332975706951,0.9908511553348712
0.9096163179809437,0.9908511553348712
0.9096354765371548,0.9908511553348712
0.9096482489079623,0.9908511553348712
0.9097440416890183,0.9908511553348712
0.9097695864306332,0.9908511553348712
0.9101910746672798,0.9908902529616452
0.9101974608526835,0.9908902529616452
0.9102102332234909,0.9908902529616452
0.9102166194088946,0.9908902529616452
0.9102293917797022,0.9909293505884192
0.9102421641505096,0.9909293505884192
0.9103315707461619,0.9909684482151934
0.9103443431169693,0.9909684482151934
0.9103635016731806,0.9909684482151934
0.9104529082688329,0.9909684482151934
0.9104656806396403,0.9909684482151934
0.9105103839374665,0.9909684482151934
0.9105167701228702,0.9909684482151934
0.9105423148644851,0.9909684482151934
0.9105742457915038,0.9909684482151934
0.9105806319769075,0.9909684482151934
0.9106189490893299,0.9909684482151934
0.910714741870386,0.9909684482151934
0.9107275142411935,0.9909684482151934
0.9107722175390196,0.9910075458419674
0.9108169208368457,0.9910075458419674
0.9109127136179017,0.9910075458419674
0.9110659820675914,0.9910075458419674
0.9110659820675914,0.9910466434687415
0.9110787544383988,0.9910466434687415
0.9112384090734922,0.9910466434687415
0.9112447952588959,0.9910466434687415
0.911340588039952,0.9910466434687415
0.9122729711088973,0.9913594244829339
0.9123176744067234,0.9913594244829339
0.9125220323396429,0.9913594244829339
0.9125348047104503,0.9913594244829339
0.912566735637469,0.9913594244829339
0.9125795080082765,0.9913594244829339
0.9125858941936802,0.9913594244829339
0.9125986665644877,0.9913594244829339
0.9126114389352952,0.991437619736482
0.9126242113061026,0.991437619736482
0.9126944593455437,0.991437619736482
0.9127008455309474,0.991437619736482
0.9127455488287736,0.991437619736482
0.9128221830536184,0.991437619736482
0.9129371343908856,0.991476717363256
0.9129435205762894,0.991476717363256
0.9129626791325006,0.991476717363256
0.9130393133573453,0.991476717363256
0.9130648580989603,0.99151581499003
0.9130904028405753,0.99151581499003
0.9134927325210106,0.9915940102435782
0.9134991187064143,0.9915940102435782
0.9135182772626255,0.9915940102435782
0.9135246634480292,0.9915940102435782
0.9138375865328122,0.9916722054971263
0.9138567450890234,0.9916722054971263
0.9138695174598309,0.9916722054971263
0.9138759036452346,0.9916722054971263
0.913914220757657,0.9916722054971263
0.9139206069430608,0.9916722054971263
0.9140291720949243,0.9917113031239004
0.9146933353769127,0.9919067912577707
0.9147061077477201,0.9919067912577707
0.9147124939331238,0.9919849865113187
0.9147188801185276,0.9919849865113187
0.9147955143433724,0.9919849865113187
0.9148210590849873,0.9920240841380928
0.9150381893887143,0.992102279391641
0.9150892788719442,0.992102279391641
0.9152106163946152,0.992102279391641
0.9152361611362301,0.992102279391641
0.9152489335070376,0.992102279391641
0.91528725061946,0.992141377018415
0.9153064091756712,0.992141377018415
0.9153064091756712,0.992180474645189
0.9153319539172862,0.992180474645189
0.9154149743275347,0.9922195722719631
0.9154277466983421,0.9922195722719631
0.9154660638107646,0.9922195722719631
0.9155363118502057,0.9922195722719631
0.916008889570082,0.9922977675255112
0.9160216619408895,0.9922977675255112
0.9160408204971007,0.9922977675255112
0.9160472066825044,0.9922977675255112
0.9161110685365418,0.9922977675255112
0.9161238409073492,0.9922977675255112
0.9161557718343679,0.9922977675255112
0.9161685442051754,0.9922977675255112
0.9162834955424426,0.9923368651522853
0.91629626791325,0.9923368651522853
0.9163601297672874,0.9923368651522853
0.9163856745089023,0.9923368651522853
0.9164112192505173,0.9923759627790593
0.916443150177536,0.9923759627790593
0.9164559225483434,0.9923759627790593
0.9164686949191508,0.9924150604058334
0.9164878534753621,0.9924150604058334
0.9165644877002069,0.9924150604058334
0.9166794390374742,0.9924150604058334
0.916704983779089,0.9924150604058334
0.9167177561498966,0.9924150604058334
0.916730528520704,0.9924541580326074
0.9167369147061077,0.9924541580326074
0.9167880041893376,0.9924932556593815
0.9168071627455489,0.9924932556593815
0.9168135489309526,0.9924932556593815
0.91682632130176,0.9924932556593815
0.9171009272741206,0.9926496461664777
0.9171136996449281,0.9926496461664777
0.9171200858303318,0.9926496461664777
0.9171584029427542,0.9926496461664777
0.9172031062405803,0.9926887437932518
0.9172094924259842,0.9926887437932518
0.9172669680946177,0.9926887437932518
0.917286126650829,0.9926887437932518
0.9172925128362327,0.9926887437932518
0.9173372161340588,0.9926887437932518
0.9173436023194625,0.9926887437932518
0.9174138503589037,0.9926887437932518
0.9174330089151148,0.9926887437932518
0.9174457812859222,0.9926887437932518
0.9174777122129409,0.9926887437932518
0.9174904845837485,0.9926887437932518
0.917547960252382,0.9927278414200258
0.9175671188085932,0.9927278414200258
0.917573504993997,0.9927278414200258
0.9175862773648045,0.9927278414200258
0.9176054359210156,0.9927278414200258
0.9176309806626306,0.9927278414200258
0.9176565254042456,0.9927278414200258
0.917669297775053,0.9927278414200258
0.9177076148874754,0.9927278414200258
0.9177267734436866,0.9927669390467999
0.9177395458144941,0.9927669390467999
0.9178097938539351,0.9927669390467999
0.9178161800393388,0.9927669390467999
0.9178417247809538,0.9927669390467999
0.9179183590057987,0.9927669390467999
0.9179311313766061,0.9927669390467999
0.9179439037474136,0.9927669390467999
0.9179886070452398,0.9927669390467999
0.9180077656014509,0.9927669390467999
0.9180141517868546,0.9927669390467999
0.9180269241576622,0.9927669390467999
0.9180460827138733,0.9927669390467999
0.9180588550846808,0.9927669390467999
0.9180716274554883,0.9927669390467999
0.918078013640892,0.9927669390467999
0.9181482616803331,0.9928060366735739
0.9181546478657369,0.9928060366735739
0.918173806421948,0.9928060366735739
0.9181865787927556,0.9928060366735739
0.9181929649781593,0.9928060366735739
0.9182568268321966,0.9928060366735739
0.9182759853884078,0.9928060366735739
0.9184292538380975,0.9928451343003479
0.9184356400235012,0.9928451343003479
0.9184547985797124,0.992884231927122
0.9185058880629422,0.992884231927122
0.9185058880629422,0.9929233295538961
0.9185250466191535,0.9929233295538961
0.9186144532148057,0.9929233295538961
0.9186399979564207,0.9929233295538961
0.9186974736250543,0.9929624271806702
0.9188379697039365,0.9930015248074442
0.9188762868163588,0.9930015248074442
0.9188890591871663,0.9930015248074442
0.9189146039287812,0.9930406224342182
0.918920990114185,0.9930406224342182
0.9189593072266075,0.9930406224342182
0.9189784657828186,0.9930406224342182
0.9196554014356145,0.9930797200609923
0.9196617876210182,0.9931188176877663
0.9196809461772294,0.9931188176877663
0.9196873323626331,0.9931188176877663
0.9198406008123228,0.9931970129413145
0.9198533731831302,0.9931970129413145
0.9198725317393415,0.9931970129413145
0.9198789179247452,0.9931970129413145
0.9198980764809565,0.9931970129413145
0.9199044626663602,0.9931970129413145
0.9199427797787826,0.9931970129413145
0.9199491659641863,0.9931970129413145
0.9200002554474161,0.9931970129413145
0.9201407515262983,0.9931970129413145
0.9201535238971058,0.9931970129413145
0.9202429304927581,0.9931970129413145
0.9203706542008327,0.9931970129413145
0.920389812757044,0.9931970129413145
0.9204919917235037,0.9933143058216366
0.9205239226505224,0.9933143058216366
0.9206580325440008,0.9933534034484107
0.9207027358418269,0.9933925010751847
0.9207155082126345,0.9933925010751847
0.9207218943980382,0.9933925010751847
0.9207346667688456,0.9933925010751847
0.9207602115104606,0.9933925010751847
0.9207921424374792,0.9933925010751847
0.9208560042915166,0.9933925010751847
0.9208879352185353,0.9934315987019587
0.9209454108871689,0.9934315987019587
0.921303037269778,0.9934315987019587
0.9213158096405855,0.9934315987019587
0.9213221958259892,0.9934315987019587
0.9213541267530079,0.9934315987019587
0.9213605129384116,0.9934315987019587
0.9214435333486601,0.9934315987019587
0.9214690780902751,0.9934315987019587
0.9214882366464863,0.9934315987019587
0.9215393261297162,0.9934315987019587
0.9216095741691572,0.9934315987019587
0.9216287327253685,0.9934315987019587
0.9216415050961759,0.9934315987019587
0.9216734360231946,0.9934315987019587
0.9217500702480395,0.9934706963287329
0.9220693795182262,0.9935097939555069
0.9221268551868598,0.9935097939555069
0.9221651722992822,0.9935097939555069
0.9224206197154315,0.993548891582281
0.9224653230132577,0.993548891582281
0.9225483434235062,0.993548891582281
0.92255472960891,0.993548891582281
0.9225866605359286,0.993548891582281
0.9225930467213325,0.993548891582281
0.9226058190921399,0.993548891582281
0.9226313638337548,0.993587989209055
0.9226569085753697,0.993587989209055
0.9226696809461772,0.993587989209055
0.9226952256877922,0.993587989209055
0.9227399289856183,0.993587989209055
0.9227782460980407,0.993627086835829
0.9227910184688481,0.993627086835829
0.9228037908396557,0.993627086835829
0.9228548803228855,0.993627086835829
0.9228868112499042,0.9937052820893771
0.9229442869185378,0.9937052820893771
0.9230273073287864,0.9937052820893771
0.9230336935141901,0.9937052820893771
0.9230464658849976,0.9937443797161513
0.92308478299742,0.9937443797161513
0.9230975553682275,0.9937443797161513
0.9231231001098424,0.9937443797161513
0.9231358724806499,0.9937443797161513
0.923155031036861,0.9937443797161513
0.9231933481492834,0.9937443797161513
0.9232955271157433,0.9937443797161513
0.923301913301147,0.9937443797161513
0.9233210718573581,0.9937443797161513
0.923327458042762,0.9937443797161513
0.9233466165989731,0.9937443797161513
0.9233593889697805,0.9937443797161513
0.9233913198967992,0.9938225749696994
0.9234040922676067,0.9938225749696994
0.923493498863259,0.9938616725964734
0.9235318159756815,0.9938616725964734
0.9235382021610852,0.9938616725964734
0.9235573607172963,0.9938616725964734
0.9235765192735076,0.9938616725964734
0.9235956778297187,0.9938616725964734
0.9236276087567374,0.9938616725964734
0.9236339949421412,0.9938616725964734
0.9236659258691599,0.9938616725964734
0.9236723120545636,0.9938616725964734
0.923685084425371,0.9938616725964734
0.9236914706107747,0.9938616725964734
0.9237297877231971,0.9939007702232474
0.9237617186502158,0.9939007702232474
0.9238000357626382,0.9939007702232474
0.9238191943188495,0.9939007702232474
0.9238575114312719,0.9939007702232474
0.9239469180269242,0.9939007702232474
0.9239788489539428,0.9939007702232474
0.9239852351393466,0.9939007702232474
0.923998007510154,0.9939007702232474
0.9240171660663652,0.9939007702232474
0.924023552251769,0.9939007702232474
0.924023552251769,0.9939398678500215
0.9241321174036324,0.9939398678500215
0.9242087516284773,0.9939398678500215
0.9242215239992847,0.9939398678500215
0.9242789996679184,0.9939398678500215
0.9243556338927632,0.9939398678500215
0.9244194957468005,0.9939398678500215
0.924432268117608,0.9939398678500215
0.9244961299716453,0.9939398678500215
0.9245472194548752,0.9939398678500215
0.924745191202391,0.9939398678500215
0.9247579635731985,0.9939398678500215
0.9248345977980432,0.9939398678500215
0.9248856872812732,0.9939398678500215
0.9248984596520806,0.9939398678500215
0.9249240043936956,0.9939398678500215
0.924962321506118,0.9939398678500215
0.9250006386185404,0.9939398678500215
0.9250517281017703,0.9939398678500215
0.9250900452141927,0.9939398678500215
0.9251092037704038,0.9939398678500215
0.9252049965514599,0.9939789654767955
0.9252369274784785,0.9939789654767955
0.9252752445909009,0.9939789654767955
0.9252816307763047,0.9939789654767955
0.9253838097427645,0.9939789654767955
0.9254029682989756,0.9940180631035697
0.9254157406697832,0.9940180631035697
0.9254796025238204,0.9940571607303437
0.9255498505632616,0.9940571607303437
0.9255753953048765,0.9940962583571177
0.9255817814902803,0.9940962583571177
0.9256073262318951,0.9940962583571177
0.9256456433443175,0.9940962583571177
0.9256967328275475,0.9941744536106658
0.9257350499399699,0.9942135512374399
0.9257542084961811,0.9942135512374399
0.925779753237796,0.9942526488642139
0.9258052979794109,0.9942526488642139
0.9258116841648146,0.9942526488642139
0.9258627736480446,0.9942526488642139
0.9259138631312744,0.9942526488642139
0.9259202493166782,0.9942526488642139
0.9259330216874856,0.9942526488642139
0.9259394078728894,0.9942526488642139
0.9259841111707156,0.9942526488642139
0.9260160420977341,0.9942526488642139
0.9260288144685417,0.9942526488642139
0.9260543592101566,0.9942526488642139
0.9260862901371752,0.9942526488642139
0.9260990625079827,0.9942526488642139
0.9261246072495977,0.9942526488642139
0.9261437658058089,0.9942526488642139
0.9261501519912126,0.9942526488642139
0.9262012414744425,0.9942526488642139
0.9262267862160575,0.9942526488642139
0.9262587171430761,0.9942526488642139
0.9262970342554985,0.9942526488642139
0.9263161928117097,0.9942526488642139
0.9263736684803433,0.9942526488642139
0.9265524816716479,0.9942526488642139
0.9266291158964927,0.9942526488642139
0.9268462462002197,0.9942526488642139
0.9280404628707181,0.9944090393713102
0.9280468490561218,0.9944090393713102
0.928066007612333,0.9944090393713102
0.9281298694663703,0.9944872346248582
0.9285641300738243,0.9946045275051805
0.9286343781132654,0.9946436251319545
0.9286726952256877,0.9946436251319545
0.9334814928346999,0.9953864800406615
0.933819960661098,0.9953864800406615
0.9338327330319054,0.9953864800406615
0.9355442307201063,0.9955819681745318
0.9356336373157585,0.9955819681745318
0.9359401742151379,0.99566016342808
0.9359465604005416,0.99566016342808
0.9360104222545789,0.99566016342808
0.9360678979232125,0.99566016342808
0.936176463075076,0.99566016342808
0.9363297315247656,0.99566016342808
0.9385329654890541,0.9958556515619502
0.9385521240452653,0.9958556515619502
0.938558510230669,0.9958556515619502
0.9392929215520985,0.9958947491887242
0.939305693922906,0.9958947491887242
0.939618617007689,0.9958947491887242
0.9398868367946458,0.9958947491887242
0.9398932229800495,0.9958947491887242
0.9399634710194906,0.9958947491887242
0.9399698572048943,0.9958947491887242
0.940097580912969,0.9959338468154983
0.949293687894347,0.9970676779919458
0.9493064602651544,0.9970676779919458
0.9515352389710579,0.9974977518864605
0.9515416251564616,0.9974977518864605
0.9522377193654686,0.9975368495132345
0.9554435844381434,0.997888728154201
0.9557245765959077,0.997888728154201
0.9559800240120572,0.997927825780975
0.9559864101974609,0.997927825780975
0.9560119549390758,0.997927825780975
0.9563823536924924,0.9980060210345232
0.9564015122487036,0.9980060210345232
0.9571167650139218,0.9980842162880713
0.9571550821263443,0.9980842162880713
0.9571742406825555,0.9980842162880713
0.9574935499527423,0.9981233139148453
0.9577042940710655,0.9981233139148453
0.9577234526272767,0.9981233139148453
0.9580236033412523,0.9981233139148453
0.9585472705443584,0.9982015091683935
0.9595307430965336,0.9983188020487156
0.9597287148440493,0.9983188020487156
0.9598308938105091,0.9983188020487156
0.9605525327611312,0.9984360949290378
0.9607632768794544,0.9984360949290378
0.9607696630648581,0.9984360949290378
0.9610953585204486,0.9984360949290378
0.9611272894474673,0.9984360949290378
0.9624300712698292,0.9984751925558119
0.9624683883822515,0.9984751925558119
0.962481160753059,0.9984751925558119
0.9624875469384627,0.9984751925558119
0.9626663601297673,0.9985142901825859
0.9626791325005748,0.9985142901825859
0.9627238357984009,0.9985142901825859
0.9627621529108233,0.9985142901825859
0.9628068562086495,0.9985142901825859
0.9628451733210719,0.9985142901825859
0.9631580964058548,0.9985142901825859
0.9631708687766624,0.9985142901825859
0.9631836411474698,0.9985142901825859
0.9632475030015072,0.9985142901825859
0.9632538891869109,0.9985142901825859
0.9632730477431221,0.9985142901825859
0.9638350320586507,0.99855338780936
0.9638541906148619,0.99855338780936
0.9638925077272843,0.99855338780936
0.9639116662834956,0.99855338780936
0.963924438654303,0.99855338780936
0.9646907809027512,0.998592485436134
0.9646971670881549,0.998592485436134
0.9647099394589623,0.998592485436134
0.9648185046108259,0.9986315830629081
0.9648248907962296,0.9986315830629081
0.964959000689708,0.9986315830629081
0.964984545431323,0.9986315830629081
0.9653038547015097,0.9986315830629081
0.9658083633484047,0.9986315830629081
0.9660574245791503,0.9986315830629081
0.9661212864331877,0.9986315830629081
0.9663256443661072,0.9986706806896821
0.9664022785909521,0.9986706806896821
0.9667152016757351,0.9986706806896821
0.9668429253838098,0.9986706806896821
0.9672771859912637,0.9987488759432303
0.9673985235139346,0.9987488759432303
0.9674496129971646,0.9987488759432303
0.9674687715533757,0.9987488759432303
0.9674943162949907,0.9987488759432303
0.9676092676322579,0.9987488759432303
0.9676156538176617,0.9987488759432303
0.9685799678136255,0.9987488759432303
0.9687970981173526,0.9987488759432303
0.9688034843027563,0.9987488759432303
0.9688162566735637,0.9987488759432303
0.9688290290443712,0.9987488759432303
0.969314379135055,0.9987488759432303
0.9693526962474774,0.9987488759432303
0.9693973995453036,0.9987879735700043
0.969435716657726,0.9987879735700043
0.9694421028431297,0.9987879735700043
0.9703617135412675,0.9988270711967784
0.970374485912075,0.9988270711967784
0.9710194906378522,0.9988661688235524
0.9710514215648709,0.9988661688235524
0.9710578077502746,0.9988661688235524
0.971070580121082,0.9988661688235524
0.9719710322630086,0.9988661688235524
0.9723350448310215,0.9988661688235524
0.9723414310164252,0.9988661688235524
0.9723605895726365,0.9988661688235524
0.9728267811071091,0.9988661688235524
0.972877870590339,0.9988661688235524
0.9728970291465502,0.9988661688235524
0.9729098015173576,0.9988661688235524
0.9729417324443763,0.9988661688235524
0.9734079239788489,0.9988661688235524
0.9734270825350602,0.9988661688235524
0.9734526272766751,0.9988661688235524
0.9737847089176693,0.9988661688235524
0.9738038674738805,0.9988661688235524
0.9738102536592842,0.9988661688235524
0.9738102536592842,0.9989052664503265
0.9739571359235701,0.9989052664503265
0.9754962066058702,0.9989834617038745
0.9755281375328888,0.9989834617038745
0.9755345237182926,0.9989834617038745
0.9755345237182926,0.9990225593306487
0.9757069507241934,0.9991007545841968
0.9757452678366159,0.9991007545841968
0.9757580402074233,0.9991007545841968
0.9758155158760569,0.9991007545841968
0.9758346744322681,0.9991007545841968
0.9758474468030756,0.9991007545841968
0.9758985362863055,0.9991007545841968
0.9759368533987278,0.9991007545841968
0.9759496257695354,0.9991007545841968
0.9760645771068026,0.9991007545841968
0.97607734947761,0.9991007545841968
0.9761220527754362,0.9991007545841968
0.9766776509055611,0.9991007545841968
0.9766840370909649,0.9991007545841968
0.9767159680179835,0.9991007545841968
0.9770544358443815,0.9991007545841968
0.9770735944005926,0.9991007545841968
0.9770799805859963,0.9991007545841968
0.9771566148108412,0.9991007545841968
0.9771630009962449,0.9991007545841968
0.9771821595524561,0.9991007545841968
0.9771885457378598,0.9991007545841968
0.9772077042940711,0.9991007545841968
0.9772843385189158,0.9991007545841968
0.9774312207832018,0.9991007545841968
0.9777888471658109,0.9991007545841968
0.9779037985030782,0.9991007545841968
0.9779229570592893,0.9991007545841968
0.9790213809487317,0.9991789498377448
0.9790980151735765,0.9991789498377448
0.979110787544384,0.9991789498377448
0.9793087592918998,0.9992180474645189
0.9793151454773035,0.9992180474645189
0.9793790073313409,0.9992180474645189
0.979519503410223,0.9992180474645189
0.9795578205226454,0.9992180474645189
0.9801325772089815,0.9992180474645189
0.9813204076940761,0.9992571450912929
0.9813395662502874,0.9992571450912929
0.9813842695481135,0.9992571450912929
0.9814417452167471,0.9992571450912929
0.9817482821161264,0.9992571450912929
0.9821569979819654,0.9993744379716151
0.9821633841673691,0.9993744379716151
0.9822080874651953,0.9993744379716151
0.9822272460214065,0.9993744379716151
0.9824635348813446,0.9994135355983892
0.9824763072521522,0.9994135355983892
0.9825082381791708,0.9994135355983892
0.9825210105499783,0.9994135355983892
0.9825465552915932,0.9994135355983892
0.9825593276624007,0.9994135355983892
0.9825848724040156,0.9994135355983892
0.9826040309602269,0.9994135355983892
0.9827636855953202,0.9994135355983892
0.982770071780724,0.9994135355983892
0.9828275474493575,0.9994135355983892
0.9828403198201651,0.9994135355983892
0.9828530921909725,0.9994135355983892
0.9828658645617799,0.9994135355983892
0.9828914093033949,0.9994135355983892
0.9829105678596061,0.9994135355983892
0.9832873527984265,0.9994135355983892
0.9832937389838302,0.9994135355983892
0.9833128975400414,0.9994135355983892
0.9833192837254451,0.9994135355983892
0.9833639870232712,0.9994135355983892
0.9833959179502899,0.9994135355983892
0.9834725521751347,0.9994135355983892
0.9834789383605385,0.9994135355983892
0.9835044831021534,0.9994135355983892
0.9835491863999796,0.9994135355983892
0.983587503512402,0.9994135355983892
0.9837663167037065,0.9994135355983892
0.9837854752599178,0.9994135355983892
0.9838237923723402,0.9994135355983892
0.9838493371139551,0.9994135355983892
0.9838621094847626,0.9994135355983892
0.9840856259738933,0.9994135355983892
0.9841111707155082,0.9994135355983892
0.9841494878279307,0.9994135355983892
0.9842325082381792,0.9994135355983892
0.9842452806089866,0.9994135355983892
0.9842580529797941,0.9994135355983892
0.984283597721409,0.9994135355983892
0.9843219148338315,0.9994135355983892
0.9843410733900426,0.9994135355983892
0.9843666181316576,0.9994135355983892
0.9843730043170613,0.9994526332251632
0.984379390502465,0.9994526332251632
0.9844624109127136,0.9994526332251632
0.9844751832835211,0.9994526332251632
0.9845326589521547,0.9994526332251632
0.984551817508366,0.9994526332251632
0.9845582036937697,0.9994526332251632
0.9846986997726518,0.9994917308519373
0.9847242445142668,0.9995308284787113
0.984960533374205,0.9995308284787113
0.9849796919304161,0.9995308284787113
0.9849860781158198,0.9995308284787113
0.9850243952282423,0.9995308284787113
0.9850818708968759,0.9995308284787113
0.9851265741947021,0.9995308284787113
0.985318159756814,0.9995308284787113
0.9854650420211,0.9995308284787113
0.9856693999540195,0.9995308284787113
0.9857077170664419,0.9995308284787113
0.9857204894372493,0.9995308284787113
0.9860270263366286,0.9995308284787113
0.9860334125220324,0.9995308284787113
0.9860589572636472,0.9995308284787113
0.9861100467468772,0.9995308284787113
0.9862505428257593,0.9995308284787113
0.9863654941630265,0.9995308284787113
0.9865123764273125,0.9995308284787113
0.9869338646639589,0.9995699261054855
0.9869466370347664,0.9995699261054855
0.9869594094055739,0.9995699261054855
0.987074360742841,0.9995699261054855
0.9873553529006054,0.9995699261054855
0.9873681252714129,0.9995699261054855
0.987751296395637,0.9995699261054855
0.9877640687664444,0.9995699261054855
0.9882238741155133,0.9995699261054855
0.9882749635987432,0.9995699261054855
0.988281349784147,0.9995699261054855
0.9883515978235881,0.9995699261054855
0.9884282320484328,0.9995699261054855
0.9884346182338366,0.9995699261054855
0.9886964518353897,0.9996481213590335
0.9887283827624084,0.9996481213590335
0.9887475413186195,0.9996481213590335
0.9887730860602345,0.9996481213590335
0.9888624926558868,0.9996481213590335
0.9889135821391166,0.9996481213590335
0.9891562571844585,0.9996481213590335
0.9893350703757632,0.9996481213590335
0.9893733874881856,0.9996481213590335
0.989386159858993,0.9996481213590335
0.9894244769714154,0.9996481213590335
0.989481952640049,0.9996481213590335
0.9895777454211051,0.9996481213590335
0.9895969039773163,0.9996481213590335
0.9897821033540246,0.9996481213590335
0.9899034408766956,0.9996481213590335
0.9899289856183104,0.9996481213590335
0.989941757989118,0.9996481213590335
0.9899673027307329,0.9996481213590335
0.9900439369555777,0.9996481213590335
0.9901588882928449,0.9996481213590335
0.9905165146754541,0.9996481213590335
0.9905292870462615,0.9996481213590335
0.9905484456024727,0.9996872189858076
0.9906250798273175,0.9996872189858076
0.9907719620916035,0.9996872189858076
0.9908485963164483,0.9996872189858076
0.9910529542493678,0.9996872189858076
0.9912700845530947,0.9996872189858076
0.9916915727897412,0.9996872189858076
0.9919023169080645,0.9996872189858076
0.9919214754642757,0.9996872189858076
0.9925920249316679,0.9996872189858076
0.9926622729711089,0.9996872189858076
0.9926686591565126,0.9996872189858076
0.9929496513142769,0.9997654142393557
0.9929560374996806,0.9997654142393557
0.993045444095333,0.9998045118661297
0.993141236876389,0.9998045118661297
0.9931476230617927,0.9998045118661297
0.9934094566633459,0.9998045118661297
0.9934669323319795,0.9998045118661297
0.9935052494444019,0.9998045118661297
0.9945078805527882,0.9998045118661297
0.9951017957953355,0.9998436094929037
0.995114568166143,0.9998436094929037
0.9952614504304289,0.9998436094929037
0.9952806089866401,0.9998436094929037
0.995306153728255,0.9998436094929037
0.995548828773597,0.9998436094929037
0.9957723452627276,0.9998436094929037
0.995836207116765,0.9998436094929037
0.9958489794875724,0.9998436094929037
0.9960980407183181,0.9998436094929037
0.9962066058701816,0.9998827071196779
0.9962129920555853,0.9998827071196779
0.9962513091680077,0.9998827071196779
0.9962768539096227,0.9998827071196779
0.99634071576366,0.9998827071196779
0.9964365085447161,0.9998827071196779
0.9965259151403684,0.9998827071196779
0.9968132934835364,0.9998827071196779
0.9968324520397476,0.9998827071196779
0.9969282448208037,0.9998827071196779
0.9969410171916111,0.9999218047464519
0.9969474033770148,0.9999218047464519
0.9970304237872634,0.9999218047464519
0.9971773060515493,0.9999218047464519
0.9972667126472016,0.9999218047464519
0.9972858712034128,0.9999218047464519
0.9972922573888165,0.9999218047464519
0.997305029759624,0.9999218047464519
0.9973114159450277,0.9999218047464519
0.9974966153217361,0.9999218047464519
0.9978606278897489,0.999960902373226
0.9978797864459601,0.999960902373226
0.9981160753058983,0.999960902373226
0.9981543924183207,0.999960902373226
0.9981607786037244,0.999960902373226
0.9981799371599356,0.999960902373226
0.9982054819015506,0.999960902373226
0.998218254272358,0.999960902373226
0.9982246404577618,0.999960902373226
0.9984545431322962,0.999960902373226
0.9987993971440979,0.999960902373226
0.9989782103354025,0.999960902373226
0.9989909827062099,0.999960902373226
0.9989973688916136,0.999960902373226
0.9990165274478249,0.999960902373226
0.9990740031164584,0.999960902373226
0.9993805400158378,1.0
0.9993869262012415,1.0
0.9993996985720489,1.0
0.999616828875776,1.0
0.9996232150611797,1.0
0.9996998492860245,1.0
0.9998339591795029,1.0
0.9998531177357141,1.0
0.9999936138145963,1.0
1.0,1.0
