fpr,tpr
0.0,0.0
0.0,0.00017979144192736425
1.5601110799088896e-05,0.00017979144192736425
1.5601110799088896e-05,0.0003595828838547285
6.240444319635559e-05,0.0003595828838547285
6.240444319635559e-05,0.0005393743257820927
0.00012480888639271117,0.0005393743257820927
0.00012480888639271117,0.000719165767709457
0.00014040999719180006,0.000719165767709457
0.00014040999719180006,0.0010787486515641855
0.00017161221878997786,0.0010787486515641855
0.00017161221878997786,0.0012585400934915498
0.00020281444038815563,0.0012585400934915498
0.00020281444038815563,0.001438331535418914
0.00023401666198633343,0.001438331535418914
0.00023401666198633343,0.0016181229773462784
0.00024961777278542234,0.0016181229773462784
0.00024961777278542234,0.002157497303128371
0.00026521888358451123,0.002157497303128371
0.00026521888358451123,0.0023372887450557353
0.000296421105182689,0.0023372887450557353
0.000296421105182689,0.0025170801869830997
0.0003432244375799557,0.0025170801869830997
0.0003432244375799557,0.002876663070837828
0.0003588255483790446,0.002876663070837828
0.0003588255483790446,0.0030564545127651924
0.0003744266591781335,0.0030564545127651924
0.0003744266591781335,0.0034160373966199207
0.00040562888077631126,0.0034160373966199207
0.00040562888077631126,0.003595828838547285
0.00042122999157540015,0.0037756202804746495
0.00046803332397266686,0.0037756202804746495
0.00046803332397266686,0.004135203164329378
0.0005148366563699335,0.004135203164329378
0.0005148366563699335,0.004674577490111471
0.0005304377671690225,0.004674577490111471
0.0005304377671690225,0.005034160373966199
0.0005616399887672002,0.005034160373966199
0.0005616399887672002,0.005393743257820928
0.0006240444319635558,0.005393743257820928
0.0006396455427626447,0.005933117583603021
0.0006396455427626447,0.0066522833513124775
0.0006708477643608225,0.0066522833513124775
0.0006708477643608225,0.0068320747932398415
0.000748853318356267,0.0068320747932398415
0.0007644544291553559,0.007011866235167206
0.0007800555399544447,0.007011866235167206
0.0007800555399544447,0.00719165767709457
0.0008112577615526225,0.00719165767709457
0.0008112577615526225,0.007371449119021934
0.0008580610939498892,0.007371449119021934
0.0008580610939498892,0.007551240560949299
0.000904864426347156,0.007551240560949299
0.000904864426347156,0.007910823444804028
0.0009204655371462448,0.008090614886731391
0.0009672688695435115,0.008090614886731391
0.0009672688695435115,0.008270406328658756
0.0009828699803426004,0.008270406328658756
0.0009828699803426004,0.00845019777058612
0.001014072201940778,0.00845019777058612
0.001014072201940778,0.008629989212513484
0.001045274423538956,0.008989572096368213
0.001060875534338045,0.008989572096368213
0.001060875534338045,0.009169363538295576
0.0010920777559362226,0.009169363538295576
0.0011076788667353115,0.009349154980222941
0.0011076788667353115,0.009708737864077669
0.001170083309931667,0.009708737864077669
0.001170083309931667,0.010068320747932399
0.001185684420730756,0.010068320747932399
0.001185684420730756,0.010248112189859764
0.0012168866423289339,0.010248112189859764
0.0012480888639271116,0.010248112189859764
0.0012480888639271116,0.010427903631787127
0.0012636899747262005,0.010427903631787127
0.0012636899747262005,0.010607695073714491
0.0012948921963243784,0.010607695073714491
0.0012948921963243784,0.010787486515641856
0.001310493307123467,0.01096727795756922
0.001326094417922556,0.01096727795756922
0.001326094417922556,0.011326860841423949
0.001357296639520734,0.011326860841423949
0.001357296639520734,0.011686443725278677
0.0013884988611189116,0.011686443725278677
0.0013884988611189116,0.011866235167206042
0.0014040999719180005,0.011866235167206042
0.0014353021935161784,0.011866235167206042
0.0014509033043152673,0.011866235167206042
0.0014509033043152673,0.012046026609133405
0.001482105525913445,0.012046026609133405
0.001482105525913445,0.01222581805106077
0.0015445099691098006,0.01222581805106077
0.0015445099691098006,0.012765192376842862
0.0015601110799088895,0.012765192376842862
0.0015601110799088895,0.013664149586479683
0.0015757121907079784,0.013664149586479683
0.0015757121907079784,0.013843941028407048
0.001653717744703423,0.013843941028407048
0.001653717744703423,0.014023732470334413
0.001809728852694312,0.014023732470334413
0.001809728852694312,0.01438331535418914
0.0018565321850915785,0.01438331535418914
0.0018565321850915785,0.014563106796116505
0.0018877344066897564,0.014563106796116505
0.0018877344066897564,0.014742898238043868
0.001903335517488845,0.014742898238043868
0.001950138849886112,0.014742898238043868
0.0020437455146806453,0.014742898238043868
0.002059346625479734,0.014922689679971233
0.002090548847077912,0.014922689679971233
0.0021061499578770007,0.015102481121898598
0.0021373521794751786,0.015102481121898598
0.0021685544010733564,0.015282272563825961
0.0021997566226715343,0.015282272563825961
0.002215357733470623,0.015282272563825961
0.002215357733470623,0.015462064005753326
0.002230958844269712,0.015462064005753326
0.002246559955068801,0.01564185544768069
0.0022621610658678896,0.01564185544768069
0.0022621610658678896,0.01600143833153542
0.002277762176666979,0.01600143833153542
0.002277762176666979,0.016361021215390147
0.0022933632874660675,0.016361021215390147
0.0022933632874660675,0.01654081265731751
0.0023089643982651567,0.01654081265731751
0.0023245655090642454,0.016720604099244876
0.0023245655090642454,0.01690039554117224
0.002340166619863334,0.01690039554117224
0.002340166619863334,0.017259978425026967
0.002386969952260601,0.017259978425026967
0.0024181721738587786,0.017259978425026967
0.0025741832818496676,0.017259978425026967
0.0025741832818496676,0.017439769866954332
0.0025897843926487567,0.017439769866954332
0.0025897843926487567,0.017619561308881697
0.0026365877250460234,0.017619561308881697
0.0026677899466442012,0.017619561308881697
0.00268339105744329,0.017619561308881697
0.00268339105744329,0.01779935275080906
0.00268339105744329,0.01815893563466379
0.00268339105744329,0.018338727076591153
0.002714593279041468,0.018338727076591153
0.00282380105463509,0.018338727076591153
0.002839402165434179,0.018518518518518517
0.0028550032762332677,0.018518518518518517
0.002870604387032357,0.018698309960445882
0.0029018066086305347,0.018698309960445882
0.0029018066086305347,0.018878101402373247
0.0030266154950232458,0.018878101402373247
0.0030266154950232458,0.019417475728155338
0.0030734188274205124,0.019417475728155338
0.0030734188274205124,0.019956850053937433
0.0031046210490186903,0.019956850053937433
0.003120222159817779,0.019956850053937433
0.003120222159817779,0.020316432937792162
0.003151424381415957,0.020316432937792162
0.0031670254922150456,0.020496224379719527
0.0031982277138132235,0.020496224379719527
0.0031982277138132235,0.02067601582164689
0.0032606321570095792,0.02067601582164689
0.0032606321570095792,0.021035598705501618
0.003307435489406846,0.021035598705501618
0.003307435489406846,0.021215390147428983
0.0033230366002059346,0.021215390147428983
0.0033230366002059346,0.021395181589356348
0.0033854410434022903,0.021574973031283712
0.003401042154201379,0.021574973031283712
0.003401042154201379,0.021754764473211074
0.003416643265000468,0.021754764473211074
0.003463446597397735,0.021754764473211074
0.0034790477081968235,0.021754764473211074
0.00352585104059409,0.022114347357065803
0.00352585104059409,0.02229413879899317
0.003572654372991357,0.02229413879899317
0.003572654372991357,0.023013304566702624
0.003619457705388624,0.02319309600862999
0.003619457705388624,0.02355267889248472
0.0036350588161877125,0.02355267889248472
0.0036350588161877125,0.023732470334412083
0.003681862148584979,0.023732470334412083
0.003713064370183157,0.023732470334412083
0.003744266591781335,0.023732470334412083
0.003744266591781335,0.024271844660194174
0.0037754688133795128,0.024271844660194174
0.0037910699241786015,0.024271844660194174
0.0037910699241786015,0.02445163610212154
0.003837873256575868,0.02445163610212154
0.003837873256575868,0.024631427544048904
0.003869075478174046,0.02499101042790363
0.003869075478174046,0.025170801869830995
0.0038846765889731347,0.025170801869830995
0.0038846765889731347,0.02535059331175836
0.003915878810571313,0.02535059331175836
0.003915878810571313,0.025530384753685725
0.003947081032169491,0.025530384753685725
0.003947081032169491,0.02571017619561309
0.003978283253767668,0.025889967637540454
0.003978283253767668,0.026069759079467816
0.004009485475365846,0.026069759079467816
0.004009485475365846,0.02624955052139518
0.004103092140160379,0.02624955052139518
0.004103092140160379,0.026429341963322545
0.004134294361758557,0.026429341963322545
0.004212299915754001,0.026429341963322545
0.004212299915754001,0.026788924847177275
0.00424350213735218,0.026788924847177275
0.00424350213735218,0.02696871628910464
0.004337108802146713,0.02696871628910464
0.00436831102374489,0.027148507731032005
0.0043839121345439795,0.027328299172959366
0.0043839121345439795,0.02750809061488673
0.004399513245343069,0.02750809061488673
0.004399513245343069,0.027687882056814096
0.004461917688539424,0.027687882056814096
0.004461917688539424,0.028047464940668825
0.004477518799338513,0.028047464940668825
0.004477518799338513,0.02840704782452355
0.004493119910137602,0.028586839266450916
0.004508721020936691,0.028586839266450916
0.004508721020936691,0.02876663070837828
0.004571125464133046,0.02876663070837828
0.004571125464133046,0.028946422150305646
0.004586726574932135,0.028946422150305646
0.004586726574932135,0.02912621359223301
0.004602327685731224,0.02912621359223301
0.004633529907329402,0.02912621359223301
0.004695934350525757,0.02912621359223301
0.004695934350525757,0.029485796476087737
0.004789541015320291,0.029485796476087737
0.004820743236918469,0.029485796476087737
0.004898748790913913,0.029485796476087737
0.0049299510125120904,0.029485796476087737
0.0049299510125120904,0.0296655879180151
0.004961153234110269,0.0296655879180151
0.004961153234110269,0.029845379359942466
0.004976754344909358,0.029845379359942466
0.004992355455708446,0.03002517080186983
0.005007956566507535,0.03002517080186983
0.005039158788105713,0.030204962243797196
0.005148366563699335,0.030204962243797196
0.005148366563699335,0.03038475368572456
0.005195169896096602,0.03038475368572456
0.005195169896096602,0.030564545127651922
0.005210771006895691,0.030564545127651922
0.005210771006895691,0.030744336569579287
0.00522637211769478,0.030744336569579287
0.00522637211769478,0.031103919453434017
0.005241973228493868,0.031103919453434017
0.005241973228493868,0.03128371089536138
0.0052575743392929575,0.03128371089536138
0.005288776560891136,0.03164329377921611
0.00536678211488658,0.03164329377921611
0.005382383225685669,0.03182308522114347
0.0054915910012792914,0.03182308522114347
0.0054915910012792914,0.03200287666307084
0.005600798776872913,0.03200287666307084
0.005600798776872913,0.032362459546925564
0.005616399887672002,0.032362459546925564
0.005632000998471091,0.03254225098885293
0.005678804330868358,0.03254225098885293
0.005741208774064714,0.03254225098885293
0.005803613217261069,0.03254225098885293
0.005881618771256513,0.03254225098885293
0.005897219882055603,0.03272204243078029
0.005975225436051047,0.03272204243078029
0.005990826546850136,0.03290183387270766
0.006006427657649225,0.03290183387270766
0.006022028768448313,0.03308162531463502
0.006022028768448313,0.033261416756562384
0.00606883210084558,0.03398058252427184
0.006100034322443758,0.03398058252427184
0.006100034322443758,0.03434016540812657
0.0062092420980373805,0.03434016540812657
0.0062092420980373805,0.034519956850053934
0.006224843208836469,0.0346997482919813
0.006271646541233735,0.0346997482919813
0.006271646541233735,0.03505933117583603
0.006302848762831914,0.03505933117583603
0.006318449873631003,0.03541891405969076
0.00634965209522918,0.03541891405969076
0.00634965209522918,0.03559870550161812
0.006427657649224624,0.03559870550161812
0.00649006209242098,0.03559870550161812
0.00649006209242098,0.036138079827400214
0.006568067646416425,0.036138079827400214
0.0065992698680146025,0.036138079827400214
0.006661674311210958,0.036138079827400214
0.006692876532809136,0.036138079827400214
0.006708477643608225,0.036138079827400214
0.006739679865206402,0.03631787126932758
0.0067552809760054915,0.03631787126932758
0.0067552809760054915,0.036497662711254944
0.006802084308402758,0.036497662711254944
0.006802084308402758,0.037037037037037035
0.006833286530000936,0.037037037037037035
0.006833286530000936,0.0372168284789644
0.0069112920839963805,0.0372168284789644
0.0069112920839963805,0.037396619920891765
0.007004898748790914,0.037396619920891765
0.007004898748790914,0.03757641136281913
0.007036100970389092,0.03757641136281913
0.007036100970389092,0.037935994246673856
0.00705170208118818,0.037935994246673856
0.00705170208118818,0.038115785688601224
0.0070673031919872694,0.038115785688601224
0.0070673031919872694,0.038475368572455954
0.007082904302786359,0.038475368572455954
0.007082904302786359,0.038655160014383315
0.007114106524384536,0.038655160014383315
0.007114106524384536,0.039014742898238045
0.007145308745982714,0.039014742898238045
0.007145308745982714,0.039194534340165406
0.007160909856781803,0.039374325782092774
0.007160909856781803,0.039554117224020136
0.007176510967580892,0.039554117224020136
0.007176510967580892,0.039913700107874865
0.007192112078379981,0.039913700107874865
0.007192112078379981,0.040453074433656956
0.007207713189179069,0.040453074433656956
0.007207713189179069,0.040632865875584324
0.007223314299978158,0.040632865875584324
0.007254516521576336,0.040632865875584324
0.00734812318637087,0.040632865875584324
0.00734812318637087,0.040812657317511686
0.007426128740366314,0.040812657317511686
0.007457330961964492,0.040812657317511686
0.00748853318356267,0.040812657317511686
0.00748853318356267,0.040992448759439054
0.007504134294361759,0.040992448759439054
0.007504134294361759,0.041172240201366415
0.007519735405160847,0.04135203164329378
0.007566538737558114,0.04135203164329378
0.007566538737558114,0.041711614527148506
0.00761334206995538,0.041711614527148506
0.00761334206995538,0.041891405969075875
0.007660145402352648,0.041891405969075875
0.007675746513151736,0.041891405969075875
0.007675746513151736,0.042071197411003236
0.007722549845549003,0.042071197411003236
0.007722549845549003,0.0422509888529306
0.007738150956348092,0.0422509888529306
0.007738150956348092,0.042430780294857966
0.0077849542887453585,0.042430780294857966
0.007816156510343536,0.042430780294857966
0.007816156510343536,0.04261057173678533
0.007862959842740803,0.04261057173678533
0.007862959842740803,0.042790363178712695
0.007878560953539893,0.042790363178712695
0.007878560953539893,0.04297015462064006
0.007940965396736248,0.04297015462064006
0.007940965396736248,0.043149946062567425
0.008003369839932602,0.043329737504494786
0.00805017317232987,0.04386911183027688
0.008081375393928048,0.04386911183027688
0.008081375393928048,0.044048903272204246
0.008143779837124403,0.044048903272204246
0.008143779837124403,0.04422869471413161
0.00819058316952167,0.04422869471413161
0.008221785391119847,0.04422869471413161
0.008362195388311648,0.04422869471413161
0.008393397609909826,0.04440848615605897
0.008408998720708915,0.04458827759798634
0.00848700427470436,0.04458827759798634
0.00848700427470436,0.0447680690399137
0.008518206496302536,0.0447680690399137
0.008549408717900714,0.0447680690399137
0.008721020936690693,0.045307443365695796
0.00873662204748978,0.04548723480762316
0.00875222315828887,0.04548723480762316
0.00875222315828887,0.04566702624955052
0.008767824269087959,0.04566702624955052
0.008799026490686137,0.04566702624955052
0.008799026490686137,0.04584681769147789
0.008830228712284314,0.04584681769147789
0.008830228712284314,0.04638619201725998
0.008861430933882492,0.04638619201725998
0.008861430933882492,0.04656598345918734
0.00889263315548067,0.04656598345918734
0.00889263315548067,0.04674577490111471
0.008923835377078849,0.04674577490111471
0.008955037598677025,0.04674577490111471
0.00903304315267247,0.04674577490111471
0.00903304315267247,0.04746494066882417
0.009064245374270648,0.04764473211075153
0.009111048706667915,0.04764473211075153
0.009142250928266092,0.04764473211075153
0.009142250928266092,0.04782452355267889
0.00917345314986427,0.04782452355267889
0.00918905426066336,0.04800431499460626
0.009220256482261538,0.04800431499460626
0.009220256482261538,0.04818410643653362
0.009235857593060627,0.04818410643653362
0.009235857593060627,0.04836389787846099
0.009267059814658803,0.04836389787846099
0.009267059814658803,0.04854368932038835
0.009282660925457892,0.04854368932038835
0.009298262036256982,0.04872348076231572
0.00931386314705607,0.04872348076231572
0.00931386314705607,0.04890327220424308
0.00932946425785516,0.04890327220424308
0.00932946425785516,0.04908306364617044
0.009391868701051515,0.04908306364617044
0.009391868701051515,0.04926285508809781
0.009423070922649693,0.04944264653002517
0.009423070922649693,0.0498022294138799
0.009438672033448782,0.0498022294138799
0.009469874255046959,0.0498022294138799
0.009485475365846048,0.0498022294138799
0.009485475365846048,0.04998202085580726
0.009501076476645137,0.04998202085580726
0.009516677587444226,0.05016181229773463
0.009516677587444226,0.05034160373966199
0.009532278698243316,0.05034160373966199
0.009532278698243316,0.05052139518158936
0.009547879809042405,0.05052139518158936
0.009547879809042405,0.05088097806544409
0.009579082030640581,0.05088097806544409
0.009579082030640581,0.05142035239122618
0.009641486473836938,0.05142035239122618
0.009641486473836938,0.05160014383315354
0.009641486473836938,0.05195972671700827
0.009657087584636025,0.05195972671700827
0.009657087584636025,0.05213951815893563
0.009688289806234204,0.05213951815893563
0.009719492027832382,0.05213951815893563
0.009719492027832382,0.05267889248471773
0.009766295360229648,0.05267889248471773
0.009766295360229648,0.05285868392664509
0.009781896471028737,0.05285868392664509
0.009781896471028737,0.05321826681049982
0.009859902025024181,0.05321826681049982
0.009859902025024181,0.05375764113628191
0.009906705357421448,0.05375764113628191
0.009922306468220538,0.05393743257820928
0.01003151424381416,0.05393743257820928
0.01003151424381416,0.05411722402013664
0.010047115354613249,0.05411722402013664
0.010047115354613249,0.05429701546206401
0.010078317576211426,0.05429701546206401
0.010078317576211426,0.05447680690399137
0.010109519797809604,0.05447680690399137
0.010171924241005959,0.05447680690399137
0.010218727573403226,0.05447680690399137
0.010265530905800494,0.05447680690399137
0.010265530905800494,0.05465659834591873
0.01029673312739867,0.05465659834591873
0.01029673312739867,0.05501618122977346
0.01031233423819776,0.05501618122977346
0.01031233423819776,0.05537576411362819
0.010327935348996849,0.05537576411362819
0.010327935348996849,0.05573534699748292
0.010390339792193204,0.05573534699748292
0.010390339792193204,0.05591513843941028
0.01045274423538956,0.05591513843941028
0.01045274423538956,0.05627472132326501
0.01046834534618865,0.05627472132326501
0.01046834534618865,0.05717367853290183
0.010561952010983183,0.05717367853290183
0.010561952010983183,0.0573534699748292
0.010639957564978627,0.0573534699748292
0.010639957564978627,0.05753326141675656
0.010671159786576805,0.05753326141675656
0.010671159786576805,0.05771305285868392
0.010686760897375892,0.05771305285868392
0.010686760897375892,0.05789284430061129
0.01073356422977316,0.05789284430061129
0.010764766451371338,0.05789284430061129
0.010764766451371338,0.05843221862639338
0.010811569783768604,0.05843221862639338
0.010811569783768604,0.05861201006832075
0.010905176448563137,0.05861201006832075
0.010905176448563137,0.058971592952175474
0.010920777559362226,0.058971592952175474
0.010920777559362226,0.05915138439410284
0.010951979780960405,0.05915138439410284
0.010951979780960405,0.05951096727795757
0.010967580891759494,0.05951096727795757
0.011092389778152205,0.059870550161812294
0.011092389778152205,0.06005034160373966
0.011107990888951293,0.06005034160373966
0.011107990888951293,0.060230133045667024
0.011123591999750382,0.060230133045667024
0.011201597553745826,0.060230133045667024
0.011248400886143093,0.060230133045667024
0.011279603107741272,0.060230133045667024
0.01129520421854036,0.060230133045667024
0.01129520421854036,0.06040992448759439
0.011326406440138537,0.06040992448759439
0.011326406440138537,0.060589715929521754
0.01142001310493307,0.060589715929521754
0.01142001310493307,0.06076950737144912
0.011451215326531249,0.06076950737144912
0.011498018658928516,0.06076950737144912
0.011498018658928516,0.06094929881337648
0.01159162532372305,0.06094929881337648
0.01159162532372305,0.061129090255303845
0.011622827545321226,0.061129090255303845
0.011622827545321226,0.06130888169723121
0.011685231988517583,0.06130888169723121
0.01171643421011576,0.06130888169723121
0.01171643421011576,0.061488673139158574
0.011732035320914849,0.06166846458108594
0.011794439764111205,0.06166846458108594
0.011810040874910294,0.061848256023013304
0.011841243096508471,0.061848256023013304
0.011841243096508471,0.06202804746494067
0.01185684420730756,0.06202804746494067
0.01185684420730756,0.06220783890686803
0.01187244531810665,0.06220783890686803
0.01187244531810665,0.06256742179072276
0.011919248650503917,0.06256742179072276
0.011934849761303004,0.06256742179072276
0.011934849761303004,0.06274721323265013
0.011950450872102093,0.06274721323265013
0.011950450872102093,0.06328658755843222
0.011966051982901182,0.06328658755843222
0.011966051982901182,0.06346637900035958
0.01201285531529845,0.06346637900035958
0.01201285531529845,0.06364617044228695
0.012153265312490249,0.06364617044228695
0.012153265312490249,0.06418554476806904
0.012231270866485695,0.06418554476806904
0.012262473088083871,0.06418554476806904
0.012324877531280228,0.06418554476806904
0.012356079752878404,0.06418554476806904
0.012387281974476583,0.06418554476806904
0.012418484196074761,0.06418554476806904
0.012418484196074761,0.0643653362099964
0.01243408530687385,0.0643653362099964
0.01243408530687385,0.06472491909385113
0.012449686417672938,0.06472491909385113
0.012449686417672938,0.06508450197770586
0.012465287528472027,0.06508450197770586
0.012465287528472027,0.06544408486156059
0.012465287528472027,0.06562387630348795
0.012480888639271116,0.06562387630348795
0.012527691971668383,0.06562387630348795
0.012590096414864738,0.06562387630348795
0.012605697525663827,0.06580366774541532
0.012636899747262006,0.06580366774541532
0.012636899747262006,0.06598345918734268
0.012652500858061093,0.06598345918734268
0.01269930419045836,0.06598345918734268
0.01269930419045836,0.06652283351312477
0.012746107522855628,0.06652283351312477
0.012761708633654716,0.06670262495505214
0.012777309744453805,0.06670262495505214
0.012777309744453805,0.06760158216468896
0.012808511966051983,0.06760158216468896
0.012808511966051983,0.06796116504854369
0.012855315298449249,0.06796116504854369
0.012886517520047427,0.06796116504854369
0.012902118630846516,0.06796116504854369
0.012902118630846516,0.06814095649047106
0.012948921963243784,0.06814095649047106
0.012948921963243784,0.06832074793239842
0.012964523074042871,0.06832074793239842
0.012964523074042871,0.06850053937432578
0.01299572529564105,0.06850053937432578
0.01299572529564105,0.06886012225818051
0.013026927517239228,0.06886012225818051
0.013026927517239228,0.0693994965839626
0.013073730849636494,0.0693994965839626
0.013120534182033761,0.0693994965839626
0.01315173640363194,0.0693994965839626
0.013198539736029205,0.0693994965839626
0.013229741957627383,0.0693994965839626
0.013260944179225562,0.0693994965839626
0.013307747511622827,0.0693994965839626
0.013307747511622827,0.06957928802588997
0.013354550844020095,0.06957928802588997
0.013385753065618271,0.06975907946781733
0.013385753065618271,0.0699388709097447
0.013463758619613717,0.0699388709097447
0.013463758619613717,0.07011866235167206
0.013479359730412805,0.07011866235167206
0.013479359730412805,0.07047824523552679
0.013510561952010983,0.07047824523552679
0.013510561952010983,0.07065803667745416
0.013541764173609161,0.07065803667745416
0.013541764173609161,0.07137720244516362
0.01369777528160005,0.07137720244516362
0.01369777528160005,0.07155699388709097
0.013791381946394583,0.07155699388709097
0.013791381946394583,0.0719165767709457
0.013806983057193672,0.0719165767709457
0.013822584167992761,0.07227615965480043
0.013884988611189116,0.07227615965480043
0.013884988611189116,0.0724559510967278
0.013931791943586383,0.0724559510967278
0.013931791943586383,0.07263574253865517
0.013994196386782738,0.07263574253865517
0.013994196386782738,0.07281553398058252
0.014009797497581827,0.07281553398058252
0.014025398608380917,0.07299532542250989
0.01411900527317545,0.07299532542250989
0.014150207494773628,0.07299532542250989
0.014212611937969983,0.07299532542250989
0.014212611937969983,0.07335490830636461
0.01425941527036725,0.07335490830636461
0.01425941527036725,0.07353469974829198
0.014306218602764516,0.07353469974829198
0.014337420824362694,0.07353469974829198
0.014368623045960873,0.07353469974829198
0.014368623045960873,0.07371449119021935
0.01439982526755905,0.07371449119021935
0.01439982526755905,0.07389428263214672
0.014431027489157228,0.07389428263214672
0.014431027489157228,0.07425386551600144
0.014462229710755406,0.07425386551600144
0.014477830821554495,0.07425386551600144
0.014477830821554495,0.0744336569579288
0.014524634153951761,0.0744336569579288
0.014524634153951761,0.07461344839985616
0.014633841929545383,0.07461344839985616
0.014633841929545383,0.07479323984178353
0.014665044151143562,0.07479323984178353
0.014665044151143562,0.0749730312837109
0.014774251926737184,0.0749730312837109
0.014774251926737184,0.07515282272563827
0.014805454148335362,0.07515282272563827
0.014852257480732628,0.07551240560949299
0.014883459702330806,0.07551240560949299
0.014914661923928985,0.07551240560949299
0.014914661923928985,0.07569219705142036
0.014930263034728072,0.07569219705142036
0.014930263034728072,0.07587198849334771
0.01497706636712534,0.07587198849334771
0.01497706636712534,0.07605177993527508
0.015008268588723518,0.07605177993527508
0.015008268588723518,0.07623157137720245
0.01511747636431714,0.07623157137720245
0.01511747636431714,0.07641136281912982
0.015148678585915317,0.07641136281912982
0.015164279696714406,0.07659115426105717
0.015211083029111673,0.07659115426105717
0.015211083029111673,0.07677094570298454
0.015211083029111673,0.07713052858683926
0.01524228525070985,0.07713052858683926
0.01524228525070985,0.077490111470694
0.015257886361508939,0.077490111470694
0.015304689693906207,0.077490111470694
0.015335891915504383,0.077490111470694
0.015367094137102561,0.077490111470694
0.015367094137102561,0.07766990291262135
0.01538269524790165,0.07766990291262135
0.01538269524790165,0.07784969435454872
0.015413897469499829,0.07784969435454872
0.015445099691098006,0.07784969435454872
0.015460700801897095,0.07784969435454872
0.015523105245093451,0.07784969435454872
0.015538706355892539,0.07784969435454872
0.015538706355892539,0.07802948579647609
0.015554307466691628,0.07802948579647609
0.015585509688289806,0.07802948579647609
0.015601110799088895,0.07820927723840346
0.015632313020687072,0.07820927723840346
0.01569471746388343,0.07820927723840346
0.01569471746388343,0.07838906868033081
0.015710318574682518,0.07838906868033081
0.015710318574682518,0.07856886012225818
0.015725919685481607,0.07856886012225818
0.015725919685481607,0.07874865156418555
0.015772723017878874,0.07874865156418555
0.015772723017878874,0.0789284430061129
0.015788324128677964,0.07910823444804027
0.015788324128677964,0.07928802588996764
0.015835127461075228,0.07928802588996764
0.015866329682673406,0.07928802588996764
0.015913133015070673,0.07928802588996764
0.015913133015070673,0.07946781733189501
0.01595993634746794,0.07946781733189501
0.01595993634746794,0.07982740021574973
0.01595993634746794,0.08018698309960445
0.016006739679865205,0.08018698309960445
0.016006739679865205,0.08036677454153182
0.016022340790664294,0.08036677454153182
0.016022340790664294,0.08072635742538656
0.016037941901463383,0.08072635742538656
0.016037941901463383,0.08090614886731391
0.01606914412306156,0.08108594030924128
0.01610034634465974,0.08108594030924128
0.01610034634465974,0.08126573175116865
0.016147149677057007,0.08126573175116865
0.016147149677057007,0.081445523193096
0.016178351898655186,0.081445523193096
0.016178351898655186,0.08162531463502337
0.016193953009454275,0.08162531463502337
0.01622515523105245,0.08216468896080546
0.01622515523105245,0.08234448040273283
0.016256357452650628,0.08234448040273283
0.016287559674248806,0.0825242718446602
0.016318761895846984,0.0825242718446602
0.016349964117445163,0.08270406328658755
0.016365565228244252,0.08270406328658755
0.01638116633904334,0.08288385472851492
0.016459171893038783,0.08288385472851492
0.01649037411463696,0.08288385472851492
0.01655277855783332,0.08288385472851492
0.01655277855783332,0.08324343761236964
0.01663078411182876,0.08324343761236964
0.01663078411182876,0.08342322905429701
0.016786795219819652,0.08342322905429701
0.01680239633061874,0.08360302049622438
0.01692720521701145,0.08360302049622438
0.01692720521701145,0.0839626033800791
0.017005210771006897,0.0839626033800791
0.017005210771006897,0.08432218626393384
0.01705201410340416,0.08432218626393384
0.01705201410340416,0.0845019777058612
0.017208025211395053,0.0845019777058612
0.017208025211395053,0.08468176914778856
0.017239227432993227,0.08468176914778856
0.017254828543792317,0.08486156058971593
0.017317232986988673,0.08486156058971593
0.017317232986988673,0.0850413520316433
0.017410839651783208,0.0850413520316433
0.017410839651783208,0.08558072635742539
0.017426440762582297,0.08558072635742539
0.017426440762582297,0.08576051779935275
0.01747324409497956,0.08576051779935275
0.01752004742737683,0.08576051779935275
0.017551249648975007,0.08576051779935275
0.017582451870573185,0.08576051779935275
0.017613654092171364,0.08576051779935275
0.017613654092171364,0.08612010068320748
0.017707260756965895,0.08612010068320748
0.017738462978564074,0.08612010068320748
0.017738462978564074,0.0864796835670622
0.017754064089363163,0.0864796835670622
0.017769665200162252,0.08665947500898957
0.01778526631096134,0.08665947500898957
0.01783206964335861,0.08665947500898957
0.017847670754157698,0.08665947500898957
0.017847670754157698,0.08683926645091694
0.01792567630815314,0.08683926645091694
0.01792567630815314,0.0870190578928443
0.01794127741895223,0.0870190578928443
0.017972479640550407,0.0870190578928443
0.018003681862148586,0.0870190578928443
0.018019282972947675,0.08719884933477166
0.018034884083746764,0.08719884933477166
0.01806608630534494,0.08737864077669903
0.01806608630534494,0.08773822366055375
0.018097288526943117,0.08773822366055375
0.018097288526943117,0.08791801510248112
0.018159692970139474,0.08791801510248112
0.01822209741333583,0.08809780654440849
0.01822209741333583,0.08827759798633585
0.01823769852413492,0.08845738942826321
0.018315704078130362,0.08845738942826321
0.01834690629972854,0.08845738942826321
0.018409310742924897,0.08845738942826321
0.018409310742924897,0.08863718087019058
0.018440512964523075,0.08863718087019058
0.018456114075322164,0.08863718087019058
0.018456114075322164,0.08881697231211794
0.018565321850915785,0.08881697231211794
0.018565321850915785,0.0889967637540453
0.018580922961714874,0.0889967637540453
0.018612125183313052,0.0889967637540453
0.018612125183313052,0.08917655519597267
0.018721332958906673,0.08917655519597267
0.018721332958906673,0.08935634663790004
0.018736934069705762,0.08935634663790004
0.01876813629130394,0.08935634663790004
0.01878373740210303,0.0895361380798274
0.01878373740210303,0.08971592952175476
0.01879933851290212,0.08971592952175476
0.01879933851290212,0.09007551240560949
0.01889294517769665,0.09007551240560949
0.01889294517769665,0.09025530384753686
0.018986551842491185,0.09025530384753686
0.019017754064089364,0.09025530384753686
0.019033355174888453,0.09025530384753686
0.019033355174888453,0.09061488673139159
0.019048956285687542,0.09061488673139159
0.019048956285687542,0.09097446961524631
0.01906455739648663,0.09115426105717368
0.01908015850728572,0.09115426105717368
0.01908015850728572,0.09133405249910104
0.01909575961808481,0.09133405249910104
0.019142562950482073,0.09133405249910104
0.01931417516927205,0.09133405249910104
0.01931417516927205,0.0915138439410284
0.019376579612468407,0.0915138439410284
0.019407781834066586,0.0915138439410284
0.019438984055664764,0.0915138439410284
0.019454585166463853,0.09169363538295577
0.019454585166463853,0.09187342682488314
0.019548191831258385,0.09187342682488314
0.019548191831258385,0.0920532182668105
0.01961059627445474,0.0920532182668105
0.01961059627445474,0.09223300970873786
0.01962619738525383,0.09223300970873786
0.01962619738525383,0.09241280115066523
0.01973540516084745,0.09241280115066523
0.01976660738244563,0.09241280115066523
0.01978220849324472,0.09241280115066523
0.019813410714842897,0.09241280115066523
0.019813410714842897,0.09277238403451996
0.019860214047240164,0.09277238403451996
0.019891416268838343,0.09277238403451996
0.019922618490436517,0.09277238403451996
0.019922618490436517,0.09313196691837468
0.019938219601235607,0.09313196691837468
0.019953820712034696,0.09331175836030205
0.019969421822833785,0.09331175836030205
0.020000624044431963,0.09331175836030205
0.020000624044431963,0.09349154980222942
0.020094230709226498,0.09349154980222942
0.020094230709226498,0.09367134124415678
0.020125432930824676,0.09367134124415678
0.020125432930824676,0.09421071556993887
0.02015663515242285,0.09421071556993887
0.02015663515242285,0.09439050701186623
0.02018783737402103,0.09439050701186623
0.02020343848482012,0.09439050701186623
0.02020343848482012,0.0945702984537936
0.020219039595619208,0.0945702984537936
0.020219039595619208,0.09475008989572097
0.020234640706418297,0.09475008989572097
0.020234640706418297,0.09492988133764833
0.020250241817217386,0.09492988133764833
0.020250241817217386,0.09510967277957569
0.020312646260413743,0.09510967277957569
0.020343848482011918,0.09510967277957569
0.020359449592811007,0.09510967277957569
0.020359449592811007,0.09528946422150306
0.020375050703610096,0.09528946422150306
0.020375050703610096,0.09546925566343042
0.020406252925208274,0.09546925566343042
0.020406252925208274,0.09564904710535778
0.020437455146806453,0.09564904710535778
0.020453056257605542,0.09564904710535778
0.020453056257605542,0.09582883854728515
0.020531061811600988,0.09582883854728515
0.020562264033199162,0.09582883854728515
0.02057786514399825,0.09582883854728515
0.02057786514399825,0.09600862998921252
0.02059346625479734,0.09600862998921252
0.02062466847639552,0.09600862998921252
0.02062466847639552,0.09618842143113988
0.020640269587194608,0.09618842143113988
0.020640269587194608,0.09636821287306724
0.02074947736278823,0.09636821287306724
0.02074947736278823,0.0965480043149946
0.020858685138381853,0.0965480043149946
0.020858685138381853,0.09672779575692197
0.02090548847077912,0.09672779575692197
0.02090548847077912,0.09690758719884933
0.02092108958157821,0.09690758719884933
0.020952291803176388,0.09690758719884933
0.020983494024774563,0.09690758719884933
0.020999095135573652,0.0970873786407767
0.02106149957877001,0.0970873786407767
0.02106149957877001,0.09744696152463143
0.021077100689569098,0.09744696152463143
0.021077100689569098,0.09762675296655879
0.021108302911167276,0.09762675296655879
0.021123904021966365,0.09762675296655879
0.021123904021966365,0.09780654440848616
0.021233111797559986,0.09780654440848616
0.021233111797559986,0.09798633585041353
0.021248712908359075,0.09798633585041353
0.021264314019158164,0.09816612729234088
0.021279915129957253,0.09816612729234088
0.021279915129957253,0.09834591873426825
0.02131111735155543,0.09834591873426825
0.02132671846235452,0.09834591873426825
0.02132671846235452,0.09852571017619562
0.02134231957315361,0.09852571017619562
0.02134231957315361,0.09870550161812297
0.021373521794751785,0.09870550161812297
0.021404724016349963,0.09906508450197771
0.021420325127149052,0.09906508450197771
0.021420325127149052,0.09924487594390508
0.021560735124340855,0.09924487594390508
0.021560735124340855,0.09942466738583243
0.02159193734593903,0.09942466738583243
0.021638740678336297,0.09978425026968717
0.021654341789135386,0.09978425026968717
0.021685544010733564,0.09978425026968717
0.021701145121532654,0.09978425026968717
0.021701145121532654,0.09996404171161452
0.021732347343130832,0.09996404171161452
0.02176354956472901,0.09996404171161452
0.021810352897126274,0.09996404171161452
0.021966364005117166,0.09996404171161452
0.021981965115916255,0.10014383315354189
0.021981965115916255,0.10032362459546926
0.02201316733751443,0.10032362459546926
0.022044369559112608,0.10032362459546926
0.022059970669911697,0.10032362459546926
0.022059970669911697,0.10050341603739663
0.022106774002308965,0.10050341603739663
0.02216917844550532,0.10050341603739663
0.02216917844550532,0.10086299892125135
0.02218477955630441,0.10086299892125135
0.02218477955630441,0.10104279036317872
0.022215981777902585,0.10104279036317872
0.022262785110299853,0.10104279036317872
0.02229398733189803,0.10104279036317872
0.02232518955349621,0.10122258180510607
0.022387593996692566,0.10122258180510607
0.022387593996692566,0.10140237324703344
0.022403195107491652,0.10176195613088818
0.022403195107491652,0.10194174757281553
0.022481200661487098,0.10194174757281553
0.022496801772286187,0.1021215390147429
0.022543605104683454,0.1021215390147429
0.022543605104683454,0.10248112189859762
0.022543605104683454,0.10266091334052499
0.02259040843708072,0.10266091334052499
0.022621610658678896,0.10266091334052499
0.022652812880277075,0.10266091334052499
0.022668413991076164,0.10284070478245236
0.02284002620986614,0.10284070478245236
0.02287122843146432,0.10302049622437973
0.02288682954226341,0.10302049622437973
0.022918031763861587,0.10320028766630708
0.022964835096258854,0.10320028766630708
0.022964835096258854,0.10355987055016182
0.023011638428656122,0.10355987055016182
0.023011638428656122,0.10391945343401654
0.023105245093450653,0.10391945343401654
0.02313644731504883,0.10391945343401654
0.02315204842584792,0.10391945343401654
0.02315204842584792,0.10445882775979863
0.0231832506474461,0.10445882775979863
0.023214452869044278,0.10445882775979863
0.023230053979843363,0.104638619201726
0.02327685731224063,0.10481841064365337
0.02330805953383881,0.10481841064365337
0.02330805953383881,0.10499820208558072
0.023339261755436987,0.10499820208558072
0.023339261755436987,0.10517799352750809
0.023354862866236076,0.10517799352750809
0.023354862866236076,0.10553757641136281
0.02343286842023152,0.10553757641136281
0.023479671752628786,0.10571736785329018
0.023479671752628786,0.10589715929521755
0.023495272863427875,0.10589715929521755
0.023495272863427875,0.10625674217907227
0.023510873974226965,0.10625674217907227
0.023510873974226965,0.10643653362099964
0.02357327841742332,0.10643653362099964
0.02357327841742332,0.10661632506292701
0.023651283971418764,0.10661632506292701
0.023651283971418764,0.10679611650485436
0.023666885082217853,0.10697590794678173
0.023760491747012388,0.10697590794678173
0.023760491747012388,0.1071556993887091
0.023776092857811477,0.1071556993887091
0.023807295079409655,0.10733549083063647
0.023869699522606008,0.10733549083063647
0.023885300633405097,0.10733549083063647
0.023932103965802365,0.10733549083063647
0.02399450840899872,0.10733549083063647
0.02399450840899872,0.10769507371449119
0.0240257106305969,0.10769507371449119
0.0240257106305969,0.10787486515641856
0.02404131174139599,0.10787486515641856
0.02404131174139599,0.10823444804027328
0.024072513962994164,0.10823444804027328
0.02413491840619052,0.10841423948220065
0.02415051951698961,0.10841423948220065
0.02415051951698961,0.10859403092412802
0.024228525070985055,0.10859403092412802
0.024228525070985055,0.10877382236605537
0.02427532840338232,0.10877382236605537
0.024306530624980498,0.10877382236605537
0.024337732846578676,0.10895361380798274
0.024400137289775033,0.10931319669183746
0.024478142843770475,0.10931319669183746
0.024509345065368653,0.10931319669183746
0.0245873506193641,0.10931319669183746
0.024618552840962277,0.10931319669183746
0.024665356173359545,0.10931319669183746
0.02469655839495772,0.10931319669183746
0.02469655839495772,0.10949298813376483
0.024727760616555898,0.10949298813376483
0.024727760616555898,0.1096727795756922
0.024805766170551344,0.1096727795756922
0.024805766170551344,0.10985257101761955
0.0248681706137477,0.10985257101761955
0.024883771724546786,0.10985257101761955
0.024883771724546786,0.11003236245954692
0.024899372835345875,0.11021215390147429
0.024961777278542232,0.11021215390147429
0.024961777278542232,0.11039194534340166
0.02499297950014041,0.11039194534340166
0.02499297950014041,0.11057173678532901
0.02510218727573403,0.11057173678532901
0.02510218727573403,0.11075152822725638
0.025164591718930387,0.11075152822725638
0.025164591718930387,0.11129090255303847
0.025242597272925833,0.11129090255303847
0.02527379949452401,0.11147069399496584
0.025289400605323097,0.11147069399496584
0.025289400605323097,0.11183027687882056
0.025336203937720365,0.11201006832074793
0.02539860838091672,0.11201006832074793
0.0254298106025149,0.11201006832074793
0.025461012824113078,0.11201006832074793
0.025492215045711256,0.1121898597626753
0.025507816156510342,0.1121898597626753
0.02555461948890761,0.1121898597626753
0.0255702205997067,0.11272923408845739
0.025585821710505788,0.11272923408845739
0.025585821710505788,0.11308881697231211
0.025601422821304877,0.11308881697231211
0.025648226153702144,0.11308881697231211
0.025648226153702144,0.11326860841423948
0.025663827264501234,0.11326860841423948
0.025695029486099412,0.11344839985616685
0.025710630596898498,0.1136281912980942
0.025773035040094854,0.1136281912980942
0.025788636150893943,0.1136281912980942
0.02583543948329121,0.1136281912980942
0.0258510405940903,0.11380798274002157
0.0258510405940903,0.11416756562387631
0.025913445037286653,0.11416756562387631
0.025929046148085742,0.11434735706580366
0.026022652812880277,0.11434735706580366
0.026053855034478456,0.11434735706580366
0.026085057256076634,0.11434735706580366
0.02611625947767481,0.11452714850773103
0.02611625947767481,0.1147069399496584
0.026178663920871165,0.11506652283351312
0.026225467253268433,0.11506652283351312
0.026225467253268433,0.11542610571736785
0.026241068364067522,0.11542610571736785
0.026241068364067522,0.11578568860122258
0.0262722705856657,0.11578568860122258
0.02630347280726388,0.11578568860122258
0.026334675028862053,0.11578568860122258
0.026334675028862053,0.11596548004314995
0.026350276139661143,0.11596548004314995
0.02639707947205841,0.11596548004314995
0.02642828169365659,0.11596548004314995
0.026443882804455678,0.11596548004314995
0.026443882804455678,0.1161452714850773
0.026475085026053856,0.1161452714850773
0.026475085026053856,0.1166846458108594
0.026490686136852945,0.1166846458108594
0.026521888358451123,0.11686443725278677
0.026599893912446566,0.11686443725278677
0.026599893912446566,0.11704422869471413
0.026631096134044744,0.11704422869471413
0.02667789946644201,0.11704422869471413
0.0266935005772411,0.11704422869471413
0.02672470279883928,0.11704422869471413
0.02680270835283472,0.11704422869471413
0.02680270835283472,0.1172240201366415
0.0268339105744329,0.1172240201366415
0.026865112796031078,0.1172240201366415
0.026896315017629256,0.1172240201366415
0.026927517239227435,0.1172240201366415
0.02695871946082561,0.1172240201366415
0.026989921682423788,0.1172240201366415
0.027005522793222877,0.11740381157856886
0.027052326125620144,0.11740381157856886
0.027052326125620144,0.11758360302049622
0.027083528347218323,0.11758360302049622
0.0271147305688165,0.11776339446242359
0.02714593279041468,0.11776339446242359
0.027161533901213765,0.11794318590435095
0.02727074167680739,0.11794318590435095
0.027301943898405567,0.11812297734627832
0.027348747230802835,0.11812297734627832
0.027348747230802835,0.11830276878820568
0.02737994945240101,0.11830276878820568
0.027567162781990076,0.11830276878820568
0.027567162781990076,0.11848256023013305
0.027582763892789165,0.11848256023013305
0.027629567225186433,0.1186623516720604
0.02769197166838279,0.1186623516720604
0.027723173889980968,0.1186623516720604
0.027754376111579146,0.1186623516720604
0.027754376111579146,0.11884214311398777
0.02776997722237823,0.11884214311398777
0.02780117944397641,0.11902193455591514
0.02783238166557459,0.11902193455591514
0.02783238166557459,0.1192017259978425
0.027847982776373677,0.1192017259978425
0.027847982776373677,0.11938151743976987
0.027879184997971856,0.11938151743976987
0.027894786108770945,0.11974110032362459
0.027894786108770945,0.11992089176555196
0.027910387219570034,0.11992089176555196
0.027910387219570034,0.12010068320747933
0.0279571905519673,0.12010068320747933
0.0279571905519673,0.1202804746494067
0.028019594995163655,0.1202804746494067
0.02808199943836001,0.1202804746494067
0.02811320165995819,0.1202804746494067
0.028160004992355457,0.12046026609133405
0.028175606103154546,0.12046026609133405
0.028175606103154546,0.12064005753326142
0.028191207213953632,0.12064005753326142
0.02822240943555181,0.12064005753326142
0.0282380105463509,0.12064005753326142
0.0282380105463509,0.12081984897518878
0.028284813878748167,0.12081984897518878
0.028284813878748167,0.12099964041711614
0.028300414989547256,0.12099964041711614
0.028331617211145434,0.12099964041711614
0.028347218321944524,0.12099964041711614
0.028409622765140877,0.12153901474289824
0.028440824986739055,0.12153901474289824
0.028472027208337233,0.12153901474289824
0.028487628319136322,0.12153901474289824
0.028487628319136322,0.1217188061848256
0.02850322942993541,0.1217188061848256
0.02853443165153359,0.1217188061848256
0.028581234983930857,0.1217188061848256
0.028581234983930857,0.12189859762675297
0.028612437205529032,0.12189859762675297
0.028612437205529032,0.12225818051060769
0.028612437205529032,0.12243797195253506
0.02862803831632812,0.12243797195253506
0.02862803831632812,0.12261776339446243
0.028721644981122656,0.12261776339446243
0.028752847202720835,0.12261776339446243
0.0287996505351181,0.12261776339446243
0.0287996505351181,0.1227975548363898
0.028815251645917188,0.12297734627831715
0.028846453867515366,0.12297734627831715
0.028846453867515366,0.12315713772024452
0.028862054978314455,0.12315713772024452
0.028893257199912634,0.12315713772024452
0.028908858310711723,0.12315713772024452
0.028924459421510812,0.12333692916217188
0.02895566164310899,0.12333692916217188
0.02897126275390808,0.12351672060409924
0.029002464975506258,0.12351672060409924
0.029002464975506258,0.12387630348795398
0.029018066086305343,0.12387630348795398
0.029018066086305343,0.12405609492988134
0.0290804705295017,0.12405609492988134
0.02911167275109988,0.12405609492988134
0.029127273861898968,0.12405609492988134
0.029142874972698057,0.1242358863718087
0.029205279415894413,0.1242358863718087
0.029298886080688945,0.1242358863718087
0.029423694967081655,0.1242358863718087
0.029423694967081655,0.12441567781373607
0.029470498299478922,0.12441567781373607
0.029470498299478922,0.12477526069759079
0.0295017005210771,0.12477526069759079
0.02953290274267528,0.12513484358144553
0.02953290274267528,0.1253146350233729
0.029564104964273457,0.1253146350233729
0.029610908296670724,0.1253146350233729
0.02962650940746981,0.1253146350233729
0.02962650940746981,0.12549442646530026
0.02965771162906799,0.12549442646530026
0.029673312739867078,0.1256742179072276
0.029704514961465256,0.1256742179072276
0.029735717183063434,0.12585400934915497
0.029751318293862523,0.12585400934915497
0.029751318293862523,0.1262135922330097
0.029766919404661613,0.1262135922330097
0.029766919404661613,0.12657317511686444
0.029766919404661613,0.1267529665587918
0.0297825205154607,0.1267529665587918
0.02981372273705888,0.1267529665587918
0.02982932384785797,0.1267529665587918
0.02982932384785797,0.12693275800071915
0.029844924958657055,0.12711254944264652
0.029844924958657055,0.1272923408845739
0.029876127180255233,0.1272923408845739
0.029876127180255233,0.12747213232650126
0.02990732940185341,0.12747213232650126
0.02993853162345159,0.12747213232650126
0.02993853162345159,0.127831715210356
0.02993853162345159,0.12801150665228336
0.02995413273425068,0.12801150665228336
0.029985334955848857,0.12801150665228336
0.029985334955848857,0.1281912980942107
0.030016537177447036,0.1281912980942107
0.030016537177447036,0.12837108953613807
0.030172548285437924,0.12837108953613807
0.030203750507036102,0.12837108953613807
0.030203750507036102,0.1287306724199928
0.030250553839433366,0.1287306724199928
0.030281756061031544,0.1287306724199928
0.03050017161221879,0.1287306724199928
0.03050017161221879,0.12891046386192018
0.030609379387812413,0.12891046386192018
0.030609379387812413,0.12909025530384755
0.03064058160941059,0.12909025530384755
0.030687384941807856,0.12909025530384755
0.030687384941807856,0.1292700467457749
0.0307653904958033,0.1292700467457749
0.030843396049798747,0.1292700467457749
0.03089019938219601,0.1292700467457749
0.0309058004929951,0.1292700467457749
0.0309058004929951,0.12944983818770225
0.030952603825392368,0.12944983818770225
0.030952603825392368,0.129809421071557
0.030983806046990546,0.129809421071557
0.030983806046990546,0.13016900395541173
0.031030609379387813,0.13016900395541173
0.031139817154981434,0.13016900395541173
0.031171019376579612,0.1307083782811938
0.031171019376579612,0.13088816972312117
0.03120222159817779,0.13106796116504854
0.03121782270897688,0.13106796116504854
0.03121782270897688,0.1312477526069759
0.031264626041374144,0.1312477526069759
0.031264626041374144,0.13142754404890328
0.03129582826297232,0.13142754404890328
0.03129582826297232,0.13160733549083065
0.0313270304845705,0.13178712693275801
0.03135823270616868,0.13178712693275801
0.03135823270616868,0.13196691837468535
0.031405036038565946,0.13196691837468535
0.031405036038565946,0.1323265012585401
0.031451839370963214,0.1323265012585401
0.03148304159256139,0.1323265012585401
0.03152984492495866,0.1323265012585401
0.03156104714655684,0.1323265012585401
0.03157664825735593,0.1323265012585401
0.0316078504789541,0.13250629270046746
0.03163905270055228,0.13250629270046746
0.03163905270055228,0.13268608414239483
0.031654653811351366,0.13268608414239483
0.031654653811351366,0.13304566702624954
0.031685856032949544,0.13304566702624954
0.03173265936534681,0.13304566702624954
0.0317482604761459,0.1332254584681769
0.03181066491934226,0.1332254584681769
0.03191987269493588,0.13340524991010427
0.03204468158132859,0.13340524991010427
0.032075883802926766,0.13340524991010427
0.032075883802926766,0.13358504135203164
0.032091484913725855,0.13358504135203164
0.032122687135324034,0.13358504135203164
0.03213828824612312,0.133764832793959
0.03215388935692221,0.133764832793959
0.03218509157852039,0.133764832793959
0.03218509157852039,0.13394462423588638
0.032278698243314925,0.13394462423588638
0.03235670379731037,0.13394462423588638
0.03240350712970764,0.13394462423588638
0.03240350712970764,0.13412441567781375
0.03246591157290399,0.13412441567781375
0.032528316016100345,0.13412441567781375
0.03257511934849761,0.13412441567781375
0.03257511934849761,0.1343042071197411
0.03260632157009579,0.1343042071197411
0.032715529345689415,0.1343042071197411
0.032715529345689415,0.13466379000359582
0.03276233267808668,0.13466379000359582
0.03279353489968486,0.13466379000359582
0.03279353489968486,0.1348435814455232
0.03291834378607757,0.1353829557713053
0.032933944896876656,0.1353829557713053
0.032965147118474834,0.1353829557713053
0.03307435489406846,0.1353829557713053
0.033136759337264815,0.13556274721323264
0.033136759337264815,0.13574253865516
0.033152360448063904,0.13610212153901474
0.03318356266966208,0.13610212153901474
0.03319916378046117,0.13610212153901474
0.03319916378046117,0.1362819129809421
0.03323036600205935,0.1362819129809421
0.03323036600205935,0.13646170442286948
0.03326156822365752,0.13664149586479685
0.03332397266685388,0.13664149586479685
0.03332397266685388,0.1368212873067242
0.033355174888452056,0.1368212873067242
0.033370775999251145,0.1368212873067242
0.033401978220849324,0.1368212873067242
0.0334331804424475,0.1368212873067242
0.03349558488564386,0.13700107874865156
0.033589191550438394,0.13700107874865156
0.033589191550438394,0.13718087019057892
0.03365159599363474,0.13718087019057892
0.03365159599363474,0.1373606616325063
0.03366719710443383,0.1373606616325063
0.03366719710443383,0.13772024451636103
0.0337140004368311,0.13772024451636103
0.0337140004368311,0.1379000359582884
0.03374520265842928,0.1379000359582884
0.03374520265842928,0.13807982740021574
0.033792005990826546,0.13807982740021574
0.0338544104340229,0.13807982740021574
0.0338544104340229,0.1382596188421431
0.03387001154482199,0.13843941028407047
0.03390121376642017,0.13843941028407047
0.03393241598801835,0.13843941028407047
0.03402602265281288,0.13843941028407047
0.03405722487441106,0.13843941028407047
0.03405722487441106,0.13861920172599784
0.034072825985210144,0.13861920172599784
0.034072825985210144,0.1387989931679252
0.03408842709600923,0.1387989931679252
0.03411962931760741,0.1387989931679252
0.0341352304284065,0.1387989931679252
0.03416643265000468,0.1387989931679252
0.03416643265000468,0.13897878460985258
0.03418203376080377,0.13915857605177995
0.034213235982401946,0.13915857605177995
0.034244438204000124,0.13915857605177995
0.03432244375799557,0.13915857605177995
0.03432244375799557,0.1393383674937073
0.03436924709039284,0.1393383674937073
0.03436924709039284,0.13951815893563466
0.03438484820119193,0.13951815893563466
0.03438484820119193,0.1398777418194894
0.03444725264438828,0.1398777418194894
0.034478454865986455,0.1398777418194894
0.034478454865986455,0.14023732470334413
0.034494055976785544,0.14023732470334413
0.03452525819838372,0.14023732470334413
0.034681269306374614,0.14023732470334413
0.034681269306374614,0.1404171161452715
0.03471247152797279,0.14059690758719884
0.03475927486037006,0.14059690758719884
0.03479047708196824,0.14059690758719884
0.03479047708196824,0.1407766990291262
0.034852881525164595,0.1407766990291262
0.034852881525164595,0.14095649047105357
0.034868482635963684,0.14095649047105357
0.034868482635963684,0.14113628191298094
0.034899684857561855,0.14113628191298094
0.03496208930075821,0.14113628191298094
0.0349776904115573,0.14113628191298094
0.03500889263315548,0.14113628191298094
0.03502449374395457,0.14113628191298094
0.03502449374395457,0.1413160733549083
0.035102499297950014,0.1413160733549083
0.035102499297950014,0.14149586479683568
0.0351181004087491,0.14149586479683568
0.0351181004087491,0.14167565623876305
0.03518050485194546,0.14167565623876305
0.03521170707354364,0.14167565623876305
0.03521170707354364,0.14203523912261776
0.03524290929514182,0.14203523912261776
0.035289712627539084,0.14203523912261776
0.035305313738338166,0.14203523912261776
0.035305313738338166,0.14221503056454513
0.03538331929233361,0.14221503056454513
0.03538331929233361,0.1423948220064725
0.03546132484632906,0.1423948220064725
0.03547692595712815,0.14257461344839986
0.035508128178726325,0.14257461344839986
0.035539330400324504,0.14275440489032723
0.035539330400324504,0.1429341963322546
0.03555493151112359,0.14311398777418194
0.03558613373272177,0.14311398777418194
0.03558613373272177,0.1432937792161093
0.03561733595431995,0.1432937792161093
0.03563293706511904,0.1432937792161093
0.03564853817591813,0.14365336209996404
0.03566413928671722,0.14365336209996404
0.035695341508315395,0.14365336209996404
0.035742144840712656,0.14365336209996404
0.03580454928390901,0.14365336209996404
0.03586695372710537,0.14365336209996404
0.03589815594870355,0.14365336209996404
0.03589815594870355,0.1438331535418914
0.03622577927548441,0.14455231930960086
0.03627258260788168,0.14455231930960086
0.03630378482947986,0.14455231930960086
0.036350588161877126,0.14455231930960086
0.036350588161877126,0.1449119021934556
0.036381790383475304,0.1449119021934556
0.03639739149427439,0.14509169363538296
0.03645979593747075,0.14509169363538296
0.036631408156260724,0.1458108594030924
0.03664700926705981,0.1458108594030924
0.03670941371025617,0.1458108594030924
0.03670941371025617,0.14617044228694714
0.03672501482105526,0.14617044228694714
0.03672501482105526,0.1463502337288745
0.03674061593185435,0.14653002517080188
0.036771818153452526,0.14653002517080188
0.036803020375050705,0.14653002517080188
0.036803020375050705,0.14670981661272922
0.036818621485849794,0.14670981661272922
0.036818621485849794,0.14706939949658396
0.03684982370744797,0.14706939949658396
0.03684982370744797,0.1474289823804387
0.03688102592904615,0.1474289823804387
0.03688102592904615,0.14760877382236606
0.03691222815064433,0.14760877382236606
0.03692782926144342,0.14778856526429343
0.03695903148304159,0.14778856526429343
0.03697463259384068,0.14778856526429343
0.03700583481543886,0.14796835670622077
0.03719304814502793,0.14796835670622077
0.037208649255827016,0.14814814814814814
0.037239851477425194,0.14814814814814814
0.037239851477425194,0.1483279395900755
0.03725545258822428,0.1483279395900755
0.03727105369902337,0.14850773103200288
0.03727105369902337,0.14868752247393024
0.03733345814221973,0.14868752247393024
0.03733345814221973,0.1488673139158576
0.03739586258541608,0.1488673139158576
0.03739586258541608,0.14904710535778498
0.037442665917813346,0.14904710535778498
0.037442665917813346,0.14922689679971232
0.037458267028612435,0.14922689679971232
0.037458267028612435,0.1494066882416397
0.037489469250210614,0.14976627112549443
0.03756747480420606,0.14976627112549443
0.03759867702580424,0.14976627112549443
0.03761427813660333,0.14976627112549443
0.037645480358201505,0.14976627112549443
0.037661081469000594,0.14976627112549443
0.037661081469000594,0.1499460625674218
0.03772348591219695,0.1499460625674218
0.03775468813379513,0.1499460625674218
0.0377858903553933,0.1499460625674218
0.0377858903553933,0.15012585400934916
0.037863895909388746,0.15012585400934916
0.037863895909388746,0.15030564545127653
0.037879497020187836,0.1508450197770586
0.03803550812817873,0.1508450197770586
0.03803550812817873,0.15102481121898598
0.038082311460575995,0.15102481121898598
0.038082311460575995,0.1513843941028407
0.038097912571375084,0.15156418554476808
0.03811351368217417,0.15156418554476808
0.03822272145776779,0.15156418554476808
0.03825392367936597,0.15156418554476808
0.03825392367936597,0.15174397698669542
0.038300727011763236,0.15174397698669542
0.038300727011763236,0.1519237684286228
0.0383475303441605,0.1519237684286228
0.03837873256575868,0.1519237684286228
0.03842553589815595,0.1519237684286228
0.03842553589815595,0.15210355987055016
0.03844113700895504,0.15210355987055016
0.03844113700895504,0.15228335131247753
0.03847233923055322,0.15228335131247753
0.03847233923055322,0.15264293419633226
0.038519142562950484,0.15264293419633226
0.038519142562950484,0.15318230852211434
0.03858154700614684,0.15318230852211434
0.03858154700614684,0.1533620999640417
0.0386283503385441,0.1533620999640417
0.0386283503385441,0.15372168284789645
0.03864395144934319,0.15372168284789645
0.03864395144934319,0.15408126573175118
0.038753159224936815,0.15408126573175118
0.038955973665324974,0.15426105717367852
0.03901837810852132,0.15426105717367852
0.03903397921932041,0.1544408486156059
0.0390495803301195,0.1544408486156059
0.0390495803301195,0.15480043149946063
0.03906518144091859,0.15480043149946063
0.03906518144091859,0.154980222941388
0.03908078255171768,0.15516001438331536
0.03909638366251677,0.15516001438331536
0.03911198477331586,0.1553398058252427
0.03912758588411495,0.1553398058252427
0.039143186994914037,0.15551959726717007
0.039189990327311304,0.15551959726717007
0.03922119254890948,0.1558791801510248
0.03929919810290493,0.1558791801510248
0.039346001435302196,0.1558791801510248
0.039346001435302196,0.15605897159295218
0.039361602546101285,0.15623876303487955
0.03939280476769946,0.15623876303487955
0.03939280476769946,0.15641855447680691
0.03945520921089581,0.15641855447680691
0.03948641143249399,0.15641855447680691
0.03948641143249399,0.15659834591873426
0.03954881587569035,0.15659834591873426
0.039580018097288526,0.15659834591873426
0.039595619208087615,0.15659834591873426
0.03962682142968579,0.15659834591873426
0.03962682142968579,0.15677813736066162
0.03968922587288215,0.15677813736066162
0.039782832537676685,0.15677813736066162
0.039860838091672124,0.15677813736066162
0.0398920403132703,0.15677813736066162
0.03997004586726575,0.15677813736066162
0.03997004586726575,0.156957928802589
0.040016849199663015,0.156957928802589
0.040016849199663015,0.15713772024451636
0.04014165808605573,0.15713772024451636
0.04014165808605573,0.15731751168644373
0.04015725919685482,0.15731751168644373
0.04017286030765391,0.1574973031283711
0.040188461418452996,0.1574973031283711
0.040188461418452996,0.15767709457029846
0.040219663640051175,0.15767709457029846
0.04025086586164935,0.15767709457029846
0.04034447252644388,0.15767709457029846
0.04037567474804206,0.15767709457029846
0.04040687696964024,0.15767709457029846
0.04042247808043933,0.1578568860122258
0.040453680302037505,0.1578568860122258
0.040453680302037505,0.15803667745415317
0.04051608474523386,0.15803667745415317
0.04056288807763113,0.15803667745415317
0.04056288807763113,0.15821646889608054
0.04059409029922931,0.15821646889608054
0.040609691410028396,0.1583962603380079
0.04078130362881837,0.1594750089895721
0.04084370807201473,0.1594750089895721
0.04084370807201473,0.15965480043149946
0.04095291584760835,0.1600143833153542
0.04098411806920653,0.16019417475728157
0.041093325844800146,0.16019417475728157
0.041124528066398325,0.16019417475728157
0.041140129177197414,0.16019417475728157
0.041140129177197414,0.1603739661992089
0.0411557302879965,0.1603739661992089
0.04118693250959468,0.1603739661992089
0.04120253362039377,0.16055375764113627
0.04121813473119286,0.16055375764113627
0.04123373584199195,0.16073354908306364
0.04126493806359013,0.16073354908306364
0.041280539174389216,0.160913340524991
0.041327342506786484,0.160913340524991
0.04135854472838466,0.160913340524991
0.04137414583918375,0.16109313196691838
0.041545758057973725,0.16109313196691838
0.041545758057973725,0.16127292340884575
0.0415769602795719,0.16127292340884575
0.04163936472276826,0.16145271485077312
0.04170176916596462,0.16145271485077312
0.04170176916596462,0.16163250629270046
0.041732971387562795,0.16163250629270046
0.04177977471996006,0.16163250629270046
0.04181097694155824,0.16163250629270046
0.04184217916315642,0.16163250629270046
0.04185778027395551,0.16163250629270046
0.0418733813847546,0.16181229773462782
0.04188898249555369,0.16181229773462782
0.041904583606352776,0.1619920891765552
0.04192018471715186,0.1619920891765552
0.04192018471715186,0.16217188061848256
0.041951386938750036,0.16217188061848256
0.04201379138194639,0.16217188061848256
0.04204499360354457,0.16217188061848256
0.04206059471434366,0.16235167206040993
0.04209179693594184,0.16235167206040993
0.042138600268339106,0.1625314635023373
0.04220100471153546,0.1625314635023373
0.04223220693313364,0.1625314635023373
0.04224780804393273,0.1625314635023373
0.04229461137633,0.16271125494426467
0.04232581359792817,0.16271125494426467
0.042388218041124526,0.16271125494426467
0.042388218041124526,0.16307083782811937
0.042403819151923615,0.16307083782811937
0.04245062248432088,0.16325062927004674
0.04251302692751724,0.16325062927004674
0.042575431370713596,0.16325062927004674
0.042575431370713596,0.1634304207119741
0.042606633592311774,0.1634304207119741
0.04262223470311086,0.16379000359582885
0.04270024025710631,0.16379000359582885
0.04270024025710631,0.16396979503775622
0.04273144247870449,0.16396979503775622
0.04276264470030266,0.16396979503775622
0.04277824581110175,0.16396979503775622
0.042809448032699926,0.16396979503775622
0.042825049143499015,0.16414958647968356
0.042825049143499015,0.16432937792161093
0.042840650254298104,0.16432937792161093
0.042840650254298104,0.16468896080546566
0.04290305469749446,0.16468896080546566
0.04290305469749446,0.16486875224739303
0.043012262473088085,0.16486875224739303
0.043027863583887174,0.1650485436893204
0.043027863583887174,0.16522833513124774
0.04307466691628444,0.16522833513124774
0.04310586913788262,0.16522833513124774
0.043230678024275326,0.16522833513124774
0.043230678024275326,0.1654081265731751
0.043277481356672594,0.1654081265731751
0.043277481356672594,0.16558791801510248
0.04329308246747168,0.16558791801510248
0.04337108802146713,0.16558791801510248
0.043449093575462575,0.16558791801510248
0.043449093575462575,0.16576770945702984
0.043464694686261664,0.16576770945702984
0.043464694686261664,0.1659475008989572
0.04349589690785984,0.1659475008989572
0.04349589690785984,0.16612729234088458
0.04351149801865893,0.16612729234088458
0.04354270024025711,0.16612729234088458
0.04357390246185528,0.16612729234088458
0.04360510468345346,0.16612729234088458
0.04362070579425255,0.16612729234088458
0.04365190801585073,0.16612729234088458
0.043667509126649816,0.16612729234088458
0.043683110237448905,0.16630708378281195
0.04371431245904708,0.16630708378281195
0.04377671690224344,0.16630708378281195
0.04382352023464071,0.16630708378281195
0.04382352023464071,0.1664868752247393
0.043885924677837064,0.1664868752247393
0.043885924677837064,0.16666666666666666
0.04391712689943524,0.16666666666666666
0.04394832912103342,0.16666666666666666
0.04397953134263159,0.1670262495505214
0.04399513245343068,0.1670262495505214
0.04402633467502886,0.1670262495505214
0.044088739118225216,0.1670262495505214
0.04416674467222066,0.1670262495505214
0.04418234578301975,0.1670262495505214
0.04418234578301975,0.16738583243437613
0.04421354800461793,0.16738583243437613
0.04421354800461793,0.1675656238763035
0.0442603513370152,0.1675656238763035
0.044275952447814286,0.16774541531823084
0.044322755780211553,0.16774541531823084
0.04435395800180973,0.16774541531823084
0.0443851602234079,0.16774541531823084
0.04441636244500608,0.16774541531823084
0.04441636244500608,0.1679252067601582
0.04444756466660426,0.1679252067601582
0.04446316577740335,0.16810499820208558
0.04447876688820244,0.16810499820208558
0.04449436799900153,0.16828478964401294
0.04457237355299697,0.16828478964401294
0.04460357577459515,0.16828478964401294
0.0446815813285906,0.16828478964401294
0.0446815813285906,0.16864437252786768
0.044728384660987865,0.16864437252786768
0.044728384660987865,0.16882416396979505
0.04475958688258604,0.16882416396979505
0.04482199132578239,0.16882416396979505
0.04493119910137602,0.16882416396979505
0.044962401322974195,0.16882416396979505
0.044962401322974195,0.1690039554117224
0.04500920465537146,0.1690039554117224
0.04505600798776873,0.1690039554117224
0.04508721020936691,0.1690039554117224
0.04511841243096509,0.1690039554117224
0.045227620206558704,0.16918374685364976
0.045227620206558704,0.16936353829557713
0.04525882242815688,0.16936353829557713
0.04525882242815688,0.1695433297375045
0.045383631314549595,0.1695433297375045
0.045414833536147774,0.1695433297375045
0.04544603575774595,0.1695433297375045
0.04544603575774595,0.16972312117943186
0.04549283909014322,0.16972312117943186
0.04553964242254049,0.16972312117943186
0.045570844644138665,0.16972312117943186
0.045602046865736844,0.16972312117943186
0.04561764797653593,0.16972312117943186
0.04561764797653593,0.16990291262135923
0.04568005241973228,0.16990291262135923
0.04571125464133046,0.16990291262135923
0.04571125464133046,0.1700827040632866
0.04571125464133046,0.1704422869471413
0.04591406908171862,0.1704422869471413
0.04591406908171862,0.17062207838906868
0.0459452713033168,0.17062207838906868
0.0459452713033168,0.17080186983099604
0.046007675746513155,0.17080186983099604
0.046007675746513155,0.1709816612729234
0.046023276857312244,0.1709816612729234
0.046023276857312244,0.17134124415677815
0.04638210240569129,0.1715210355987055
0.04639770351649038,0.1715210355987055
0.04639770351649038,0.17170082704063286
0.046413304627289466,0.17170082704063286
0.046413304627289466,0.17188061848256023
0.046444506848887644,0.17188061848256023
0.046678523510873975,0.1725997842502697
0.04670972573247215,0.1725997842502697
0.04672532684327124,0.1725997842502697
0.0467877312864676,0.1725997842502697
0.0467877312864676,0.17277957569219704
0.04680333239726669,0.17277957569219704
0.04680333239726669,0.1729593671341244
0.04686573684046304,0.1729593671341244
0.04686573684046304,0.17313915857605178
0.04688133795126213,0.1734987414599065
0.04694374239445848,0.1734987414599065
0.04697494461605666,0.1734987414599065
0.04700614683765484,0.1734987414599065
0.04702174794845393,0.17367853290183388
0.04703734905925302,0.17367853290183388
0.047084152391650286,0.17367853290183388
0.047115354613248464,0.17367853290183388
0.047115354613248464,0.17385832434376125
0.04719336016724391,0.17385832434376125
0.04728696683203844,0.1740381157856886
0.047318169053636616,0.1740381157856886
0.047318169053636616,0.17421790722761596
0.047349371275234794,0.17421790722761596
0.04741177571843115,0.17439769866954333
0.04744297794002933,0.17439769866954333
0.04747418016162751,0.1745774901114707
0.047505382383225686,0.1745774901114707
0.047536584604823864,0.1745774901114707
0.04758338793722113,0.17475728155339806
0.04759898904802022,0.17475728155339806
0.04759898904802022,0.17493707299532543
0.04761459015881931,0.17493707299532543
0.04764579238041749,0.1751168644372528
0.04766139349121658,0.1751168644372528
0.04766139349121658,0.17529665587918014
0.04767699460201567,0.17529665587918014
0.047739399045212016,0.17529665587918014
0.047755000156011106,0.17529665587918014
0.047755000156011106,0.1754764473211075
0.047786202377609284,0.1754764473211075
0.04781740459920746,0.1754764473211075
0.04783300571000655,0.17565623876303488
0.04783300571000655,0.17583603020496225
0.04784860682080564,0.17583603020496225
0.04787980904240382,0.17583603020496225
0.04789541015320291,0.17583603020496225
0.047926612374801086,0.17583603020496225
0.047942213485600176,0.17583603020496225
0.047957814596399265,0.17601582164688961
0.047973415707198354,0.17601582164688961
0.047973415707198354,0.17619561308881698
0.04798901681799744,0.17619561308881698
0.04798901681799744,0.17637540453074432
0.04800461792879653,0.17637540453074432
0.04803582015039471,0.1765551959726717
0.0480514212611938,0.1765551959726717
0.0480514212611938,0.17673498741459906
0.04816062903678742,0.17673498741459906
0.04823863459078286,0.17673498741459906
0.0483322412555774,0.17673498741459906
0.048363443477175576,0.17673498741459906
0.048394645698773754,0.17673498741459906
0.04842584792037193,0.17673498741459906
0.04844144903117102,0.17673498741459906
0.0484726512527692,0.17673498741459906
0.04850385347436738,0.17673498741459906
0.04856625791756373,0.17673498741459906
0.048597460139161906,0.17673498741459906
0.048597460139161906,0.17691477885652643
0.048613061249960995,0.17691477885652643
0.048644263471559174,0.17691477885652643
0.04865986458235826,0.17691477885652643
0.04869106680395644,0.17691477885652643
0.0487534712471528,0.17691477885652643
0.0487534712471528,0.1770945702984538
0.048800274579550065,0.1770945702984538
0.048800274579550065,0.17727436174038116
0.04886267902274642,0.17727436174038116
0.04887828013354551,0.17745415318230853
0.04895628568754095,0.17745415318230853
0.04898748790913913,0.17745415318230853
0.04898748790913913,0.17763394462423587
0.04900308901993822,0.17763394462423587
0.04900308901993822,0.17781373606616324
0.04901869013073731,0.17781373606616324
0.04901869013073731,0.1779935275080906
0.04909669568473275,0.1779935275080906
0.0491747012387282,0.1779935275080906
0.049205903460326376,0.17817331895001798
0.04926830790352273,0.17835311039194535
0.04929951012512091,0.17835311039194535
0.04929951012512091,0.17853290183387271
0.04934631345751817,0.17853290183387271
0.04937751567911635,0.17889248471772742
0.04939311678991544,0.17889248471772742
0.04939311678991544,0.1790722761596548
0.04942431901151362,0.1790722761596548
0.04942431901151362,0.17925206760158216
0.04956472900870542,0.1796116504854369
0.0495959312303036,0.1796116504854369
0.04961153234110269,0.1796116504854369
0.04961153234110269,0.17979144192736426
0.04962713345190178,0.17979144192736426
0.049658335673499955,0.17997123336929163
0.04968953789509813,0.17997123336929163
0.0497363412274954,0.17997123336929163
0.04978314455989266,0.17997123336929163
0.04979874567069175,0.18015102481121897
0.04981434678149084,0.18015102481121897
0.049876751224687196,0.18015102481121897
0.049892352335486286,0.18015102481121897
0.049923554557084464,0.1805106076950737
0.04997035788948173,0.1805106076950737
0.04997035788948173,0.18069039913700108
0.04998595900028082,0.18069039913700108
0.04998595900028082,0.18087019057892845
0.050017161221879,0.18087019057892845
0.05004836344347718,0.18087019057892845
0.050095166775874445,0.18087019057892845
0.05012636899747262,0.18087019057892845
0.05012636899747262,0.18104998202085582
0.0501575712190708,0.18104998202085582
0.05017317232986988,0.18104998202085582
0.05017317232986988,0.18122977346278318
0.05021997566226715,0.18122977346278318
0.05021997566226715,0.18140956490471052
0.05025117788386533,0.18140956490471052
0.05025117788386533,0.1815893563466379
0.05028238010546351,0.18176914778856526
0.05042279010265531,0.18194893923049263
0.05048519454585167,0.18194893923049263
0.050516396767449845,0.18194893923049263
0.050531997878248934,0.18194893923049263
0.050531997878248934,0.18212873067242
0.050578801210646195,0.18212873067242
0.05062560454304346,0.18212873067242
0.05062560454304346,0.18248831355627473
0.05065680676464164,0.18248831355627473
0.050734812318637086,0.18266810499820207
0.05079721676183344,0.18266810499820207
0.05082841898343162,0.18266810499820207
0.05084402009423071,0.18266810499820207
0.05087522231582889,0.18266810499820207
0.05089082342662798,0.18266810499820207
0.05090642453742707,0.18284789644012944
0.050953227869824334,0.18284789644012944
0.050968828980623423,0.1830276878820568
0.051000031202221595,0.1830276878820568
0.051000031202221595,0.18320747932398418
0.051015632313020684,0.18320747932398418
0.05104683453461886,0.18338727076591155
0.051156042310212486,0.18338727076591155
0.051202845642609754,0.18338727076591155
0.051390058972198824,0.18338727076591155
0.051421261193796995,0.18338727076591155
0.051421261193796995,0.18356706220783892
0.05146806452619426,0.18356706220783892
0.05146806452619426,0.18392664509169362
0.05149926674779244,0.18392664509169362
0.05151486785859153,0.18392664509169362
0.05153046896939062,0.184106436533621
0.05154607008018971,0.184106436533621
0.05154607008018971,0.18428622797554836
0.051592873412586976,0.18428622797554836
0.05176448563137696,0.1846458108594031
0.051780086742176046,0.1846458108594031
0.051811288963774224,0.1846458108594031
0.05190489562856875,0.1846458108594031
0.05193609785016693,0.1846458108594031
0.05193609785016693,0.18482560230133047
0.05196730007176511,0.18482560230133047
0.05196730007176511,0.18500539374325783
0.0519829011825642,0.18500539374325783
0.052029704514961465,0.18500539374325783
0.05209210895815782,0.18500539374325783
0.05210771006895691,0.18518518518518517
0.05232612562014415,0.18590435095289465
0.05232612562014415,0.18626393383674936
0.0524041311741396,0.18626393383674936
0.0524041311741396,0.18644372527867673
0.052435333395737777,0.18644372527867673
0.052466535617335955,0.18644372527867673
0.052482136728135044,0.18644372527867673
0.052700552279322285,0.1871628910463862
0.052731754500920464,0.1871628910463862
0.05277855783331773,0.1871628910463862
0.05280976005491591,0.1871628910463862
0.05285656338731318,0.1871628910463862
0.052887765608911355,0.1871628910463862
0.05293456894130862,0.1871628910463862
0.05295017005210771,0.18734268248831357
0.05298137227370589,0.18734268248831357
0.05301257449530407,0.18734268248831357
0.05304377671690225,0.18734268248831357
0.05304377671690225,0.1875224739302409
0.05305937782770133,0.1875224739302409
0.05305937782770133,0.18770226537216828
0.05309058004929951,0.18770226537216828
0.05309058004929951,0.18788205681409564
0.053121782270897686,0.18788205681409564
0.053121782270897686,0.188061848256023
0.053152984492495864,0.188061848256023
0.05319978782489313,0.188061848256023
0.05321538893569222,0.18824163969795038
0.05321538893569222,0.18842143113987775
0.05323099004649131,0.18842143113987775
0.05323099004649131,0.18860122258180512
0.0532465911572904,0.18860122258180512
0.05327779337888858,0.18860122258180512
0.053293394489687666,0.18860122258180512
0.053308995600486755,0.18878101402373246
0.053308995600486755,0.18896080546565983
0.053324596711285845,0.18896080546565983
0.05348060781927673,0.18950017979144193
0.053558613373272175,0.18950017979144193
0.053574214484071264,0.1896799712333693
0.053574214484071264,0.190039554117224
0.05358981559487035,0.19021934555915138
0.05358981559487035,0.1905789284430061
0.05360541670566944,0.1905789284430061
0.05362101781646853,0.19075871988493348
0.0536678211488658,0.19075871988493348
0.0536678211488658,0.19093851132686085
0.053730225592062156,0.19093851132686085
0.053761427813660334,0.19093851132686085
0.05404224780804393,0.19147788565264293
0.054167056694436645,0.19147788565264293
0.054198258916034824,0.19147788565264293
0.05421386002683391,0.1916576770945703
0.05424506224843209,0.1916576770945703
0.05426066335923118,0.1916576770945703
0.05429186558082936,0.1916576770945703
0.05433866891322662,0.1916576770945703
0.0543698711348248,0.1916576770945703
0.054401073356422976,0.1916576770945703
0.054401073356422976,0.19183746853649766
0.054432275578021154,0.19183746853649766
0.054432275578021154,0.19201725997842503
0.05447907891041842,0.19201725997842503
0.0545102811320166,0.19201725997842503
0.0545102811320166,0.1921970514203524
0.054603887796811135,0.1921970514203524
0.054603887796811135,0.19237684286227977
0.05463509001840931,0.19237684286227977
0.05466629224000749,0.19237684286227977
0.05468189335080658,0.19237684286227977
0.05471309557240475,0.19237684286227977
0.05472869668320384,0.19237684286227977
0.05474429779400293,0.1925566343042071
0.054822303347998376,0.1925566343042071
0.054853505569596554,0.1925566343042071
0.05488470779119473,0.1925566343042071
0.05511872445318107,0.19291621718806184
0.05518112889637742,0.19291621718806184
0.055243533339573776,0.19291621718806184
0.055259134450372865,0.19291621718806184
0.055446347779961935,0.19291621718806184
0.055461948890761024,0.19291621718806184
0.05552435333395738,0.19291621718806184
0.055695965552747355,0.19291621718806184
0.055695965552747355,0.1930960086299892
0.0557739711067428,0.1930960086299892
0.055867577771537336,0.1930960086299892
0.055945583325532774,0.1930960086299892
0.055945583325532774,0.19327580007191658
0.05597678554713095,0.19327580007191658
0.05597678554713095,0.19345559151384395
0.05599238665793004,0.19345559151384395
0.05599238665793004,0.19363538295577132
0.05603918999032731,0.19363538295577132
0.05607039221192549,0.19363538295577132
0.05608599332272458,0.19363538295577132
0.056117195544322755,0.19363538295577132
0.056132796655121844,0.19363538295577132
0.05616399887672002,0.19363538295577132
0.05617959998751911,0.19363538295577132
0.05617959998751911,0.19381517439769866
0.05621080220911729,0.19381517439769866
0.05622640331991638,0.19381517439769866
0.05625760554151456,0.1941747572815534
0.056288807763112736,0.1941747572815534
0.056288807763112736,0.19435454872348076
0.05639801553870635,0.19435454872348076
0.05639801553870635,0.19453434016540813
0.05642921776030453,0.19453434016540813
0.0564760210927018,0.19453434016540813
0.05650722331429998,0.19453434016540813
0.05658522886829542,0.19453434016540813
0.05658522886829542,0.1947141316073355
0.05663203220069269,0.1947141316073355
0.05663203220069269,0.19489392304926287
0.05664763331149178,0.19489392304926287
0.056710037754688136,0.19489392304926287
0.056710037754688136,0.1950737144911902
0.056725638865487225,0.1950737144911902
0.056756841087085404,0.1950737144911902
0.056772442197884486,0.1950737144911902
0.056788043308683575,0.19525350593311758
0.05700645885987082,0.19597267170082705
0.05700645885987082,0.19615246314275442
0.05702205997066991,0.19615246314275442
0.05702205997066991,0.19633225458468176
0.05713126774626354,0.19633225458468176
0.057209273300258975,0.1966918374685365
0.0573184810758526,0.1966918374685365
0.05734968329745078,0.1966918374685365
0.057427688851446224,0.1966918374685365
0.057427688851446224,0.19687162891046386
0.05744328996224531,0.19687162891046386
0.05747449218384349,0.19687162891046386
0.05753689662703985,0.19687162891046386
0.057583699959437115,0.19687162891046386
0.057630503291834376,0.19687162891046386
0.05769290773503073,0.19687162891046386
0.057739711067428,0.19687162891046386
0.057817716621423446,0.19687162891046386
0.057848918843021624,0.19687162891046386
0.057848918843021624,0.19705142035239123
0.05789572217541889,0.19705142035239123
0.057989328840213426,0.19705142035239123
0.0580205310618116,0.19705142035239123
0.05803613217261069,0.1972312117943186
0.05811413772660613,0.1972312117943186
0.05811413772660613,0.1975907946781733
0.05817654216980249,0.1975907946781733
0.05817654216980249,0.19777058612010068
0.05819214328060158,0.19777058612010068
0.05820774439140067,0.19795037756202805
0.058270148834597024,0.19795037756202805
0.05828574994539611,0.19795037756202805
0.0583013510561952,0.19813016900395541
0.05839495772098974,0.19813016900395541
0.05845736216418609,0.19813016900395541
0.05845736216418609,0.19830996044588278
0.05855096882898062,0.19830996044588278
0.05855096882898062,0.19848975188781015
0.05859777216137789,0.19848975188781015
0.05859777216137789,0.1986695433297375
0.058660176604574246,0.1986695433297375
0.058660176604574246,0.19884933477166486
0.058691378826172425,0.19884933477166486
0.05875378326936878,0.19884933477166486
0.05878498549096696,0.19902912621359223
0.05880058660176605,0.19902912621359223
0.05889419326656058,0.19902912621359223
0.058925395488158755,0.19902912621359223
0.05895659770975693,0.19902912621359223
0.05895659770975693,0.1992089176555196
0.05897219882055602,0.1992089176555196
0.0590034010421542,0.1992089176555196
0.05906580548535056,0.1992089176555196
0.059143811039346,0.1992089176555196
0.05920621548254236,0.19956850053937433
0.05923741770414054,0.19956850053937433
0.05929982214733689,0.19956850053937433
0.05929982214733689,0.1997482919813017
0.05940902992293051,0.19992808342322904
0.0594246310337296,0.19992808342322904
0.05948703547692596,0.19992808342322904
0.05948703547692596,0.20028766630708378
0.059518237698524136,0.20028766630708378
0.0595650410309214,0.20028766630708378
0.059767855471309556,0.20082704063286588
0.05986146213610409,0.20082704063286588
0.05989266435770227,0.20082704063286588
0.059955068800898625,0.20082704063286588
0.059955068800898625,0.20100683207479325
0.059970669911697715,0.20100683207479325
0.059970669911697715,0.2011866235167206
0.06000187213329589,0.2011866235167206
0.06006427657649225,0.2011866235167206
0.06009547879809042,0.2011866235167206
0.0601266810196886,0.2011866235167206
0.06015788324128678,0.2011866235167206
0.06015788324128678,0.20136641495864796
0.06017348435208587,0.20136641495864796
0.06017348435208587,0.20154620640057533
0.060204686573684045,0.20154620640057533
0.06025148990608131,0.2017259978425027
0.0602670910168804,0.2017259978425027
0.06028269212767949,0.20190578928443007
0.06029829323847858,0.20190578928443007
0.06032949546007676,0.20190578928443007
0.06036069768167494,0.20190578928443007
0.060376298792474026,0.20208558072635743
0.060391899903273115,0.20208558072635743
0.06043870323567038,0.20208558072635743
0.06045430434646947,0.20208558072635743
0.06045430434646947,0.2022653721682848
0.06056351212206309,0.2022653721682848
0.06056351212206309,0.20244516361021214
0.06059471434366127,0.20244516361021214
0.0606883210084558,0.20244516361021214
0.06073512434085307,0.20244516361021214
0.06073512434085307,0.2026249550521395
0.06076632656245125,0.2026249550521395
0.060828731005647604,0.2026249550521395
0.060828731005647604,0.20280474649406688
0.060844332116446694,0.20298453793599425
0.06093793878124122,0.20298453793599425
0.0609691410028394,0.20298453793599425
0.0609691410028394,0.20316432937792162
0.06100034322443758,0.20316432937792162
0.061047146556834846,0.20316432937792162
0.061078348778433024,0.20316432937792162
0.061078348778433024,0.20334412081984898
0.06112515211083029,0.20352391226177635
0.06114075322162938,0.20352391226177635
0.06117195544322756,0.2037037037037037
0.061218758775624826,0.2037037037037037
0.06131236544041936,0.20406328658755843
0.061327966551218444,0.20406328658755843
0.061327966551218444,0.20442286947141317
0.06137476988361571,0.20442286947141317
0.061468376548410246,0.20460266091334053
0.061483977659209335,0.20460266091334053
0.061483977659209335,0.2047824523552679
0.06154638210240569,0.2047824523552679
0.06156198321320478,0.20496224379719524
0.06159318543480296,0.20496224379719524
0.06160878654560205,0.20496224379719524
0.06163998876720023,0.20496224379719524
0.061655589877999316,0.2051420352391226
0.061686792099597494,0.20532182668104998
0.06170239321039658,0.20532182668104998
0.061733595431994755,0.20532182668104998
0.061749196542793844,0.20532182668104998
0.061749196542793844,0.20568140956490472
0.06176479765359293,0.20568140956490472
0.06182720209678929,0.20568140956490472
0.061889606539985646,0.20568140956490472
0.061920808761583825,0.20568140956490472
0.061920808761583825,0.20586120100683208
0.061936409872382914,0.20604099244875945
0.06196761209398109,0.2062207838906868
0.06198321320478018,0.2062207838906868
0.06198321320478018,0.20640057533261416
0.06201441542637836,0.20640057533261416
0.06203001653717745,0.20658036677454153
0.06204561764797654,0.20658036677454153
0.062108022091172894,0.20693994965839627
0.062139224312771066,0.20693994965839627
0.06218602764516833,0.20693994965839627
0.06220162875596742,0.20693994965839627
0.0622328309775656,0.20693994965839627
0.062342038753159225,0.20693994965839627
0.0623732409747574,0.20693994965839627
0.06243564541795376,0.20693994965839627
0.06246684763955194,0.20711974110032363
0.062498049861150116,0.20711974110032363
0.06254485319354738,0.207299532542251
0.06257605541514556,0.207299532542251
0.06257605541514556,0.20747932398417834
0.06260725763674374,0.20783890686803308
0.0626696620799401,0.20801869830996045
0.06271646541233736,0.20801869830996045
0.06285687540952915,0.20801869830996045
0.06291927985272551,0.20801869830996045
0.06296608318512278,0.20801869830996045
0.06301288651752004,0.20819848975188782
0.06304408873911822,0.20837828119381518
0.06323130206870729,0.2087378640776699
0.06324690317950638,0.2087378640776699
0.06324690317950638,0.20909744696152463
0.06327810540110455,0.20909744696152463
0.06334050984430091,0.20909744696152463
0.06338731317669818,0.20909744696152463
0.06338731317669818,0.209277238403452
0.0634965209522918,0.20945702984537937
0.06355892539548816,0.20963682128730673
0.06359012761708634,0.20963682128730673
0.06362132983868451,0.20963682128730673
0.06362132983868451,0.20999640417116144
0.0636369309494836,0.20999640417116144
0.06366813317108178,0.20999640417116144
0.06371493650347905,0.20999640417116144
0.06371493650347905,0.2101761956130888
0.06373053761427813,0.21053577849694355
0.06374613872507723,0.21053577849694355
0.06380854316827358,0.21053577849694355
0.06385534650067085,0.21053577849694355
0.06388654872226902,0.21071556993887092
0.06390214983306812,0.21071556993887092
0.0639333520546663,0.21089536138079829
0.06398015538706356,0.21089536138079829
0.06401135760866174,0.21089536138079829
0.06402695871946082,0.21089536138079829
0.06402695871946082,0.21107515282272563
0.064058160941059,0.21107515282272563
0.06412056538425535,0.21107515282272563
0.06415176760585353,0.21107515282272563
0.06415176760585353,0.211254944264653
0.06418296982745171,0.211254944264653
0.0641985709382508,0.21161452714850773
0.06424537427064807,0.21161452714850773
0.06438578426783988,0.21161452714850773
0.06438578426783988,0.2117943185904351
0.06440138537863896,0.2117943185904351
0.06443258760023714,0.21197411003236247
0.06444818871103622,0.21197411003236247
0.0644793909326344,0.21197411003236247
0.0644793909326344,0.21215390147428984
0.06452619426503167,0.21233369291621718
0.06460419981902711,0.21233369291621718
0.06461980092982621,0.21233369291621718
0.06461980092982621,0.2126932758000719
0.06463540204062529,0.2126932758000719
0.06466660426222347,0.2126932758000719
0.06466660426222347,0.21287306724199928
0.06468220537302256,0.21305285868392665
0.06472900870541982,0.21305285868392665
0.064760210927018,0.21341244156778139
0.06479141314861618,0.21341244156778139
0.06479141314861618,0.21359223300970873
0.06480701425941528,0.21359223300970873
0.06480701425941528,0.2137720244516361
0.06485381759181254,0.2137720244516361
0.06485381759181254,0.21395181589356346
0.0649162220350089,0.21395181589356346
0.06493182314580798,0.21413160733549083
0.06504103092140161,0.21413160733549083
0.06504103092140161,0.21449119021934557
0.06507223314299979,0.21449119021934557
0.06508783425379887,0.21467098166127294
0.06510343536459796,0.21467098166127294
0.06510343536459796,0.21485077310320028
0.06513463758619614,0.21485077310320028
0.06522824425099068,0.21485077310320028
0.06522824425099068,0.21503056454512764
0.0653374520265843,0.21503056454512764
0.06536865424818247,0.215210355987055
0.06539985646978065,0.215210355987055
0.06543105869137883,0.215210355987055
0.06546226091297701,0.215210355987055
0.06547786202377609,0.215210355987055
0.06554026646697245,0.215210355987055
0.0656182720209679,0.215210355987055
0.0656182720209679,0.21539014742898238
0.06563387313176698,0.21539014742898238
0.06566507535336516,0.21539014742898238
0.06569627757496334,0.21539014742898238
0.06569627757496334,0.21556993887090975
0.06572747979656152,0.21556993887090975
0.06583668757215513,0.21556993887090975
0.06583668757215513,0.21574973031283712
0.06593029423694967,0.21574973031283712
0.06600829979094512,0.21664868752247393
0.0660395020125433,0.2168284789644013
0.06605510312334238,0.2168284789644013
0.06610190645573964,0.2168284789644013
0.06611750756653874,0.2168284789644013
0.06614870978813692,0.21700827040632867
0.0661799120097351,0.21700827040632867
0.06622671534213236,0.21700827040632867
0.06622671534213236,0.21718806184825604
0.06625791756373053,0.21718806184825604
0.06625791756373053,0.21736785329018338
0.06628911978532871,0.21736785329018338
0.06630472089612781,0.21736785329018338
0.06633592311772599,0.21736785329018338
0.06638272645012325,0.21736785329018338
0.06642952978252052,0.21736785329018338
0.0664607320041187,0.21754764473211075
0.06652313644731504,0.21754764473211075
0.06652313644731504,0.2177274361740381
0.06653873755811414,0.2177274361740381
0.06661674311210958,0.2177274361740381
0.06664794533370776,0.2177274361740381
0.06669474866610503,0.2177274361740381
0.06675715310930139,0.2177274361740381
0.06678835533089957,0.2177274361740381
0.06685075977409592,0.2177274361740381
0.0668819619956941,0.2177274361740381
0.06689756310649318,0.2177274361740381
0.0670067708820868,0.21790722761596548
0.0670067708820868,0.21808701905789285
0.0670223719928859,0.21808701905789285
0.06703797310368498,0.2188061848256023
0.06705357421448407,0.2188061848256023
0.06705357421448407,0.21898597626752966
0.06706917532528316,0.21898597626752966
0.06706917532528316,0.2193455591513844
0.06708477643608225,0.2193455591513844
0.06708477643608225,0.21952535059331177
0.06711597865768043,0.21952535059331177
0.06713157976847951,0.21952535059331177
0.06714718087927861,0.2197051420352391
0.06714718087927861,0.22006472491909385
0.06720958532247497,0.22006472491909385
0.06722518643327405,0.22024451636102121
0.06722518643327405,0.22060409924487595
0.06725638865487223,0.22060409924487595
0.06725638865487223,0.22078389068680332
0.0672875908764704,0.22078389068680332
0.06733439420886767,0.22114347357065803
0.06739679865206402,0.22114347357065803
0.06739679865206402,0.2213232650125854
0.06741239976286312,0.2213232650125854
0.06741239976286312,0.22150305645451276
0.0674280008736622,0.22150305645451276
0.06747480420605947,0.22150305645451276
0.06753720864925583,0.22150305645451276
0.06753720864925583,0.22168284789644013
0.06755280976005491,0.22168284789644013
0.06758401198165309,0.22168284789644013
0.06758401198165309,0.2218626393383675
0.06764641642484945,0.2218626393383675
0.0677088208680458,0.22204243078029487
0.06774002308964398,0.22204243078029487
0.06777122531124216,0.22204243078029487
0.06777122531124216,0.2222222222222222
0.06780242753284034,0.2222222222222222
0.06792723641923305,0.22240201366414958
0.06794283753003214,0.22240201366414958
0.06806764641642485,0.22294138798993168
0.06806764641642485,0.22330097087378642
0.0681300508596212,0.22330097087378642
0.0681300508596212,0.22348076231571376
0.06814565197042029,0.22348076231571376
0.06814565197042029,0.2238403451995685
0.06819245530281756,0.2238403451995685
0.06819245530281756,0.22402013664149587
0.06820805641361664,0.22402013664149587
0.06820805641361664,0.22419992808342323
0.06825485974601392,0.22419992808342323
0.068270460856813,0.2243797195253506
0.068270460856813,0.22455951096727797
0.06830166307841118,0.22455951096727797
0.06837966863240663,0.22455951096727797
0.06837966863240663,0.2247393024092053
0.06844207307560299,0.22491909385113268
0.06845767418640207,0.22491909385113268
0.06852007862959843,0.22491909385113268
0.06853567974039752,0.22491909385113268
0.06853567974039752,0.22509888529306005
0.06858248307279478,0.22509888529306005
0.06858248307279478,0.22527867673498742
0.06864488751599114,0.22527867673498742
0.06864488751599114,0.22545846817691478
0.06866048862679022,0.22545846817691478
0.06873849418078568,0.22545846817691478
0.06873849418078568,0.22563825961884215
0.06881649973478111,0.22563825961884215
0.06881649973478111,0.22581805106076952
0.06883210084558021,0.22581805106076952
0.06886330306717839,0.22581805106076952
0.06886330306717839,0.22617763394462423
0.06889450528877657,0.22617763394462423
0.06898811195357109,0.22617763394462423
0.06903491528596836,0.22617763394462423
0.06903491528596836,0.2263574253865516
0.06905051639676744,0.2263574253865516
0.06905051639676744,0.22671700827040633
0.06908171861836562,0.22671700827040633
0.06909731972916472,0.22671700827040633
0.0691285219507629,0.22707659115426107
0.06920652750475834,0.2272563825961884
0.06923772972635651,0.2272563825961884
0.06933133639115105,0.22761596548004315
0.06937813972354831,0.22761596548004315
0.06944054416674467,0.22761596548004315
0.06945614527754376,0.22761596548004315
0.06950294860994102,0.22761596548004315
0.06950294860994102,0.22779575692197052
0.0695341508315392,0.22779575692197052
0.0695497519423383,0.22797554836389788
0.06959655527473556,0.22797554836389788
0.06959655527473556,0.22815533980582525
0.06962775749633374,0.22815533980582525
0.06962775749633374,0.22851492268967996
0.06965895971793191,0.22851492268967996
0.0696901619395301,0.22851492268967996
0.0696901619395301,0.22869471413160733
0.06978376860432463,0.22869471413160733
0.0698149708259228,0.22869471413160733
0.06984617304752098,0.22869471413160733
0.06987737526911916,0.22905429701546207
0.06990857749071734,0.22905429701546207
0.06992417860151642,0.22905429701546207
0.0699709819339137,0.22905429701546207
0.07006458859870823,0.22905429701546207
0.07012699304190459,0.22905429701546207
0.07017379637430185,0.22905429701546207
0.07020499859590003,0.22905429701546207
0.0702362008174982,0.22905429701546207
0.07026740303909638,0.2294138798993168
0.07028300414989547,0.2294138798993168
0.07031420637149365,0.2294138798993168
0.07032980748229274,0.2294138798993168
0.07037661081469,0.22959367134124414
0.07045461636868545,0.22959367134124414
0.07045461636868545,0.2297734627831715
0.07051702081188181,0.2297734627831715
0.07051702081188181,0.22995325422509888
0.07061062747667633,0.22995325422509888
0.07065743080907361,0.23013304566702625
0.07067303191987269,0.23013304566702625
0.07070423414147087,0.23013304566702625
0.07070423414147087,0.23031283710895362
0.07076663858466722,0.23031283710895362
0.07076663858466722,0.23049262855088098
0.0708134419170645,0.23049262855088098
0.07086024524946176,0.23049262855088098
0.07086024524946176,0.2308522114347357
0.07089144747105994,0.2308522114347357
0.07089144747105994,0.23103200287666306
0.07093825080345721,0.23103200287666306
0.0709538519142563,0.23103200287666306
0.0709538519142563,0.23121179431859043
0.07098505413585447,0.23121179431859043
0.07100065524665357,0.2313915857605178
0.07106305968984991,0.2313915857605178
0.07106305968984991,0.23157137720244517
0.07109426191144809,0.23157137720244517
0.07109426191144809,0.23175116864437253
0.07112546413304627,0.23175116864437253
0.07114106524384536,0.2319309600862999
0.07115666635464445,0.2319309600862999
0.07117226746544354,0.23211075152822724
0.0712190707978408,0.23211075152822724
0.07129707635183626,0.23211075152822724
0.07129707635183626,0.2322905429701546
0.07142188523822897,0.2322905429701546
0.07142188523822897,0.23247033441208198
0.07145308745982713,0.23247033441208198
0.07148428968142531,0.23247033441208198
0.07151549190302349,0.23282991729593672
0.07153109301382259,0.23282991729593672
0.07156229523542076,0.23282991729593672
0.07157789634621985,0.23282991729593672
0.07159349745701894,0.23300970873786409
0.07160909856781802,0.23300970873786409
0.07162469967861712,0.23426824883135564
0.0716559019002153,0.23426824883135564
0.0716559019002153,0.23498741459906508
0.07168710412181348,0.23498741459906508
0.07168710412181348,0.23534699748291982
0.07170270523261256,0.23534699748291982
0.07170270523261256,0.23552678892484719
0.07173390745421074,0.23570658036677455
0.07176510967580892,0.23570658036677455
0.0717963118974071,0.2358863718087019
0.07185871634060345,0.23624595469255663
0.07193672189459889,0.23624595469255663
0.07196792411619707,0.23660553757641137
0.07196792411619707,0.23678532901833874
0.07201472744859434,0.23678532901833874
0.07210833411338888,0.2369651204602661
0.07213953633498706,0.23714491190219344
0.07213953633498706,0.2373247033441208
0.07217073855658523,0.2373247033441208
0.07220194077818341,0.2373247033441208
0.07223314299978159,0.2373247033441208
0.07227994633217885,0.2373247033441208
0.07237355299697339,0.2373247033441208
0.07240475521857156,0.23750449478604818
0.07245155855096883,0.23750449478604818
0.07245155855096883,0.23768428622797555
0.072482760772567,0.23786407766990292
0.07259196854816063,0.23786407766990292
0.07262317076975881,0.23786407766990292
0.07266997410215607,0.23786407766990292
0.07266997410215607,0.2380438691118303
0.07270117632375425,0.2380438691118303
0.07273237854535243,0.2380438691118303
0.07277918187774969,0.2380438691118303
0.07277918187774969,0.23822366055375765
0.07284158632094605,0.23822366055375765
0.07298199631813786,0.23822366055375765
0.07299759742893694,0.23822366055375765
0.07299759742893694,0.23858324343761236
0.07301319853973604,0.23858324343761236
0.07304440076133421,0.23876303487953973
0.07307560298293239,0.23876303487953973
0.07320041186932509,0.23912261776339447
0.07323161409092327,0.23912261776339447
0.07327841742332054,0.23912261776339447
0.07327841742332054,0.23930240920532184
0.07329401853411963,0.23930240920532184
0.0733252207557178,0.23930240920532184
0.0733408218665169,0.23930240920532184
0.0733408218665169,0.23948220064724918
0.07337202408811508,0.23948220064724918
0.07340322630971326,0.23948220064724918
0.07346563075290961,0.23948220064724918
0.07360604075010141,0.23948220064724918
0.07363724297169959,0.23948220064724918
0.07363724297169959,0.23966199208917655
0.07365284408249867,0.23966199208917655
0.0737620518580923,0.23966199208917655
0.07379325407969048,0.23966199208917655
0.07384005741208774,0.23966199208917655
0.07387125963368592,0.23966199208917655
0.07388686074448501,0.2398417835311039
0.07398046740927954,0.2398417835311039
0.07404287185247589,0.2398417835311039
0.07415207962806952,0.2398417835311039
0.07423008518206496,0.2398417835311039
0.07424568629286406,0.2398417835311039
0.07427688851446224,0.2398417835311039
0.07430809073606041,0.2398417835311039
0.07430809073606041,0.24002157497303128
0.0743236918468595,0.24002157497303128
0.07433929295765858,0.24020136641495865
0.07437049517925676,0.24020136641495865
0.07437049517925676,0.24038115785688602
0.07438609629005585,0.24038115785688602
0.07438609629005585,0.2405609492988134
0.07440169740085494,0.2405609492988134
0.07440169740085494,0.2409205321826681
0.07441729851165403,0.2409205321826681
0.07447970295485039,0.2409205321826681
0.074588910730444,0.2409205321826681
0.07462011295204218,0.2409205321826681
0.07468251739523854,0.2409205321826681
0.07471371961683672,0.2409205321826681
0.07471371961683672,0.24110032362459546
0.0747449218384349,0.24128011506652283
0.07479172517083216,0.24128011506652283
0.07480732628163125,0.24128011506652283
0.07480732628163125,0.2414599065084502
0.07482292739243034,0.2414599065084502
0.07482292739243034,0.24163969795037757
0.07488533183562669,0.24163969795037757
0.07490093294642579,0.24163969795037757
0.07490093294642579,0.24199928083423228
0.07493213516802397,0.24235886371808701
0.07494773627882305,0.24235886371808701
0.07499453961122032,0.24235886371808701
0.0750257418328185,0.24235886371808701
0.07505694405441668,0.24235886371808701
0.07505694405441668,0.24253865516001438
0.07508814627601486,0.24253865516001438
0.07508814627601486,0.24271844660194175
0.07513494960841212,0.24271844660194175
0.07521295516240756,0.2434376123696512
0.07527535960560391,0.24361740381157856
0.07541576960279572,0.24361740381157856
0.07541576960279572,0.2439769866954333
0.0754469718243939,0.2439769866954333
0.07547817404599208,0.24433656957928804
0.07550937626759026,0.24433656957928804
0.07552497737838934,0.24469615246314275
0.07563418515398296,0.24469615246314275
0.07566538737558114,0.24469615246314275
0.07583699959437112,0.24469615246314275
0.0758682018159693,0.24469615246314275
0.0758682018159693,0.24487594390507011
0.07591500514836656,0.24487594390507011
0.07597740959156292,0.24487594390507011
0.07602421292396018,0.24487594390507011
0.07608661736715654,0.24487594390507011
0.07613342069955381,0.24487594390507011
0.07613342069955381,0.24505573534699748
0.0761490218103529,0.24505573534699748
0.07622702736434835,0.2455951096727796
0.07624262847514743,0.2455951096727796
0.07646104402633468,0.2455951096727796
0.07647664513713376,0.2455951096727796
0.07647664513713376,0.24577490111470693
0.07650784735873194,0.24577490111470693
0.07653904958033012,0.24577490111470693
0.0765702518019283,0.24577490111470693
0.07660145402352647,0.24577490111470693
0.07664825735592375,0.2459546925566343
0.07664825735592375,0.24613448399856167
0.076695060688321,0.24613448399856167
0.076695060688321,0.24631427544048903
0.0767106617991201,0.24631427544048903
0.0768510717963119,0.24631427544048903
0.07691347623950825,0.24631427544048903
0.07697588068270461,0.24631427544048903
0.07702268401510187,0.24631427544048903
0.07706948734749915,0.24631427544048903
0.07706948734749915,0.24667385832434377
0.07719429623389186,0.24667385832434377
0.07731910512028456,0.24667385832434377
0.07736590845268183,0.24667385832434377
0.07739711067428001,0.24667385832434377
0.07739711067428001,0.24685364976627114
0.07742831289587819,0.24685364976627114
0.07742831289587819,0.24703344120819848
0.07745951511747637,0.24703344120819848
0.07745951511747637,0.24721323265012585
0.07749071733907455,0.24721323265012585
0.07752191956067273,0.24721323265012585
0.07753752067147181,0.24721323265012585
0.07756872289306999,0.24721323265012585
0.07764672844706542,0.24721323265012585
0.0776779306686636,0.24721323265012585
0.07777153733345814,0.24721323265012585
0.07778713844425723,0.24757281553398058
0.07780273955505632,0.24757281553398058
0.07780273955505632,0.24793239841783532
0.07786514399825267,0.24793239841783532
0.07791194733064995,0.24793239841783532
0.07791194733064995,0.2481121898597627
0.0779743517738463,0.2481121898597627
0.07800555399544448,0.2481121898597627
0.07800555399544448,0.24829198130169003
0.07802115510624356,0.24829198130169003
0.07805235732784174,0.24829198130169003
0.07806795843864082,0.24829198130169003
0.0781147617710381,0.24829198130169003
0.07814596399263628,0.24829198130169003
0.07817716621423446,0.24829198130169003
0.07828637398982807,0.24883135562747213
0.07836437954382353,0.24883135562747213
0.07844238509781896,0.24883135562747213
0.07848918843021623,0.24883135562747213
0.07858279509501076,0.24937072995325424
0.07872320509220257,0.24937072995325424
0.07884801397859528,0.24937072995325424
0.07889481731099254,0.24937072995325424
0.07892601953259072,0.24991010427903632
0.0789572217541889,0.24991010427903632
0.0790976317513807,0.24991010427903632
0.0790976317513807,0.25026968716289105
0.0790976317513807,0.2504494786048184
0.07917563730537615,0.2504494786048184
0.07917563730537615,0.2506292700467458
0.07919123841617523,0.2506292700467458
0.07920683952697433,0.25080906148867316
0.07925364285937159,0.25080906148867316
0.07925364285937159,0.2509888529306005
0.07926924397017068,0.2509888529306005
0.07926924397017068,0.2511686443725279
0.07930044619176885,0.2511686443725279
0.07930044619176885,0.2515282272563826
0.07931604730256794,0.2515282272563826
0.0793628506349652,0.2518878101402373
0.0793628506349652,0.2520676015821647
0.07939405285656338,0.2520676015821647
0.07942525507816156,0.2520676015821647
0.07947205841055884,0.25224739302409205
0.07962806951854973,0.25224739302409205
0.0796592717401479,0.25224739302409205
0.07984648506973696,0.25224739302409205
0.07987768729133514,0.2524271844660194
0.07990888951293332,0.2524271844660194
0.07990888951293332,0.2526069759079468
0.07998689506692877,0.2526069759079468
0.07998689506692877,0.25278676734987415
0.08003369839932603,0.25278676734987415
0.08003369839932603,0.2529665587918015
0.08015850728571874,0.2529665587918015
0.08015850728571874,0.2531463502337289
0.08029891728291054,0.2531463502337289
0.08029891728291054,0.25332614167565626
0.0803613217261069,0.25332614167565626
0.0803613217261069,0.2535059331175836
0.08042372616930325,0.2535059331175836
0.08042372616930325,0.253685724559511
0.08043932728010235,0.253685724559511
0.08043932728010235,0.2538655160014383
0.08048613061249961,0.2538655160014383
0.08051733283409779,0.2538655160014383
0.08059533838809323,0.2538655160014383
0.08059533838809323,0.2540453074433657
0.08059533838809323,0.2545846817691478
0.08061093949889232,0.2545846817691478
0.08084495616087865,0.25476447321107515
0.08090736060407501,0.25476447321107515
0.08090736060407501,0.2549442646530025
0.0809229617148741,0.2549442646530025
0.0809229617148741,0.2551240560949299
0.08095416393647227,0.2551240560949299
0.08098536615807045,0.2551240560949299
0.08107897282286498,0.2551240560949299
0.08111017504446316,0.2551240560949299
0.08123498393085588,0.2551240560949299
0.08126618615245405,0.2551240560949299
0.08134419170644949,0.2551240560949299
0.08134419170644949,0.25530384753685725
0.08137539392804767,0.25530384753685725
0.08145339948204312,0.25530384753685725
0.08151580392523948,0.2554836389787846
0.08156260725763674,0.2554836389787846
0.08156260725763674,0.255663430420712
0.0816250117008331,0.255663430420712
0.08165621392243128,0.255663430420712
0.08167181503323037,0.255663430420712
0.08170301725482855,0.255663430420712
0.08170301725482855,0.25584322186263936
0.08181222503042217,0.25584322186263936
0.08184342725202035,0.25584322186263936
0.0818902305844176,0.25584322186263936
0.0819058316952167,0.2560230133045667
0.0819058316952167,0.2563825961884214
0.08198383724921214,0.2563825961884214
0.08207744391400668,0.2563825961884214
0.08209304502480577,0.2563825961884214
0.08212424724640395,0.2565623876303488
0.08213984835720303,0.2565623876303488
0.08213984835720303,0.2569219705142035
0.08215544946800213,0.2569219705142035
0.08218665168960029,0.2569219705142035
0.08221785391119847,0.2569219705142035
0.08226465724359575,0.2571017619561309
0.08251427501638117,0.25728155339805825
0.08262348279197479,0.25728155339805825
0.08265468501357297,0.25728155339805825
0.08277949389996568,0.25728155339805825
0.08277949389996568,0.257641136281913
0.08279509501076476,0.257641136281913
0.08282629723236294,0.257641136281913
0.0828887016755593,0.257641136281913
0.08296670722955475,0.257641136281913
0.08304471278355019,0.257641136281913
0.08307591500514837,0.257641136281913
0.08310711722674655,0.257641136281913
0.0831539205591438,0.25782092772384035
0.0831695216699429,0.25782092772384035
0.0831695216699429,0.2580007191657677
0.08318512278074199,0.2580007191657677
0.08318512278074199,0.2581805106076951
0.08320072389154108,0.2581805106076951
0.08321632500234016,0.25836030204962246
0.08323192611313926,0.25836030204962246
0.08327872944553652,0.25836030204962246
0.0833099316671347,0.25836030204962246
0.0833099316671347,0.2585400934915498
0.0833255327779338,0.2585400934915498
0.08335673499953197,0.2585400934915498
0.08338793722113015,0.2585400934915498
0.08343474055352741,0.2585400934915498
0.08348154388592467,0.2585400934915498
0.08348154388592467,0.25871988493347714
0.08366875721551374,0.25871988493347714
0.08369995943711192,0.2588996763754045
0.0837311616587101,0.2588996763754045
0.0837311616587101,0.2590794678173319
0.08376236388030828,0.2590794678173319
0.08382476832350463,0.259618842143114
0.08382476832350463,0.25979863358504135
0.08385597054510281,0.2599784250269687
0.08388717276670099,0.2599784250269687
0.08391837498829917,0.2599784250269687
0.08393397609909825,0.2599784250269687
0.08396517832069643,0.2599784250269687
0.08396517832069643,0.2601582164688961
0.0840119816530937,0.2601582164688961
0.08402758276389279,0.26033800791082345
0.08407438609629006,0.26033800791082345
0.08410558831788824,0.26033800791082345
0.0841523916502855,0.26033800791082345
0.08419919498268277,0.26033800791082345
0.08419919498268277,0.2605177993527508
0.08423039720428094,0.2605177993527508
0.08427720053667821,0.2606975907946782
0.08430840275827639,0.2606975907946782
0.08435520609067365,0.2606975907946782
0.08435520609067365,0.26087738223660556
0.08441761053387001,0.26087738223660556
0.08446441386626728,0.26087738223660556
0.08449561608786546,0.26087738223660556
0.08452681830946364,0.26087738223660556
0.08454241942026272,0.26087738223660556
0.0845736216418609,0.26105717367853293
0.08460482386345908,0.26105717367853293
0.08460482386345908,0.26123696512046024
0.08463602608505726,0.2614167565623876
0.08465162719585634,0.2614167565623876
0.08466722830665543,0.261596548004315
0.08468282941745452,0.261596548004315
0.08468282941745452,0.26177633944624235
0.08476083497144997,0.26177633944624235
0.08479203719304815,0.26177633944624235
0.08482323941464633,0.26177633944624235
0.08494804830103904,0.26177633944624235
0.0849948516334363,0.26177633944624235
0.08502605385503448,0.26177633944624235
0.08504165496583357,0.2619561308881697
0.08511966051982901,0.2619561308881697
0.08518206496302537,0.2619561308881697
0.08522886829542263,0.2621359223300971
0.08522886829542263,0.26231571377202445
0.08524446940622173,0.26231571377202445
0.0852756716278199,0.2624955052139518
0.08532247496021717,0.2624955052139518
0.08532247496021717,0.2626752966558792
0.08535367718181534,0.2626752966558792
0.08535367718181534,0.26285508809780656
0.08540048051421262,0.26285508809780656
0.0854316827358108,0.26285508809780656
0.08547848606820806,0.26285508809780656
0.08550968828980623,0.26285508809780656
0.08552528940060532,0.26285508809780656
0.08552528940060532,0.2630348795397339
0.08554089051140441,0.2630348795397339
0.08557209273300259,0.2630348795397339
0.08561889606539985,0.2630348795397339
0.08565009828699803,0.2630348795397339
0.08571250273019439,0.2630348795397339
0.08571250273019439,0.2632146709816613
0.08588411494898436,0.26375404530744334
0.08589971605978346,0.26375404530744334
0.08591531717058254,0.2639338367493707
0.08591531717058254,0.2641136281912981
0.0859777216137789,0.2641136281912981
0.0859777216137789,0.26429341963322545
0.08600892383537707,0.26429341963322545
0.08604012605697525,0.26429341963322545
0.08610253050017161,0.26429341963322545
0.08610253050017161,0.2644732110751528
0.08613373272176979,0.2646530025170802
0.08616493494336797,0.2646530025170802
0.08621173827576524,0.2646530025170802
0.08621173827576524,0.26483279395900755
0.08630534494055976,0.26483279395900755
0.08630534494055976,0.2650125854009349
0.08633654716215794,0.2650125854009349
0.08633654716215794,0.2651923768428623
0.08635214827295704,0.26537216828478966
0.0863989516053543,0.26537216828478966
0.08643015382695247,0.26537216828478966
0.08644575493775157,0.26537216828478966
0.08650815938094793,0.26537216828478966
0.08652376049174701,0.26537216828478966
0.08657056382414428,0.265551959726717
0.08660176604574246,0.265551959726717
0.0866797715997379,0.2657317511686444
0.08671097382133608,0.2657317511686444
0.08674217604293426,0.2657317511686444
0.08674217604293426,0.26591154261057176
0.08677337826453244,0.26591154261057176
0.08677337826453244,0.2660913340524991
0.08683578270772879,0.26627112549442644
0.08688258604012605,0.26627112549442644
0.08691378826172423,0.26627112549442644
0.08692938937252333,0.26627112549442644
0.08692938937252333,0.2666307083782812
0.08694499048332241,0.2666307083782812
0.08697619270492059,0.2666307083782812
0.08702299603731786,0.2666307083782812
0.08702299603731786,0.26681049982020855
0.08705419825891604,0.2669902912621359
0.08706979936971512,0.2669902912621359
0.0871010015913133,0.2669902912621359
0.08713220381291148,0.2669902912621359
0.08713220381291148,0.2671700827040633
0.08716340603450966,0.2671700827040633
0.08717900714530874,0.2671700827040633
0.08721020936690692,0.26734987414599065
0.08725701269930419,0.26734987414599065
0.08728821492090237,0.26734987414599065
0.08730381603170145,0.26734987414599065
0.08730381603170145,0.267529665587918
0.08736622047489781,0.267529665587918
0.08739742269649599,0.267529665587918
0.08739742269649599,0.2677094570298454
0.08742862491809417,0.2677094570298454
0.08742862491809417,0.26788924847177276
0.08747542825049144,0.26788924847177276
0.0875222315828887,0.26788924847177276
0.08753783269368778,0.2680690399137001
0.08756903491528596,0.2680690399137001
0.08775624824487503,0.2680690399137001
0.08778745046647321,0.2680690399137001
0.0878030515772723,0.2680690399137001
0.0878030515772723,0.2682488313556275
0.08781865268807139,0.2682488313556275
0.08783425379887048,0.26842862279755486
0.08786545602046866,0.26842862279755486
0.08789665824206684,0.26842862279755486
0.08791225935286592,0.26842862279755486
0.0879434615744641,0.26842862279755486
0.08797466379606228,0.26842862279755486
0.08800586601766046,0.26842862279755486
0.08802146712845954,0.26842862279755486
0.08805266935005772,0.26842862279755486
0.08811507379325408,0.26842862279755486
0.08814627601485225,0.26842862279755486
0.08825548379044588,0.26878820568140954
0.08827108490124497,0.26878820568140954
0.08830228712284315,0.26878820568140954
0.08834909045524042,0.26878820568140954
0.08838029267683858,0.26878820568140954
0.08845829823083404,0.26878820568140954
0.08848950045243222,0.26878820568140954
0.08853630378482948,0.2689679971233369
0.08856750600642765,0.2689679971233369
0.08862991044962401,0.2689679971233369
0.08881712377921308,0.2689679971233369
0.08881712377921308,0.26932758000719165
0.08881712377921308,0.269507371449119
0.08883272489001216,0.269507371449119
0.08884832600081126,0.2696871628910464
0.08889512933320852,0.2696871628910464
0.08891073044400762,0.26986695433297375
0.08891073044400762,0.2700467457749011
0.0889419326656058,0.2700467457749011
0.08900433710880215,0.2700467457749011
0.08903553933040033,0.2700467457749011
0.08908234266279759,0.2700467457749011
0.08911354488439577,0.2700467457749011
0.08914474710599395,0.2700467457749011
0.08916034821679304,0.2700467457749011
0.08922275265998938,0.2700467457749011
0.08925395488158756,0.2700467457749011
0.08928515710318574,0.2700467457749011
0.08931635932478392,0.2702265372168285
0.08933196043558302,0.27040632865875586
0.0893475615463821,0.27040632865875586
0.08937876376798028,0.2705861201006832
0.08939436487877937,0.2705861201006832
0.08944116821117663,0.2707659115426106
0.08948797154357391,0.2707659115426106
0.08953477487597117,0.2707659115426106
0.08956597709756935,0.2707659115426106
0.0896283815407657,0.2707659115426106
0.08965958376236388,0.2707659115426106
0.08967518487316296,0.27094570298453796
0.08969078598396206,0.27094570298453796
0.08970638709476114,0.27130528586839264
0.08973758931635932,0.27130528586839264
0.08975319042715842,0.27148507731032
0.08979999375955568,0.27148507731032
0.08986239820275203,0.27148507731032
0.08989360042435021,0.27148507731032
0.08992480264594839,0.27148507731032
0.08997160597834566,0.27148507731032
0.08997160597834566,0.2716648687522474
0.09001840931074293,0.2716648687522474
0.09006521264314019,0.2720244516361021
0.09009641486473836,0.2720244516361021
0.09012761708633654,0.2720244516361021
0.09012761708633654,0.2722042430780295
0.09015881930793472,0.2722042430780295
0.09028362819432743,0.2722042430780295
0.09029922930512653,0.2722042430780295
0.09029922930512653,0.2725638259618842
0.09029922930512653,0.2727436174038116
0.09036163374832289,0.2727436174038116
0.09036163374832289,0.27292340884573896
0.09040843708072015,0.27292340884573896
0.09042403819151923,0.2731032002876663
0.0904708415239165,0.2732829917295937
0.09053324596711286,0.2732829917295937
0.09056444818871104,0.2732829917295937
0.09058004929951012,0.2732829917295937
0.09064245374270648,0.2732829917295937
0.09067365596430466,0.2732829917295937
0.09070485818590283,0.27346278317152106
0.09081406596149647,0.27346278317152106
0.09084526818309463,0.27346278317152106
0.09087647040469281,0.27346278317152106
0.09090767262629099,0.27346278317152106
0.09092327373709008,0.27346278317152106
0.09092327373709008,0.2736425746134484
0.09095447595868826,0.2736425746134484
0.09098567818028644,0.27382236605537574
0.09106368373428188,0.27382236605537574
0.09111048706667915,0.27382236605537574
0.09114168928827733,0.27382236605537574
0.09114168928827733,0.2741819489392305
0.09115729039907641,0.2741819489392305
0.09117289150987551,0.27436174038115785
0.09136010483946456,0.27436174038115785
0.09136010483946456,0.2745415318230852
0.09140690817186184,0.2745415318230852
0.09142250928266092,0.2747213232650126
0.0914537115042591,0.2747213232650126
0.0914693126150582,0.2747213232650126
0.0914693126150582,0.27490111470693995
0.09151611594745546,0.27490111470693995
0.09154731816905363,0.27490111470693995
0.09156291927985273,0.27490111470693995
0.09156291927985273,0.2750809061488673
0.09160972261224999,0.2750809061488673
0.09164092483384817,0.2752606975907947
0.09179693594183906,0.2752606975907947
0.09182813816343724,0.2752606975907947
0.0918749414958345,0.2752606975907947
0.09195294704982995,0.2752606975907947
0.09199975038222721,0.2752606975907947
0.09201535149302631,0.2752606975907947
0.09204655371462449,0.2752606975907947
0.09209335704702175,0.2752606975907947
0.09212455926861993,0.2752606975907947
0.09217136260101719,0.2752606975907947
0.09217136260101719,0.27544048903272206
0.09220256482261537,0.2756202804746494
0.09221816593341446,0.2756202804746494
0.09221816593341446,0.2758000719165768
0.09224936815501264,0.2758000719165768
0.09224936815501264,0.27597986335850416
0.09226496926581172,0.27597986335850416
0.0922961714874099,0.2761596548004315
0.092311772598209,0.27633944624235884
0.09237417704140535,0.27633944624235884
0.09237417704140535,0.2765192376842862
0.09240537926300353,0.2765192376842862
0.09240537926300353,0.2766990291262136
0.09242098037380261,0.2766990291262136
0.09245218259540079,0.2766990291262136
0.09245218259540079,0.27687882056814095
0.09251458703859715,0.27687882056814095
0.09262379481419077,0.27687882056814095
0.09268619925738712,0.27687882056814095
0.09276420481138258,0.27687882056814095
0.09281100814377984,0.27687882056814095
0.09287341258697619,0.27687882056814095
0.09288901369777529,0.27687882056814095
0.09288901369777529,0.2770586120100683
0.09292021591937345,0.2770586120100683
0.09293581703017255,0.2770586120100683
0.09293581703017255,0.2772384034519957
0.09301382258416799,0.2772384034519957
0.09304502480576617,0.2772384034519957
0.09312303035976162,0.2772384034519957
0.0931542325813598,0.2772384034519957
0.09318543480295798,0.2772384034519957
0.09320103591375706,0.27741819489392305
0.09332584480014977,0.27741819489392305
0.09337264813254703,0.27741819489392305
0.09340385035414521,0.27741819489392305
0.09343505257574339,0.27741819489392305
0.09345065368654248,0.2775979863358504
0.09346625479734157,0.2775979863358504
0.09346625479734157,0.2777777777777778
0.09351305812973884,0.2777777777777778
0.09354426035133702,0.2777777777777778
0.09371587257012699,0.2777777777777778
0.09374707479172517,0.2777777777777778
0.09376267590252425,0.2777777777777778
0.09377827701332335,0.27795756921970516
0.09388748478891697,0.27795756921970516
0.09394988923211332,0.27795756921970516
0.0939810914537115,0.27795756921970516
0.09402789478610878,0.27795756921970516
0.09409029922930513,0.27795756921970516
0.09409029922930513,0.2781373606616325
0.09419950700489875,0.2781373606616325
0.09429311366969328,0.2781373606616325
0.09432431589129146,0.2781373606616325
0.09437111922368872,0.2781373606616325
0.09437111922368872,0.2783171521035599
0.09438672033448782,0.2783171521035599
0.09443352366688508,0.2783171521035599
0.09448032699928235,0.2783171521035599
0.09448032699928235,0.2784969435454872
0.09451152922088053,0.2784969435454872
0.09454273144247871,0.2784969435454872
0.09466754032887141,0.2784969435454872
0.09471434366126869,0.2784969435454872
0.09474554588286686,0.2784969435454872
0.09477674810446504,0.2786767349874146
0.0948391525476614,0.2786767349874146
0.09487035476925958,0.2786767349874146
0.09488595588005866,0.2786767349874146
0.09493275921245593,0.27885652642934194
0.0949795625448532,0.27885652642934194
0.0949795625448532,0.2790363178712693
0.09499516365565228,0.2792161093131967
0.09502636587725045,0.2792161093131967
0.09508877032044681,0.2792161093131967
0.09508877032044681,0.27939590075512405
0.09518237698524135,0.27939590075512405
0.09518237698524135,0.2795756921970514
0.09530718587163406,0.2795756921970514
0.09535398920403133,0.2795756921970514
0.09541639364722768,0.2795756921970514
0.09554120253362039,0.2795756921970514
0.09554120253362039,0.2797554836389788
0.09563480919841492,0.2797554836389788
0.09565041030921402,0.2797554836389788
0.09565041030921402,0.27993527508090615
0.0956660114200131,0.27993527508090615
0.09571281475241038,0.27993527508090615
0.09574401697400856,0.27993527508090615
0.09574401697400856,0.2801150665228335
0.09583762363880308,0.2801150665228335
0.09586882586040125,0.2801150665228335
0.09588442697120035,0.2801150665228335
0.09591562919279853,0.2801150665228335
0.09597803363599489,0.2801150665228335
0.09597803363599489,0.2802948579647609
0.09600923585759306,0.2802948579647609
0.09604043807919124,0.2802948579647609
0.09605603918999032,0.2802948579647609
0.09605603918999032,0.28047464940668826
0.09614964585478486,0.28047464940668826
0.09614964585478486,0.2806544408486156
0.09616524696558396,0.2806544408486156
0.09616524696558396,0.280834232290543
0.09618084807638304,0.280834232290543
0.09618084807638304,0.2810140237324703
0.0962432525195794,0.2810140237324703
0.09632125807357483,0.2810140237324703
0.09644606695996755,0.2810140237324703
0.09653967362476208,0.2810140237324703
0.09674248806515023,0.2810140237324703
0.09680489250834659,0.2810140237324703
0.09689849917314113,0.2810140237324703
0.09689849917314113,0.2811938151743977
0.09696090361633748,0.2811938151743977
0.09697650472713658,0.2811938151743977
0.0970701113919311,0.2811938151743977
0.09719492027832381,0.2811938151743977
0.09722612249992199,0.2811938151743977
0.09727292583231927,0.2811938151743977
0.09727292583231927,0.28137360661632504
0.09733533027551562,0.28137360661632504
0.0973665324971138,0.28137360661632504
0.0973665324971138,0.2815533980582524
0.09746013916190832,0.2815533980582524
0.09746013916190832,0.2817331895001798
0.0974913413835065,0.2817331895001798
0.0974913413835065,0.28191298094210715
0.09755374582670286,0.28191298094210715
0.09763175138069831,0.2820927723840345
0.09770975693469375,0.2820927723840345
0.09774095915629193,0.2820927723840345
0.0977877624886892,0.2820927723840345
0.09789697026428282,0.2820927723840345
0.09794377359668008,0.2820927723840345
0.09797497581827826,0.2822725638259619
0.09800617803987643,0.2822725638259619
0.09806858248307279,0.2822725638259619
0.09813098692626915,0.28245235526788925
0.09814658803706824,0.28245235526788925
0.0981933913694655,0.28245235526788925
0.09825579581266186,0.28245235526788925
0.09828699803426004,0.28245235526788925
0.09831820025585822,0.28245235526788925
0.09836500358825548,0.28245235526788925
0.09836500358825548,0.2826321467098166
0.09841180692065275,0.2826321467098166
0.09844300914225093,0.2826321467098166
0.09845861025305001,0.2826321467098166
0.09848981247464819,0.2826321467098166
0.09864582358263908,0.2826321467098166
0.09867702580423726,0.2826321467098166
0.0987550313582327,0.282811938151744
0.0987706324690318,0.282811938151744
0.0987706324690318,0.28299172959367136
0.09878623357983088,0.28299172959367136
0.09881743580142906,0.28299172959367136
0.09881743580142906,0.28317152103559873
0.09887984024462541,0.2833513124775261
0.09895784579862087,0.2833513124775261
0.09906705357421448,0.2837108953613808
0.09911385690661174,0.2837108953613808
0.0991762613498081,0.2837108953613808
0.0991918624606072,0.2837108953613808
0.0991918624606072,0.28389068680330815
0.09925426690380355,0.28389068680330815
0.09925426690380355,0.2840704782452355
0.09934787356859809,0.2840704782452355
0.09937907579019627,0.2840704782452355
0.09942587912259353,0.2840704782452355
0.09944148023339262,0.2840704782452355
0.09948828356578988,0.2840704782452355
0.09953508689818714,0.2840704782452355
0.09956628911978532,0.2840704782452355
0.09958189023058442,0.2840704782452355
0.09958189023058442,0.2842502696871629
0.0995974913413835,0.2842502696871629
0.0995974913413835,0.28443006112909025
0.09969109800617804,0.28443006112909025
0.09972230022777621,0.28443006112909025
0.09984710911416893,0.28443006112909025
0.09986271022496802,0.2846098525710176
0.09990951355736528,0.2846098525710176
0.1000187213329589,0.2846098525710176
0.1000187213329589,0.284789644012945
0.10004992355455708,0.284789644012945
0.10008112577615526,0.284789644012945
0.10017473244094979,0.284789644012945
0.10017473244094979,0.28496943545487236
0.10020593466254797,0.28496943545487236
0.10023713688414615,0.28496943545487236
0.10023713688414615,0.2853290183387271
0.10025273799494525,0.2853290183387271
0.1003151424381416,0.2853290183387271
0.10034634465973977,0.2853290183387271
0.10034634465973977,0.28550880978065446
0.10037754688133795,0.28550880978065446
0.1004555524353334,0.2858683926645092
0.10048675465693158,0.2858683926645092
0.10050235576773066,0.2858683926645092
0.1005959624325252,0.2860481841064365
0.1005959624325252,0.2862279755483639
0.10062716465412337,0.2862279755483639
0.10062716465412337,0.28640776699029125
0.10065836687572155,0.28640776699029125
0.1007207713189179,0.28640776699029125
0.1007207713189179,0.2865875584322186
0.100736372429717,0.2865875584322186
0.10076757465131517,0.2865875584322186
0.10078317576211426,0.2865875584322186
0.10078317576211426,0.286767349874146
0.10081437798371244,0.286767349874146
0.10081437798371244,0.28694714131607335
0.10097038909170333,0.28694714131607335
0.10104839464569877,0.2871269327580007
0.1011420013104933,0.2871269327580007
0.10118880464289057,0.2871269327580007
0.10123560797528784,0.28748651564185546
0.1012824113076851,0.28748651564185546
0.10132921464008238,0.28748651564185546
0.10132921464008238,0.2876663070837828
0.10136041686168056,0.2876663070837828
0.10136041686168056,0.2878460985257102
0.10150082685887235,0.2878460985257102
0.10150082685887235,0.28802588996763756
0.10154763019126962,0.28802588996763756
0.10154763019126962,0.28820568140956493
0.10157883241286779,0.28820568140956493
0.10157883241286779,0.28838547285149224
0.10165683796686324,0.28838547285149224
0.1017036412992605,0.28838547285149224
0.1017036412992605,0.2885652642934196
0.10182845018565322,0.2885652642934196
0.10182845018565322,0.288745055735347
0.1018596524072514,0.288745055735347
0.10187525351805049,0.288745055735347
0.10190645573964867,0.288745055735347
0.10192205685044775,0.288745055735347
0.10192205685044775,0.2891046386192017
0.10196886018284503,0.2891046386192017
0.10200006240444319,0.2891046386192017
0.10200006240444319,0.2892844300611291
0.10220287684483136,0.2892844300611291
0.10226528128802771,0.2892844300611291
0.10234328684202315,0.2892844300611291
0.10243689350681769,0.2892844300611291
0.10243689350681769,0.28946422150305645
0.10248369683921495,0.28946422150305645
0.10253050017161222,0.2898238043869112
0.10253050017161222,0.29000359582883856
0.10260850572560766,0.29000359582883856
0.10263970794720584,0.29000359582883856
0.10263970794720584,0.2901833872707659
0.1027021123904022,0.2901833872707659
0.10281132016599581,0.29090255303847534
0.10281132016599581,0.2910823444804027
0.10284252238759399,0.2910823444804027
0.10284252238759399,0.2912621359223301
0.1029673312739867,0.2912621359223301
0.1029673312739867,0.29144192736425745
0.1029829323847858,0.29144192736425745
0.10301413460638398,0.29144192736425745
0.10310774127117851,0.29144192736425745
0.1031233423819776,0.29144192736425745
0.10315454460357577,0.2916217188061848
0.10326375237916939,0.2916217188061848
0.10326375237916939,0.2918015102481122
0.10332615682236575,0.2918015102481122
0.10335735904396393,0.2918015102481122
0.10337296015476302,0.2918015102481122
0.10345096570875846,0.2918015102481122
0.10351337015195482,0.2918015102481122
0.10351337015195482,0.29198130169003955
0.10356017348435209,0.29198130169003955
0.10362257792754845,0.29198130169003955
0.10373178570314207,0.29198130169003955
0.10376298792474024,0.29198130169003955
0.10376298792474024,0.2923408845738943
0.1038097912571375,0.2923408845738943
0.1038097912571375,0.29252067601582166
0.10385659458953478,0.29252067601582166
0.10387219570033386,0.292700467457749
0.10390339792193204,0.292700467457749
0.10390339792193204,0.2928802588996764
0.10395020125432931,0.2928802588996764
0.10401260569752567,0.2928802588996764
0.10402820680832475,0.2928802588996764
0.10409061125152111,0.2928802588996764
0.10412181347311929,0.2928802588996764
0.10418421791631564,0.2928802588996764
0.10421542013791382,0.29306005034160376
0.10429342569190926,0.29306005034160376
0.10432462791350744,0.29306005034160376
0.10435583013510562,0.29306005034160376
0.1043870323567038,0.29306005034160376
0.10441823457830197,0.29306005034160376
0.10444943679990015,0.29306005034160376
0.10448063902149833,0.29306005034160376
0.10449624013229741,0.29323984178353113
0.10455864457549377,0.29323984178353113
0.10455864457549377,0.29341963322545844
0.10457424568629287,0.29341963322545844
0.10460544790789104,0.29341963322545844
0.10460544790789104,0.2935994246673858
0.10462104901869013,0.2935994246673858
0.1046522512402883,0.2935994246673858
0.10471465568348466,0.2935994246673858
0.10477706012668102,0.2935994246673858
0.10488626790227464,0.2935994246673858
0.10491747012387281,0.2935994246673858
0.10493307123467191,0.2937792161093132
0.10496427345627009,0.2937792161093132
0.10497987456706917,0.29395900755124055
0.10504227901026553,0.29395900755124055
0.10504227901026553,0.2941387989931679
0.1050734812318637,0.2941387989931679
0.10512028456426098,0.2941387989931679
0.1052294923398546,0.2941387989931679
0.10524509345065369,0.2943185904350953
0.10526069456145278,0.2943185904350953
0.10526069456145278,0.29467817331895
0.10535430122624731,0.29467817331895
0.10538550344784549,0.29467817331895
0.10538550344784549,0.2948579647608774
0.10547911011264002,0.2948579647608774
0.10547911011264002,0.29503775620280476
0.1055103123342382,0.29503775620280476
0.10555711566663546,0.29503775620280476
0.10555711566663546,0.2953973390866595
0.10558831788823364,0.29557713052858686
0.10563512122063091,0.29557713052858686
0.10563512122063091,0.29575692197051423
0.10585353677181815,0.2961165048543689
0.10586913788261725,0.2961165048543689
0.1059315423258136,0.2961165048543689
0.10600954787980904,0.2961165048543689
0.10604075010140722,0.2961165048543689
0.10613435676620175,0.2961165048543689
0.10616555898779993,0.2961165048543689
0.10625916565259447,0.2961165048543689
0.10629036787419265,0.2961165048543689
0.10629036787419265,0.2962962962962963
0.1063371712065899,0.2962962962962963
0.10636837342818808,0.2962962962962963
0.10647758120378172,0.2962962962962963
0.10647758120378172,0.296655879180151
0.10658678897937533,0.296655879180151
0.1066335923117726,0.296655879180151
0.10668039564416987,0.296655879180151
0.10668039564416987,0.2968356706220784
0.10671159786576805,0.2968356706220784
0.1067584011981653,0.2968356706220784
0.1067584011981653,0.29701546206400575
0.10678960341976348,0.29701546206400575
0.10682080564136166,0.29701546206400575
0.10683640675216076,0.2971952535059331
0.10686760897375894,0.2971952535059331
0.10686760897375894,0.2973750449478605
0.1069300134169553,0.2973750449478605
0.10697681674935255,0.2973750449478605
0.10699241786015164,0.2973750449478605
0.10699241786015164,0.2977346278317152
0.10700801897095073,0.2977346278317152
0.10700801897095073,0.2979144192736426
0.10711722674654435,0.2979144192736426
0.1071796311897407,0.2979144192736426
0.10724203563293706,0.2979144192736426
0.10728883896533434,0.2979144192736426
0.10728883896533434,0.29809421071556996
0.10732004118693252,0.29809421071556996
0.10732004118693252,0.2982740021574973
0.10741364785172704,0.2982740021574973
0.10742924896252613,0.29845379359942464
0.10750725451652157,0.29845379359942464
0.10752285562732067,0.29845379359942464
0.10764766451371338,0.298633585041352
0.10767886673531156,0.298633585041352
0.10769446784611064,0.298633585041352
0.10774127117850792,0.2988133764832794
0.107756872289307,0.2988133764832794
0.10780367562170426,0.29899316792520675
0.10780367562170426,0.2991729593671341
0.10791288339729789,0.2991729593671341
0.10791288339729789,0.29953254225098885
0.10794408561889607,0.29953254225098885
0.10794408561889607,0.2997123336929162
0.10799088895129333,0.2997123336929162
0.10813129894848514,0.30061129090255306
0.10816250117008332,0.30061129090255306
0.10820930450248058,0.30061129090255306
0.10824050672407876,0.3007910823444804
0.10827170894567693,0.3007910823444804
0.1083185122780742,0.3007910823444804
0.10833411338887329,0.3007910823444804
0.10834971449967237,0.30097087378640774
0.10839651783206965,0.30097087378640774
0.10849012449686418,0.30151024811218985
0.10849012449686418,0.3016900395541172
0.10852132671846236,0.3016900395541172
0.10852132671846236,0.3018698309960446
0.10855252894006054,0.3018698309960446
0.10864613560485506,0.3018698309960446
0.10869293893725233,0.3018698309960446
0.10872414115885051,0.3018698309960446
0.10880214671284595,0.30204962243797195
0.10880214671284595,0.3022294138798993
0.10883334893444413,0.3022294138798993
0.10891135448843958,0.3022294138798993
0.10892695559923866,0.3024092053218267
0.1090205622640332,0.3024092053218267
0.10905176448563138,0.3024092053218267
0.10912977003962682,0.3024092053218267
0.10912977003962682,0.30258899676375406
0.109160972261225,0.30258899676375406
0.10920777559362227,0.30258899676375406
0.10922337670442135,0.30258899676375406
0.10922337670442135,0.3027687882056814
0.10923897781522045,0.3029485796476088
0.10927018003681863,0.3029485796476088
0.10937938781241224,0.3029485796476088
0.10937938781241224,0.30312837108953616
0.10941059003401042,0.30312837108953616
0.10945739336640768,0.30312837108953616
0.10948859558800586,0.30312837108953616
0.10950419669880496,0.30312837108953616
0.10959780336359949,0.30312837108953616
0.10961340447439857,0.30312837108953616
0.10964460669599675,0.30312837108953616
0.10967580891759493,0.30312837108953616
0.1097226122499922,0.30312837108953616
0.1097226122499922,0.3033081625314635
0.10976941558238947,0.3033081625314635
0.10978501669318856,0.30348795397339084
0.10983182002558582,0.30348795397339084
0.109863022247184,0.30348795397339084
0.10989422446878218,0.30348795397339084
0.10994102780117944,0.30348795397339084
0.10997223002277762,0.3036677454153182
0.11005023557677307,0.3036677454153182
0.11005023557677307,0.3038475368572456
0.11008143779837125,0.3038475368572456
0.11009703890917033,0.30402732829917295
0.1101438422415676,0.30402732829917295
0.11015944335236669,0.30402732829917295
0.11022184779556304,0.30402732829917295
0.11023744890636214,0.30402732829917295
0.1102842522387594,0.30402732829917295
0.11031545446035758,0.30402732829917295
0.11034665668195576,0.3042071197411003
0.11034665668195576,0.3043869111830277
0.11050266778994665,0.3043869111830277
0.11054947112234391,0.3043869111830277
0.11058067334394209,0.3043869111830277
0.11061187556554027,0.3043869111830277
0.11067428000873662,0.3043869111830277
0.11075228556273206,0.30456670262495505
0.11076788667353116,0.30456670262495505
0.11078348778433024,0.3047464940668824
0.11081469000592842,0.3047464940668824
0.11081469000592842,0.3049262855088098
0.11093949889232113,0.3049262855088098
0.11093949889232113,0.3054656598345919
0.11097070111391931,0.3054656598345919
0.11097070111391931,0.30564545127651926
0.11100190333551749,0.30564545127651926
0.11101750444631658,0.3058252427184466
0.11106430777871384,0.30600503416037395
0.11107990888951293,0.30600503416037395
0.11114231333270928,0.30600503416037395
0.11118911666510656,0.30600503416037395
0.11120471777590564,0.3061848256023013
0.11122031888670474,0.3061848256023013
0.11123591999750382,0.3063646170442287
0.11123591999750382,0.30654440848615605
0.11129832444070017,0.30654440848615605
0.11129832444070017,0.3067241999280834
0.11131392555149927,0.3067241999280834
0.11137632999469563,0.3067241999280834
0.11146993665949016,0.3067241999280834
0.11151673999188742,0.3067241999280834
0.11151673999188742,0.3069039913700108
0.1115323411026865,0.30708378281193816
0.11157914443508378,0.30708378281193816
0.11164154887828014,0.30708378281193816
0.1116883522106774,0.30708378281193816
0.11175075665387375,0.30708378281193816
0.11184436331866829,0.3072635742538655
0.11184436331866829,0.3074433656957929
0.11204717775905644,0.30762315713772026
0.11206277886985554,0.30762315713772026
0.11206277886985554,0.30780294857964763
0.11209398109145371,0.30780294857964763
0.11209398109145371,0.307982740021575
0.11218758775624825,0.307982740021575
0.11218758775624825,0.30816253146350236
0.11229679553184187,0.30816253146350236
0.11231239664264095,0.30816253146350236
0.11235919997503822,0.3083423229054297
0.1123904021966364,0.3083423229054297
0.11240600330743548,0.3083423229054297
0.11242160441823458,0.30852211434735705
0.11245280663983276,0.30852211434735705
0.11245280663983276,0.3087019057892844
0.11248400886143094,0.3087019057892844
0.1125308121938282,0.3087019057892844
0.11259321663702455,0.3088816972312118
0.11262441885862273,0.3088816972312118
0.11265562108022091,0.3088816972312118
0.11265562108022091,0.30906148867313915
0.11271802552341727,0.30906148867313915
0.11271802552341727,0.3092412801150665
0.11278042996661362,0.3092412801150665
0.1127960310774127,0.3092412801150665
0.1127960310774127,0.3094210715569939
0.11282723329901088,0.3094210715569939
0.11284283440980998,0.3094210715569939
0.11290523885300634,0.3094210715569939
0.11301444662859995,0.3094210715569939
0.11304564885019813,0.3094210715569939
0.11304564885019813,0.3097806544408486
0.11309245218259541,0.3097806544408486
0.11309245218259541,0.309960445882776
0.11312365440419359,0.309960445882776
0.11317045773659085,0.309960445882776
0.1132328621797872,0.309960445882776
0.11326406440138538,0.309960445882776
0.11327966551218446,0.309960445882776
0.11327966551218446,0.31014023732470336
0.11331086773378264,0.31014023732470336
0.11332646884458174,0.31032002876663073
0.11334206995538082,0.31032002876663073
0.11334206995538082,0.3104998202085581
0.11335767106617992,0.3104998202085581
0.11340447439857718,0.3106796116504854
0.11343567662017535,0.3106796116504854
0.11346687884177353,0.3106796116504854
0.11348247995257263,0.3106796116504854
0.11351368217417081,0.3106796116504854
0.11356048550656807,0.3106796116504854
0.11359168772816625,0.3106796116504854
0.11362288994976442,0.3106796116504854
0.1136540921713626,0.3106796116504854
0.11366969328216169,0.3106796116504854
0.11368529439296078,0.3108594030924128
0.11374769883615714,0.3108594030924128
0.11374769883615714,0.31103919453434015
0.1137945021685544,0.31103919453434015
0.1137945021685544,0.3112189859762675
0.11391931105494711,0.3112189859762675
0.11396611438734437,0.3112189859762675
0.11398171549814347,0.3112189859762675
0.11401291771974165,0.3112189859762675
0.11409092327373709,0.3112189859762675
0.11412212549533526,0.3112189859762675
0.11413772660613436,0.3112189859762675
0.11416892882773254,0.3112189859762675
0.1142157321601298,0.3112189859762675
0.11427813660332616,0.3113987774181949
0.11430933882492433,0.3113987774181949
0.11434054104652251,0.3113987774181949
0.11434054104652251,0.31157856886012225
0.11437174326812069,0.31157856886012225
0.11440294548971887,0.31157856886012225
0.11440294548971887,0.3117583603020496
0.11443414771131705,0.3117583603020496
0.11446534993291523,0.311938151743977
0.11448095104371431,0.311938151743977
0.1144965521545134,0.31211794318590436
0.11452775437611158,0.31211794318590436
0.11452775437611158,0.3122977346278317
0.11454335548691066,0.3122977346278317
0.11454335548691066,0.3124775260697591
0.11462136104090612,0.31283710895361383
0.1146369621517052,0.31283710895361383
0.11466816437330338,0.3131966918374685
0.11471496770570065,0.3131966918374685
0.11474616992729883,0.3131966918374685
0.11476177103809791,0.3131966918374685
0.11476177103809791,0.3133764832793959
0.11477737214889701,0.3133764832793959
0.11482417548129427,0.31355627472132325
0.11487097881369153,0.31355627472132325
0.11490218103528971,0.31355627472132325
0.11494898436768698,0.31355627472132325
0.11498018658928516,0.31355627472132325
0.11498018658928516,0.3137360661632506
0.11501138881088334,0.3137360661632506
0.11502698992168242,0.3137360661632506
0.11510499547567787,0.31409564904710535
0.11512059658647696,0.31409564904710535
0.11524540547286967,0.31409564904710535
0.11527660769446785,0.31409564904710535
0.11527660769446785,0.3142754404890327
0.1153390121376642,0.3142754404890327
0.11537021435926238,0.3142754404890327
0.11538581547006146,0.3142754404890327
0.11543261880245874,0.3144552319309601
0.11544821991325782,0.3144552319309601
0.11544821991325782,0.31463502337288746
0.11552622546725327,0.31463502337288746
0.11555742768885145,0.31463502337288746
0.11563543324284689,0.31463502337288746
0.11566663546444507,0.31463502337288746
0.11569783768604325,0.31463502337288746
0.11574464101844051,0.31463502337288746
0.11577584324003869,0.31463502337288746
0.11580704546163686,0.31463502337288746
0.11582264657243596,0.31463502337288746
0.11583824768323504,0.3148148148148148
0.11585384879403414,0.3148148148148148
0.11588505101563232,0.3148148148148148
0.11588505101563232,0.3149946062567422
0.11594745545882867,0.3149946062567422
0.11602546101282411,0.31517439769866956
0.11605666323442229,0.31517439769866956
0.11605666323442229,0.31535418914059693
0.11607226434522137,0.3157137720244516
0.11610346656681955,0.3157137720244516
0.116181472120815,0.31607335490830635
0.11625947767481044,0.31607335490830635
0.11655589877999313,0.31607335490830635
0.11657149989079223,0.31607335490830635
0.11664950544478767,0.31607335490830635
0.11666510655558676,0.31607335490830635
0.11668070766638584,0.3162531463502337
0.1167431121095822,0.3162531463502337
0.11677431433118038,0.3164329377921611
0.11678991544197947,0.3164329377921611
0.11694592654997035,0.3173318950017979
0.11697712877156853,0.3173318950017979
0.1170239321039658,0.3175116864437253
0.11705513432556398,0.3175116864437253
0.11707073543636307,0.3175116864437253
0.11707073543636307,0.31769147788565266
0.11711753876876034,0.31769147788565266
0.1171799432119567,0.31769147788565266
0.11721114543355488,0.31769147788565266
0.11724234765515305,0.31769147788565266
0.11725794876595214,0.31787126932758003
0.11725794876595214,0.3182308522114347
0.11728915098755031,0.3184106436533621
0.1173047520983494,0.3184106436533621
0.11733595431994757,0.3184106436533621
0.11741395987394303,0.3184106436533621
0.11741395987394303,0.31859043509528945
0.11750756653873756,0.31859043509528945
0.11750756653873756,0.3187702265372168
0.11752316764953664,0.3187702265372168
0.11752316764953664,0.3189500179791442
0.11766357764672845,0.3189500179791442
0.1177259820899248,0.3189500179791442
0.11778838653312115,0.3193096008629989
0.11785079097631751,0.3193096008629989
0.11816281319229929,0.3193096008629989
0.11819401541389747,0.3193096008629989
0.11822521763549565,0.3193096008629989
0.11825641985709383,0.3193096008629989
0.11825641985709383,0.3194893923049263
0.11831882430029018,0.3194893923049263
0.11835002652188836,0.3194893923049263
0.11838122874348654,0.3194893923049263
0.11839682985428562,0.3194893923049263
0.1184280320758838,0.3194893923049263
0.11853723985147742,0.319848975188781
0.1185684420730756,0.319848975188781
0.11859964429467378,0.319848975188781
0.11859964429467378,0.32020855807263576
0.11867764984866923,0.32020855807263576
0.11874005429186558,0.32020855807263576
0.11881805984586102,0.32020855807263576
0.1188648631782583,0.32020855807263576
0.11889606539985648,0.32020855807263576
0.11892726762145464,0.32038834951456313
0.11895846984305282,0.32038834951456313
0.11902087428624918,0.32056814095649044
0.11902087428624918,0.3207479323984178
0.11903647539704827,0.3207479323984178
0.11916128428344099,0.3209277238403452
0.11922368872663734,0.3209277238403452
0.11923928983743642,0.3209277238403452
0.11930169428063278,0.3209277238403452
0.11937969983462822,0.3209277238403452
0.11939530094542732,0.32110751528227255
0.1194265031670255,0.32110751528227255
0.11945770538862367,0.32110751528227255
0.11948890761022185,0.32110751528227255
0.11948890761022185,0.3212873067241999
0.11952010983182003,0.3212873067241999
0.11953571094261911,0.3212873067241999
0.11958251427501639,0.3212873067241999
0.11961371649661456,0.3212873067241999
0.11966051982901182,0.3212873067241999
0.11966051982901182,0.3214670981661273
0.11972292427220818,0.3214670981661273
0.11973852538300726,0.3214670981661273
0.1198321320478018,0.3214670981661273
0.11995694093419451,0.3214670981661273
0.11998814315579269,0.3214670981661273
0.12001934537739087,0.32164688960805465
0.12008174982058722,0.3220064724919094
0.1201129520421854,0.3220064724919094
0.1201285531529845,0.32218626393383676
0.12019095759618084,0.32218626393383676
0.12020655870697994,0.3223660553757641
0.12020655870697994,0.32272563825961886
0.12030016537177447,0.32272563825961886
0.12030016537177447,0.32290542970154623
0.12031576648257356,0.32290542970154623
0.12036256981497083,0.32290542970154623
0.12039377203656901,0.32290542970154623
0.12042497425816719,0.32290542970154623
0.1205341820337608,0.32290542970154623
0.1205341820337608,0.3232650125854009
0.12058098536615806,0.3232650125854009
0.12059658647695716,0.3232650125854009
0.12059658647695716,0.3234448040273283
0.12061218758775624,0.3234448040273283
0.12062778869855534,0.323804386911183
0.12064338980935442,0.323804386911183
0.12072139536334987,0.3239841783531104
0.12079940091734531,0.3239841783531104
0.12079940091734531,0.32416396979503775
0.12083060313894349,0.3243437612369651
0.12087740647134076,0.3243437612369651
0.12087740647134076,0.3245235526788925
0.12089300758213985,0.3245235526788925
0.12093981091453712,0.3245235526788925
0.12101781646853256,0.3245235526788925
0.12103341757933164,0.3245235526788925
0.12108022091172892,0.3245235526788925
0.12108022091172892,0.32470334412081986
0.121095822022528,0.32470334412081986
0.12112702424412618,0.32470334412081986
0.12115822646572436,0.32470334412081986
0.12122063090892071,0.3250629270046746
0.12123623201971981,0.3250629270046746
0.12126743424131799,0.3250629270046746
0.12139224312771069,0.3250629270046746
0.12139224312771069,0.32524271844660196
0.12143904646010796,0.32524271844660196
0.12147024868170614,0.32524271844660196
0.12150145090330432,0.32524271844660196
0.1215326531249025,0.32560230133045664
0.12157945645729976,0.32560230133045664
0.12161065867889793,0.32560230133045664
0.12164186090049611,0.32560230133045664
0.12167306312209429,0.32560230133045664
0.12168866423289339,0.32560230133045664
0.12184467534088426,0.32560230133045664
0.12187587756248244,0.32560230133045664
0.12190707978408062,0.32560230133045664
0.1219382820056788,0.325782092772384
0.12196948422727698,0.325782092772384
0.12196948422727698,0.3259618842143114
0.12203188867047333,0.3259618842143114
0.12210989422446879,0.3259618842143114
0.12214109644606697,0.3259618842143114
0.12217229866766514,0.3259618842143114
0.12220350088926332,0.3259618842143114
0.12226590533245967,0.3259618842143114
0.12234391088645512,0.3259618842143114
0.1223595119972542,0.3259618842143114
0.12239071421885238,0.3259618842143114
0.12242191644045056,0.3259618842143114
0.12249992199444601,0.32614167565623875
0.12251552310524509,0.32614167565623875
0.12251552310524509,0.3263214670981661
0.12253112421604419,0.3263214670981661
0.12256232643764237,0.3263214670981661
0.12257792754844145,0.3265012585400935
0.12259352865924054,0.3265012585400935
0.12271833754563324,0.3268608414239482
0.12276514087803052,0.3268608414239482
0.1227963430996287,0.3268608414239482
0.12282754532122687,0.3268608414239482
0.12282754532122687,0.3270406328658756
0.12287434865362414,0.32722042430780296
0.12313956753720864,0.32722042430780296
0.12332678086679771,0.32740021574973033
0.12335798308839589,0.32740021574973033
0.12337358419919499,0.32740021574973033
0.12340478642079317,0.32740021574973033
0.12345158975319043,0.32740021574973033
0.12346719086398951,0.32740021574973033
0.12349839308558769,0.32740021574973033
0.12352959530718587,0.32740021574973033
0.12360760086118132,0.32740021574973033
0.12365440419357858,0.32740021574973033
0.12365440419357858,0.3275800071916577
0.12367000530437768,0.3275800071916577
0.12368560641517676,0.32775979863358506
0.12370120752597585,0.32775979863358506
0.12370120752597585,0.32793959007551243
0.12371680863677494,0.32793959007551243
0.12374801085837311,0.32793959007551243
0.12374801085837311,0.32811938151743975
0.12384161752316765,0.3282991729593671
0.12388842085556491,0.3282991729593671
0.12395082529876127,0.3282991729593671
0.12395082529876127,0.3284789644012945
0.12396642640956036,0.3284789644012945
0.12402883085275672,0.3284789644012945
0.12407563418515398,0.32865875584322185
0.12413803862835034,0.32865875584322185
0.12420044307154669,0.32865875584322185
0.12423164529314487,0.32865875584322185
0.12424724640394397,0.3290183387270766
0.12427844862554213,0.3290183387270766
0.12429404973634123,0.32919813016900396
0.12430965084714031,0.32919813016900396
0.12473088083871571,0.32991729593671343
0.1247464819495148,0.32991729593671343
0.12482448750351025,0.3300970873786408
0.12484008861430934,0.3300970873786408
0.12487129083590752,0.3300970873786408
0.12491809416830478,0.3300970873786408
0.12498049861150114,0.3300970873786408
0.1250429030546975,0.3300970873786408
0.12507410527629567,0.3300970873786408
0.12508970638709477,0.3300970873786408
0.12508970638709477,0.33027687882056816
0.12512090860869293,0.33027687882056816
0.12521451527348748,0.3304566702624955
0.12527691971668384,0.3304566702624955
0.12527691971668384,0.33063646170442285
0.1253237230490811,0.33063646170442285
0.1253393241598802,0.3308162531463502
0.12535492527067926,0.3308162531463502
0.12540172860307655,0.3308162531463502
0.12543293082467472,0.3308162531463502
0.1254485319354738,0.3308162531463502
0.1254485319354738,0.3309960445882776
0.12547973415707198,0.3309960445882776
0.12549533526787107,0.33117583603020495
0.12557334082186652,0.33117583603020495
0.1256045430434647,0.33117583603020495
0.12562014415426379,0.3313556274721323
0.12565134637586195,0.3313556274721323
0.12566694748666105,0.3315354189140597
0.12568254859746014,0.3315354189140597
0.12568254859746014,0.33171521035598706
0.1257293519298574,0.33171521035598706
0.1257449530406565,0.33171521035598706
0.1257449530406565,0.3318950017979144
0.12579175637305376,0.3318950017979144
0.12582295859465195,0.3318950017979144
0.12597896970264283,0.3320747932398418
0.12599457081344193,0.33225458468176916
0.12605697525663828,0.33225458468176916
0.12607257636743735,0.33225458468176916
0.1261505819214328,0.33225458468176916
0.126181784143031,0.33225458468176916
0.12622858747542826,0.33225458468176916
0.1262909919186246,0.33225458468176916
0.12632219414022278,0.33225458468176916
0.12641580080501733,0.33225458468176916
0.12646260413741459,0.33225458468176916
0.12646260413741459,0.33243437612369653
0.12647820524821368,0.33243437612369653
0.12650940746981185,0.33243437612369653
0.12652500858061094,0.33243437612369653
0.1266030141346064,0.3326141675656239
0.12661861524540546,0.3326141675656239
0.12661861524540546,0.33279395900755127
0.12663421635620456,0.33279395900755127
0.12666541857780275,0.33279395900755127
0.12668101968860182,0.3329737504494786
0.12677462635339637,0.33315354189140595
0.12680582857499453,0.33315354189140595
0.12682142968579363,0.3333333333333333
0.12683703079659273,0.3333333333333333
0.1268682330181909,0.3333333333333333
0.12693063746138725,0.3333333333333333
0.12696183968298544,0.3335131247752607
0.1270086430153827,0.3335131247752607
0.1270242441261818,0.33369291621718805
0.12705544634777996,0.33369291621718805
0.12708664856937815,0.33369291621718805
0.1271490530125745,0.33369291621718805
0.12721145745577084,0.33369291621718805
0.1272738618989672,0.33369291621718805
0.12733626634216355,0.33369291621718805
0.12735186745296265,0.33369291621718805
0.12738306967456084,0.33369291621718805
0.1274298730069581,0.33369291621718805
0.1274454741177572,0.3338727076591154
0.12746107522855626,0.3338727076591154
0.12750787856095355,0.3338727076591154
0.12750787856095355,0.3340524991010428
0.12752347967175262,0.3340524991010428
0.12760148522574807,0.3344120819848975
0.12764828855814533,0.3344120819848975
0.12766388966894443,0.3345918734268249
0.12767949077974353,0.3345918734268249
0.12774189522293988,0.3345918734268249
0.12780429966613624,0.33477166486875226
0.1278355018877344,0.33477166486875226
0.1278355018877344,0.33495145631067963
0.1278511029985335,0.33495145631067963
0.1278667041093326,0.335131247752607
0.12791350744172986,0.33531103919453437
0.12794470966332802,0.33531103919453437
0.1279759118849262,0.33531103919453437
0.1279915129957253,0.33531103919453437
0.1279915129957253,0.3354908306364617
0.12808511966051983,0.3354908306364617
0.1281475241037162,0.33567062207838905
0.12816312521451528,0.33567062207838905
0.12819432743611345,0.33567062207838905
0.12820992854691254,0.33567062207838905
0.12820992854691254,0.3358504135203164
0.1282411307685107,0.3358504135203164
0.1282567318793098,0.3358504135203164
0.12830353521170706,0.3358504135203164
0.12833473743330526,0.3358504135203164
0.12836593965490342,0.3358504135203164
0.1283971418765016,0.3358504135203164
0.1283971418765016,0.3360302049622438
0.12849074854129613,0.3360302049622438
0.12850634965209523,0.3360302049622438
0.12859995631688975,0.3360302049622438
0.1286623607600861,0.3360302049622438
0.1286779618708852,0.3360302049622438
0.1286779618708852,0.33620999640417115
0.12874036631408156,0.33620999640417115
0.12883397297887608,0.33620999640417115
0.12886517520047427,0.33620999640417115
0.12892757964367063,0.33620999640417115
0.1289743829760679,0.33620999640417115
0.12900558519766608,0.33620999640417115
0.12903678741926425,0.3363897878460985
0.1290835907516615,0.3363897878460985
0.1290991918624606,0.3363897878460985
0.1291147929732597,0.3365695792880259
0.1291303940840588,0.3365695792880259
0.1291303940840588,0.33674937072995326
0.12919279852725515,0.33674937072995326
0.12922400074885332,0.33674937072995326
0.12966083185122781,0.33746853649766273
0.12969203407282598,0.33746853649766273
0.12970763518362508,0.33746853649766273
0.12975443851602234,0.33746853649766273
0.12977003962682143,0.33746853649766273
0.12989484851321415,0.33782811938151747
0.12991044962401324,0.33782811938151747
0.1299416518456114,0.33782811938151747
0.13001965739960686,0.33782811938151747
0.13006646073200412,0.33782811938151747
0.13008206184280321,0.33782811938151747
0.13026927517239228,0.33782811938151747
0.13031607850478955,0.33782811938151747
0.13044088739118226,0.33782811938151747
0.13047208961278042,0.33782811938151747
0.13053449405597678,0.33782811938151747
0.13056569627757497,0.33782811938151747
0.13136135292832848,0.3389068680330816
0.13139255514992668,0.3389068680330816
0.13147056070392213,0.3389068680330816
0.13147056070392213,0.33926645091693636
0.1315017629255203,0.33926645091693636
0.13153296514711849,0.33926645091693636
0.13156416736871665,0.33926645091693636
0.13157976847951575,0.33926645091693636
0.1316109707011139,0.33926645091693636
0.1316109707011139,0.3394462423588637
0.13212580735748386,0.33980582524271846
0.13214140846828293,0.33998561668464583
0.13214140846828293,0.3401654081265732
0.13220381291147928,0.3405249910104279
0.13221941402227838,0.3405249910104279
0.13221941402227838,0.3408845738942826
0.13226621735467564,0.3408845738942826
0.1323598240194702,0.3408845738942826
0.1323754251302693,0.3408845738942826
0.1324690317950638,0.3408845738942826
0.132500234016662,0.3408845738942826
0.13259384068145652,0.3408845738942826
0.13262504290305469,0.3408845738942826
0.13262504290305469,0.34106436533621
0.13265624512465288,0.34106436533621
0.13267184623545197,0.34106436533621
0.13267184623545197,0.34124415677813735
0.13273425067864833,0.34124415677813735
0.1327654529002465,0.3414239482200647
0.1327810540110456,0.3414239482200647
0.13281225623264376,0.3414239482200647
0.13284345845424195,0.3414239482200647
0.1329214640082374,0.3416037396619921
0.13301507067303192,0.3416037396619921
0.13304627289463009,0.3416037396619921
0.13309307622702737,0.3416037396619921
0.1331866828918219,0.3416037396619921
0.1332178851134201,0.3416037396619921
0.1332178851134201,0.34178353110391946
0.13326468844581735,0.34178353110391946
0.1332958906674155,0.34178353110391946
0.1332958906674155,0.3419633225458468
0.1333270928890137,0.3419633225458468
0.13342069955380823,0.3419633225458468
0.13351430621860277,0.3419633225458468
0.13357671066179913,0.3419633225458468
0.1336079128833973,0.3419633225458468
0.1336391151049955,0.3421431139877742
0.13367031732659365,0.3421431139877742
0.13370151954819184,0.3421431139877742
0.1337171206589909,0.3421431139877742
0.13384192954538363,0.34250269687162893
0.13385753065618272,0.34250269687162893
0.13388873287778089,0.34250269687162893
0.13390433398857998,0.3426824883135563
0.13393553621017817,0.3426824883135563
0.13393553621017817,0.3428622797554836
0.1340447439857718,0.3428622797554836
0.13410714842896815,0.3428622797554836
0.1341695528721645,0.3428622797554836
0.13421635620456177,0.3428622797554836
0.1352928328496989,0.3441208198489752
0.1352928328496989,0.34430061129090256
0.1353240350712971,0.34430061129090256
0.13533963618209616,0.3446601941747573
0.1354020406252925,0.3446601941747573
0.13549564729008706,0.3453793599424667
0.13552684951168523,0.3453793599424667
0.13555805173328342,0.3453793599424667
0.13560485506568068,0.3453793599424667
0.13563605728727884,0.34573894282632145
0.13563605728727884,0.3459187342682488
0.13568286061967613,0.3459187342682488
0.1356984617304752,0.3459187342682488
0.1357296639520734,0.3459187342682488
0.13576086617367156,0.3459187342682488
0.13580766950606885,0.3460985257101762
0.13580766950606885,0.34627831715210355
0.1358544728384661,0.34627831715210355
0.1358544728384661,0.3464581085940309
0.13588567506006427,0.3464581085940309
0.13591687728166246,0.3464581085940309
0.13597928172485882,0.3464581085940309
0.13652532060282693,0.3471772743617404
0.1365877250460233,0.3471772743617404
0.13661892726762145,0.3471772743617404
0.13661892726762145,0.34735706580366776
0.13665012948921965,0.34735706580366776
0.13666573060001871,0.34735706580366776
0.1366969328216169,0.34735706580366776
0.13674373615401417,0.34735706580366776
0.13674373615401417,0.34753685724559513
0.13682174170800962,0.34753685724559513
0.13682174170800962,0.3477166486875225
0.1373833816967768,0.348975188781014
0.1373833816967768,0.3491549802229414
0.1373989828075759,0.3491549802229414
0.137414583918375,0.34933477166486876
0.13747698836157135,0.34933477166486876
0.13750819058316952,0.34933477166486876
0.1375237916939686,0.34933477166486876
0.1375237916939686,0.34951456310679613
0.13764860058036132,0.34951456310679613
0.13771100502355768,0.34951456310679613
0.13774220724515585,0.34951456310679613
0.1378046116883522,0.34951456310679613
0.1378202127991513,0.34951456310679613
0.1378202127991513,0.3496943545487235
0.1378358139099504,0.34987414599065086
0.13786701613154856,0.34987414599065086
0.13791381946394582,0.34987414599065086
0.13800742612874037,0.35005393743257823
0.13802302723953946,0.35005393743257823
0.13802302723953946,0.3504135203164329
0.13806983057193672,0.3504135203164329
0.1381010327935349,0.3504135203164329
0.13813223501513308,0.3504135203164329
0.13816343723673125,0.3504135203164329
0.13821024056912853,0.3504135203164329
0.1382726450123249,0.3505933117583603
0.13830384723392306,0.3505933117583603
0.13831944834472215,0.35077310320028765
0.13831944834472215,0.350952894642215
0.13835065056632032,0.350952894642215
0.13842865612031577,0.3514922689679971
0.13850666167431122,0.3514922689679971
0.13850666167431122,0.3516720604099245
0.1385222627851103,0.35185185185185186
0.13853786389590939,0.35185185185185186
0.13856906611750758,0.35185185185185186
0.13905270055227933,0.35257101761956133
0.13905270055227933,0.352930600503416
0.13913070610627476,0.352930600503416
0.13914630721707386,0.352930600503416
0.13917750943867202,0.352930600503416
0.13923991388186838,0.352930600503416
0.13923991388186838,0.3531103919453434
0.13925551499266747,0.35329018338727075
0.13927111610346657,0.35329018338727075
0.13931791943586383,0.35329018338727075
0.1393647227682611,0.35329018338727075
0.1393647227682611,0.3534699748291981
0.13939592498985928,0.3534699748291981
0.13939592498985928,0.3536497662711255
0.13947393054385473,0.3536497662711255
0.1395051327654529,0.3536497662711255
0.1395363349870511,0.3536497662711255
0.1396299416518456,0.3536497662711255
0.1396455427626447,0.35382955771305286
0.1396455427626447,0.3540093491549802
0.1403787949702019,0.35526788924847175
0.14044119941339822,0.35526788924847175
0.1404724016349964,0.35526788924847175
0.14051920496739367,0.35526788924847175
0.1406440138537864,0.35526788924847175
0.14067521607538458,0.35526788924847175
0.14070641829698274,0.35526788924847175
0.1407844238509782,0.35526788924847175
0.14087803051577272,0.3554476806903991
0.1408936316265718,0.3554476806903991
0.1408936316265718,0.3556274721323265
0.14097163718056727,0.35580726357425385
0.14103404162376362,0.35580726357425385
0.14103404162376362,0.3559870550161812
0.14112764828855814,0.3561668464581086
0.14114324939935724,0.3561668464581086
0.14114324939935724,0.35634663790003596
0.14125245717495086,0.35634663790003596
0.14126805828574995,0.3565264293419633
0.14134606383974538,0.3565264293419633
0.14137726606134357,0.3565264293419633
0.14139286717214267,0.3567062207838907
0.14143967050453993,0.3567062207838907
0.14154887828013354,0.3567062207838907
0.1415956816125308,0.3567062207838907
0.14172049049892352,0.3567062207838907
0.14173609160972261,0.3567062207838907
0.14178289494211987,0.3567062207838907
0.14184529938531623,0.3567062207838907
0.1418921027177135,0.3567062207838907
0.14198570938250804,0.35688601222581806
0.14214172049049892,0.35688601222581806
0.14215732160129801,0.35688601222581806
0.14215732160129801,0.3572455951096728
0.1421729227120971,0.3572455951096728
0.14267215825766794,0.35778496943545485
0.1427345627008643,0.35778496943545485
0.14276576492246248,0.35778496943545485
0.14278136603326158,0.35778496943545485
0.14282816936565884,0.35778496943545485
0.14284377047645794,0.35778496943545485
0.14284377047645794,0.35832434376123695
0.142859371587257,0.35832434376123695
0.142859371587257,0.3585041352031643
0.1428749726980561,0.3585041352031643
0.14290617491965427,0.3585041352031643
0.14293737714125246,0.3585041352031643
0.14296857936285062,0.3585041352031643
0.14363942712721145,0.35994246673858327
0.14367062934880964,0.36012225818051063
0.14374863490280507,0.36012225818051063
0.14374863490280507,0.36030204962243795
0.14377983712440326,0.36030204962243795
0.14377983712440326,0.3604818410643653
0.14501232487753127,0.3617403811578569
0.14501232487753127,0.36192017259978426
0.14509033043152672,0.36209996404171163
0.14516833598552217,0.36209996404171163
0.14519953820712034,0.362279755483639
0.14521513931791943,0.362279755483639
0.1452619426503167,0.362279755483639
0.1452775437611158,0.362279755483639
0.1453867515367094,0.362279755483639
0.14543355486910667,0.362279755483639
0.14546475709070486,0.362279755483639
0.14549595931230302,0.362279755483639
0.14558956597709757,0.36245954692556637
0.14562076819869574,0.36245954692556637
0.1456987737526912,0.36245954692556637
0.14572997597428938,0.36245954692556637
0.14577677930668664,0.36281912980942105
0.1458235826390839,0.36281912980942105
0.14585478486068207,0.3631787126932758
0.1459639926362757,0.3631787126932758
0.14601079596867297,0.3631787126932758
0.14601079596867297,0.36335850413520315
0.14607320041186933,0.3635382955771305
0.14608880152266843,0.3635382955771305
0.1461200037442666,0.3635382955771305
0.1461356048550657,0.3635382955771305
0.14618240818746295,0.3635382955771305
0.1462448126306593,0.3635382955771305
0.14629161596305656,0.3635382955771305
0.14633841929545383,0.3635382955771305
0.14643202596024837,0.3637180870190579
0.14644762707104747,0.3637180870190579
0.14647882929264563,0.3637180870190579
0.14649443040344473,0.36389787846098526
0.14651003151424383,0.36389787846098526
0.14672844706543106,0.36389787846098526
0.14674404817623016,0.36389787846098526
0.14674404817623016,0.3640776699029126
0.14675964928702923,0.3640776699029126
0.14679085150862742,0.3640776699029126
0.14683765484102468,0.3640776699029126
0.14686885706262287,0.3640776699029126
0.14691566039502013,0.3640776699029126
0.1470560703922119,0.36425746134484
0.1470560703922119,0.36461704422869473
0.1470872726138101,0.36461704422869473
0.14711847483540827,0.36461704422869473
0.14716527816780556,0.36497662711254947
0.14718087927860463,0.36497662711254947
0.14718087927860463,0.3651564185544768
0.14722768261100191,0.3651564185544768
0.14732128927579644,0.3651564185544768
0.14735249149739463,0.36533620999640415
0.1473836937189928,0.36533620999640415
0.14741489594059096,0.36533620999640415
0.14744609816218915,0.36533620999640415
0.1474929014945864,0.36533620999640415
0.1475085026053855,0.36533620999640415
0.1475085026053855,0.3655160014383315
0.14757090704858186,0.36587558432218625
0.14760210927018003,0.36587558432218625
0.14764891260257731,0.36587558432218625
0.14768011482417548,0.36587558432218625
0.14771131704577367,0.36587558432218625
0.14775812037817093,0.36587558432218625
0.1478049237105682,0.36587558432218625
0.1478985303753627,0.36587558432218625
0.1479141314861618,0.36587558432218625
0.14799213704015726,0.36587558432218625
0.14800773815095636,0.36587558432218625
0.14803894037255452,0.3660553757641136
0.14807014259415271,0.3660553757641136
0.14813254703734907,0.3660553757641136
0.14816374925894724,0.3660553757641136
0.14825735592374176,0.36641495864796836
0.14827295703454085,0.36641495864796836
0.14830415925613905,0.36641495864796836
0.1483665636993354,0.36641495864796836
0.14838216481013447,0.36641495864796836
0.14838216481013447,0.3665947500898957
0.14839776592093357,0.3665947500898957
0.14846017036412992,0.3665947500898957
0.14847577147492902,0.3665947500898957
0.14847577147492902,0.3667745415318231
0.14858497925052264,0.3667745415318231
0.14858497925052264,0.36695433297375046
0.14860058036132173,0.36695433297375046
0.14870978813691535,0.36713412441567783
0.14872538924771445,0.3673139158576052
0.14874099035851351,0.3673139158576052
0.14880339480170987,0.3673139158576052
0.14881899591250897,0.3673139158576052
0.15022309588442698,0.36893203883495146
0.15026989921682424,0.36893203883495146
0.1503323036600206,0.36893203883495146
0.1503479047708197,0.36893203883495146
0.1504571125464133,0.3691118302768788
0.15051951698960966,0.3691118302768788
0.15051951698960966,0.3692916217188062
0.15053511810040876,0.36947141316073356
0.15055071921120783,0.36947141316073356
0.15059752254360512,0.36947141316073356
0.15059752254360512,0.36965120460266093
0.15069112920839964,0.36965120460266093
0.15080033698399326,0.37001078748651567
0.1508627414271896,0.37001078748651567
0.1508783425379887,0.37001078748651567
0.1508783425379887,0.370190578928443
0.15090954475958687,0.370190578928443
0.15092514587038597,0.37037037037037035
0.15097194920278323,0.37090974469615245
0.15100315142438142,0.37090974469615245
0.15103435364597959,0.37090974469615245
0.15106555586757778,0.37090974469615245
0.15109675808917594,0.37090974469615245
0.1511591625323723,0.37090974469615245
0.1511903647539705,0.37090974469615245
0.15122156697556866,0.37090974469615245
0.15123716808636775,0.37090974469615245
0.151283971418765,0.37090974469615245
0.1513151736403632,0.37090974469615245
0.15139317919435863,0.37090974469615245
0.15145558363755499,0.3710895361380798
0.15154919030234953,0.3710895361380798
0.15154919030234953,0.3712693275800072
0.1515647914131486,0.3712693275800072
0.15164279696714406,0.3712693275800072
0.1517364036319386,0.3712693275800072
0.15181440918593403,0.3712693275800072
0.15184561140753222,0.3712693275800072
0.15197042029392493,0.3712693275800072
0.15197042029392493,0.37162891046386193
0.1520016225155231,0.37162891046386193
0.15206402695871946,0.37162891046386193
0.15207962806951855,0.37162891046386193
0.152157633623514,0.37162891046386193
0.15217323473431307,0.37162891046386193
0.15217323473431307,0.3718087019057893
0.15223563917750943,0.3718087019057893
0.15226684139910762,0.3718087019057893
0.15228244250990672,0.3718087019057893
0.1524072513962994,0.37198849334771666
0.1524540547286967,0.37198849334771666
0.1524540547286967,0.37216828478964403
0.15253206028269212,0.37216828478964403
0.1525632625042903,0.37216828478964403
0.15265686916908483,0.37216828478964403
0.15276607694467847,0.37216828478964403
0.1528440824986739,0.37216828478964403
0.1528440824986739,0.3723480762315714
0.1528752847202721,0.3725278676734987
0.1528752847202721,0.3730672419992808
0.15290648694187026,0.3730672419992808
0.15290648694187026,0.3732470334412082
0.15293768916346845,0.3732470334412082
0.1530000936066648,0.3732470334412082
0.15304689693906207,0.3732470334412082
0.15307809916066023,0.3732470334412082
0.15310930138225842,0.3732470334412082
0.1531405036038566,0.3732470334412082
0.15320290804705294,0.3732470334412082
0.1532497113794502,0.3732470334412082
0.15332771693344566,0.3732470334412082
0.15332771693344566,0.37342682488313556
0.153390121376642,0.37342682488313556
0.1534213235982402,0.37342682488313556
0.15343692470903927,0.37342682488313556
0.15351493026303473,0.3737864077669903
0.15357733470623108,0.3737864077669903
0.15362413803862834,0.3737864077669903
0.1536709413710256,0.3737864077669903
0.1536865424818247,0.3737864077669903
0.1536865424818247,0.37414599065084503
0.15373334581422196,0.37414599065084503
0.1538269524790165,0.37414599065084503
0.1538425535898156,0.37414599065084503
0.1538425535898156,0.3743257820927724
0.15392055914381103,0.3743257820927724
0.15393616025461013,0.37450557353469976
0.1539829635870074,0.37450557353469976
0.15404536803020374,0.37468536497662713
0.15406096914100284,0.37468536497662713
0.154092171362601,0.37468536497662713
0.15415457580579736,0.37468536497662713
0.15420137913819465,0.37468536497662713
0.15421698024899372,0.37468536497662713
0.1542481824705919,0.37468536497662713
0.15427938469219007,0.37468536497662713
0.15427938469219007,0.3748651564185545
0.15435739024618553,0.3748651564185545
0.15438859246778372,0.3748651564185545
0.1544041935785828,0.3748651564185545
0.15446659802177914,0.3750449478604818
0.1545290024649755,0.3750449478604818
0.15459140690817186,0.3752247393024092
0.15470061468376547,0.3752247393024092
0.15569908577490718,0.37648327939590076
0.15573028799650535,0.37648327939590076
0.15576149021810354,0.37648327939590076
0.15588629910449625,0.37666307083782813
0.15597990576929077,0.37666307083782813
0.15601110799088896,0.37666307083782813
0.15602670910168803,0.37666307083782813
0.15615151798808075,0.3768428622797555
0.15618272020967894,0.3768428622797555
0.15626072576367436,0.3768428622797555
0.15626072576367436,0.37702265372168287
0.15629192798527256,0.37702265372168287
0.15638553465006708,0.37702265372168287
0.15641673687166527,0.37702265372168287
0.15646354020406253,0.37702265372168287
0.15647914131486163,0.37702265372168287
0.1565103435364598,0.37702265372168287
0.15655714686885705,0.37702265372168287
0.15657274797965615,0.37702265372168287
0.15660395020125434,0.37702265372168287
0.1566195513120534,0.37702265372168287
0.15672875908764705,0.37702265372168287
0.15672875908764705,0.37720244516361023
0.15675996130924522,0.37720244516361023
0.15680676464164248,0.37720244516361023
0.15682236575244157,0.37720244516361023
0.15682236575244157,0.3773822366055376
0.15685356797403976,0.3773822366055376
0.15694717463883429,0.3775620280474649
0.15696277574963338,0.3775620280474649
0.15702518019282974,0.3775620280474649
0.1570563824144279,0.3775620280474649
0.15713438796842336,0.3775620280474649
0.15716559019002152,0.3775620280474649
0.15722799463321788,0.3775620280474649
0.15724359574401697,0.3775620280474649
0.15725919685481607,0.3777418194893923
0.15729039907641423,0.3777418194893923
0.15730600018721333,0.3777418194893923
0.1573372024088115,0.3777418194893923
0.15739960685200785,0.3777418194893923
0.1574620112952042,0.3786407766990291
0.1574932135168024,0.3786407766990291
0.15757121907079785,0.3786407766990291
0.15760242129239602,0.3786407766990291
0.1576336235139942,0.3786407766990291
0.15768042684639147,0.3786407766990291
0.15771162906798963,0.3786407766990291
0.157774033511186,0.3788205681409565
0.15785203906518144,0.3788205681409565
0.1578832412867796,0.3788205681409565
0.1579144435083778,0.3788205681409565
0.15794564572997596,0.3788205681409565
0.15796124684077506,0.3788205681409565
0.15796124684077506,0.37900035958288386
0.15797684795157416,0.37900035958288386
0.15802365128397142,0.37900035958288386
0.1580392523947705,0.37900035958288386
0.1581796623919623,0.37918015102481123
0.158304471278355,0.37918015102481123
0.1583512746107523,0.37918015102481123
0.15836687572155136,0.37918015102481123
0.15841367905394865,0.37918015102481123
0.15841367905394865,0.3793599424667386
0.15842928016474772,0.3793599424667386
0.1584604823863459,0.3793599424667386
0.15852288682954227,0.3793599424667386
0.15853848794034137,0.37953973390866597
0.1586008923835377,0.37953973390866597
0.1586008923835377,0.37971952535059333
0.15864769571593498,0.37971952535059333
0.1587257012699304,0.37971952535059333
0.1587725046023277,0.37971952535059333
0.1588973134887204,0.380079108234448
0.15894411682111767,0.380079108234448
0.15894411682111767,0.38043869111830275
0.15897531904271583,0.3806184825602301
0.1590377234859122,0.3806184825602301
0.1590377234859122,0.3807982740021575
0.15906892570751038,0.3807982740021575
0.15908452681830945,0.38097806544408486
0.15910012792910855,0.38097806544408486
0.15910012792910855,0.3811578568860122
0.1591469312615058,0.3813376483279396
0.1591625323723049,0.3813376483279396
0.15924053792630036,0.3813376483279396
0.15927174014789852,0.3813376483279396
0.15930294236949671,0.38151743976986696
0.15933414459109488,0.38151743976986696
0.15949015569908578,0.38169723121179433
0.15952135792068395,0.38169723121179433
0.1596149645854785,0.38169723121179433
0.15964616680707666,0.38169723121179433
0.1597397734718712,0.38169723121179433
0.15975537458267028,0.38169723121179433
0.15983338013666573,0.3818770226537217
0.1598957845798621,0.3818770226537217
0.15994258791225935,0.3818770226537217
0.15997379013385754,0.3818770226537217
0.1600049923554557,0.3818770226537217
0.1600361945770539,0.3818770226537217
0.16006739679865206,0.3818770226537217
0.16017660457424568,0.3818770226537217
0.1602858123498393,0.3818770226537217
0.1603170145714375,0.3818770226537217
0.16033261568223658,0.3818770226537217
0.16039502012543294,0.3818770226537217
0.160410621236232,0.38205681409564907
0.1604418234578302,0.38205681409564907
0.16053543012262472,0.38205681409564907
0.16055103123342382,0.38205681409564907
0.160582233455022,0.38205681409564907
0.16059783456582108,0.38205681409564907
0.16062903678741927,0.38223660553757643
0.16069144123061563,0.3824163969795038
0.1607382445630129,0.3824163969795038
0.1608318512278074,0.3824163969795038
0.1608474523386065,0.3824163969795038
0.16094105900340105,0.3825961884214311
0.16098786233579832,0.3825961884214311
0.16101906455739648,0.3825961884214311
0.16106586788979374,0.3825961884214311
0.1611282723329901,0.3825961884214311
0.1611594745545883,0.3825961884214311
0.16122187899778465,0.3825961884214311
0.16122187899778465,0.3827759798633585
0.16123748010858374,0.3827759798633585
0.16123748010858374,0.38295577130528585
0.1612686823301819,0.38295577130528585
0.16131548566257917,0.3833153541891406
0.16140909232737372,0.3833153541891406
0.16147149677057007,0.3833153541891406
0.16150269899216824,0.3833153541891406
0.1615495023245655,0.3833153541891406
0.1615651034353646,0.3833153541891406
0.1615651034353646,0.38349514563106796
0.1615807045461637,0.38349514563106796
0.1615807045461637,0.3836749370729953
0.16159630565696279,0.3836749370729953
0.1616899123217573,0.3838547285149227
0.1616899123217573,0.38421431139877743
0.1617055134325564,0.38421431139877743
0.1617055134325564,0.3843941028407048
0.16179912009735092,0.3843941028407048
0.16181472120815002,0.3843941028407048
0.1618459234297482,0.3843941028407048
0.16186152454054728,0.38457389428263217
0.1620019345377391,0.38457389428263217
0.16203313675933725,0.38457389428263217
0.16206433898093545,0.38457389428263217
0.1621111423133327,0.3851132686084142
0.16218914786732816,0.3851132686084142
0.16222035008892632,0.3851132686084142
0.16231395675372087,0.3851132686084142
0.16231395675372087,0.38547285149226895
0.16237636119691723,0.38547285149226895
0.1624075634185154,0.38547285149226895
0.16243876564011359,0.38547285149226895
0.162516771194109,0.38547285149226895
0.16257917563730537,0.3856526429341963
0.16262597896970266,0.3856526429341963
0.16267278230209992,0.3856526429341963
0.16270398452369808,0.3856526429341963
0.16273518674529627,0.3858324343761237
0.16275078785609534,0.38601222581805106
0.16276638896689444,0.38601222581805106
0.16278199007769353,0.3861920172599784
0.1628131922992917,0.3861920172599784
0.16289119785328715,0.3861920172599784
0.16292240007488534,0.3861920172599784
0.16292240007488534,0.3863718087019058
0.1629380011856844,0.3863718087019058
0.16301600673967986,0.38673139158576053
0.16303160785047896,0.38673139158576053
0.16306281007207712,0.3869111830276879
0.16307841118287622,0.3869111830276879
0.16312521451527348,0.3869111830276879
0.16314081562607258,0.3869111830276879
0.16331242784486255,0.38727076591154264
0.16331242784486255,0.38745055735346995
0.16331242784486255,0.3878101402373247
0.163390433398858,0.3878101402373247
0.16342163562045617,0.3878101402373247
0.16343723673125526,0.3878101402373247
0.16353084339604979,0.3878101402373247
0.16354644450684888,0.3878101402373247
0.1636712533932416,0.3878101402373247
0.1637024556148398,0.3878101402373247
0.1637024556148398,0.38798993167925205
0.16373365783643795,0.38798993167925205
0.16373365783643795,0.3881697231211794
0.16376486005803614,0.3881697231211794
0.1638116633904334,0.3881697231211794
0.16390527005522793,0.3883495145631068
0.16392087116602702,0.3883495145631068
0.16399887672002247,0.3883495145631068
0.16403007894162064,0.3883495145631068
0.164092483384817,0.3883495145631068
0.1641080844956161,0.38852930600503416
0.16417048893881245,0.38852930600503416
0.1642016911604106,0.38852930600503416
0.16432650004680333,0.38852930600503416
0.16438890448999968,0.38852930600503416
0.16448251115479423,0.38852930600503416
0.1644981122655933,0.38852930600503416
0.1645137133763924,0.3887090974469615
0.1646385222627851,0.3887090974469615
0.16471652781678056,0.3887090974469615
0.16474773003837873,0.3887090974469615
0.16476333114917782,0.3887090974469615
0.16481013448157508,0.3887090974469615
0.16485693781397234,0.3887090974469615
0.16488814003557054,0.3887090974469615
0.16490374114636963,0.3887090974469615
0.164966145589566,0.3888888888888889
0.16499734781116415,0.3888888888888889
0.1650441511435614,0.3888888888888889
0.16512215669755687,0.3888888888888889
0.16515335891915503,0.3888888888888889
0.16515335891915503,0.38906868033081626
0.16518456114075322,0.38906868033081626
0.1652157633623514,0.38906868033081626
0.1653561733595432,0.38906868033081626
0.1653873755811414,0.38906868033081626
0.16543417891353865,0.38906868033081626
0.1659022122375113,0.38996763754045305
0.1659022122375113,0.3901474289823804
0.1660582233455022,0.3901474289823804
0.16608942556710038,0.3901474289823804
0.16610502667789948,0.3901474289823804
0.16615183001029674,0.3901474289823804
0.16616743112109583,0.3901474289823804
0.166198633342694,0.3901474289823804
0.16629224000748855,0.3901474289823804
0.16637024556148397,0.3901474289823804
0.16638584667228307,0.3901474289823804
0.16644825111547942,0.3901474289823804
0.16646385222627852,0.3901474289823804
0.16651065555867578,0.3901474289823804
0.16652625666947488,0.3901474289823804
0.16655745889107304,0.3901474289823804
0.1666510655558676,0.3903272204243078
0.16666666666666666,0.3903272204243078
0.16669786888826485,0.39050701186623515
0.16671346999906395,0.39050701186623515
0.1667446722206621,0.39050701186623515
0.1667602733314612,0.39050701186623515
0.16682267777465756,0.39050701186623515
0.16693188555025118,0.39050701186623515
0.16694748666105028,0.3906868033081625
0.16697868888264844,0.3906868033081625
0.1670410933258448,0.3906868033081625
0.167072295547443,0.3906868033081625
0.16708789665824206,0.3908665947500899
0.16713469999063935,0.3908665947500899
0.16721270554463477,0.3908665947500899
0.16725950887703203,0.3908665947500899
0.16738431776342474,0.3908665947500899
0.16741551998502294,0.3908665947500899
0.1674623233174202,0.3908665947500899
0.1674935255390184,0.3908665947500899
0.16766513775780836,0.3912261776339446
0.16766513775780836,0.391405969075872
0.16768073886860743,0.39158576051779936
0.1677431433118038,0.39158576051779936
0.16778994664420108,0.39158576051779936
0.1678835533089956,0.39158576051779936
0.1679147555305938,0.39176555195972673
0.16793035664139286,0.39176555195972673
0.16793035664139286,0.3919453434016541
0.16794595775219195,0.3919453434016541
0.16796155886299105,0.39212513484358147
0.16797715997379015,0.39212513484358147
0.16805516552778557,0.39212513484358147
0.16808636774938376,0.39212513484358147
0.16808636774938376,0.39230492628550884
0.16811756997098193,0.39230492628550884
0.16819557552497738,0.39230492628550884
0.16822677774657555,0.39230492628550884
0.16825797996817374,0.39230492628550884
0.16827358107897283,0.39230492628550884
0.16827358107897283,0.39248471772743615
0.16835158663296826,0.3926645091693635
0.16838278885456645,0.3926645091693635
0.16839838996536555,0.3926645091693635
0.1684295921869637,0.3926645091693635
0.16847639551936097,0.3926645091693635
0.1685856032949546,0.3932038834951456
0.16863240662735188,0.3932038834951456
0.16869481107054823,0.393383674937073
0.1687572155137446,0.393383674937073
0.16878841773534276,0.393383674937073
0.16880401884614185,0.39356346637900036
0.16881961995694095,0.39356346637900036
0.1688508221785391,0.39356346637900036
0.1688664232893382,0.39356346637900036
0.16891322662173547,0.39356346637900036
0.16892882773253456,0.39356346637900036
0.16894442884333363,0.39374325782092773
0.16897563106493182,0.39374325782092773
0.16900683328653,0.39374325782092773
0.16902243439732909,0.39374325782092773
0.16905363661892728,0.39374325782092773
0.16905363661892728,0.3939230492628551
0.16906923772972635,0.3939230492628551
0.16910043995132454,0.3939230492628551
0.16910043995132454,0.39410284070478246
0.1691316421729227,0.39410284070478246
0.16919404661611906,0.39410284070478246
0.16924084994851635,0.39410284070478246
0.16925645105931542,0.39410284070478246
0.16925645105931542,0.39428263214670983
0.1692720521701145,0.39428263214670983
0.16931885550251177,0.39428263214670983
0.16935005772410996,0.39428263214670983
0.16935005772410996,0.3944624235886372
0.16936565883490903,0.3944624235886372
0.16936565883490903,0.39464221503056457
0.16945926549970358,0.39464221503056457
0.16949046772130175,0.3948220064724919
0.16952166994289994,0.3948220064724919
0.16953727105369903,0.3948220064724919
0.1695684732752972,0.3948220064724919
0.1695840743860963,0.3948220064724919
0.1695840743860963,0.39500179791441925
0.16961527660769446,0.3951815893563466
0.16961527660769446,0.395361380798274
0.16967768105089082,0.395361380798274
0.169708883272489,0.395361380798274
0.16980248993728353,0.395361380798274
0.1698492932696808,0.395361380798274
0.16989609660207808,0.395361380798274
0.16994289993447534,0.39554117224020136
0.16994289993447534,0.3957209636821287
0.1699741021560735,0.3957209636821287
0.17006770882086805,0.3959007551240561
0.17016131548566257,0.3959007551240561
0.17037973103684984,0.3959007551240561
0.1704421354800462,0.3959007551240561
0.17048893881244345,0.3959007551240561
0.17050453992324255,0.3959007551240561
0.17078535991762614,0.3959007551240561
0.17089456769321976,0.3959007551240561
0.17094137102561702,0.39608054656598346
0.17105057880121063,0.39608054656598346
0.17108178102280883,0.39608054656598346
0.17109738213360792,0.39608054656598346
0.17115978657680428,0.39608054656598346
0.17122219102000064,0.39608054656598346
0.1712533932415988,0.39608054656598346
0.17130019657399606,0.39608054656598346
0.17133139879559425,0.39608054656598346
0.17136260101719242,0.39608054656598346
0.17136260101719242,0.39626033800791083
0.17140940434958968,0.39626033800791083
0.17145620768198697,0.39626033800791083
0.17145620768198697,0.3964401294498382
0.17148740990358513,0.3964401294498382
0.17159661767917875,0.3964401294498382
0.17164342101157604,0.39661992089176556
0.1720802521139505,0.397339086659475
0.1721114543355487,0.397339086659475
0.1721270554463478,0.39751887810140235
0.17215825766794596,0.39751887810140235
0.17215825766794596,0.3976986695433297
0.1722362632219414,0.3976986695433297
0.1722362632219414,0.3978784609852571
0.17226746544353957,0.39805825242718446
0.17229866766513777,0.39805825242718446
0.1723922743299323,0.39805825242718446
0.1723922743299323,0.3982380438691118
0.17242347655153048,0.3982380438691118
0.17245467877312864,0.3982380438691118
0.17247027988392774,0.3982380438691118
0.1725014821055259,0.3982380438691118
0.1725482854379232,0.3982380438691118
0.17262629099191862,0.3982380438691118
0.17267309432431588,0.3982380438691118
0.17278230209990952,0.3982380438691118
0.1727979032107086,0.3984178353110392
0.17287590876470404,0.3984178353110392
0.17287590876470404,0.39877741819489393
0.1729227120971013,0.39877741819489393
0.17298511654029766,0.39877741819489393
0.17298511654029766,0.3989572096368213
0.17303191987269492,0.39931679252067603
0.1730787232050922,0.39931679252067603
0.17310992542669038,0.39931679252067603
0.17312552653748947,0.39931679252067603
0.1733439420886767,0.39931679252067603
0.173390745421074,0.39931679252067603
0.173390745421074,0.3994965839626034
0.17342194764267216,0.3994965839626034
0.17345314986427032,0.39967637540453077
0.17346875097506942,0.39967637540453077
0.17351555430746668,0.39967637540453077
0.17367156541545758,0.39967637540453077
0.1737807731910512,0.3998561668464581
0.1737963743018503,0.3998561668464581
0.1737963743018503,0.40003595828838545
0.1738119754126494,0.40003595828838545
0.17390558207744392,0.40003595828838545
0.17393678429904208,0.40003595828838545
0.17396798652064027,0.40003595828838545
0.17399918874223844,0.40003595828838545
0.1740615931854348,0.40003595828838545
0.1740615931854348,0.4002157497303128
0.17415519985022934,0.4002157497303128
0.1742020031826266,0.4002157497303128
0.1742332054042248,0.4002157497303128
0.17431121095822022,0.4002157497303128
0.17432681206901932,0.4003955411722402
0.17435801429061748,0.4003955411722402
0.17456082873100565,0.4007551240560949
0.174623233174202,0.4007551240560949
0.1746388342850011,0.4009349154980223
0.17467003650659926,0.4009349154980223
0.17468563761739836,0.4009349154980223
0.17474804206059472,0.40111470693994966
0.17482604761459017,0.40129449838187703
0.17484164872538924,0.40129449838187703
0.17484164872538924,0.4014742898238044
0.17488845205778653,0.4014742898238044
0.17498205872258105,0.4014742898238044
0.1750444631657774,0.40165408126573177
0.1750444631657774,0.40183387270765913
0.17507566538737557,0.40183387270765913
0.17510686760897376,0.40183387270765913
0.1751848731629692,0.40183387270765913
0.1751848731629692,0.4020136641495865
0.17530968204936193,0.4020136641495865
0.17530968204936193,0.40219345559151387
0.1753408842709601,0.40219345559151387
0.1753564853817592,0.4023732470334412
0.17540328871415645,0.4023732470334412
0.17541888982495554,0.4023732470334412
0.1754812942681519,0.4023732470334412
0.17554369871134826,0.4023732470334412
0.17554369871134826,0.40255303847536855
0.17559050204374552,0.40255303847536855
0.17559050204374552,0.4027328299172959
0.17562170426534368,0.4027328299172959
0.17563730537614278,0.4029126213592233
0.17565290648694187,0.4029126213592233
0.17565290648694187,0.40309241280115066
0.17568410870854004,0.40309241280115066
0.17580891759493275,0.403272204243078
0.17582451870573185,0.403272204243078
0.17585572092733004,0.403272204243078
0.1758713220381291,0.4034519956850054
0.1759025242597273,0.4034519956850054
0.17591812537052637,0.40363178712693276
0.17594932759212456,0.40363178712693276
0.17598052981372272,0.40363178712693276
0.17602733314612,0.40363178712693276
0.17607413647851727,0.40363178712693276
0.17610533870011544,0.40363178712693276
0.17638615869449906,0.40363178712693276
0.17640175980529813,0.40363178712693276
0.17646416424849448,0.40363178712693276
0.17649536647009267,0.40363178712693276
0.17652656869169084,0.40363178712693276
0.17657337202408813,0.40363178712693276
0.1766045742456863,0.40363178712693276
0.1766045742456863,0.40381157856886013
0.17677618646447626,0.4039913700107875
0.17677618646447626,0.40417116145271487
0.17682298979687353,0.40435095289464223
0.17683859090767262,0.40435095289464223
0.17708820868045805,0.405249910104279
0.17711941090205624,0.405249910104279
0.17718181534525257,0.405249910104279
0.17721301756685076,0.405249910104279
0.17722861867764986,0.4054297015462064
0.17725982089924802,0.40560949298813376
0.17729102312084621,0.40560949298813376
0.17732222534244438,0.40560949298813376
0.17738462978564074,0.40560949298813376
0.177431433118038,0.40560949298813376
0.17749383756123435,0.40560949298813376
0.17752503978283254,0.40560949298813376
0.1775562420044307,0.40560949298813376
0.1775718431152298,0.40560949298813376
0.17764984866922526,0.40560949298813376
0.17766544978002433,0.40560949298813376
0.17769665200162252,0.40560949298813376
0.1778526631096134,0.4057892844300611
0.1778526631096134,0.4059690758719885
0.1778838653312116,0.4059690758719885
0.17793066866360885,0.4059690758719885
0.1779774719960061,0.4059690758719885
0.17802427532840337,0.4059690758719885
0.17810228088239882,0.4059690758719885
0.17816468532559518,0.4059690758719885
0.17818028643639428,0.4059690758719885
0.1782738931011888,0.40614886731391586
0.17833629754438515,0.40614886731391586
0.17846110643077787,0.40614886731391586
0.17847670754157696,0.4065084501977706
0.17849230865237606,0.4065084501977706
0.17857031420637148,0.4065084501977706
0.1786951230927642,0.4065084501977706
0.1787263253143624,0.40668824163969797
0.17878872975755875,0.40668824163969797
0.1788199319791569,0.40668824163969797
0.17891353864395146,0.40668824163969797
0.1791163530843396,0.40686803308162534
0.17917875752753595,0.40686803308162534
0.17920995974913415,0.40686803308162534
0.17930356641392867,0.40686803308162534
0.17930356641392867,0.4070478245235527
0.17935036974632593,0.4070478245235527
0.17938157196792412,0.4070478245235527
0.17942837530032138,0.40722761596548
0.17944397641112048,0.4074074074074074
0.17945957752191957,0.4074074074074074
0.1795687852975132,0.4074074074074074
0.1795687852975132,0.40758719884933475
0.17961558862991045,0.40758719884933475
0.1796779930731068,0.40758719884933475
0.1796779930731068,0.4077669902912621
0.17974039751630316,0.4077669902912621
0.17977159973790133,0.4077669902912621
0.17978720084870042,0.4077669902912621
0.17981840307029862,0.4077669902912621
0.17981840307029862,0.4079467817331895
0.17986520640269588,0.4079467817331895
0.17986520640269588,0.40812657317511686
0.17988080751349497,0.40812657317511686
0.17994321195669133,0.40812657317511686
0.1799588130674904,0.40812657317511686
0.1799588130674904,0.4083063646170442
0.18005241973228495,0.4084861560589716
0.18019282972947673,0.4084861560589716
0.18023963306187402,0.4084861560589716
0.18027083528347218,0.4084861560589716
0.18030203750507037,0.40866594750089896
0.18033323972666854,0.40866594750089896
0.180411245280664,0.40866594750089896
0.18042684639146309,0.40866594750089896
0.18045804861306125,0.40866594750089896
0.18048925083465941,0.40866594750089896
0.1805048519454585,0.40884573894282633
0.1805360541670567,0.40884573894282633
0.18055165527785577,0.40884573894282633
0.18059845861025306,0.40884573894282633
0.18067646416424848,0.40884573894282633
0.18067646416424848,0.4090255303847537
0.18084807638303846,0.4090255303847537
0.18087927860463665,0.4090255303847537
0.1809260819370339,0.4090255303847537
0.1809260819370339,0.4095649047105358
0.18112889637742208,0.4097446961524631
0.18119130082061843,0.4097446961524631
0.1812225030422166,0.4097446961524631
0.18128490748541295,0.4097446961524631
0.1813473119286093,0.4097446961524631
0.1813785141502075,0.4097446961524631
0.18140971637180567,0.4097446961524631
0.18144091859340386,0.4097446961524631
0.18147212081500202,0.4097446961524631
0.18151892414739929,0.4097446961524631
0.18153452525819838,0.4097446961524631
0.18158132859059564,0.4099244875943905
0.18162813192299293,0.4099244875943905
0.1816593341445911,0.4099244875943905
0.18173733969858655,0.4099244875943905
0.1817997441417829,0.4099244875943905
0.18183094636338107,0.4099244875943905
0.18186214858497926,0.4099244875943905
0.18203376080376923,0.4099244875943905
0.18204936191456833,0.4099244875943905
0.1822053730225592,0.41010427903631785
0.1822209741333583,0.41010427903631785
0.18225217635495647,0.4102840704782452
0.18225217635495647,0.4104638619201726
0.18229897968735373,0.4104638619201726
0.18231458079815283,0.41064365336209996
0.18236138413055009,0.4108234448040273
0.18243938968454554,0.4108234448040273
0.1825017941277419,0.4108234448040273
0.182517395238541,0.4108234448040273
0.18254859746013916,0.4108234448040273
0.18256419857093825,0.4110032362459547
0.18265780523573277,0.4110032362459547
0.18275141190052732,0.4110032362459547
0.18275141190052732,0.41118302768788206
0.18304783300571,0.41118302768788206
0.1830634341165091,0.41136281912980943
0.1830634341165091,0.4115426105717368
0.18312583855970546,0.4115426105717368
0.18328184966769634,0.4115426105717368
0.18329745077849544,0.4115426105717368
0.18342225966488815,0.4115426105717368
0.1834534618864863,0.4115426105717368
0.18351586632968267,0.4115426105717368
0.18354706855128086,0.4115426105717368
0.18360947299447722,0.4115426105717368
0.18368747854847264,0.4115426105717368
0.18368747854847264,0.41190219345559154
0.18370307965927174,0.41190219345559154
0.1837342818808699,0.4120819848975189
0.18379668632406626,0.4120819848975189
0.18382788854566445,0.4120819848975189
0.1838746918780617,0.4120819848975189
0.1839058940996599,0.4120819848975189
0.18423351742644076,0.4122617763394462
0.18426471964803895,0.4122617763394462
0.1842959218696371,0.4122617763394462
0.1842959218696371,0.41262135922330095
0.1843271240912353,0.41262135922330095
0.18434272520203437,0.41262135922330095
0.18434272520203437,0.4128011506652283
0.18438952853443166,0.4128011506652283
0.18440512964523073,0.4129809421071557
0.18443633186682892,0.4133405249910104
0.18448313519922618,0.4133405249910104
0.18451433742082438,0.4133405249910104
0.18454553964242254,0.4133405249910104
0.1846079440856189,0.4133405249910104
0.18463914630721706,0.4133405249910104
0.18467034852881525,0.4133405249910104
0.18468594963961435,0.4133405249910104
0.1847483540828107,0.4133405249910104
0.18482635963680613,0.4133405249910104
0.18485756185840432,0.4133405249910104
0.18487316296920342,0.4133405249910104
0.18490436519080158,0.4133405249910104
0.18491996630160068,0.4133405249910104
0.18498237074479704,0.4133405249910104
0.1849979718555961,0.4133405249910104
0.1850291740771943,0.4133405249910104
0.185153982963587,0.4133405249910104
0.18518518518518517,0.4133405249910104
0.18521638740678337,0.4133405249910104
0.18524758962838153,0.4133405249910104
0.18527879184997972,0.4133405249910104
0.18529439296077882,0.4133405249910104
0.18532559518237698,0.4133405249910104
0.18534119629317608,0.4133405249910104
0.18534119629317608,0.4135203164329378
0.18538799962557334,0.41370010787486516
0.1854504040687697,0.41370010787486516
0.18551280851196605,0.41370010787486516
0.18554401073356422,0.41370010787486516
0.1855752129551624,0.41370010787486516
0.18563761739835877,0.41370010787486516
0.18568442073075603,0.41370010787486516
0.18570002184155512,0.41370010787486516
0.18593403850354145,0.41387989931679253
0.18596524072513962,0.41387989931679253
0.18609004961153233,0.41387989931679253
0.1861524540547287,0.41387989931679253
0.18619925738712598,0.41387989931679253
0.18621485849792505,0.41387989931679253
0.18623045960872414,0.4140596907587199
0.1863084651627196,0.4140596907587199
0.18633966738431776,0.4140596907587199
0.18640207182751412,0.4140596907587199
0.18640207182751412,0.41423948220064727
0.1864176729383132,0.41423948220064727
0.18646447627071047,0.41423948220064727
0.18649567849230866,0.41423948220064727
0.18654248182470592,0.41423948220064727
0.1865736840463041,0.41423948220064727
0.18662048737870138,0.41423948220064727
0.18665168960029954,0.41423948220064727
0.1866984929326968,0.41441927364257464
0.18680770070829042,0.41441927364257464
0.18687010515148678,0.41441927364257464
0.18690130737308497,0.41441927364257464
0.18693250959468313,0.414599065084502
0.18694811070548223,0.414599065084502
0.18702611625947768,0.414599065084502
0.18708852070267404,0.414599065084502
0.18708852070267404,0.4147788565264293
0.18719772847826766,0.4147788565264293
0.18724453181066492,0.4147788565264293
0.187260132921464,0.4147788565264293
0.18729133514306218,0.4147788565264293
0.18730693625386127,0.4147788565264293
0.18733813847545946,0.4147788565264293
0.18736934069705763,0.4147788565264293
0.18740054291865582,0.4147788565264293
0.1874161440294549,0.4147788565264293
0.18746294736185215,0.4147788565264293
0.18746294736185215,0.4149586479683567
0.18749414958345034,0.4149586479683567
0.1875253518050485,0.4149586479683567
0.18761895846984306,0.4149586479683567
0.18772816624543667,0.4149586479683567
0.18782177291023122,0.4149586479683567
0.18788417735342755,0.4149586479683567
0.1879465817966239,0.4149586479683567
0.1879465817966239,0.41513843941028405
0.1881181940154139,0.41513843941028405
0.1881181940154139,0.4153182308522114
0.18816499734781117,0.4153182308522114
0.18818059845861027,0.4153182308522114
0.18818059845861027,0.4154980222941388
0.18819619956940933,0.4154980222941388
0.18822740179100753,0.4154980222941388
0.1882742051234048,0.4154980222941388
0.18830540734500295,0.4154980222941388
0.1883678117881993,0.4154980222941388
0.18844581734219476,0.4154980222941388
0.18847701956379295,0.4154980222941388
0.1885238228961902,0.4154980222941388
0.18855502511778838,0.4154980222941388
0.18857062622858747,0.4154980222941388
0.18863303067178383,0.4154980222941388
0.1886798340041811,0.4154980222941388
0.1886798340041811,0.41585760517799353
0.18871103622577928,0.41585760517799353
0.18871103622577928,0.4160373966199209
0.18875783955817654,0.4160373966199209
0.1887890417797747,0.4160373966199209
0.1888046428905738,0.41621718806184826
0.18886704733377016,0.41621718806184826
0.18906986177415833,0.41639697950377563
0.1891166651065556,0.41639697950377563
0.18917906954975194,0.41639697950377563
0.1893818839901401,0.416576770945703
0.18939748510093918,0.416576770945703
0.18939748510093918,0.41675656238763037
0.18942868732253737,0.41675656238763037
0.18942868732253737,0.41693635382955774
0.18944428843333647,0.41693635382955774
0.18947549065493463,0.41693635382955774
0.18949109176573373,0.41693635382955774
0.18950669287653282,0.41711614527148505
0.18958469843052825,0.41711614527148505
0.18961590065212644,0.41711614527148505
0.18969390620612187,0.41711614527148505
0.18969390620612187,0.4172959367134124
0.18970950731692096,0.4174757281553398
0.18972510842772006,0.4174757281553398
0.18972510842772006,0.41765551959726716
0.1897875128709164,0.41765551959726716
0.1897875128709164,0.4178353110391945
0.18981871509251458,0.4178353110391945
0.18986551842491187,0.4178353110391945
0.18989672064651003,0.4178353110391945
0.18989672064651003,0.41819489392304926
0.1899279228681082,0.41819489392304926
0.1899591250897064,0.41837468536497663
0.18999032731130455,0.41837468536497663
0.18999032731130455,0.418554476806904
0.19002152953290274,0.418554476806904
0.19002152953290274,0.41873426824883136
0.19003713064370184,0.41873426824883136
0.19014633841929546,0.41873426824883136
0.1902243439732909,0.41873426824883136
0.1902243439732909,0.41891405969075873
0.19031795063808543,0.41891405969075873
0.1903491528596836,0.41891405969075873
0.1903803550812818,0.41891405969075873
0.19042715841367905,0.41891405969075873
0.19044275952447814,0.41891405969075873
0.19066117507566538,0.41963322545846815
0.19070797840806267,0.41963322545846815
0.19073918062966083,0.41963322545846815
0.19075478174045993,0.41963322545846815
0.1908015850728572,0.41963322545846815
0.1908951917376517,0.41963322545846815
0.1909263939592499,0.41963322545846815
0.19097319729164716,0.41963322545846815
0.19100439951324535,0.41963322545846815
0.19116041062123623,0.41963322545846815
0.1912072139536335,0.41963322545846815
0.19130082061842804,0.41963322545846815
0.1913632250616244,0.41963322545846815
0.19137882617242347,0.41963322545846815
0.19141002839402166,0.41963322545846815
0.19145683172641892,0.41963322545846815
0.19156603950201254,0.41963322545846815
0.191644045056008,0.41963322545846815
0.19167524727760615,0.41963322545846815
0.19167524727760615,0.4198130169003955
0.19172205061000344,0.4198130169003955
0.1917688539424007,0.4198130169003955
0.19180005616399887,0.4198130169003955
0.1919092639395925,0.4198130169003955
0.1919092639395925,0.4199928083423229
0.19194046616119068,0.4199928083423229
0.1920340728259852,0.4199928083423229
0.19208087615838249,0.4199928083423229
0.19214328060157884,0.4199928083423229
0.1922056850447752,0.4199928083423229
0.1922056850447752,0.42017259978425026
0.19223688726637336,0.42017259978425026
0.19225248837717246,0.4203523912261776
0.19228369059877062,0.4203523912261776
0.19243970170676153,0.4203523912261776
0.19243970170676153,0.42071197411003236
0.1924553028175606,0.42071197411003236
0.1924553028175606,0.42089176555195973
0.1924865050391588,0.42089176555195973
0.1924865050391588,0.4210715569938871
0.19250210614995789,0.4210715569938871
0.19254890948235515,0.4210715569938871
0.1925957128147524,0.4210715569938871
0.1926113139255515,0.42125134843581447
0.1926269150363506,0.42125134843581447
0.1926269150363506,0.42143113987774183
0.19264251614714967,0.42143113987774183
0.19267371836874786,0.42143113987774183
0.19268931947954696,0.42143113987774183
0.19268931947954696,0.4216109313196692
0.19273612281194422,0.4216109313196692
0.19273612281194422,0.42179072276159657
0.19276732503354238,0.42179072276159657
0.19292333614153329,0.42179072276159657
0.19295453836313145,0.42179072276159657
0.1930013416955287,0.42179072276159657
0.19307934724952416,0.42179072276159657
0.19307934724952416,0.42197051420352394
0.19311054947112236,0.42197051420352394
0.19318855502511778,0.42197051420352394
0.19323535835751504,0.42197051420352394
0.19323535835751504,0.4223300970873786
0.1932977628007114,0.4223300970873786
0.1933289650223096,0.4223300970873786
0.19336016724390775,0.4223300970873786
0.19337576835470685,0.422509888529306
0.19339136946550595,0.422509888529306
0.1934381727979032,0.422509888529306
0.1934537739087023,0.422509888529306
0.1934537739087023,0.42268967997123336
0.19350057724109956,0.42268967997123336
0.19354738057349682,0.42268967997123336
0.19356298168429592,0.42268967997123336
0.19356298168429592,0.4228694714131607
0.19360978501669318,0.4230492628550881
0.19362538612749228,0.4230492628550881
0.19365658834909044,0.4230492628550881
0.19365658834909044,0.42322905429701546
0.19368779057068863,0.42322905429701546
0.19368779057068863,0.42340884573894283
0.1937189927922868,0.42340884573894283
0.193750195013885,0.42340884573894283
0.1937657961246841,0.42340884573894283
0.19379699834628225,0.42340884573894283
0.19392180723267496,0.42340884573894283
0.19392180723267496,0.4235886371808702
0.19393740834347406,0.4235886371808702
0.19406221722986677,0.4235886371808702
0.19412462167306313,0.4235886371808702
0.1941402227838622,0.4235886371808702
0.1941402227838622,0.42376842862279757
0.1941714250054604,0.42376842862279757
0.1941714250054604,0.42394822006472493
0.19420262722705856,0.42394822006472493
0.19423382944865675,0.42394822006472493
0.1942650316702549,0.42394822006472493
0.194280632781054,0.4241280115066523
0.1942962338918531,0.4241280115066523
0.19432743611345127,0.4241280115066523
0.19435863833504946,0.4241280115066523
0.1944366438890449,0.4241280115066523
0.19446784611064308,0.4241280115066523
0.1946862616618303,0.42430780294857967
0.1947018627726294,0.42430780294857967
0.1947330649942276,0.42430780294857967
0.19484227276982122,0.42430780294857967
0.19484227276982122,0.42448759439050704
0.19490467721301757,0.42448759439050704
0.19490467721301757,0.42466738583243435
0.19493587943461574,0.42466738583243435
0.19496708165621393,0.42466738583243435
0.1950138849886112,0.42466738583243435
0.1950138849886112,0.4248471772743617
0.1950294860994103,0.4248471772743617
0.19506068832100845,0.4248471772743617
0.1951074916534057,0.4248471772743617
0.1951230927642048,0.4248471772743617
0.1951386938750039,0.4250269687162891
0.19523230053979843,0.4250269687162891
0.19523230053979843,0.42520676015821646
0.19524790165059752,0.42520676015821646
0.19527910387219571,0.42520676015821646
0.19529470498299478,0.42520676015821646
0.19532590720459297,0.42520676015821646
0.19535710942619114,0.4253865516001438
0.19538831164778933,0.4253865516001438
0.1954195138693875,0.4253865516001438
0.1954507160909857,0.4253865516001438
0.1954507160909857,0.4255663430420712
0.19551312053418204,0.4255663430420712
0.19551312053418204,0.42574613448399856
0.19559112608817747,0.42574613448399856
0.19562232830977566,0.42574613448399856
0.19566913164217292,0.42574613448399856
0.19570033386377111,0.42574613448399856
0.19571593497457018,0.42574613448399856
0.19574713719616837,0.42574613448399856
0.19580954163936473,0.42574613448399856
0.19580954163936473,0.42592592592592593
0.195856344971762,0.42592592592592593
0.19590314830415925,0.4261057173678533
0.19591874941495835,0.4261057173678533
0.1959655527473556,0.4261057173678533
0.1959967549689538,0.4261057173678533
0.19604355830135106,0.4261057173678533
0.19605915941215016,0.42628550880978067
0.19607476052294923,0.42628550880978067
0.19613716496614558,0.42628550880978067
0.19616836718774378,0.42628550880978067
0.1962931760741365,0.42628550880978067
0.19635558051733285,0.42628550880978067
0.196386782738931,0.42628550880978067
0.196386782738931,0.42646530025170803
0.19649599051452463,0.42646530025170803
0.19655839495772098,0.42646530025170803
0.19658959717931918,0.42646530025170803
0.19660519829011824,0.42646530025170803
0.1967144060657119,0.42646530025170803
0.19673000717651096,0.42646530025170803
0.1967924116197073,0.4266450916936354
0.1968236138413055,0.4266450916936354
0.19687041717370277,0.4266450916936354
0.19691722050610003,0.4266450916936354
0.19701082717089458,0.4266450916936354
0.19701082717089458,0.42682488313556277
0.19708883272489,0.42682488313556277
0.19708883272489,0.4270046745774901
0.1971200349464882,0.4270046745774901
0.19716683827888545,0.4270046745774901
0.19719804050048365,0.4270046745774901
0.19721364161128271,0.4270046745774901
0.19727604605447907,0.4270046745774901
0.19729164716527817,0.4270046745774901
0.19732284938687636,0.4270046745774901
0.19743205716246998,0.4270046745774901
0.19746325938406814,0.4270046745774901
0.19763487160285811,0.4270046745774901
0.19763487160285811,0.42718446601941745
0.1976816749352554,0.42718446601941745
0.19772847826765266,0.42718446601941745
0.19777528160004992,0.42718446601941745
0.1978064838216481,0.42718446601941745
0.19783768604324628,0.42718446601941745
0.1979468938188399,0.42718446601941745
0.19802489937283535,0.42718446601941745
0.1980873038160317,0.4273642574613448
0.1981029049268308,0.4273642574613448
0.19813410714842897,0.4273642574613448
0.19819651159162532,0.4273642574613448
0.19832132047801804,0.4273642574613448
0.19843052825361165,0.4273642574613448
0.19847733158600891,0.4273642574613448
0.198492932696808,0.4273642574613448
0.19855533714000437,0.4273642574613448
0.19858653936160256,0.4273642574613448
0.19858653936160256,0.4275440489032722
0.19871134824799525,0.4275440489032722
0.19875815158039253,0.4275440489032722
0.1987737526911916,0.4275440489032722
0.1988205560235889,0.4275440489032722
0.19883615713438796,0.4275440489032722
0.19886735935598615,0.4275440489032722
0.1989297637991825,0.4275440489032722
0.19896096602078067,0.4275440489032722
0.19903897157477612,0.4275440489032722
0.19903897157477612,0.42772384034519956
0.19910137601797248,0.42772384034519956
0.19911697712877158,0.42772384034519956
0.19917938157196793,0.42772384034519956
0.19927298823676245,0.42772384034519956
0.19931979156915972,0.42772384034519956
0.1993509937907579,0.42772384034519956
0.19938219601235607,0.42772384034519956
0.19939779712315517,0.42772384034519956
0.19942899934475333,0.42772384034519956
0.19952260600954788,0.42772384034519956
0.19958501045274424,0.42772384034519956
0.1996162126743424,0.42772384034519956
0.1996630160067397,0.42772384034519956
0.19969421822833786,0.42772384034519956
0.19970981933913695,0.4279036317871269
0.19974102156073512,0.4279036317871269
0.19974102156073512,0.4280834232290543
0.1997566226715342,0.4280834232290543
0.19980342600393147,0.4280834232290543
0.19986583044712783,0.4280834232290543
0.19989703266872602,0.4280834232290543
0.19999063933352054,0.42826321467098166
0.2000530437767169,0.42826321467098166
0.20009984710911416,0.42826321467098166
0.20016225155231052,0.42826321467098166
0.2002090548847078,0.42826321467098166
0.20024025710630597,0.42826321467098166
0.20036506599269868,0.42826321467098166
0.20039626821429685,0.42826321467098166
0.20053667821148866,0.42826321467098166
0.20058348154388592,0.42826321467098166
0.2006146837654841,0.42826321467098166
0.20064588598708227,0.42826321467098166
0.20069268931947953,0.42826321467098166
0.20072389154107773,0.42826321467098166
0.20080189709507318,0.42826321467098166
0.20086430153826954,0.42880258899676377
0.2009111048706668,0.42880258899676377
0.20100471153546132,0.42880258899676377
0.20100471153546132,0.42898238043869114
0.20111391931105493,0.42898238043869114
0.20114512153265313,0.42898238043869114
0.20120752597584948,0.42898238043869114
0.20123872819744765,0.42898238043869114
0.20126993041904584,0.42898238043869114
0.20126993041904584,0.4291621718806185
0.201301132640644,0.4291621718806185
0.2014415426378358,0.4298813376483279
0.2014571437486349,0.4298813376483279
0.201472744859434,0.4300611290902553
0.20148834597023307,0.4300611290902553
0.20155075041342943,0.4300611290902553
0.20155075041342943,0.43024092053218266
0.2017379637430185,0.43024092053218266
0.20181596929701395,0.43042071197411
0.20183157040781305,0.43042071197411
0.20183157040781305,0.4306005034160374
0.20184717151861212,0.4306005034160374
0.2018627726294112,0.43078029485796476
0.2018627726294112,0.43096008629989213
0.20200318262660302,0.43096008629989213
0.20209678929139754,0.43096008629989213
0.20212799151299574,0.43096008629989213
0.2022840026209866,0.4311398777418195
0.20247121595057568,0.4311398777418195
0.20250241817217385,0.4311398777418195
0.20254922150457114,0.4311398777418195
0.2025804237261693,0.4311398777418195
0.2025960248369684,0.4311398777418195
0.2026116259477675,0.43131966918374687
0.20275203594495927,0.43131966918374687
0.20279883927735654,0.43131966918374687
0.20283004149895473,0.43131966918374687
0.20290804705295018,0.43131966918374687
0.20293924927454834,0.43131966918374687
0.20309526038253925,0.43131966918374687
0.20311086149333832,0.43131966918374687
0.2031420637149365,0.43131966918374687
0.20317326593653467,0.43131966918374687
0.20317326593653467,0.4316792520676016
0.2032824737121283,0.4316792520676016
0.2032824737121283,0.431859043509529
0.2032980748229274,0.431859043509529
0.20332927704452558,0.431859043509529
0.2034384848201192,0.431859043509529
0.2034384848201192,0.4320388349514563
0.20350088926331555,0.4320388349514563
0.20350088926331555,0.43221862639338365
0.2035632937065119,0.43221862639338365
0.2035632937065119,0.432398417835311
0.20357889481731098,0.432398417835311
0.20357889481731098,0.4325782092772384
0.20364129926050734,0.4325782092772384
0.2037193048145028,0.4325782092772384
0.20375050703610098,0.4325782092772384
0.20378170925769915,0.4325782092772384
0.20396892258728822,0.4325782092772384
0.20396892258728822,0.43275800071916576
0.20401572591968548,0.43275800071916576
0.20406252925208274,0.43275800071916576
0.20409373147368093,0.43275800071916576
0.20410933258448002,0.4329377921610931
0.2041405348060782,0.4329377921610931
0.20417173702767638,0.4329377921610931
0.20421854036007364,0.4329377921610931
0.20423414147087274,0.4331175836030205
0.2042497425816718,0.4331175836030205
0.20428094480327,0.4331175836030205
0.20432774813566726,0.4331175836030205
0.20439015257886362,0.4331175836030205
0.2045617647976536,0.4331175836030205
0.20459296701925178,0.4331175836030205
0.20463977035164904,0.4331175836030205
0.20473337701644356,0.43347716648687523
0.20474897812724266,0.43347716648687523
0.20474897812724266,0.4336569579288026
0.20476457923804176,0.4336569579288026
0.20479578145963992,0.4336569579288026
0.2048269836812381,0.4336569579288026
0.20485818590283628,0.4336569579288026
0.2049673936784299,0.4336569579288026
0.20499859590002809,0.43383674937072997
0.20506100034322444,0.43383674937072997
0.20506100034322444,0.43401654081265734
0.20507660145402354,0.43401654081265734
0.2051390058972199,0.43401654081265734
0.20517020811881806,0.43401654081265734
0.20520141034041625,0.43401654081265734
0.20523261256201442,0.43401654081265734
0.20526381478361258,0.4345559151384394
0.20527941589441168,0.4345559151384394
0.20527941589441168,0.43473570658036675
0.20529501700521077,0.43473570658036675
0.20534182033760803,0.43473570658036675
0.20541982589160349,0.43473570658036675
0.20545102811320165,0.43473570658036675
0.20545102811320165,0.4349154980222941
0.20546662922400075,0.4349154980222941
0.20546662922400075,0.4350952894642215
0.20549783144559894,0.4350952894642215
0.20549783144559894,0.43527508090614886
0.2055602358887953,0.43527508090614886
0.20557583699959436,0.43527508090614886
0.20559143811039346,0.4354548723480762
0.20571624699678617,0.4354548723480762
0.20574744921838434,0.4354548723480762
0.2058098536615807,0.4354548723480762
0.2058410558831789,0.4354548723480762
0.20585665699397798,0.4354548723480762
0.20585665699397798,0.4356346637900036
0.20588785921557615,0.4356346637900036
0.20590346032637524,0.43581445523193096
0.2059346625479734,0.43581445523193096
0.2059502636587725,0.43599424667385833
0.20599706699116976,0.43599424667385833
0.20607507254516522,0.43599424667385833
0.20612187587756248,0.43599424667385833
0.20615307809916067,0.43599424667385833
0.20619988143155793,0.43599424667385833
0.2062310836531561,0.43599424667385833
0.2062466847639552,0.43599424667385833
0.20630908920715155,0.43599424667385833
0.2063558925395488,0.43599424667385833
0.2064026958719461,0.43599424667385833
0.20643389809354426,0.43599424667385833
0.20648070142594152,0.43599424667385833
0.2065119036475397,0.43599424667385833
0.20652750475833878,0.43599424667385833
0.20655870697993697,0.43599424667385833
0.20674592030952604,0.43599424667385833
0.20674592030952604,0.4361740381157857
0.2067927236419233,0.4361740381157857
0.20704234141470873,0.4361740381157857
0.2070735436363069,0.43635382955771307
0.2071047458579051,0.43635382955771307
0.20715154919030235,0.43635382955771307
0.20726075696589596,0.43635382955771307
0.20726075696589596,0.4367134124415678
0.20727635807669506,0.4367134124415678
0.20727635807669506,0.4368932038834951
0.20732316140909232,0.4368932038834951
0.2073543636306905,0.43725278676734985
0.20738556585228868,0.43725278676734985
0.20738556585228868,0.4374325782092772
0.20740116696308777,0.4374325782092772
0.20743236918468594,0.4374325782092772
0.20746357140628413,0.4374325782092772
0.2075259758494805,0.4374325782092772
0.20757277918187775,0.4374325782092772
0.20757277918187775,0.4376123696512046
0.20760398140347594,0.4376123696512046
0.20783799806546227,0.4376123696512046
0.20788480139785953,0.4376123696512046
0.2079160036194577,0.4376123696512046
0.20797840806265405,0.4376123696512046
0.2080876158382477,0.4376123696512046
0.20811881805984586,0.4376123696512046
0.20819682361384131,0.4376123696512046
0.20822802583543948,0.43797195253505933
0.2083372336110331,0.43797195253505933
0.2083372336110331,0.4381517439769867
0.2083684358326313,0.4381517439769867
0.20839963805422945,0.4381517439769867
0.208493244719024,0.4381517439769867
0.20852444694062217,0.4381517439769867
0.20854004805142126,0.4381517439769867
0.20857125027301943,0.4381517439769867
0.20858685138381852,0.4381517439769867
0.20863365471621578,0.4381517439769867
0.20866485693781398,0.4381517439769867
0.20866485693781398,0.43851132686084143
0.20872726138101033,0.43851132686084143
0.2087740647134076,0.43851132686084143
0.2089144747105994,0.43851132686084143
0.20894567693219757,0.43851132686084143
0.20896127804299666,0.43851132686084143
0.20902368248619302,0.4386911183027688
0.20902368248619302,0.43887090974469617
0.20905488470779118,0.43887090974469617
0.20910168804018847,0.43887090974469617
0.20910168804018847,0.43905070118662354
0.20911728915098754,0.4392304926285509
0.20916409248338483,0.4392304926285509
0.20916409248338483,0.4394102840704782
0.209195294704983,0.4394102840704782
0.209195294704983,0.43976986695433296
0.20938250803457206,0.43976986695433296
0.20944491247776842,0.43976986695433296
0.20946051358856752,0.43976986695433296
0.20949171581016568,0.43976986695433296
0.20950731692096478,0.43976986695433296
0.20955412025336204,0.43976986695433296
0.20955412025336204,0.4399496583962603
0.2096009235857593,0.4399496583962603
0.2096009235857593,0.4401294498381877
0.2096165246965584,0.4401294498381877
0.20969453025055385,0.44048903272204243
0.209725732472152,0.44048903272204243
0.20978813691534837,0.44048903272204243
0.20978813691534837,0.4406688241639698
0.20980373802614746,0.4406688241639698
0.20985054135854472,0.44084861560589717
0.20989734469094198,0.44084861560589717
0.2100533557989329,0.44084861560589717
0.2101781646853256,0.44084861560589717
0.21027177135012012,0.44084861560589717
0.21041218134731193,0.44084861560589717
0.2104433835689101,0.44084861560589717
0.21052138912290555,0.44084861560589717
0.21052138912290555,0.44102840704782453
0.21061499578770007,0.44102840704782453
0.21063059689849917,0.4412081984897519
0.21069300134169552,0.4412081984897519
0.21072420356329372,0.4412081984897519
0.21073980467409278,0.4412081984897519
0.21078660800649007,0.4412081984897519
0.21091141689288279,0.4412081984897519
0.21095822022528005,0.4412081984897519
0.2109894224468782,0.4412081984897519
0.2109894224468782,0.44156778137360664
0.21120783799806547,0.44156778137360664
0.21123904021966364,0.44156778137360664
0.2113170457736591,0.44156778137360664
0.2113170457736591,0.441747572815534
0.2113326468844582,0.441747572815534
0.2113326468844582,0.4419273642574613
0.21137945021685545,0.4419273642574613
0.21137945021685545,0.4421071556993887
0.2114106524384536,0.4421071556993887
0.2114418546600518,0.4421071556993887
0.21151986021404723,0.4421071556993887
0.21155106243564542,0.4421071556993887
0.21162906798964087,0.4421071556993887
0.2117538768760336,0.4421071556993887
0.21178507909763175,0.4421071556993887
0.21180068020843085,0.4421071556993887
0.21189428687322537,0.4421071556993887
0.21192548909482356,0.4421071556993887
0.21198789353801992,0.4421071556993887
0.21205029798121627,0.4421071556993887
0.21206589909201534,0.4421071556993887
0.2121283035352117,0.4421071556993887
0.212175106867609,0.4421071556993887
0.2122843146432026,0.4421071556993887
0.2122843146432026,0.44228694714131606
0.21233111797559986,0.44228694714131606
0.21234671908639896,0.4424667385832434
0.21237792130799713,0.4424667385832434
0.21237792130799713,0.4426465300251708
0.21242472464039439,0.4426465300251708
0.21245592686199258,0.4426465300251708
0.21251833130518893,0.4426465300251708
0.2125495335267871,0.4426465300251708
0.2125807357483853,0.4426465300251708
0.2125963368591844,0.44300611290902553
0.21262753908078255,0.4431859043509529
0.21281475241037162,0.4431859043509529
0.21284595463196979,0.4431859043509529
0.21284595463196979,0.44354548723480763
0.21314237573715247,0.44354548723480763
0.21318917906954976,0.44354548723480763
0.21323598240194702,0.44354548723480763
0.21323598240194702,0.443725278676735
0.21329838684514338,0.443725278676735
0.21350120128553152,0.443725278676735
0.21356360572872787,0.443725278676735
0.21359480795032607,0.44390507011866237
0.2136884146151206,0.44390507011866237
0.21375081905831694,0.44390507011866237
0.21378202127991514,0.44390507011866237
0.21387562794470966,0.44390507011866237
0.21387562794470966,0.44408486156058974
0.21392243127710692,0.44408486156058974
0.2139536334987051,0.44408486156058974
0.2139692346095042,0.44408486156058974
0.2139692346095042,0.4442646530025171
0.21398483572030327,0.4442646530025171
0.21406284127429873,0.4444444444444444
0.21414084682829418,0.4444444444444444
0.21417204904989234,0.4444444444444444
0.21420325127149054,0.4444444444444444
0.2142344534930887,0.4444444444444444
0.214281256825486,0.4444444444444444
0.21434366126868232,0.4444444444444444
0.2143748634902805,0.4444444444444444
0.21442166682267777,0.4444444444444444
0.2145308745982714,0.4444444444444444
0.2145308745982714,0.4446242358863718
0.21454647570907048,0.4446242358863718
0.21457767793066868,0.4446242358863718
0.21459327904146774,0.4446242358863718
0.21460888015226684,0.44480402732829916
0.2146556834846641,0.44480402732829916
0.2146868857062623,0.4449838187702265
0.21471808792786046,0.4449838187702265
0.21473368903865955,0.4449838187702265
0.21473368903865955,0.4451636102121539
0.2147960934818559,0.4451636102121539
0.21484289681425317,0.4451636102121539
0.21484289681425317,0.44534340165408126
0.21487409903585136,0.44534340165408126
0.21492090236824862,0.44534340165408126
0.21496770570064588,0.44534340165408126
0.21503011014384224,0.44534340165408126
0.2150769134762395,0.44534340165408126
0.21515491903023495,0.44534340165408126
0.21517052014103405,0.44534340165408126
0.21520172236263221,0.44534340165408126
0.2152173234734313,0.44534340165408126
0.21524852569502947,0.44534340165408126
0.21524852569502947,0.44552319309600863
0.21527972791662767,0.44552319309600863
0.21531093013822583,0.44552319309600863
0.21531093013822583,0.445702984537936
0.21535773347062312,0.445702984537936
0.21538893569222128,0.445702984537936
0.21543573902461854,0.445702984537936
0.21543573902461854,0.44588277597986337
0.21546694124621674,0.44588277597986337
0.215513744578614,0.4462423588637181
0.2156541545758058,0.4462423588637181
0.21570095790820307,0.4462423588637181
0.21577896346219852,0.4462423588637181
0.21581016568379668,0.4462423588637181
0.21584136790539488,0.4462423588637181
0.2159349745701894,0.4462423588637181
0.2159505756809885,0.4462423588637181
0.21601298012418485,0.4462423588637181
0.2160753845673812,0.4462423588637181
0.21612218789977847,0.4462423588637181
0.21623139567537208,0.4462423588637181
0.21623139567537208,0.44642215030564547
0.21624699678617118,0.44642215030564547
0.21629380011856844,0.44642215030564547
0.21630940122936754,0.44642215030564547
0.21630940122936754,0.44660194174757284
0.2163718056725639,0.44660194174757284
0.21638740678336296,0.44660194174757284
0.21638740678336296,0.4467817331895002
0.21640300789416206,0.4467817331895002
0.21659022122375113,0.4471413160733549
0.2166370245561484,0.4471413160733549
0.21671503011014384,0.4471413160733549
0.21671503011014384,0.44732110751528226
0.21674623233174203,0.44732110751528226
0.21687104121813472,0.44732110751528226
0.21687104121813472,0.4475008989572096
0.2169022434397329,0.4475008989572096
0.216917844550532,0.4475008989572096
0.216917844550532,0.447680690399137
0.21696464788292927,0.447680690399137
0.21699585010452743,0.447680690399137
0.21701145121532653,0.447680690399137
0.21701145121532653,0.44786048184106436
0.21702705232612562,0.44786048184106436
0.21702705232612562,0.44804027328299173
0.21707385565852289,0.44804027328299173
0.21707385565852289,0.4482200647249191
0.2172142656557147,0.4482200647249191
0.2172142656557147,0.44839985616684647
0.21722986676651376,0.44839985616684647
0.21724546787731286,0.44857964760877383
0.21729227120971012,0.44857964760877383
0.21735467565290648,0.44857964760877383
0.21740147898530376,0.44857964760877383
0.21743268120690193,0.44857964760877383
0.21746388342850012,0.44857964760877383
0.21749508565009829,0.44857964760877383
0.21752628787169648,0.44857964760877383
0.21755749009329464,0.44857964760877383
0.21766669786888826,0.44857964760877383
0.21769790009048645,0.44857964760877383
0.21771350120128552,0.44857964760877383
0.2177447034228837,0.44857964760877383
0.2177603045336828,0.44857964760877383
0.21779150675528097,0.44857964760877383
0.21788511342007552,0.44857964760877383
0.2179007145308746,0.44857964760877383
0.21793191675247278,0.44857964760877383
0.21796311897407095,0.44857964760877383
0.21796311897407095,0.4487594390507012
0.21797872008487004,0.4487594390507012
0.2180099223064682,0.4487594390507012
0.2180255234172673,0.4487594390507012
0.2180255234172673,0.44893923049262857
0.2180411245280664,0.44893923049262857
0.21807232674966456,0.44893923049262857
0.21808792786046366,0.44893923049262857
0.21811913008206185,0.44893923049262857
0.2181815345252582,0.44893923049262857
0.21825954007925363,0.44893923049262857
0.21836874785484728,0.44893923049262857
0.21839995007644544,0.44893923049262857
0.21841555118724454,0.44893923049262857
0.21841555118724454,0.44911902193455594
0.2184467534088427,0.44911902193455594
0.2184467534088427,0.44929881337648325
0.21849355674123996,0.44929881337648325
0.21850915785203906,0.44929881337648325
0.2185871634060345,0.44929881337648325
0.21864956784923087,0.44929881337648325
0.21869637118162813,0.44929881337648325
0.21872757340322632,0.44929881337648325
0.21878997784642268,0.44929881337648325
0.21878997784642268,0.4494786048184106
0.218852382289619,0.4494786048184106
0.2188835845112172,0.4494786048184106
0.2188991856220163,0.4494786048184106
0.21891478673281536,0.449658396260338
0.21897719117601172,0.449658396260338
0.21897719117601172,0.4500179791441927
0.2190083933976099,0.4500179791441927
0.21903959561920808,0.4500179791441927
0.21910200006240443,0.4500179791441927
0.21910200006240443,0.4501977705861201
0.21914880339480172,0.4501977705861201
0.2191644045056008,0.4501977705861201
0.21921120783799808,0.4501977705861201
0.21924241005959624,0.4501977705861201
0.21924241005959624,0.45037756202804746
0.2192736122811944,0.45037756202804746
0.2193204156135917,0.45037756202804746
0.21947642672158257,0.45037756202804746
0.21947642672158257,0.45055735346997483
0.21950762894318077,0.45055735346997483
0.21953883116477893,0.45055735346997483
0.21955443227557803,0.45055735346997483
0.2195856344971762,0.45055735346997483
0.21961683671877438,0.45055735346997483
0.21964803894037255,0.45055735346997483
0.2196948422727698,0.45055735346997483
0.21975724671596616,0.45055735346997483
0.21975724671596616,0.4507371449119022
0.21978844893756436,0.4507371449119022
0.21981965115916252,0.4507371449119022
0.21981965115916252,0.45091693635382957
0.2198508533807607,0.45091693635382957
0.2198508533807607,0.45109672779575694
0.21996006115635433,0.45109672779575694
0.21996006115635433,0.4512765192376843
0.2200068644887516,0.4512765192376843
0.22003806671034978,0.4512765192376843
0.22006926893194795,0.4512765192376843
0.22010047115354614,0.4512765192376843
0.22010047115354614,0.45145631067961167
0.2201316733751443,0.45145631067961167
0.2201628755967425,0.45145631067961167
0.22020967892913976,0.45145631067961167
0.2202720833723361,0.45145631067961167
0.2202876844831352,0.45163610212153904
0.2202876844831352,0.45181589356346635
0.22030328559393428,0.4519956850053937
0.22038129114792973,0.4519956850053937
0.220428094480327,0.4519956850053937
0.22049049892352335,0.4519956850053937
0.2205373022559206,0.4519956850053937
0.2205373022559206,0.4521754764473211
0.2205841055883179,0.4521754764473211
0.2205841055883179,0.45235526788924846
0.22067771225311242,0.45235526788924846
0.22067771225311242,0.4527148507731032
0.22069331336391151,0.4527148507731032
0.2207089144747106,0.45289464221503056
0.22078692002870604,0.45289464221503056
0.22078692002870604,0.45343401654081267
0.22080252113950513,0.45343401654081267
0.22083372336110332,0.45361380798274004
0.2208649255827015,0.45361380798274004
0.22088052669350058,0.4537935994246674
0.22091172891509875,0.4539733908665948
0.22102093669069237,0.4539733908665948
0.22106774002308965,0.4539733908665948
0.22111454335548691,0.4539733908665948
0.221130144466286,0.45415318230852214
0.22114574557708508,0.45415318230852214
0.22114574557708508,0.45433297375044945
0.22117694779868327,0.45433297375044945
0.22120815002028144,0.45433297375044945
0.22122375113108053,0.45433297375044945
0.22122375113108053,0.4545127651923768
0.22125495335267872,0.4545127651923768
0.2212705544634778,0.4546925566343042
0.22130175668507598,0.4546925566343042
0.22134856001747324,0.4546925566343042
0.2213953633498705,0.4546925566343042
0.2214109644606696,0.4546925566343042
0.2214109644606696,0.45487234807623156
0.2214265655714687,0.45487234807623156
0.22145776779306686,0.45487234807623156
0.22147336890386596,0.45487234807623156
0.2215513744578614,0.4552319309600863
0.22159817779025867,0.4552319309600863
0.22162938001185684,0.45541172240201366
0.22166058223345503,0.45541172240201366
0.22166058223345503,0.45595109672779577
0.221832194452245,0.45595109672779577
0.22186339667384317,0.45595109672779577
0.22186339667384317,0.45613088816972314
0.22189459889544136,0.45613088816972314
0.22192580111703952,0.45613088816972314
0.22195700333863772,0.45613088816972314
0.2219726044494368,0.4563106796116505
0.22198820556023588,0.4563106796116505
0.22203500889263317,0.4563106796116505
0.22203500889263317,0.4564904710535779
0.22205061000343224,0.4564904710535779
0.22208181222503043,0.4564904710535779
0.22214421666822678,0.4564904710535779
0.22214421666822678,0.45667026249550524
0.22219102000062405,0.45667026249550524
0.22283066554338668,0.457569219705142
0.22287746887578397,0.457569219705142
0.22290867109738213,0.457569219705142
0.22300227776217665,0.457569219705142
0.22303347998377485,0.457569219705142
0.22304908109457394,0.457569219705142
0.2230958844269712,0.457569219705142
0.2231114855377703,0.457569219705142
0.22317388998096666,0.457569219705142
0.22328309775656027,0.457569219705142
0.22334550219975663,0.457569219705142
0.22336110331055573,0.457569219705142
0.2233923055321539,0.457569219705142
0.22340790664295299,0.457569219705142
0.22347031108614934,0.457569219705142
0.2234859121969484,0.457569219705142
0.2235171144185466,0.457569219705142
0.22356391775094386,0.457569219705142
0.22359511997254206,0.457569219705142
0.22359511997254206,0.4577490111470694
0.2236575244157384,0.4577490111470694
0.22370432774813567,0.4577490111470694
0.22373552996973384,0.4577490111470694
0.22373552996973384,0.45792880258899676
0.22375113108053293,0.45792880258899676
0.22409435551811288,0.45792880258899676
0.22414115885051017,0.45792880258899676
0.22417236107210833,0.45792880258899676
0.2242191644045056,0.45792880258899676
0.2242503666261038,0.45792880258899676
0.2243283721800992,0.45792880258899676
0.2243595744016974,0.45792880258899676
0.22439077662329557,0.45792880258899676
0.22442197884489376,0.45792880258899676
0.22446878217729102,0.45792880258899676
0.2244999843988892,0.45792880258899676
0.22451558550968828,0.45792880258899676
0.22454678773128647,0.45792880258899676
0.2246559955068801,0.45792880258899676
0.22471839995007645,0.45792880258899676
0.2247964055040719,0.45792880258899676
0.2247964055040719,0.45810859403092413
0.22481200661487097,0.45810859403092413
0.22487441105806732,0.45810859403092413
0.2249212143904646,0.45810859403092413
0.22495241661206278,0.45810859403092413
0.22499921994446004,0.4582883854728515
0.2250460232768573,0.4582883854728515
0.2250616243876564,0.45846817691477887
0.2250928266092546,0.45846817691477887
0.2250928266092546,0.45864796835670624
0.22513962994165185,0.45864796835670624
0.2251864332740491,0.4588277597986336
0.22528003993884366,0.4588277597986336
0.22529564104964273,0.459007551240561
0.22529564104964273,0.4591873426824883
0.22531124216044182,0.4591873426824883
0.22532684327124092,0.45936713412441565
0.22537364660363818,0.45936713412441565
0.22542044993603544,0.45936713412441565
0.22543605104683453,0.45936713412441565
0.2254828543792318,0.45936713412441565
0.2254984554900309,0.45936713412441565
0.22556085993322725,0.45936713412441565
0.22557646104402634,0.45936713412441565
0.2255920621548254,0.459546925566343
0.2256388654872227,0.459546925566343
0.22568566881961996,0.459546925566343
0.22571687104121813,0.459546925566343
0.22579487659521358,0.4597267170082704
0.22598208992480265,0.4597267170082704
0.226044494367999,0.4597267170082704
0.2260600954787981,0.4597267170082704
0.2260600954787981,0.45990650845019776
0.22607569658959717,0.45990650845019776
0.22610689881119536,0.45990650845019776
0.22610689881119536,0.46008629989212513
0.22624730880838717,0.46008629989212513
0.22626290991918624,0.4602660913340525
0.2263409154731817,0.4602660913340525
0.22640331991637805,0.4602660913340525
0.22640331991637805,0.46044588277597986
0.2264345221379762,0.46044588277597986
0.22655933102436893,0.46062567421790723
0.22659053324596712,0.46062567421790723
0.22663733657836438,0.46062567421790723
0.22669974102156074,0.46062567421790723
0.2267309432431589,0.46062567421790723
0.2267309432431589,0.4608054656598346
0.226746544353958,0.4608054656598346
0.226746544353958,0.46098525710176197
0.2267621454647571,0.46098525710176197
0.2267777465755562,0.46116504854368934
0.2268869543511498,0.46116504854368934
0.22691815657274797,0.46116504854368934
0.22691815657274797,0.4615246314275441
0.22696495990514526,0.4615246314275441
0.22698056101594433,0.4617044228694714
0.22704296545914068,0.4617044228694714
0.22705856656993978,0.46188421431139876
0.22708976879153794,0.46188421431139876
0.22713657212393523,0.46188421431139876
0.22713657212393523,0.4620640057533261
0.22726138101032795,0.4620640057533261
0.22726138101032795,0.4622437971952535
0.2273081843427252,0.4622437971952535
0.22733938656432337,0.4622437971952535
0.22737058878592156,0.4622437971952535
0.22743299322911792,0.4627831715210356
0.22746419545071608,0.4627831715210356
0.22747979656151518,0.46296296296296297
0.22751099878311334,0.46296296296296297
0.22754220100471154,0.46314275440489033
0.2275890043371088,0.46314275440489033
0.2276046054479079,0.4633225458468177
0.227620206558707,0.4633225458468177
0.22763580766950606,0.46350233728874507
0.22766700989110425,0.46350233728874507
0.22769821211270241,0.46350233728874507
0.2277294143343006,0.46350233728874507
0.22776061655589877,0.46350233728874507
0.22777621766669787,0.46350233728874507
0.22780741988829606,0.46350233728874507
0.22782302099909513,0.46350233728874507
0.22788542544229148,0.46350233728874507
0.22797903210708603,0.46350233728874507
0.2280414365502824,0.46350233728874507
0.22805703766108146,0.46350233728874507
0.22805703766108146,0.46368212873067244
0.22807263877188055,0.4642215030564545
0.22808823988267965,0.4642215030564545
0.228150644325876,0.4642215030564545
0.22818184654747417,0.4642215030564545
0.22825985210146962,0.4642215030564545
0.22827545321226872,0.4642215030564545
0.22827545321226872,0.46440129449838186
0.22830665543386688,0.46440129449838186
0.22833785765546508,0.46440129449838186
0.22836905987706324,0.46440129449838186
0.22852507098505415,0.46494066882416396
0.2285718743174514,0.46494066882416396
0.2285874754282505,0.46494066882416396
0.22864987987144686,0.46494066882416396
0.22866548098224593,0.46494066882416396
0.22869668320384412,0.46494066882416396
0.22871228431464322,0.46494066882416396
0.22874348653624138,0.46494066882416396
0.22874348653624138,0.46512046026609133
0.22879028986863864,0.46512046026609133
0.2288682954226341,0.46512046026609133
0.22922712097101314,0.4653002517080187
0.2292739243034104,0.4653002517080187
0.2293051265250086,0.4653002517080187
0.22935192985740585,0.4653002517080187
0.22938313207900402,0.4653002517080187
0.2294299354114013,0.4653002517080187
0.22944553652220037,0.4653002517080187
0.22947673874379856,0.4653002517080187
0.22953914318699492,0.4653002517080187
0.22957034540859309,0.4653002517080187
0.22961714874099035,0.4653002517080187
0.22963274985178944,0.46548004314994607
0.2296951542949858,0.46548004314994607
0.22977315984898125,0.46548004314994607
0.22978876095978035,0.46548004314994607
0.22980436207057942,0.46565983459187343
0.2298511654029767,0.46565983459187343
0.2298511654029767,0.4658396260338008
0.22988236762457487,0.4658396260338008
0.22991356984617306,0.4658396260338008
0.23000717651096758,0.4658396260338008
0.2301163842865612,0.4658396260338008
0.2301163842865612,0.46601941747572817
0.2301475865081594,0.46601941747572817
0.23017878872975756,0.46601941747572817
0.23020999095135575,0.46601941747572817
0.2302411931729539,0.46601941747572817
0.23028799650535117,0.46601941747572817
0.23038160317014572,0.46601941747572817
0.23050641205653843,0.46601941747572817
0.2305532153889357,0.46601941747572817
0.23060001872133296,0.46601941747572817
0.23063122094293115,0.46601941747572817
0.23064682205373022,0.46601941747572817
0.23064682205373022,0.46619920891765554
0.2306624231645293,0.46619920891765554
0.23070922649692657,0.46619920891765554
0.23078723205092203,0.46619920891765554
0.23078723205092203,0.4663790003595829
0.2308184342725202,0.4663790003595829
0.23091204093731474,0.4663790003595829
0.2309432431589129,0.4663790003595829
0.2309744453805111,0.4665587918015103
0.23100564760210926,0.4665587918015103
0.23105245093450655,0.4665587918015103
0.2310836531561047,0.4665587918015103
0.2310992542669038,0.4665587918015103
0.23113045648850197,0.4665587918015103
0.23128646759649288,0.4665587918015103
0.23131766981809104,0.4665587918015103
0.2315048831476801,0.4665587918015103
0.2315360853692783,0.4665587918015103
0.23155168648007737,0.4665587918015103
0.23156728759087647,0.46691837468536496
0.231660894255671,0.46691837468536496
0.23172329869886735,0.46691837468536496
0.23173889980966644,0.46691837468536496
0.23173889980966644,0.4670981661272923
0.23175450092046554,0.4670981661272923
0.2317857031420637,0.4670981661272923
0.2318013042528628,0.4670981661272923
0.231832506474461,0.4672779575692197
0.23184810758526006,0.4672779575692197
0.23184810758526006,0.46745774901114706
0.23191051202845642,0.46745774901114706
0.2319417142500546,0.4678173318950018
0.2319573153608537,0.4678173318950018
0.23198851758245187,0.4678173318950018
0.23203532091484913,0.4678173318950018
0.23206652313644732,0.4678173318950018
0.23230053979843365,0.4683567062207839
0.23230053979843365,0.46853649766271127
0.2323473431308309,0.46853649766271127
0.23239414646322817,0.46853649766271127
0.23239414646322817,0.468896080546566
0.23242534868482637,0.468896080546566
0.23253455646041998,0.468896080546566
0.23261256201441544,0.468896080546566
0.2326281631252145,0.468896080546566
0.2326749664576118,0.468896080546566
0.23270616867920996,0.468896080546566
0.23270616867920996,0.4690758719884933
0.23273737090080815,0.4690758719884933
0.23273737090080815,0.4692556634304207
0.2327685731224063,0.4692556634304207
0.2327841742332054,0.4692556634304207
0.23281537645480357,0.46943545487234806
0.23298698867359355,0.46943545487234806
0.23298698867359355,0.4696152463142754
0.23303379200599084,0.4696152463142754
0.233064994227589,0.4696152463142754
0.23311179755998626,0.4697950377562028
0.2332210053355799,0.4697950377562028
0.2332210053355799,0.46997482919813016
0.23325220755717807,0.46997482919813016
0.23328340977877624,0.46997482919813016
0.23333021311117352,0.46997482919813016
0.2333614153327717,0.46997482919813016
0.23342381977596804,0.46997482919813016
0.23345502199756624,0.46997482919813016
0.23345502199756624,0.47015462064005753
0.2334862242191644,0.4703344120819849
0.2335018253299635,0.4703344120819849
0.23354862866236076,0.47051420352391227
0.23359543199475802,0.47051420352391227
0.23361103310555711,0.47069399496583963
0.2336266342163562,0.47069399496583963
0.23365783643795437,0.47069399496583963
0.23368903865955257,0.47069399496583963
0.23372024088115073,0.47069399496583963
0.233767044213548,0.47069399496583963
0.23382944865674435,0.47069399496583963
0.23386065087834254,0.47069399496583963
0.23386065087834254,0.470873786407767
0.2338918530999407,0.47123336929162174
0.2339074542107398,0.47123336929162174
0.233938656432338,0.47123336929162174
0.23395425754313706,0.47123336929162174
0.23401666198633342,0.47123336929162174
0.23401666198633342,0.4714131607335491
0.2340478642079316,0.4714131607335491
0.23412586976192704,0.4714131607335491
0.23417267309432432,0.4714131607335491
0.23423507753752068,0.4714131607335491
0.23423507753752068,0.4715929521754764
0.23428188086991794,0.4715929521754764
0.2343130830915161,0.4717727436174038
0.23440668975631065,0.4717727436174038
0.23442229086710975,0.4717727436174038
0.234469094199507,0.4717727436174038
0.23453149864270337,0.4717727436174038
0.23453149864270337,0.47195253505933116
0.23467190863989515,0.47195253505933116
0.23467190863989515,0.4721323265012585
0.23468750975069425,0.4721323265012585
0.23481231863708696,0.4721323265012585
0.23484352085868515,0.4721323265012585
0.23492152641268058,0.4721323265012585
0.23495272863427877,0.4721323265012585
0.23501513307747512,0.4721323265012585
0.23506193640987239,0.4721323265012585
0.23512434085306874,0.4721323265012585
0.23528035196105962,0.4721323265012585
0.2353115541826578,0.4721323265012585
0.23548316640144779,0.4721323265012585
0.23548316640144779,0.4723121179431859
0.23552996973384505,0.4723121179431859
0.23556117195544324,0.47249190938511326
0.2355767730662423,0.47249190938511326
0.23563917750943866,0.47249190938511326
0.23565477862023776,0.47249190938511326
0.23568598084183595,0.47249190938511326
0.23590439639302319,0.47249190938511326
0.23593559861462135,0.47249190938511326
0.23598240194701864,0.47249190938511326
0.2359980030578177,0.47249190938511326
0.2360292052794159,0.47267170082704063
0.2360292052794159,0.472851492268968
0.23606040750101406,0.472851492268968
0.23607600861181316,0.472851492268968
0.23607600861181316,0.47303128371089537
0.2361540141658086,0.47303128371089537
0.23618521638740678,0.47303128371089537
0.23623201971980404,0.47303128371089537
0.23626322194140223,0.47321107515282274
0.2363100252737995,0.47321107515282274
0.23634122749539768,0.47321107515282274
0.23635682860619675,0.47321107515282274
0.23638803082779494,0.47321107515282274
0.2364192330493931,0.47321107515282274
0.2364192330493931,0.4733908665947501
0.23654404193578582,0.47357065803667747
0.23659084526818308,0.47357065803667747
0.23659084526818308,0.47375044947860484
0.23660644637898218,0.47375044947860484
0.23666885082217853,0.47375044947860484
0.23676245748697308,0.47375044947860484
0.23676245748697308,0.4739302409205322
0.2368560641517676,0.4739302409205322
0.2368872663733658,0.4739302409205322
0.23693406970576306,0.4739302409205322
0.2369964741489594,0.4739302409205322
0.23709008081375393,0.4739302409205322
0.23712128303535213,0.4739302409205322
0.2371368841461512,0.4739302409205322
0.23719928858934755,0.4739302409205322
0.23733969858653936,0.4739302409205322
0.23740210302973572,0.4739302409205322
0.2374177041405348,0.4739302409205322
0.23749570969453024,0.4741100323624595
0.23752691191612843,0.4741100323624595
0.2375737152485257,0.4741100323624595
0.23760491747012388,0.4741100323624595
0.2377297263565166,0.4741100323624595
0.23776092857811476,0.4742898238043869
0.23790133857530657,0.4742898238043869
0.23793254079690473,0.4742898238043869
0.23794814190770383,0.4742898238043869
0.2379949452401011,0.47446961524631426
0.23808855190489564,0.47446961524631426
0.2381197541264938,0.47446961524631426
0.23819775968048926,0.47446961524631426
0.23822896190208742,0.47446961524631426
0.23824456301288652,0.47446961524631426
0.23829136634528378,0.4746494066882416
0.23832256856688197,0.4746494066882416
0.23835377078848013,0.4746494066882416
0.23836937189927923,0.4746494066882416
0.2384317763424756,0.4746494066882416
0.23847857967487285,0.4746494066882416
0.2385253830072701,0.4746494066882416
0.23863459078286375,0.4746494066882416
0.23863459078286375,0.474829198130169
0.23868139411526101,0.474829198130169
0.23869699522606008,0.47500898957209636
0.23869699522606008,0.47518878101402373
0.23880620300165373,0.4753685724559511
0.2388218041124528,0.4753685724559511
0.238853006334051,0.4753685724559511
0.23886860744485008,0.4753685724559511
0.23886860744485008,0.47554836389787847
0.2389622141096446,0.47554836389787847
0.23900901744204187,0.47554836389787847
0.23902461855284096,0.47554836389787847
0.23905582077443915,0.47554836389787847
0.23911822521763548,0.47554836389787847
0.23916502855003277,0.47554836389787847
0.23918062966083184,0.47554836389787847
0.2392430341040282,0.47554836389787847
0.23930543854722455,0.47554836389787847
0.23933664076882274,0.47554836389787847
0.23935224187962184,0.47554836389787847
0.23943024743361727,0.47554836389787847
0.23944584854441636,0.47554836389787847
0.23949265187681362,0.47554836389787847
0.23958625854160817,0.47554836389787847
0.23963306187400543,0.47554836389787847
0.2396798652064027,0.47554836389787847
0.23971106742800088,0.47554836389787847
0.23971106742800088,0.47572815533980584
0.23974226964959905,0.47572815533980584
0.2397890729819963,0.47572815533980584
0.2398202752035945,0.47572815533980584
0.2398358763143936,0.47572815533980584
0.2398358763143936,0.4760877382236606
0.23991388186838902,0.4760877382236606
0.23996068520078628,0.4760877382236606
0.24002308964398264,0.4760877382236606
0.24005429186558083,0.4760877382236606
0.24016349964117445,0.4760877382236606
0.2402103029735717,0.4760877382236606
0.2402415051951699,0.4760877382236606
0.240257106305969,0.4760877382236606
0.24028830852756716,0.4760877382236606
0.24031951074916533,0.4760877382236606
0.24041311741395988,0.4760877382236606
0.24045992074635714,0.4760877382236606
0.2405223251895535,0.4760877382236606
0.2405379263003526,0.4760877382236606
0.2405379263003526,0.47626752966558794
0.24055352741115169,0.47626752966558794
0.24058472963274985,0.47626752966558794
0.24058472963274985,0.4764473211075153
0.24060033074354895,0.4764473211075153
0.24060033074354895,0.4766271125494426
0.24061593185434804,0.4766271125494426
0.2406783362975444,0.47680690399137
0.24070953851914256,0.47680690399137
0.24127117850790977,0.47770586120100683
0.24131798184030703,0.47770586120100683
0.24133358295110613,0.47770586120100683
0.2413803862835034,0.47770586120100683
0.24141158850510155,0.47770586120100683
0.24144279072669975,0.47770586120100683
0.2415051951698961,0.47770586120100683
0.24153639739149427,0.47770586120100683
0.24159880183469062,0.47770586120100683
0.24167680738868608,0.47770586120100683
0.24170800961028424,0.47770586120100683
0.2419108240506724,0.47770586120100683
0.2419420262722706,0.47770586120100683
0.24195762738306967,0.47770586120100683
0.24198882960466786,0.47770586120100683
0.24198882960466786,0.4778856526429342
0.24202003182626602,0.4778856526429342
0.24203563293706512,0.4778856526429342
0.24203563293706512,0.47806544408486157
0.24208243626946238,0.47806544408486157
0.24212923960185964,0.47806544408486157
0.2422228462666542,0.47806544408486157
0.24226964959905145,0.47824523552678894
0.24230085182064964,0.47824523552678894
0.24236325626384597,0.47824523552678894
0.24242566070704233,0.47824523552678894
0.24242566070704233,0.4786048184106437
0.24251926737183688,0.4786048184106437
0.24256607070423414,0.4786048184106437
0.24256607070423414,0.47896440129449835
0.24259727292583233,0.4791441927364257
0.2426128740366314,0.4793239841783531
0.2426440762582296,0.4793239841783531
0.2426440762582296,0.47950377562028046
0.24267527847982776,0.47950377562028046
0.2427376829230241,0.47950377562028046
0.24278448625542137,0.47950377562028046
0.24281568847701956,0.47950377562028046
0.24283128958781866,0.47950377562028046
0.24286249180941683,0.47950377562028046
0.24286249180941683,0.4796835670622078
0.24289369403101502,0.4796835670622078
0.24294049736341228,0.4798633585041352
0.24297169958501044,0.4798633585041352
0.24314331180380044,0.48022294138798993
0.2431589129145995,0.48022294138798993
0.2431901151361977,0.48022294138798993
0.24322131735779587,0.48022294138798993
0.24328372180099223,0.48022294138798993
0.24331492402259042,0.48022294138798993
0.24340853068738494,0.48022294138798993
0.2434865362413804,0.48022294138798993
0.24354894068457675,0.48022294138798993
0.243595744016974,0.48022294138798993
0.243595744016974,0.4804027328299173
0.2436113451277731,0.4804027328299173
0.24364254734937127,0.4804027328299173
0.24365814846017037,0.4804027328299173
0.24373615401416582,0.48058252427184467
0.2437517551249649,0.48058252427184467
0.2437517551249649,0.48076231571377204
0.24378295734656308,0.48076231571377204
0.24384536178975943,0.48076231571377204
0.2439233673437549,0.48076231571377204
0.24398577178695124,0.48076231571377204
0.24404817623014757,0.48076231571377204
0.24407937845174577,0.48076231571377204
0.24414178289494212,0.48076231571377204
0.24415738400574122,0.48076231571377204
0.24415738400574122,0.4809421071556994
0.24418858622733938,0.4809421071556994
0.2443289962245312,0.4809421071556994
0.2443289962245312,0.4811218985976268
0.24440700177852664,0.4811218985976268
0.24450060844332117,0.4811218985976268
0.24457861399731662,0.4811218985976268
0.24457861399731662,0.48130169003955414
0.2445942151081157,0.48130169003955414
0.24468782177291024,0.48130169003955414
0.2447346251053075,0.48130169003955414
0.2447658273269057,0.48130169003955414
0.24479702954850385,0.48130169003955414
0.24479702954850385,0.48148148148148145
0.2448438328809011,0.48148148148148145
0.2448750351024993,0.48148148148148145
0.24492183843489657,0.48148148148148145
0.24498424287809292,0.48148148148148145
0.2450154450996911,0.48148148148148145
0.24506224843208838,0.48148148148148145
0.24509345065368654,0.48148148148148145
0.24512465287528473,0.48148148148148145
0.2451870573184811,0.4816612729234088
0.24523386065087835,0.4816612729234088
0.24524946176167745,0.4816612729234088
0.24534306842647197,0.4816612729234088
0.24540547286966832,0.4816612729234088
0.24540547286966832,0.4818410643653362
0.24545227620206558,0.48202085580726356
0.2455614839776592,0.48202085580726356
0.2456082873100565,0.48202085580726356
0.24565509064245375,0.48202085580726356
0.24568629286405191,0.48202085580726356
0.24573309619644917,0.48202085580726356
0.24573309619644917,0.48220064724919093
0.24574869730724827,0.48220064724919093
0.24576429841804737,0.4823804386911183
0.24582670286124372,0.4823804386911183
0.24587350619364098,0.4823804386911183
0.24590470841523918,0.4823804386911183
0.24595151174763644,0.4823804386911183
0.2459827139692346,0.4823804386911183
0.2459983150800337,0.48256023013304566
0.2460139161908328,0.48256023013304566
0.2460139161908328,0.48274002157497303
0.24609192174482822,0.48274002157497303
0.24618552840962277,0.48309960445882777
0.24631033729601548,0.48309960445882777
0.24634153951761364,0.48309960445882777
0.24634153951761364,0.48327939590075514
0.24635714062841274,0.48327939590075514
0.24638834285001093,0.48327939590075514
0.24649755062560455,0.48327939590075514
0.24652875284720271,0.48327939590075514
0.24659115729039907,0.48327939590075514
0.24662235951199726,0.48327939590075514
0.24663796062279633,0.48327939590075514
0.24666916284439452,0.48327939590075514
0.24668476395519362,0.48327939590075514
0.24671596617679178,0.48327939590075514
0.24674716839838998,0.48327939590075514
0.24674716839838998,0.4834591873426825
0.24676276950918904,0.4834591873426825
0.24676276950918904,0.4836389787846099
0.24677837061998814,0.48381877022653724
0.24679397173078724,0.48381877022653724
0.2468251739523854,0.48381877022653724
0.24688757839558176,0.48381877022653724
0.24691878061717995,0.48381877022653724
0.24691878061717995,0.48399856166846456
0.24693438172797902,0.48399856166846456
0.24699678617117538,0.48399856166846456
0.24701238728197447,0.48399856166846456
0.24704358950357266,0.48399856166846456
0.24705919061437173,0.48399856166846456
0.24709039283596992,0.48399856166846456
0.24719960061156354,0.48399856166846456
0.24721520172236264,0.4841783531103919
0.24746481949514806,0.4843581445523193
0.24752722393834442,0.4843581445523193
0.24752722393834442,0.48453793599424666
0.24755842615994259,0.48453793599424666
0.24758962838154078,0.48453793599424666
0.2478236450435271,0.48453793599424666
0.24785484726512527,0.48453793599424666
0.24787044837592437,0.48453793599424666
0.24790165059752253,0.48453793599424666
0.24790165059752253,0.48471772743617403
0.24791725170832163,0.48471772743617403
0.24793285281912072,0.4848975188781014
0.24794845392991982,0.4848975188781014
0.24801085837311618,0.4848975188781014
0.24802645948391525,0.4848975188781014
0.24802645948391525,0.48525710176195613
0.2480888639271116,0.48525710176195613
0.2481200661487098,0.48525710176195613
0.2481356672595089,0.48525710176195613
0.2481356672595089,0.4854368932038835
0.24816686948110706,0.4854368932038835
0.24819807170270522,0.4854368932038835
0.24826047614590158,0.48561668464581087
0.24829167836749977,0.48561668464581087
0.24832288058909793,0.48561668464581087
0.24835408281069613,0.48561668464581087
0.24840088614309339,0.48561668464581087
0.24844768947549065,0.48561668464581087
0.24847889169708884,0.48561668464581087
0.24847889169708884,0.4859762675296656
0.24849449280788793,0.4859762675296656
0.24855689725108426,0.4859762675296656
0.24858809947268246,0.4859762675296656
0.24861930169428062,0.4859762675296656
0.2486505039158788,0.486156058971593
0.2486661050266779,0.486156058971593
0.24869730724827607,0.486156058971593
0.24874411058067333,0.486156058971593
0.24883771724546788,0.486156058971593
0.24890012168866424,0.486156058971593
0.2489313239102624,0.486156058971593
0.24899372835345876,0.486156058971593
0.24902493057505695,0.486156058971593
0.2493681550126369,0.486695433297375
0.24941495834503416,0.486695433297375
0.24961777278542233,0.4874145990650845
0.2497737838934132,0.4874145990650845
0.2498049861150114,0.4874145990650845
0.24989859277980592,0.4874145990650845
0.24997659833380137,0.4874145990650845
0.2500546038877968,0.4874145990650845
0.250085806109395,0.4874145990650845
0.25011700833099315,0.4874145990650845
0.25014821055259134,0.4874145990650845
0.2501638116633904,0.48759439050701187
0.2502262161065868,0.48759439050701187
0.25024181721738586,0.48777418194893923
0.25030422166058225,0.48777418194893923
0.2503354238821804,0.48777418194893923
0.2503354238821804,0.4879539733908666
0.25041342943617584,0.4879539733908666
0.25041342943617584,0.48831355627472134
0.2504758338793722,0.48831355627472134
0.25053823832256855,0.48831355627472134
0.25060064276576494,0.4884933477166487
0.2506786483197604,0.4884933477166487
0.2507098505413585,0.4884933477166487
0.25072545165215765,0.4884933477166487
0.2507566538737558,0.4884933477166487
0.25083465942775124,0.4884933477166487
0.25083465942775124,0.4886731391585761
0.25086586164934943,0.4886731391585761
0.2508814627601485,0.4886731391585761
0.2509750694249431,0.4886731391585761
0.2510062716465412,0.4886731391585761
0.25108427720053667,0.4886731391585761
0.25114668164373305,0.4886731391585761
0.25114668164373305,0.48885293060050344
0.2511622827545321,0.48885293060050344
0.2511934849761303,0.48885293060050344
0.25124028830852757,0.48885293060050344
0.25127149053012576,0.48885293060050344
0.25128709164092483,0.48885293060050344
0.251318293862523,0.48885293060050344
0.2513650971949203,0.48885293060050344
0.2513962994165185,0.48885293060050344
0.25144310274891574,0.48885293060050344
0.2514587038597148,0.48885293060050344
0.251489906081313,0.48885293060050344
0.25153670941371026,0.48885293060050344
0.25156791163530845,0.48885293060050344
0.2515991138569066,0.48885293060050344
0.25170832163250023,0.48885293060050344
0.2517551249648975,0.48885293060050344
0.2517863271864957,0.48885293060050344
0.2517863271864957,0.48903272204243076
0.251848731629692,0.48903272204243076
0.251848731629692,0.4892125134843581
0.25186433274049114,0.4892125134843581
0.2519111360728884,0.4892125134843581
0.25192673718368747,0.4893923049262855
0.2519423382944866,0.4893923049262855
0.2519735405160847,0.4893923049262855
0.25198914162688385,0.4893923049262855
0.2520515460700802,0.4893923049262855
0.2520671471808793,0.4893923049262855
0.25209834940247744,0.4893923049262855
0.25209834940247744,0.48957209636821286
0.2521451527348747,0.48957209636821286
0.2521607538456738,0.48957209636821286
0.2521763549564729,0.48975188781014023
0.2523167649536647,0.48975188781014023
0.25234796717526287,0.48975188781014023
0.2523947705076601,0.48975188781014023
0.25309682049361915,0.4910104279036318
0.2531436238260164,0.4910104279036318
0.2531436238260164,0.4911902193455592
0.2531748260476146,0.4911902193455592
0.25322162938001186,0.4913700107874865
0.2532372304908109,0.4913700107874865
0.2532684327124091,0.4913700107874865
0.2534244438204,0.4913700107874865
0.2534244438204,0.49154980222941386
0.2535024493743955,0.49154980222941386
0.2535648538175918,0.49154980222941386
0.25359605603919,0.49154980222941386
0.2536584604823863,0.49154980222941386
0.25367406159318545,0.4917295936713412
0.2536896627039845,0.4917295936713412
0.2537364660363818,0.4917295936713412
0.25381447159037723,0.4917295936713412
0.2538456738119754,0.4917295936713412
0.2538456738119754,0.4919093851132686
0.2538612749227745,0.4919093851132686
0.25390807825517175,0.4919093851132686
0.25393928047676995,0.4919093851132686
0.253954881587569,0.4919093851132686
0.253954881587569,0.49208917655519596
0.2540016849199663,0.4924487594390507
0.2540484882523636,0.4924487594390507
0.25406408936316266,0.49262855088097807
0.25409529158476085,0.49262855088097807
0.2541108926955599,0.49280834232290543
0.2541576960279572,0.49280834232290543
0.2541888982495554,0.49280834232290543
0.2542513026927517,0.49280834232290543
0.2542669038035508,0.49280834232290543
0.2542669038035508,0.4929881337648328
0.2542825049143499,0.4929881337648328
0.2542825049143499,0.49316792520676017
0.2543761115791444,0.49316792520676017
0.2544073138007426,0.49316792520676017
0.2544229149115417,0.49316792520676017
0.25448531935473806,0.49316792520676017
0.25448531935473806,0.4935275080906149
0.25464133046272897,0.4935275080906149
0.2546725326843271,0.4935275080906149
0.2547193360167244,0.4935275080906149
0.2547349371275235,0.4937072995325423
0.2548441449031171,0.4937072995325423
0.25487534712471527,0.4938870909744696
0.2548909482355144,0.4938870909744696
0.2548909482355144,0.49406688241639696
0.25490654934631346,0.49406688241639696
0.25493775156791165,0.49406688241639696
0.2549533526787107,0.49406688241639696
0.2549533526787107,0.4942466738583243
0.2549845549003089,0.4942466738583243
0.2550313582327062,0.4942466738583243
0.25504695934350524,0.4942466738583243
0.25504695934350524,0.4944264653002517
0.25507816156510343,0.4944264653002517
0.2551093637867016,0.4944264653002517
0.2551249648975007,0.4944264653002517
0.25517176822989796,0.4944264653002517
0.25523417267309434,0.4944264653002517
0.25529657711629067,0.4944264653002517
0.25532777933788886,0.4944264653002517
0.25535898155948705,0.4944264653002517
0.2554369871134825,0.49460625674217906
0.2555461948890761,0.49460625674217906
0.2555461948890761,0.49478604818410643
0.2555617959998752,0.49478604818410643
0.2555617959998752,0.4949658396260338
0.25578021155106245,0.4949658396260338
0.2558114137726606,0.4949658396260338
0.2558270148834597,0.4949658396260338
0.2558270148834597,0.49514563106796117
0.2558426159942588,0.49514563106796117
0.2558426159942588,0.49532542250988854
0.255873818215857,0.49532542250988854
0.25592062154825423,0.49532542250988854
0.2559674248806515,0.49532542250988854
0.2559830259914506,0.49532542250988854
0.2559986271022497,0.4955052139518159
0.25601422821304876,0.4955052139518159
0.25601422821304876,0.49568500539374327
0.256061031545446,0.49568500539374327
0.2560922337670442,0.49568500539374327
0.25618584043183873,0.49568500539374327
0.2562794470966333,0.49568500539374327
0.2562950482074324,0.49568500539374327
0.25631064931823144,0.49586479683567064
0.25632625042903057,0.49586479683567064
0.2563886548722269,0.49586479683567064
0.2564510593154233,0.4962243797195254
0.2564822615370214,0.4962243797195254
0.2565290648694187,0.4962243797195254
0.25656026709101687,0.4962243797195254
0.25659146931261506,0.4964041711614527
0.25660707042341413,0.4964041711614527
0.2566382726450123,0.4964041711614527
0.2567162781990078,0.4964041711614527
0.25676308153140504,0.4964041711614527
0.2568722893069987,0.4964041711614527
0.2569034915285968,0.4964041711614527
0.256934693750195,0.4964041711614527
0.2569970981933914,0.4964041711614527
0.25718431152298044,0.49658396260338006
0.25734032263097134,0.4967637540453074
0.25734032263097134,0.4969435454872348
0.25743392929576586,0.49766271125494427
0.25744953040656493,0.49784250269687164
0.2574807326281631,0.49784250269687164
0.2575119348497613,0.49784250269687164
0.25757433929295764,0.49784250269687164
0.2576211426253549,0.49784250269687164
0.2576211426253549,0.498022294138799
0.2576523448469531,0.498022294138799
0.2577459515117476,0.498022294138799
0.25799556928453304,0.49838187702265374
0.25801117039533217,0.49838187702265374
0.2581047770601267,0.49838187702265374
0.25815158039252395,0.49838187702265374
0.2581983837249212,0.49838187702265374
0.2582295859465194,0.49838187702265374
0.2582295859465194,0.4985616684645811
0.25824518705731847,0.4985616684645811
0.2583699959437112,0.4985616684645811
0.25841679927610844,0.4985616684645811
0.25844800149770664,0.4985616684645811
0.25847920371930483,0.4985616684645811
0.25854160816250116,0.4985616684645811
0.2585572092733003,0.4985616684645811
0.25860401260569754,0.4985616684645811
0.25860401260569754,0.4987414599065085
0.25866641704889387,0.4987414599065085
0.258682018159693,0.4987414599065085
0.25871322038129113,0.4987414599065085
0.2587912259352866,0.4987414599065085
0.2587912259352866,0.4989212513484358
0.2588224281568848,0.4989212513484358
0.25886923148928204,0.4989212513484358
0.2588848326000811,0.4989212513484358
0.25899404037567475,0.4989212513484358
0.2590564448188711,0.49910104279036316
0.2590720459296702,0.49910104279036316
0.2591032481512684,0.49910104279036316
0.25915005148366566,0.49910104279036316
0.2591812537052638,0.49910104279036316
0.2591968548160629,0.49910104279036316
0.2592280570376611,0.49910104279036316
0.25929046148085744,0.49910104279036316
0.25929046148085744,0.4992808342322905
0.2593060625916565,0.4992808342322905
0.25932166370245563,0.4994606256742179
0.25935286592405377,0.4994606256742179
0.25944647258884834,0.4994606256742179
0.25944647258884834,0.49964041711614526
0.25950887703204467,0.49964041711614526
0.2597272925832319,0.5007191657677095
0.2597584948048301,0.5007191657677095
0.2597896970264283,0.5007191657677095
0.2598521014696246,0.5007191657677095
0.2598989048020219,0.5007191657677095
0.25993010702362007,0.5007191657677095
0.25993010702362007,0.5008989572096368
0.25999251146681646,0.5008989572096368
0.2600549159100128,0.5008989572096368
0.26010171924241005,0.5008989572096368
0.26010171924241005,0.5010787486515642
0.2601797247964055,0.5010787486515642
0.26022652812880276,0.5010787486515642
0.2602421292396019,0.5012585400934916
0.2602421292396019,0.501438331535419
0.26025773035040095,0.501438331535419
0.26028893257199914,0.501438331535419
0.2603357359043964,0.501438331535419
0.26035133701519547,0.501438331535419
0.26041374145839186,0.501438331535419
0.26041374145839186,0.5016181229773463
0.2604293425691909,0.5016181229773463
0.2604605447907891,0.5016181229773463
0.2605697525663827,0.5016181229773463
0.2606009547879809,0.5016181229773463
0.2606321570095791,0.5016181229773463
0.26064775812037816,0.5017979144192737
0.2606633592311773,0.5017979144192737
0.2606945614527754,0.5017979144192737
0.2607725670067709,0.5017979144192737
0.26080376922836906,0.5017979144192737
0.2608505725607663,0.5017979144192737
0.26094417922556085,0.5017979144192737
0.26100658366875723,0.5017979144192737
0.2611937969983463,0.5017979144192737
0.2612093981091454,0.5017979144192737
0.26125620144154266,0.501977705861201
0.2612718025523417,0.501977705861201
0.2613030047739399,0.501977705861201
0.26136540921713625,0.501977705861201
0.26142781366033263,0.501977705861201
0.26145901588193077,0.501977705861201
0.2614746169927299,0.5023372887450558
0.26152142032512715,0.5023372887450558
0.26155262254672534,0.5023372887450558
0.2617242347655153,0.5023372887450558
0.2617554369871135,0.5023372887450558
0.2618334425411089,0.5026968716289104
0.26194265031670255,0.5026968716289104
0.2620050547598989,0.5026968716289104
0.2620050547598989,0.5028766630708378
0.26222347031108617,0.5030564545127651
0.2623170769758807,0.5030564545127651
0.2623482791974789,0.5030564545127651
0.2624418858622734,0.5030564545127651
0.2626134980810634,0.5037756202804746
0.26262909919186245,0.5037756202804746
0.2626759025242597,0.5037756202804746
0.26269150363505883,0.5037756202804746
0.26269150363505883,0.5043149946062567
0.26272270585665697,0.5043149946062567
0.2628007114106524,0.5043149946062567
0.2628475147430497,0.5043149946062567
0.2628787169646479,0.5043149946062567
0.262894318075447,0.5044947860481841
0.26290991918624607,0.5044947860481841
0.2629723236294424,0.5044947860481841
0.2630035258510406,0.5044947860481841
0.26308153140503604,0.5044947860481841
0.2631283347374333,0.5044947860481841
0.2631595369590315,0.5044947860481841
0.26317513806983056,0.5044947860481841
0.26333114917782147,0.5048543689320388
0.26336235139941966,0.5048543689320388
0.26336235139941966,0.5050341603739662
0.2633779525102187,0.5050341603739662
0.2633779525102187,0.5053937432578209
0.26344035695341506,0.5053937432578209
0.26344035695341506,0.5055735346997483
0.26347155917501325,0.5055735346997483
0.2635183625074105,0.5055735346997483
0.26353396361820963,0.5055735346997483
0.26356516583980777,0.5055735346997483
0.2636119691722051,0.5055735346997483
0.2636431713938032,0.5055735346997483
0.26365877250460235,0.5055735346997483
0.26365877250460235,0.5057533261416757
0.2637055758369996,0.5057533261416757
0.2637367780585978,0.5057533261416757
0.2637367780585978,0.505933117583603
0.26376798028019594,0.5061129090255304
0.26378358139099506,0.5061129090255304
0.2638303847233923,0.5061129090255304
0.26386158694499046,0.5061129090255304
0.26389278916658865,0.5062927004674578
0.26390839027738777,0.5062927004674578
0.26395519360978503,0.5062927004674578
0.2639707947205841,0.5064724919093851
0.2640019969421823,0.5064724919093851
0.26401759805298136,0.5064724919093851
0.2641112047177759,0.5064724919093851
0.2641424069393741,0.5064724919093851
0.26420481138257046,0.5064724919093851
0.2642204124933695,0.5064724919093851
0.2642516147149677,0.5066522833513125
0.2643920247121595,0.5066522833513125
0.2644232269337577,0.5066522833513125
0.2644544291553559,0.5068320747932399
0.26450123248775315,0.5068320747932399
0.2649536647009267,0.5068320747932399
0.2650784735873194,0.5068320747932399
0.2650940746981185,0.5068320747932399
0.26512527691971666,0.5068320747932399
0.26521888358451123,0.5068320747932399
0.2652344846953103,0.5070118662351673
0.2653280913601048,0.5070118662351673
0.265359293581703,0.5070118662351673
0.2653904958033012,0.5070118662351673
0.2654216980248994,0.5070118662351673
0.26543729913569847,0.5071916576770946
0.26546850135729666,0.5071916576770946
0.26548410246809573,0.5071916576770946
0.2655153046896939,0.5071916576770946
0.26560891135448844,0.5071916576770946
0.26560891135448844,0.507371449119022
0.26564011357608663,0.507371449119022
0.26573372024088115,0.5075512405609492
0.2657493213516802,0.5075512405609492
0.2657493213516802,0.5077310320028766
0.2657805235732784,0.5077310320028766
0.26587413023807294,0.5077310320028766
0.26587413023807294,0.507910823444804
0.26590533245967113,0.507910823444804
0.2659209335704702,0.507910823444804
0.2659209335704702,0.5082704063286587
0.26596773690286746,0.5082704063286587
0.2659833380136666,0.5082704063286587
0.2660145402352648,0.5082704063286587
0.26606134356766203,0.5082704063286587
0.26609254578926017,0.5082704063286587
0.26618615245405475,0.5082704063286587
0.2662173546756529,0.5082704063286587
0.2663421635620456,0.5086299892125135
0.266404568005242,0.5086299892125135
0.2664357702268402,0.5086299892125135
0.2664669724484383,0.5086299892125135
0.26648257355923743,0.5086299892125135
0.2664981746700365,0.5088097806544408
0.266591781334831,0.5088097806544408
0.2666697868888265,0.5089895720963682
0.2666853879996256,0.5089895720963682
0.2668257979968174,0.5091693635382956
0.2669818091048083,0.5091693635382956
0.26702861243720555,0.5091693635382956
0.26702861243720555,0.5093491549802229
0.2670598146588037,0.5093491549802229
0.2670598146588037,0.5095289464221503
0.2670910168804019,0.5095289464221503
0.26712221910200007,0.5095289464221503
0.26713782021279914,0.5095289464221503
0.26713782021279914,0.5097087378640777
0.26715342132359826,0.5097087378640777
0.26715342132359826,0.509888529306005
0.2672158257667946,0.509888529306005
0.26735623576398637,0.509888529306005
0.2673718368747855,0.509888529306005
0.2674810446503791,0.509888529306005
0.2675122468719773,0.509888529306005
0.26754344909357547,0.509888529306005
0.26755905020437454,0.509888529306005
0.2676214546475709,0.509888529306005
0.2676214546475709,0.5100683207479324
0.26763705575837,0.5100683207479324
0.2677618646447627,0.5100683207479324
0.2677930668663609,0.5100683207479324
0.2679490779743518,0.5100683207479324
0.26798028019594994,0.5100683207479324
0.2680270835283472,0.5100683207479324
0.2680426846391463,0.5100683207479324
0.26810508908234265,0.5100683207479324
0.26813629130394084,0.5100683207479324
0.2681830946363381,0.5100683207479324
0.2682142968579363,0.5100683207479324
0.26829230241193175,0.5100683207479324
0.26829230241193175,0.5102481121898598
0.2683703079659272,0.5102481121898598
0.26841711129832446,0.5102481121898598
0.268510717963119,0.5102481121898598
0.2685419201847172,0.5102481121898598
0.2685731224063153,0.5102481121898598
0.26868233018190896,0.5104279036317871
0.26871353240350715,0.5104279036317871
0.26871353240350715,0.5106076950737145
0.26880713906830167,0.5106076950737145
0.26885394240069893,0.5107874865156419
0.2688851446222971,0.5107874865156419
0.26900995350868984,0.5107874865156419
0.269041155730288,0.5107874865156419
0.26907235795188617,0.5107874865156419
0.26910356017348436,0.5109672779575692
0.26910356017348436,0.5111470693994966
0.26913476239508255,0.5111470693994966
0.2691815657274798,0.5111470693994966
0.26921276794907795,0.5111470693994966
0.26921276794907795,0.511326860841424
0.26922836905987707,0.511326860841424
0.26925957128147526,0.511326860841424
0.2692907735030734,0.511326860841424
0.26933757683547066,0.511326860841424
0.26939998127866704,0.511326860841424
0.2694623857218634,0.511326860841424
0.26949358794346157,0.5115066522833513
0.26952479016505976,0.5115066522833513
0.2695871946082561,0.5115066522833513
0.2696027957190552,0.5115066522833513
0.26963399794065335,0.5115066522833513
0.26963399794065335,0.5118662351672061
0.26964959905145247,0.5118662351672061
0.2700240257106306,0.5118662351672061
0.27008643015382694,0.5118662351672061
0.27011763237542513,0.5118662351672061
0.27024244126181785,0.5118662351672061
0.27027364348341604,0.5118662351672061
0.2703048457050142,0.5120460266091335
0.27039845236980875,0.5120460266091335
0.27050766014540234,0.5120460266091335
0.27053886236700053,0.5120460266091335
0.27053886236700053,0.5122258180510608
0.2705700645885987,0.5122258180510608
0.2705856656993978,0.5124056094929881
0.27060126681019686,0.5124056094929881
0.27060126681019686,0.5125854009349154
0.27063246903179505,0.5125854009349154
0.2706792723641923,0.5125854009349154
0.2707104745857905,0.5125854009349154
0.2707260756965896,0.5127651923768428
0.27078848013978596,0.5127651923768428
0.2708664856937814,0.5127651923768428
0.27089768791537955,0.5127651923768428
0.27094449124777686,0.5127651923768428
0.2710380979125714,0.5127651923768428
0.27105369902337045,0.5127651923768428
0.27105369902337045,0.5129449838187702
0.27108490124496865,0.5129449838187702
0.27108490124496865,0.5131247752606976
0.2711317045773659,0.5131247752606976
0.271147305688165,0.5131247752606976
0.27120971013136136,0.5131247752606976
0.27131891790695495,0.5131247752606976
0.27133451901775407,0.5133045667026249
0.2714125245717495,0.5133045667026249
0.27144372679334766,0.5133045667026249
0.27147492901494585,0.5133045667026249
0.27163094012293676,0.5133045667026249
0.27166214234453495,0.5133045667026249
0.2717089456769322,0.5133045667026249
0.27174014789853035,0.5133045667026249
0.27174014789853035,0.5134843581445523
0.27177135012012854,0.5134843581445523
0.2718337545633249,0.5134843581445523
0.271849355674124,0.5134843581445523
0.2719117601173204,0.5134843581445523
0.27195856344971764,0.5134843581445523
0.27195856344971764,0.5136641495864797
0.2719741645605167,0.5136641495864797
0.27208337233611035,0.5136641495864797
0.2720989734469094,0.5136641495864797
0.27216137789010575,0.5136641495864797
0.27220818122250307,0.5136641495864797
0.2722393834441012,0.5136641495864797
0.2723329901088958,0.5136641495864797
0.27237979344129304,0.5136641495864797
0.2724109956628912,0.5136641495864797
0.27247340010608756,0.5136641495864797
0.272551405660083,0.5136641495864797
0.272551405660083,0.513843941028407
0.27258260788168115,0.513843941028407
0.2725982089924803,0.513843941028407
0.27264501232487753,0.513843941028407
0.2726918156572748,0.513843941028407
0.272723017878873,0.513843941028407
0.27273861898967205,0.513843941028407
0.2727854223220693,0.513843941028407
0.2727854223220693,0.5140237324703344
0.2728166245436675,0.5140237324703344
0.2728166245436675,0.5142035239122618
0.2728322256544666,0.5142035239122618
0.27291023120846203,0.5142035239122618
0.2729726356516584,0.5143833153541891
0.27303504009485474,0.5143833153541891
0.27303504009485474,0.5145631067961165
0.2730974445380511,0.5145631067961165
0.27312864675964926,0.5145631067961165
0.27319105120284565,0.5145631067961165
0.27333146120003743,0.5145631067961165
0.2733782645324347,0.5145631067961165
0.2734094667540329,0.5145631067961165
0.2734406689756311,0.5145631067961165
0.27347187119722927,0.5145631067961165
0.2735342756404256,0.5145631067961165
0.27354987675122466,0.5145631067961165
0.2735654778620238,0.5147428982380439
0.2736902867484165,0.5147428982380439
0.27376829230241195,0.5147428982380439
0.27376829230241195,0.5149226896799712
0.2737994945240101,0.5149226896799712
0.2737994945240101,0.5151024811218986
0.27384629785640735,0.5151024811218986
0.27390870229960373,0.5151024811218986
0.273955505632001,0.5151024811218986
0.2740959156291928,0.5151024811218986
0.27412711785079097,0.5151024811218986
0.27415832007238916,0.5151024811218986
0.27415832007238916,0.5154620640057533
0.27418952229398735,0.5154620640057533
0.2742207245155855,0.5154620640057533
0.2742363256263846,0.5154620640057533
0.27426752784798275,0.5154620640057533
0.2742831289587819,0.5154620640057533
0.2743767356235764,0.5156418554476807
0.27442353895597366,0.5156418554476807
0.27454834784236637,0.5156418554476807
0.27481356672595086,0.5161812297734628
0.27484476894754906,0.5161812297734628
0.27490717339074544,0.5161812297734628
0.27496957783394177,0.5161812297734628
0.27500078005553996,0.5161812297734628
0.27503198227713815,0.5161812297734628
0.2750631844987363,0.5161812297734628
0.27514119005273174,0.5161812297734628
0.275187993385129,0.5161812297734628
0.2752503978283254,0.5161812297734628
0.27526599893912446,0.5161812297734628
0.27529720116072265,0.5161812297734628
0.2753128022715217,0.5161812297734628
0.2753440044931199,0.5161812297734628
0.275359605603919,0.5161812297734628
0.27540640893631624,0.5161812297734628
0.27543761115791443,0.5161812297734628
0.2754688133795126,0.5161812297734628
0.2754688133795126,0.5163610212153902
0.2755000156011108,0.5163610212153902
0.2755468189335081,0.5163610212153902
0.27557802115510627,0.5163610212153902
0.27557802115510627,0.5165408126573175
0.27565602670910166,0.5165408126573175
0.27571843115229805,0.5165408126573175
0.2757808355954944,0.5165408126573175
0.27585884114948983,0.5165408126573175
0.275890043371088,0.5165408126573175
0.2759056444818871,0.5165408126573175
0.27598365003588254,0.5165408126573175
0.27599925114668167,0.5165408126573175
0.276061655589878,0.5165408126573175
0.27607725670067707,0.5165408126573175
0.27610845892227526,0.5165408126573175
0.27617086336547164,0.5165408126573175
0.2762020655870698,0.5165408126573175
0.2762176666978689,0.5165408126573175
0.27624886891946704,0.5165408126573175
0.27628007114106523,0.5165408126573175
0.2763424755842616,0.5165408126573175
0.27640488002745794,0.5165408126573175
0.27646728447065433,0.5165408126573175
0.2765452900246498,0.5165408126573175
0.27665449780024337,0.5167206040992449
0.27665449780024337,0.5169003955411723
0.27668570002184156,0.5169003955411723
0.2767793066866361,0.5169003955411723
0.2769665200162252,0.5169003955411723
0.27698212112702425,0.5170801869830997
0.27701332334862244,0.5170801869830997
0.2770601266810197,0.5170801869830997
0.27707572779181877,0.5170801869830997
0.27710693001341696,0.5170801869830997
0.2771693344566133,0.5170801869830997
0.27726294112140787,0.5174397698669543
0.277294143343006,0.5174397698669543
0.2773565477862024,0.5174397698669543
0.2774189522293987,0.5174397698669543
0.27743455334019784,0.5174397698669543
0.27749695778339417,0.5174397698669543
0.27755936222659056,0.5174397698669543
0.27755936222659056,0.5176195613088816
0.2775905644481887,0.5176195613088816
0.2776529688913851,0.5176195613088816
0.27768417111298327,0.5176195613088816
0.2777153733345814,0.5176195613088816
0.27779337888857686,0.5176195613088816
0.27779337888857686,0.517799352750809
0.27785578333177324,0.5179791441927364
0.27791818777496957,0.5179791441927364
0.27793378888576864,0.5181589356346638
0.27793378888576864,0.5183387270765911
0.27794938999656776,0.5183387270765911
0.27794938999656776,0.5185185185185185
0.27798059221816596,0.5185185185185185
0.2780741988829605,0.5185185185185185
0.27808979999375955,0.5185185185185185
0.2782302099909514,0.5185185185185185
0.2783082155449468,0.5185185185185185
0.27837061998814316,0.5185185185185185
0.27840182220974136,0.5185185185185185
0.2784174233205404,0.5186983099604459
0.2784642266529377,0.5186983099604459
0.2786514399825268,0.5186983099604459
0.27869824331492404,0.5186983099604459
0.2787450466473213,0.5186983099604459
0.2787450466473213,0.5188781014023732
0.27880745109051763,0.5188781014023732
0.2788854566445131,0.5188781014023732
0.27893225997691035,0.5188781014023732
0.27894786108770947,0.5190578928443006
0.27896346219850854,0.5190578928443006
0.279041467752504,0.5190578928443006
0.2790726699741022,0.5190578928443006
0.27908827108490125,0.519237684286228
0.2791038721957003,0.519237684286228
0.2791662766388967,0.519237684286228
0.2791818777496958,0.519237684286228
0.2791818777496958,0.5194174757281553
0.2792598833036912,0.5194174757281553
0.2792754844144903,0.5194174757281553
0.2793066866360885,0.5194174757281553
0.2793378888576867,0.5194174757281553
0.2794314955224812,0.5194174757281553
0.2795563044088739,0.5194174757281553
0.2795875066304721,0.5194174757281553
0.27966551218446756,0.5194174757281553
0.2796811132952666,0.5195972671700827
0.2797123155168648,0.5195972671700827
0.2797123155168648,0.5197770586120101
0.2797591188492621,0.5197770586120101
0.27979032107086027,0.5197770586120101
0.2798839277356548,0.5197770586120101
0.27993073106805205,0.5197770586120101
0.27996193328965024,0.5197770586120101
0.2799931355112484,0.5197770586120101
0.2800087366220475,0.5197770586120101
0.28007114106524383,0.5197770586120101
0.28008674217604296,0.5197770586120101
0.2801179443976411,0.5199568500539374
0.2801803488408375,0.5199568500539374
0.28021155106243567,0.5199568500539374
0.2802427532840338,0.5199568500539374
0.2803051577272302,0.5199568500539374
0.2803051577272302,0.5201366414958648
0.28032075883802926,0.5201366414958648
0.2804143655028238,0.5203164329377922
0.28050797216761836,0.5203164329377922
0.2805703766108147,0.5203164329377922
0.2806015788324129,0.5203164329377922
0.28061717994321195,0.5203164329377922
0.28071078660800647,0.5203164329377922
0.28080439327280105,0.5203164329377922
0.28080439327280105,0.5204962243797195
0.28089799993759557,0.5204962243797195
0.2810228088239883,0.5206760158216469
0.28106961215638554,0.5206760158216469
0.2811164154887828,0.5206760158216469
0.28113201659958187,0.5206760158216469
0.28119442104277825,0.5206760158216469
0.2812724265967737,0.5206760158216469
0.28131922992917097,0.5208558072635743
0.28135043215076916,0.5208558072635743
0.2813972354831664,0.5208558072635743
0.28142843770476456,0.5208558072635743
0.28142843770476456,0.5210355987055016
0.28149084214796094,0.5210355987055016
0.28149084214796094,0.521215390147429
0.2815688477019564,0.521215390147429
0.2815688477019564,0.5213951815893564
0.28161565103435365,0.5213951815893564
0.28164685325595185,0.5213951815893564
0.28172485880994724,0.5213951815893564
0.28175606103154544,0.5215749730312838
0.28184966769633996,0.5215749730312838
0.28184966769633996,0.5219345559151385
0.28188086991793815,0.5219345559151385
0.28189647102873727,0.5221143473570659
0.28191207213953634,0.5221143473570659
0.28194327436113453,0.5221143473570659
0.28197447658273267,0.5221143473570659
0.28200567880433086,0.5221143473570659
0.28203688102592905,0.5221143473570659
0.28206808324752725,0.5221143473570659
0.2821148865799245,0.5221143473570659
0.2821304876907236,0.5222941387989931
0.28214608880152264,0.5222941387989931
0.28214608880152264,0.5224739302409205
0.28230209990951355,0.5226537216828478
0.28233330213111174,0.5226537216828478
0.28244250990670533,0.5226537216828478
0.2825361165714999,0.5226537216828478
0.28256731879309804,0.5226537216828478
0.28256731879309804,0.5228335131247752
0.28259852101469624,0.5228335131247752
0.28261412212549536,0.5228335131247752
0.2826609254578926,0.5228335131247752
0.28281693656588347,0.5228335131247752
0.28286373989828073,0.5228335131247752
0.28287934100907985,0.5228335131247752
0.28287934100907985,0.5230133045667026
0.2829573465630753,0.5230133045667026
0.28300414989547257,0.5230133045667026
0.2830665543386689,0.5230133045667026
0.2830665543386689,0.52319309600863
0.2830977565602671,0.52319309600863
0.2831289587818653,0.52319309600863
0.28317576211426254,0.5233728874505573
0.2831913632250616,0.5233728874505573
0.2831913632250616,0.5235526788924847
0.28320696433586073,0.5235526788924847
0.28330057100065525,0.5235526788924847
0.28333177322225345,0.5235526788924847
0.2833629754438516,0.5237324703344121
0.28340977877624884,0.5237324703344121
0.28342537988704797,0.5237324703344121
0.28345658210864616,0.5237324703344121
0.2835033854410434,0.5237324703344121
0.28353458766264156,0.5237324703344121
0.2835813909950389,0.5237324703344121
0.28362819432743613,0.5237324703344121
0.28365939654903427,0.5239122617763394
0.2836749976598334,0.5240920532182668
0.28372180099223065,0.5240920532182668
0.2839402165434179,0.5240920532182668
0.2839714187650161,0.5240920532182668
0.2839714187650161,0.5244516361021215
0.28401822209741334,0.5244516361021215
0.2840650254298106,0.5244516361021215
0.2840962276514088,0.5244516361021215
0.2841586320946051,0.5244516361021215
0.28426783987019877,0.5244516361021215
0.28431464320259603,0.5244516361021215
0.2843614465349933,0.5244516361021215
0.28453305875378326,0.5244516361021215
0.28453305875378326,0.5246314275440489
0.28454865986458233,0.5246314275440489
0.2846110643077787,0.5246314275440489
0.2846266654185778,0.5246314275440489
0.28468906986177417,0.5248112189859763
0.28470467097257324,0.5248112189859763
0.2847670754157696,0.5248112189859763
0.28479827763736776,0.5248112189859763
0.2848762831913632,0.5248112189859763
0.2848762831913632,0.5249910104279036
0.2849386876345596,0.5249910104279036
0.2849386876345596,0.525170801869831
0.28496988985615773,0.525170801869831
0.2850322942993541,0.525170801869831
0.28509469874255045,0.525170801869831
0.28512590096414864,0.525170801869831
0.28515710318574683,0.525170801869831
0.285188305407345,0.525170801869831
0.2852351087397423,0.525170801869831
0.2852663109613405,0.525170801869831
0.2853287154045368,0.525170801869831
0.285359917626135,0.525170801869831
0.2854223220693313,0.525170801869831
0.2854223220693313,0.5253505933117584
0.28543792318013045,0.5253505933117584
0.2855003276233268,0.5253505933117584
0.28556273206652316,0.5253505933117584
0.2856095353989204,0.5255303847536857
0.2856251365097195,0.5255303847536857
0.28570314206371494,0.5255303847536857
0.28579674872850946,0.5257101761956131
0.28582795095010766,0.5257101761956131
0.2858747542825049,0.5257101761956131
0.285890355393304,0.5257101761956131
0.28593715872570125,0.5257101761956131
0.28599956316889763,0.5257101761956131
0.2860307653904958,0.5257101761956131
0.2860463665012949,0.5257101761956131
0.2860463665012949,0.5258899676375405
0.2860775687228931,0.5258899676375405
0.2861087709444913,0.5260697590794678
0.2861399731660894,0.5260697590794678
0.2861711753876876,0.5260697590794678
0.2861711753876876,0.5262495505213952
0.2862023776092858,0.5262495505213952
0.2862959842740803,0.5262495505213952
0.2862959842740803,0.5264293419633226
0.2863115853848794,0.5264293419633226
0.28637398982807577,0.5264293419633226
0.28648319760366936,0.5264293419633226
0.2865612031576648,0.5264293419633226
0.28663920871166026,0.5264293419633226
0.28667041093325846,0.5264293419633226
0.28670161315485665,0.5264293419633226
0.2867484164872539,0.5267889248471773
0.28677961870885205,0.5267889248471773
0.28677961870885205,0.5269687162891047
0.28684202315204843,0.5269687162891047
0.2869200287060439,0.5269687162891047
0.2869512309276421,0.5269687162891047
0.28707603981403473,0.5269687162891047
0.28707603981403473,0.5273282991729593
0.28712284314643205,0.5273282991729593
0.2871540453680302,0.5273282991729593
0.2871540453680302,0.5275080906148867
0.28726325314362383,0.5275080906148867
0.2872788542544229,0.527687882056814
0.28732565758682016,0.527687882056814
0.28735685980841835,0.527687882056814
0.2873724609192174,0.527687882056814
0.28738806203001654,0.5280474649406688
0.28741926425161474,0.5280474649406688
0.287466067584012,0.5280474649406688
0.287466067584012,0.5284070478245235
0.28749726980561013,0.5284070478245235
0.2875596742488065,0.5284070478245235
0.28765328091360104,0.5284070478245235
0.2877000842459983,0.5284070478245235
0.2877312864675965,0.5284070478245235
0.2877312864675965,0.5285868392664509
0.28784049424319014,0.5285868392664509
0.2878872975755874,0.5285868392664509
0.28790289868638647,0.5285868392664509
0.28790289868638647,0.5287666307083783
0.28807451090517644,0.5287666307083783
0.28810571312677463,0.5287666307083783
0.2881213142375737,0.5287666307083783
0.2881525164591719,0.5287666307083783
0.2882149209023682,0.5287666307083783
0.2882773253455646,0.5289464221503056
0.2884333364535555,0.529126213592233
0.2884333364535555,0.5293060050341604
0.28848013978595277,0.5293060050341604
0.28849574089675184,0.5293060050341604
0.2885581453399482,0.5293060050341604
0.28858934756154636,0.5293060050341604
0.28858934756154636,0.5294857964760877
0.28865175200474275,0.5294857964760877
0.28868295422634094,0.5294857964760877
0.2887921620019345,0.5294857964760877
0.2888233642235327,0.5294857964760877
0.2888545664451309,0.5296655879180151
0.28888576866672905,0.5296655879180151
0.28891697088832724,0.5296655879180151
0.28891697088832724,0.5298453793599425
0.28893257199912636,0.5298453793599425
0.2889637742207245,0.5298453793599425
0.2889793753315236,0.5298453793599425
0.2890261786639209,0.5300251708018698
0.28904177977471995,0.5300251708018698
0.2890885831071172,0.5300251708018698
0.2891197853287154,0.5300251708018698
0.2891197853287154,0.5302049622437972
0.2891509875503136,0.5302049622437972
0.28918218977191174,0.5302049622437972
0.28919779088271086,0.5302049622437972
0.28922899310430905,0.5302049622437972
0.2892757964367063,0.5302049622437972
0.28930699865830445,0.5302049622437972
0.28933820087990264,0.5302049622437972
0.28936940310150083,0.5303847536857246
0.289400605323099,0.5303847536857246
0.28949421198789355,0.5303847536857246
0.2895098130986926,0.5303847536857246
0.28952541420949174,0.5305645451276519
0.2895410153202908,0.5305645451276519
0.289572217541889,0.5305645451276519
0.28960341976348714,0.5305645451276519
0.28960341976348714,0.5307443365695793
0.28961902087428626,0.5309241280115067
0.28965022309588445,0.5309241280115067
0.28965022309588445,0.531103919453434
0.2896658242066835,0.531103919453434
0.2897126275390808,0.531103919453434
0.2898062342038753,0.531103919453434
0.2898374364254735,0.531103919453434
0.2898998408686698,0.531103919453434
0.28991544197946895,0.531103919453434
0.2899622453118662,0.531103919453434
0.2899934475334644,0.531103919453434
0.29005585197666073,0.531103919453434
0.29007145308745985,0.531103919453434
0.290102655309058,0.531103919453434
0.2902586664170489,0.531103919453434
0.29027426752784796,0.5312837108953614
0.2904146775250398,0.5312837108953614
0.29044587974663794,0.5312837108953614
0.29046148085743706,0.5312837108953614
0.29049268307903525,0.5312837108953614
0.2905862897438298,0.5312837108953614
0.2906486941870261,0.5312837108953614
0.2906642952978252,0.5312837108953614
0.2907110986302225,0.5312837108953614
0.2907735030734188,0.5312837108953614
0.2907735030734188,0.5314635023372888
0.29086710973821334,0.5314635023372888
0.29086710973821334,0.5316432937792162
0.2909295141814097,0.5316432937792162
0.2909451152922088,0.5316432937792162
0.2909451152922088,0.5318230852211435
0.290976317513807,0.5318230852211435
0.29099191862460605,0.5318230852211435
0.29102312084620424,0.5321826681049981
0.2910699241786015,0.5323624595469255
0.2910699241786015,0.5325422509888529
0.29111672751099876,0.5325422509888529
0.29111672751099876,0.5327220424307803
0.2911323286217979,0.5327220424307803
0.29117913195419515,0.5327220424307803
0.2912259352865924,0.5327220424307803
0.29133514306218605,0.5327220424307803
0.2913663452837842,0.5327220424307803
0.29141314861618145,0.533081625314635
0.2914287497269806,0.533081625314635
0.29145995194857877,0.533081625314635
0.2914911541701769,0.533081625314635
0.291506755280976,0.5332614167565624
0.29156915972417236,0.5332614167565624
0.29160036194577055,0.5332614167565624
0.2916159630565696,0.5334412081984897
0.291678367499766,0.5334412081984897
0.29174077194296233,0.5334412081984897
0.2918031763861587,0.5334412081984897
0.29186558082935504,0.5334412081984897
0.29189678305095323,0.5334412081984897
0.2919279852725514,0.5334412081984897
0.2919279852725514,0.5338007910823445
0.2919747886049487,0.5338007910823445
0.29199038971574776,0.5339805825242718
0.29205279415894414,0.5339805825242718
0.2920683952697432,0.5341603739661992
0.2920839963805423,0.5341603739661992
0.29211519860214047,0.5341603739661992
0.29214640082373866,0.5341603739661992
0.29214640082373866,0.5343401654081266
0.29216200193453773,0.5343401654081266
0.2921932041561359,0.5345199568500539
0.2922244063777341,0.5345199568500539
0.2922400074885332,0.5345199568500539
0.2922712097101314,0.5345199568500539
0.29228681082093044,0.5345199568500539
0.29230241193172957,0.5346997482919813
0.29230241193172957,0.535059331175836
0.2923336141533277,0.535059331175836
0.2923336141533277,0.5352391226177634
0.2923648163749259,0.5352391226177634
0.2925052263721177,0.5352391226177634
0.29255202970451494,0.5352391226177634
0.29258323192611313,0.5352391226177634
0.29259883303691225,0.5354189140596908
0.2926612374801086,0.5354189140596908
0.29270804081250584,0.5354189140596908
0.29273924303410404,0.5354189140596908
0.2927548441449031,0.5354189140596908
0.2927860463665013,0.5354189140596908
0.292910855252894,0.5354189140596908
0.29297325969609034,0.5355987055016181
0.2930356641392867,0.5355987055016181
0.29309806858248305,0.5355987055016181
0.29312927080408124,0.5359582883854729
0.29316047302567944,0.5359582883854729
0.2931916752472776,0.5359582883854729
0.2932384785796749,0.5359582883854729
0.293269680801273,0.5359582883854729
0.29328528191207215,0.5359582883854729
0.2933320852444694,0.5359582883854729
0.2933632874660676,0.5359582883854729
0.29339448968766574,0.5359582883854729
0.2934568941308621,0.5361380798274002
0.2934724952416612,0.5361380798274002
0.2934724952416612,0.5363178712693276
0.2934880963524603,0.536497662711255
0.2934880963524603,0.5366774541531824
0.2935348996848576,0.5366774541531824
0.2935661019064557,0.5368572455951097
0.2935973041280539,0.5368572455951097
0.2935973041280539,0.5370370370370371
0.2936909107928484,0.5370370370370371
0.29370651190364755,0.5372168284789643
0.2937533152360448,0.5372168284789643
0.2937533152360448,0.5375764113628191
0.293784517457643,0.5375764113628191
0.29380011856844207,0.5375764113628191
0.29384692190083933,0.5375764113628191
0.2938937252332366,0.5375764113628191
0.2938937252332366,0.5377562028047465
0.293956129676433,0.5377562028047465
0.293956129676433,0.5379359942466738
0.29397173078723204,0.5379359942466738
0.2940809385628257,0.5379359942466738
0.2942057474492184,0.5379359942466738
0.2942057474492184,0.5381157856886012
0.29423694967081654,0.5381157856886012
0.29425255078161566,0.5381157856886012
0.29425255078161566,0.5382955771305286
0.29426815189241473,0.5382955771305286
0.29426815189241473,0.5386551600143833
0.29439296077880744,0.5386551600143833
0.29439296077880744,0.5388349514563107
0.29442416300040564,0.5388349514563107
0.29445536522200383,0.5388349514563107
0.2944709663328029,0.5388349514563107
0.2945021685544011,0.5388349514563107
0.29451776966520016,0.5388349514563107
0.2946113763299947,0.5388349514563107
0.29470498299478926,0.5388349514563107
0.29470498299478926,0.539014742898238
0.2947205841055883,0.5391945343401654
0.29481419077038284,0.5391945343401654
0.29487659521357923,0.5391945343401654
0.2948921963243783,0.5391945343401654
0.2949233985459765,0.5393743257820928
0.29497020187837375,0.5393743257820928
0.29497020187837375,0.5397339086659475
0.295017005210771,0.5397339086659475
0.29506380854316827,0.5397339086659475
0.29512621298636466,0.5399137001078749
0.2951574152079628,0.5399137001078749
0.2951730163187619,0.5400934915498022
0.29526662298355644,0.5400934915498022
0.29532902742675277,0.5400934915498022
0.29537583075915,0.5400934915498022
0.2954538363131455,0.5400934915498022
0.29548503853474367,0.5400934915498022
0.29548503853474367,0.5402732829917296
0.2955630440887391,0.5402732829917296
0.2955786451995382,0.540453074433657
0.2956098474211364,0.540453074433657
0.2956098474211364,0.5406328658755843
0.2957658585291273,0.5406328658755843
0.2958594651939218,0.5406328658755843
0.29589066741552,0.5406328658755843
0.29595307185871633,0.5406328658755843
0.2959842740803145,0.5406328658755843
0.29606227963431,0.5408126573175117
0.29607788074510905,0.5408126573175117
0.29607788074510905,0.5409924487594391
0.29610908296670724,0.5409924487594391
0.29617148740990357,0.5409924487594391
0.29623389185309995,0.5409924487594391
0.29626509407469814,0.5409924487594391
0.29632749851789447,0.5409924487594391
0.29637430185029173,0.5409924487594391
0.29637430185029173,0.5411722402013665
0.29656151517988083,0.5411722402013665
0.29659271740147897,0.5411722402013665
0.2966707229554744,0.5411722402013665
0.2967019251770726,0.5411722402013665
0.2967331273986708,0.5411722402013665
0.29676432962026894,0.5411722402013665
0.29677993073106806,0.5413520316432938
0.29677993073106806,0.5415318230852212
0.29681113295266626,0.5415318230852212
0.2968267340634653,0.5417116145271486
0.2968579362850635,0.5417116145271486
0.2969983462822553,0.5420711974110033
0.2969983462822553,0.5424307802948579
0.2970919529470498,0.5424307802948579
0.29710755405784894,0.5426105717367853
0.2971543573902462,0.5426105717367853
0.29721676183344253,0.5426105717367853
0.29723236294424166,0.5426105717367853
0.297294767387438,0.5426105717367853
0.29734157071983525,0.5426105717367853
0.2975755873818216,0.5427903631787127
0.29760678960341974,0.5427903631787127
0.29776280071141065,0.5427903631787127
0.2977784018222097,0.54297015462064
0.2978096040438079,0.54297015462064
0.2978408062654061,0.54297015462064
0.29788760959780336,0.54297015462064
0.29791881181940155,0.54297015462064
0.29802801959499514,0.54297015462064
0.29804362070579427,0.54297015462064
0.29807482292739246,0.54297015462064
0.29818403070298605,0.54297015462064
0.29821523292458424,0.54297015462064
0.29821523292458424,0.5431499460625674
0.29824643514618243,0.5431499460625674
0.29827763736778057,0.5431499460625674
0.2984180473649724,0.5431499460625674
0.29848045180816873,0.5431499460625674
0.29848045180816873,0.5433297375044948
0.2985116540297669,0.5433297375044948
0.2985428562513651,0.5435095289464221
0.2985896595837624,0.5435095289464221
0.29860526069456145,0.5435095289464221
0.29866766513775783,0.5435095289464221
0.29866766513775783,0.5436893203883495
0.29869886735935597,0.5436893203883495
0.2987768729133514,0.5436893203883495
0.2988236762457487,0.5438691118302769
0.2988548784673469,0.5438691118302769
0.2990108895753378,0.5438691118302769
0.2990420917969359,0.5440489032722042
0.29908889512933323,0.5440489032722042
0.29915129957252956,0.5440489032722042
0.29918250179412775,0.5440489032722042
0.29918250179412775,0.5442286947141316
0.29921370401572595,0.544408486156059
0.2992761084589223,0.544408486156059
0.29929170956972134,0.5445882775979863
0.2993853162345159,0.5445882775979863
0.29941651845611406,0.5445882775979863
0.2994945240101095,0.5445882775979863
0.29958813067490403,0.5445882775979863
0.2996505351181004,0.5445882775979863
0.2996817373396986,0.5445882775979863
0.2996973384504977,0.5445882775979863
0.29974414178289494,0.5445882775979863
0.29983774844768946,0.5447680690399137
0.29986895066928765,0.5447680690399137
0.29986895066928765,0.5449478604818411
0.29990015289088584,0.5449478604818411
0.29996255733408217,0.5449478604818411
0.30002496177727855,0.5449478604818411
0.30005616399887675,0.5449478604818411
0.300102967331274,0.5449478604818411
0.30014977066367127,0.5449478604818411
0.30016537177447034,0.5449478604818411
0.30016537177447034,0.5451276519237684
0.3002121751068676,0.5451276519237684
0.3003057817716621,0.5451276519237684
0.3003369839932603,0.5451276519237684
0.3004929951012512,0.5451276519237684
0.3005241973228494,0.5453074433656958
0.30057100065524667,0.5453074433656958
0.30068020843084026,0.5453074433656958
0.30071141065243845,0.5453074433656958
0.3007270117632375,0.5453074433656958
0.30077381509563483,0.5453074433656958
0.3008830228712284,0.5453074433656958
0.3008830228712284,0.5454872348076232
0.30089862398202755,0.5454872348076232
0.3009298262036257,0.5458468176914779
0.30099223064682207,0.5458468176914779
0.30100783175762114,0.5458468176914779
0.3010546350900184,0.5458468176914779
0.3010702362008175,0.5458468176914779
0.30113264064401385,0.5458468176914779
0.3012106461980093,0.5458468176914779
0.3012418484196075,0.5458468176914779
0.3013042528628038,0.5458468176914779
0.3013822584167993,0.5458468176914779
0.30141346063839747,0.5458468176914779
0.30146026397079473,0.5458468176914779
0.30152266841399106,0.5460266091334053
0.3016006739679865,0.5460266091334053
0.3016318761895847,0.5460266091334053
0.30167867952198196,0.5460266091334053
0.30170988174358015,0.54638619201726
0.30194389840556646,0.5472851492268967
0.3019907017379637,0.5472851492268967
0.3020219039595619,0.5472851492268967
0.30209990951355736,0.5472851492268967
0.302209117289151,0.5472851492268967
0.30224031951074914,0.5472851492268967
0.30227152173234734,0.5472851492268967
0.30230272395394553,0.5474649406688241
0.3023183250647446,0.5474649406688241
0.3023339261755437,0.5476447321107515
0.3024119317295391,0.5476447321107515
0.3024431339511373,0.5476447321107515
0.3024743361727355,0.5476447321107515
0.3024743361727355,0.5478245235526789
0.30253674061593183,0.5478245235526789
0.3026303472807264,0.5478245235526789
0.30267715061312367,0.5478245235526789
0.3027083528347218,0.5478245235526789
0.30273955505632,0.5478245235526789
0.3027707572779182,0.5478245235526789
0.30278635838871726,0.5478245235526789
0.30278635838871726,0.5480043149946062
0.30281756061031545,0.5480043149946062
0.3028643639427127,0.5480043149946062
0.30287996505351183,0.5481841064365336
0.30294236949670816,0.5481841064365336
0.30294236949670816,0.548363897878461
0.30295797060750723,0.548363897878461
0.30295797060750723,0.5485436893203883
0.30300477393990455,0.5485436893203883
0.3030359761615027,0.5485436893203883
0.3030515772723018,0.5485436893203883
0.30308277949389995,0.5485436893203883
0.3032231894910918,0.5485436893203883
0.30323879060189085,0.5487234807623157
0.3032543917126899,0.5487234807623157
0.3033167961558863,0.5487234807623157
0.3033479983774845,0.5487234807623157
0.30337920059908263,0.5487234807623157
0.30366002059346625,0.5487234807623157
0.30372242503666264,0.5490830636461704
0.3038316328122562,0.5490830636461704
0.3038316328122562,0.5492628550880978
0.30392523947705075,0.5492628550880978
0.30392523947705075,0.5494426465300252
0.30395644169864894,0.5494426465300252
0.30398764392024713,0.5496224379719525
0.3040344472526444,0.5498022294138799
0.3040968516958407,0.5498022294138799
0.3040968516958407,0.5499820208558073
0.30411245280663984,0.5499820208558073
0.3041748572498362,0.5499820208558073
0.30420605947143436,0.5499820208558073
0.3042528628038316,0.5499820208558073
0.3042528628038316,0.5501618122977346
0.3043308683578271,0.5501618122977346
0.3043308683578271,0.550341603739662
0.30434646946862615,0.550341603739662
0.30434646946862615,0.5505213951815894
0.30440887391182253,0.5505213951815894
0.30440887391182253,0.5507011866235167
0.3044400761334207,0.5507011866235167
0.304486879465818,0.5507011866235167
0.30450248057661705,0.5507011866235167
0.30450248057661705,0.5508809780654441
0.30453368279821524,0.5508809780654441
0.3046116883522107,0.5510607695073715
0.30468969390620615,0.5510607695073715
0.3047208961278043,0.5510607695073715
0.30478330057100067,0.5510607695073715
0.30478330057100067,0.5512405609492989
0.3048145027925988,0.5512405609492989
0.304845705014197,0.5512405609492989
0.3048613061249961,0.5512405609492989
0.3049081094573934,0.5512405609492989
0.3049705139005897,0.5512405609492989
0.30507972167618336,0.5514203523912262
0.3050953227869824,0.5514203523912262
0.3051265250085806,0.5514203523912262
0.3051265250085806,0.5516001438331536
0.3051577272301788,0.5516001438331536
0.3051733283409779,0.551779935275081
0.30520453056257607,0.551779935275081
0.3052357327841742,0.551779935275081
0.3052669350057724,0.551779935275081
0.3052981372273706,0.5519597267170083
0.3053917438921651,0.5519597267170083
0.3053917438921651,0.5521395181589356
0.3054541483353615,0.5521395181589356
0.30548535055695963,0.5521395181589356
0.305547755000156,0.5521395181589356
0.305547755000156,0.552319309600863
0.3055633561109551,0.552319309600863
0.3055945583325533,0.552319309600863
0.3055945583325533,0.5524991010427903
0.30564136166495054,0.5524991010427903
0.30567256388654873,0.5524991010427903
0.3056881649973478,0.5524991010427903
0.305719367218946,0.5524991010427903
0.30576617055134325,0.5524991010427903
0.30576617055134325,0.5526788924847177
0.30590658054853503,0.5526788924847177
0.30590658054853503,0.5528586839266451
0.3059845861025305,0.5528586839266451
0.30604699054572687,0.5528586839266451
0.3061717994321196,0.5528586839266451
0.3062030016537177,0.5530384753685724
0.3062342038753159,0.5530384753685724
0.3062810072077132,0.5530384753685724
0.30631220942931137,0.5532182668104998
0.30631220942931137,0.5533980582524272
0.30634341165090956,0.5533980582524272
0.30634341165090956,0.5535778496943545
0.3063746138725077,0.5537576411362819
0.3063902149833068,0.5537576411362819
0.3064370183157041,0.5537576411362819
0.30646822053730227,0.5537576411362819
0.30651502386969953,0.5537576411362819
0.3065306249804986,0.5539374325782093
0.3065618272020968,0.5539374325782093
0.30660863053449405,0.5539374325782093
0.30663983275609225,0.5539374325782093
0.3066554338668913,0.5541172240201366
0.3067178383100877,0.5541172240201366
0.3067178383100877,0.554297015462064
0.3068582483072795,0.554297015462064
0.30688945052887767,0.554297015462064
0.3070142594152704,0.554297015462064
0.3070142594152704,0.5544768069039914
0.30706106274766765,0.5544768069039914
0.30709226496926584,0.5544768069039914
0.307123467190864,0.5544768069039914
0.307123467190864,0.5546565983459187
0.30717027052326124,0.5546565983459187
0.3072014727448594,0.5546565983459187
0.3072326749664576,0.5546565983459187
0.3072794782988549,0.5546565983459187
0.30729507940965395,0.5546565983459187
0.30732628163125214,0.5546565983459187
0.3073730849636494,0.5546565983459187
0.3074042871852476,0.5548363897878461
0.30748229273924305,0.5548363897878461
0.3075602982932385,0.5548363897878461
0.30759150051483664,0.5548363897878461
0.3076383038472339,0.5548363897878461
0.3076695060688321,0.5548363897878461
0.30777871384442573,0.5548363897878461
0.3078099160660239,0.5550161812297735
0.30793472495241664,0.5550161812297735
0.30799712939561297,0.5550161812297735
0.30801273050641204,0.5550161812297735
0.3080907360604075,0.5550161812297735
0.308184342725202,0.5550161812297735
0.3082311460575993,0.5550161812297735
0.3082467471683984,0.5550161812297735
0.3082779493899966,0.5550161812297735
0.30829355050079565,0.5550161812297735
0.30835595494399204,0.5550161812297735
0.3083871571655902,0.5550161812297735
0.3085743704951793,0.5550161812297735
0.3085743704951793,0.5551959726717008
0.308699179381572,0.5551959726717008
0.30871478049237105,0.5553757641136282
0.30874598271396925,0.5553757641136282
0.30874598271396925,0.5555555555555556
0.30877718493556744,0.5555555555555556
0.30885519048956284,0.5555555555555556
0.3089019938219601,0.5555555555555556
0.3089175949327592,0.5555555555555556
0.3089175949327592,0.555735346997483
0.3089331960435583,0.555735346997483
0.3089331960435583,0.5559151384394103
0.3089487971543574,0.5559151384394103
0.3090268027083528,0.5559151384394103
0.3090892071515492,0.5559151384394103
0.3091516115947455,0.5559151384394103
0.3091828138163437,0.5559151384394103
0.30919841492714284,0.5560949298813377
0.3092140160379419,0.5560949298813377
0.30929202159193736,0.556274721323265
0.3093232238135355,0.556274721323265
0.3093388249243346,0.556274721323265
0.3093700271459328,0.556274721323265
0.3093856282567319,0.556274721323265
0.30940122936753095,0.5564545127651924
0.30940122936753095,0.5566343042071198
0.3096040438079191,0.5566343042071198
0.30969765047271364,0.5568140956490472
0.30971325158351276,0.5568140956490472
0.30971325158351276,0.5569938870909744
0.3097756560267091,0.5569938870909744
0.3097756560267091,0.5573534699748292
0.3098068582483073,0.5573534699748292
0.3098068582483073,0.5575332614167565
0.30985366158070454,0.5575332614167565
0.3099004649131018,0.5575332614167565
0.30997847046709726,0.5575332614167565
0.30997847046709726,0.5577130528586839
0.31000967268869545,0.5577130528586839
0.3100876782426909,0.5577130528586839
0.31011888046428904,0.5577130528586839
0.31015008268588723,0.5577130528586839
0.3101656837966863,0.5577130528586839
0.3101968860182845,0.5577130528586839
0.3102280882398827,0.5577130528586839
0.31027489157227994,0.5578928443006113
0.3103528971262754,0.5578928443006113
0.3103840993478736,0.558252427184466
0.3104933071234672,0.558252427184466
0.3105089082342663,0.5586120100683207
0.31054011045586444,0.5586120100683207
0.3106025148990608,0.5586120100683207
0.3107585260070517,0.5586120100683207
0.31078972822864986,0.5586120100683207
0.3108365315610471,0.5586120100683207
0.3108677337826453,0.5586120100683207
0.31088333489344444,0.5586120100683207
0.31088333489344444,0.5587918015102481
0.3109301382258417,0.5591513843941028
0.3110393460014353,0.5591513843941028
0.3110705482230335,0.5591513843941028
0.31114855377702894,0.5591513843941028
0.31121095822022526,0.5591513843941028
0.3113201659958189,0.5591513843941028
0.3113513682174171,0.5593311758360302
0.31136696932821617,0.5593311758360302
0.31141377266061343,0.5595109672779576
0.3114761771038098,0.5595109672779576
0.3115229804362071,0.5595109672779576
0.31156978376860434,0.5596907587198849
0.3117725982089925,0.5596907587198849
0.3117725982089925,0.5600503416037397
0.31178819931979157,0.5600503416037397
0.3118506037629879,0.5600503416037397
0.3118818059845861,0.5600503416037397
0.3118974070953852,0.5604099244875944
0.3119130082061843,0.5604099244875944
0.31192860931698335,0.5607695073714491
0.31195981153858154,0.5607695073714491
0.3119754126493806,0.5607695073714491
0.312037817092577,0.5607695073714491
0.3120690193141752,0.5607695073714491
0.31211582264657245,0.5607695073714491
0.31211582264657245,0.5609492988133765
0.3121314237573715,0.5611290902553039
0.3121470248681706,0.5618482560230134
0.3121626259789697,0.5618482560230134
0.3121626259789697,0.5620280474649406
0.31220942931136697,0.5620280474649406
0.31225623264376423,0.5620280474649406
0.3123030359761615,0.5620280474649406
0.3123030359761615,0.562207838906868
0.312396642640956,0.562207838906868
0.3124590470841524,0.562207838906868
0.3124590470841524,0.5623876303487954
0.31250585041654966,0.5623876303487954
0.31253705263814785,0.5623876303487954
0.3125838559705451,0.5623876303487954
0.31263065930294237,0.5623876303487954
0.31266186152454056,0.5623876303487954
0.312739867078536,0.5623876303487954
0.31277106930013415,0.5623876303487954
0.3127866704109333,0.5625674217907227
0.3128178726325314,0.5625674217907227
0.3128802770757278,0.5625674217907227
0.312911479297326,0.5625674217907227
0.31292708040812506,0.5627472132326501
0.3129426815189241,0.5627472132326501
0.3129894848513214,0.5629270046745775
0.3130362881837187,0.5629270046745775
0.3131142937377141,0.5629270046745775
0.3131142937377141,0.5634663790003596
0.3131454959593123,0.5634663790003596
0.3131610970701114,0.5634663790003596
0.3131610970701114,0.5636461704422869
0.3132079004025087,0.5638259618842143
0.31322350151330774,0.5638259618842143
0.31331710817810227,0.5638259618842143
0.31334831039970046,0.5638259618842143
0.3133639115104995,0.5638259618842143
0.3133639115104995,0.5640057533261417
0.31337951262129865,0.5640057533261417
0.3133951137320977,0.564185544768069
0.31348872039689224,0.564185544768069
0.31348872039689224,0.5643653362099964
0.31350432150769136,0.5643653362099964
0.3135355237292895,0.5643653362099964
0.3135355237292895,0.5645451276519238
0.3135823270616868,0.5645451276519238
0.31370713594807953,0.5647249190938511
0.31370713594807953,0.5650845019777059
0.31376954039127586,0.5650845019777059
0.31380074261287405,0.5650845019777059
0.3138163437236731,0.5650845019777059
0.3138475459452713,0.5650845019777059
0.3138631470560704,0.5650845019777059
0.31389434927766857,0.5650845019777059
0.3140815626072576,0.5650845019777059
0.3140815626072576,0.5652642934196332
0.3141751692720522,0.5652642934196332
0.3142063714936503,0.5652642934196332
0.3142375737152485,0.5652642934196332
0.3142375737152485,0.5654440848615606
0.3142687759368467,0.5654440848615606
0.3142999781584449,0.5654440848615606
0.3143935848232394,0.5654440848615606
0.31445598926643575,0.565623876303488
0.31448719148803395,0.565623876303488
0.3145339948204312,0.565623876303488
0.31454959593123033,0.565623876303488
0.3145963992636276,0.565623876303488
0.3146276014852257,0.565623876303488
0.314674404817623,0.565623876303488
0.314674404817623,0.5658036677454154
0.3147056070392212,0.5658036677454154
0.3147368092608194,0.5658036677454154
0.31478361259321663,0.5658036677454154
0.31478361259321663,0.5659834591873427
0.3148304159256139,0.5659834591873427
0.3148304159256139,0.5661632506292701
0.314846017036413,0.5661632506292701
0.3148616181472121,0.5663430420711975
0.3148928203688103,0.5663430420711975
0.31490842147960935,0.5665228335131248
0.3149552248120066,0.5665228335131248
0.31497082592280573,0.5667026249550522
0.315017629255203,0.5667026249550522
0.3151112359199975,0.5667026249550522
0.3152204436955911,0.5667026249550522
0.31529844924958655,0.5667026249550522
0.31532965147118475,0.5667026249550522
0.3153452525819838,0.5667026249550522
0.3153452525819838,0.5668824163969794
0.3154388592467784,0.5668824163969794
0.3154388592467784,0.5670622078389068
0.31547006146837653,0.5670622078389068
0.3155012636899747,0.5670622078389068
0.3155636681331711,0.5670622078389068
0.31561047146556837,0.5670622078389068
0.3156884770195638,0.5670622078389068
0.31571967924116195,0.5670622078389068
0.3157664825735592,0.5670622078389068
0.3158288870167556,0.5670622078389068
0.31584448812755467,0.5672419992808342
0.31587569034915286,0.5672419992808342
0.31590689257075105,0.5672419992808342
0.3159380947923492,0.5672419992808342
0.3159380947923492,0.5674217907227616
0.31601610034634464,0.5674217907227616
0.31603170145714377,0.5674217907227616
0.31614090923273735,0.5676015821646889
0.3161565103435365,0.5676015821646889
0.3161877125651346,0.5676015821646889
0.31626571811913007,0.5676015821646889
0.31629692034072826,0.5676015821646889
0.31631252145152733,0.5676015821646889
0.3163437236731255,0.5676015821646889
0.3163593247839246,0.5676015821646889
0.3163905270055228,0.5676015821646889
0.316421729227121,0.5676015821646889
0.3164997347811164,0.5677813736066163
0.31656213922431276,0.5677813736066163
0.31662454366750914,0.5685005393743258
0.31668694811070547,0.5685005393743258
0.31671815033230366,0.5685005393743258
0.31673375144310273,0.5685005393743258
0.3167649536647009,0.5685005393743258
0.3167805547755,0.5685005393743258
0.3167805547755,0.5686803308162531
0.3168117569970982,0.5686803308162531
0.3168429592186964,0.5686803308162531
0.31687416144029457,0.5688601222581805
0.31687416144029457,0.5690399137001079
0.31688976255109363,0.5690399137001079
0.31688976255109363,0.5692197051420352
0.31695216699429,0.5692197051420352
0.3169989703266873,0.5692197051420352
0.31707697588068273,0.5692197051420352
0.31710817810228087,0.5692197051420352
0.31715498143467813,0.5693994965839626
0.3172329869886736,0.5693994965839626
0.31727979032107084,0.5693994965839626
0.31729539143186997,0.5693994965839626
0.3173889980966645,0.5697590794678173
0.3174202003182627,0.5697590794678173
0.31746700365065994,0.5697590794678173
0.31749820587225813,0.5697590794678173
0.31749820587225813,0.5699388709097447
0.3175138069830572,0.5699388709097447
0.31752940809385627,0.5701186623516721
0.3175450092046554,0.5701186623516721
0.31757621142625353,0.5701186623516721
0.3176698180910481,0.5701186623516721
0.3177478236450435,0.5701186623516721
0.3177946269774408,0.5701186623516721
0.3178102280882399,0.5701186623516721
0.3178102280882399,0.5702984537935994
0.3178726325314362,0.5702984537935994
0.3178726325314362,0.5704782452355268
0.3179038347530344,0.5704782452355268
0.3179662391962308,0.5704782452355268
0.3180286436394271,0.5704782452355268
0.3180754469718244,0.5704782452355268
0.31812225030422164,0.5704782452355268
0.3181690536366189,0.5704782452355268
0.318184654747418,0.5706580366774542
0.3182158569690162,0.5706580366774542
0.3182938625230116,0.5706580366774542
0.3183406658554089,0.5706580366774542
0.31837186807700707,0.5708378281193816
0.31843427252020345,0.5708378281193816
0.3184810758526007,0.5708378281193816
0.3184966769633998,0.5708378281193816
0.318527879184998,0.5708378281193816
0.31855908140659617,0.5708378281193816
0.31855908140659617,0.5710176195613089
0.3185902836281943,0.5710176195613089
0.3185902836281943,0.5711974110032363
0.3186214858497925,0.5711974110032363
0.3186370869605916,0.5711974110032363
0.3187774969577834,0.5713772024451637
0.31879309806858247,0.5713772024451637
0.31882430029018066,0.5713772024451637
0.31883990140097973,0.5713772024451637
0.3189491091765734,0.5713772024451637
0.3189491091765734,0.5717367853290184
0.31899591250897064,0.5717367853290184
0.3190115136197697,0.5719165767709457
0.319058316952167,0.5719165767709457
0.31908951917376516,0.5719165767709457
0.31915192361696154,0.5719165767709457
0.3191987269493588,0.5719165767709457
0.31921432806015787,0.5719165767709457
0.31940154138974697,0.5719165767709457
0.3194327436113451,0.572096368212873
0.3194639458329433,0.572096368212873
0.3194951480545415,0.572096368212873
0.3196043558301351,0.572096368212873
0.3196043558301351,0.5722761596548004
0.319760366938126,0.5724559510967278
0.319760366938126,0.5726357425386551
0.3198539736029205,0.5728155339805825
0.3199007769353178,0.5728155339805825
0.3199163780461169,0.5728155339805825
0.31993197915691596,0.5729953254225099
0.3199475802677151,0.5729953254225099
0.31999438360011234,0.5729953254225099
0.3200255858217105,0.5731751168644372
0.32005678804330867,0.5731751168644372
0.32005678804330867,0.5733549083063646
0.3201347935973041,0.5733549083063646
0.3201659958189023,0.5733549083063646
0.3201971980405005,0.5733549083063646
0.32022840026209864,0.5733549083063646
0.32025960248369684,0.5733549083063646
0.3202752035944959,0.5733549083063646
0.3203376080376923,0.5733549083063646
0.32041561359168774,0.5733549083063646
0.32050922025648226,0.5733549083063646
0.3205560235888795,0.5737144911902193
0.3205872258104777,0.5737144911902193
0.32066523136447317,0.5737144911902193
0.32068083247527224,0.5737144911902193
0.32068083247527224,0.5738942826321467
0.3206964335860713,0.5738942826321467
0.32083684358326314,0.5738942826321467
0.32083684358326314,0.5740740740740741
0.3209148491372586,0.5740740740740741
0.3209148491372586,0.5742538655160014
0.32094605135885673,0.5742538655160014
0.320992854691254,0.5742538655160014
0.3210240569128522,0.5742538655160014
0.3210552591344504,0.5742538655160014
0.3210552591344504,0.5744336569579288
0.32107086024524945,0.5744336569579288
0.32132047801803487,0.5746134483998562
0.32135168023963306,0.5746134483998562
0.32138288246123126,0.5746134483998562
0.3214452869044276,0.5747932398417835
0.3214608880152267,0.5747932398417835
0.32149209023682485,0.5747932398417835
0.32150769134762397,0.5747932398417835
0.32150769134762397,0.5749730312837109
0.3215700957908203,0.5749730312837109
0.3216012980124185,0.5749730312837109
0.32164810134481575,0.5749730312837109
0.3217105057880121,0.5749730312837109
0.32178851134200753,0.5749730312837109
0.3218509157852039,0.5749730312837109
0.321866516896003,0.5749730312837109
0.3219601235607975,0.575512405609493
0.32197572467159663,0.575512405609493
0.32197572467159663,0.5758719884933478
0.3220069268931948,0.5758719884933478
0.3220537302255921,0.5758719884933478
0.32210053355798934,0.5758719884933478
0.32220974133358293,0.5758719884933478
0.3222565446659802,0.5758719884933478
0.3223033479983775,0.5758719884933478
0.3223189491091766,0.5760517799352751
0.32235015133077477,0.5760517799352751
0.32249056132796655,0.5760517799352751
0.3225373646603638,0.5760517799352751
0.3225529657711629,0.5762315713772025
0.3225841679927611,0.5762315713772025
0.3225997691035602,0.5762315713772025
0.3226621735467565,0.5762315713772025
0.3226621735467565,0.5765911542610572
0.3226933757683547,0.5765911542610572
0.3227245779899529,0.5765911542610572
0.32275578021155105,0.5765911542610572
0.3228961902087429,0.5765911542610572
0.3230053979843365,0.5765911542610572
0.32303660020593467,0.5765911542610572
0.32306780242753286,0.5765911542610572
0.3231302068707292,0.5767709457029845
0.3231458079815283,0.5767709457029845
0.3231458079815283,0.5769507371449119
0.32323941464632283,0.5771305285868392
0.323270616867921,0.5771305285868392
0.32333302131111735,0.5771305285868392
0.32336422353271554,0.5771305285868392
0.323442229086711,0.577490111470694
0.32348903241910826,0.577490111470694
0.32348903241910826,0.5776699029126213
0.3235670379731037,0.5776699029126213
0.32361384130550097,0.5776699029126213
0.3236450435270991,0.5776699029126213
0.32372304908109456,0.5776699029126213
0.32378545352429094,0.5776699029126213
0.32380105463509,0.5778496943545487
0.3238634590782864,0.5778496943545487
0.3238634590782864,0.5782092772384034
0.3239258635214827,0.5782092772384034
0.3239570657430809,0.5782092772384034
0.3240038690754782,0.5782092772384034
0.3240662735186745,0.5782092772384034
0.32414427907266996,0.5782092772384034
0.32417548129426815,0.5783890686803308
0.32420668351586635,0.5783890686803308
0.3242534868482636,0.5783890686803308
0.3242846890698618,0.5783890686803308
0.3242846890698618,0.5785688601222582
0.32430029018066087,0.5785688601222582
0.32433149240225906,0.5785688601222582
0.3244250990670536,0.5785688601222582
0.3244875035102499,0.5785688601222582
0.3244875035102499,0.5787486515641855
0.32462791350744175,0.5789284430061129
0.3246435146182408,0.5789284430061129
0.3246435146182408,0.5791082344480403
0.3246591157290399,0.5791082344480403
0.3247839246154326,0.5792880258899676
0.324846329058629,0.5792880258899676
0.32489313239102624,0.5792880258899676
0.32495553683422257,0.5792880258899676
0.32528316016100345,0.5796476087738224
0.3252987612718026,0.5796476087738224
0.32531436238260164,0.5798274002157497
0.32534556460419983,0.5798274002157497
0.32537676682579797,0.5800071916576771
0.32540796904739616,0.5800071916576771
0.32547037349059255,0.5800071916576771
0.3254859746013916,0.5800071916576771
0.3254859746013916,0.5801869830996045
0.3255015757121907,0.5801869830996045
0.3255327779337889,0.5801869830996045
0.325548379044588,0.5801869830996045
0.32556398015538707,0.5803667745415318
0.3256107834877843,0.5803667745415318
0.3256419857093825,0.5803667745415318
0.3256731879309807,0.5803667745415318
0.32573559237417704,0.5803667745415318
0.32576679459577523,0.5803667745415318
0.32576679459577523,0.5805465659834592
0.3258135979281725,0.5805465659834592
0.3258760023713688,0.580906148867314
0.3259384068145652,0.580906148867314
0.3259540079253643,0.580906148867314
0.32603201347935973,0.5810859403092413
0.3260476145901588,0.5810859403092413
0.326078816811757,0.5810859403092413
0.3260944179225561,0.5810859403092413
0.32640644013853787,0.5812657317511687
0.32643764236013606,0.5812657317511687
0.3264688445817342,0.5812657317511687
0.3264844456925333,0.5814455231930961
0.3265000468033324,0.5814455231930961
0.3265312490249306,0.5816253146350234
0.3265624512465288,0.5816253146350234
0.3266560579113233,0.5816253146350234
0.3266872601329215,0.5816253146350234
0.3266872601329215,0.5818051060769507
0.32670286124372055,0.5818051060769507
0.32670286124372055,0.581984897518878
0.3267652656869169,0.581984897518878
0.3267964679085151,0.581984897518878
0.32685887235171146,0.581984897518878
0.326952479016506,0.581984897518878
0.326952479016506,0.5821646889608054
0.32696808012730505,0.5821646889608054
0.32699928234890324,0.5825242718446602
0.32703048457050143,0.5825242718446602
0.32703048457050143,0.5827040632865875
0.32712409123529596,0.5827040632865875
0.3272020967892914,0.5827040632865875
0.3272020967892914,0.5828838547285149
0.3272332990108896,0.5828838547285149
0.3273425067864832,0.5830636461704423
0.3273737090080814,0.5830636461704423
0.3274049112296796,0.5830636461704423
0.3274673156728759,0.5830636461704423
0.32748291678367497,0.5830636461704423
0.3276077256700677,0.5830636461704423
0.3276389278916659,0.5830636461704423
0.3276389278916659,0.5832434376123696
0.327654529002465,0.5832434376123696
0.32770133233486226,0.5832434376123696
0.3277325345564604,0.5832434376123696
0.3277325345564604,0.583423229054297
0.3277793378888577,0.583423229054297
0.327826141221255,0.5836030204962244
0.3278573434428531,0.5836030204962244
0.3278573434428531,0.5837828119381517
0.3278885456644513,0.5837828119381517
0.3280445567724422,0.5837828119381517
0.3280757589940404,0.5837828119381517
0.3280757589940404,0.5839626033800791
0.3281537645480358,0.5839626033800791
0.328184966769634,0.5839626033800791
0.3282161689912322,0.5839626033800791
0.3282473712128304,0.5841423948220065
0.32826297232362944,0.5841423948220065
0.32829417454522763,0.5843221862639338
0.32832537676682577,0.5843221862639338
0.3283721800992231,0.5843221862639338
0.3284033823208212,0.5843221862639338
0.3284345845424194,0.5843221862639338
0.32854379231801306,0.5843221862639338
0.32854379231801306,0.5845019777058612
0.3285905956504103,0.5845019777058612
0.3287310056476021,0.5845019777058612
0.32877780897999936,0.5846817691477886
0.32880901120159756,0.5846817691477886
0.32884021342319575,0.5846817691477886
0.3288558145339948,0.5846817691477886
0.3288558145339948,0.584861560589716
0.328887016755593,0.584861560589716
0.3289026178663921,0.584861560589716
0.32896502230958846,0.584861560589716
0.3290118256419857,0.584861560589716
0.329058628974383,0.584861560589716
0.32907423008518205,0.5850413520316433
0.32910543230678024,0.5850413520316433
0.3291522356391775,0.5850413520316433
0.3291522356391775,0.5852211434735707
0.3291834378607757,0.5852211434735707
0.3292146400823739,0.5852211434735707
0.32923024119317296,0.585400934915498
0.3292926456363693,0.585400934915498
0.3293238478579675,0.585400934915498
0.32938625230116386,0.585400934915498
0.329417454522762,0.585400934915498
0.32949546007675745,0.585400934915498
0.32962026896315016,0.5857605177993528
0.32965147118474836,0.5857605177993528
0.3296982745171456,0.5857605177993528
0.329760678960342,0.5859403092412802
0.32977628007114107,0.5859403092412802
0.3298386845143374,0.5861201006832075
0.3298698867359356,0.5861201006832075
0.3299634934007301,0.5861201006832075
0.3300102967331274,0.5861201006832075
0.330119504508721,0.5861201006832075
0.3301663078411183,0.5861201006832075
0.33024431339511373,0.5862998921251349
0.330291116727511,0.5862998921251349
0.33030671783831006,0.5862998921251349
0.33033792005990825,0.5862998921251349
0.3303535211707074,0.5862998921251349
0.3303535211707074,0.5864796835670623
0.33040032450310464,0.5864796835670623
0.3305095322786982,0.5870190578928443
0.3305407345002964,0.5870190578928443
0.3305719367218946,0.5870190578928443
0.3305875378326937,0.5870190578928443
0.3306967456082873,0.5871988493347716
0.33079035227308184,0.5871988493347716
0.33079035227308184,0.587378640776699
0.33082155449468004,0.587378640776699
0.33082155449468004,0.5875584322186264
0.3308683578270773,0.5875584322186264
0.33105557115666634,0.5884573894282632
0.3311959811538582,0.5884573894282632
0.3312271833754563,0.5884573894282632
0.3312895878186527,0.5884573894282632
0.331351992261849,0.5884573894282632
0.331351992261849,0.5886371808701906
0.33136759337264815,0.5886371808701906
0.3314143967050454,0.5886371808701906
0.331523604480639,0.5886371808701906
0.3315860089238354,0.5886371808701906
0.33160161003463445,0.5886371808701906
0.33166401447783084,0.5886371808701906
0.33166401447783084,0.5888169723121179
0.331695216699429,0.5888169723121179
0.33208524446940624,0.5889967637540453
0.33214764891260257,0.5889967637540453
0.33217885113420076,0.5889967637540453
0.332225654466598,0.5889967637540453
0.3322412555773971,0.5891765551959727
0.3322568566881962,0.5891765551959727
0.3322568566881962,0.5893563466379
0.3322880589097944,0.5893563466379
0.33231926113139254,0.5893563466379
0.33241286779618706,0.5893563466379
0.3324284689069862,0.5893563466379
0.3324284689069862,0.5895361380798274
0.3324908733501825,0.5895361380798274
0.3325220755717807,0.5895361380798274
0.3325532777933789,0.5895361380798274
0.33256887890417797,0.5898957209636821
0.3329433055633561,0.5902553038475369
0.3330837155605479,0.5902553038475369
0.3333021311117352,0.5909744696152464
0.3333333333333333,0.5909744696152464
0.3333801366657306,0.5909744696152464
0.3333957377765297,0.5909744696152464
0.33345814221972603,0.5909744696152464
0.3335361477737215,0.5909744696152464
0.3335361477737215,0.5913340524991011
0.3335673499953197,0.5913340524991011
0.3335673499953197,0.5915138439410285
0.333629754438516,0.5915138439410285
0.3336453555493151,0.5915138439410285
0.3336921588817124,0.5916936353829557
0.33373896221410965,0.5916936353829557
0.33373896221410965,0.5918734268248831
0.3337545633249087,0.5918734268248831
0.33383256887890417,0.5918734268248831
0.3338481699897033,0.5920532182668105
0.33387937221130143,0.5920532182668105
0.3339105744328996,0.5920532182668105
0.3339261755436987,0.5922330097087378
0.3339885799868951,0.5922330097087378
0.33401978220849327,0.5922330097087378
0.3340509844300914,0.5922330097087378
0.3340821866516896,0.5922330097087378
0.3341133888732878,0.5922330097087378
0.33412898998408685,0.5922330097087378
0.33412898998408685,0.5924128011506652
0.334144591094886,0.5924128011506652
0.33419139442728324,0.5924128011506652
0.3342069955380823,0.5924128011506652
0.3342381977596805,0.5924128011506652
0.33425379887047957,0.5924128011506652
0.3343786077568723,0.5924128011506652
0.33444101220006867,0.5924128011506652
0.3346282255296577,0.5931319669183747
0.3346906299728541,0.5931319669183747
0.3347686355268495,0.5931319669183747
0.3347842366376486,0.5931319669183747
0.33484664108084494,0.5931319669183747
0.33486224219164407,0.593311758360302
0.3348934444132422,0.593311758360302
0.3349870510780368,0.593311758360302
0.33503385441043404,0.593311758360302
0.33514306218602763,0.593311758360302
0.3351742644076258,0.593311758360302
0.335205466629224,0.593311758360302
0.3352366688508222,0.593311758360302
0.33526787107242034,0.5934915498022294
0.33536147773721486,0.5934915498022294
0.33539267995881306,0.5934915498022294
0.33542388218041125,0.5934915498022294
0.33542388218041125,0.5936713412441568
0.3356110955100003,0.5936713412441568
0.3356422977315985,0.5936713412441568
0.3356422977315985,0.5938511326860841
0.3356578988423976,0.5940309241280115
0.3356734999531967,0.5940309241280115
0.33568910106399574,0.5942107155699389
0.3358919155043839,0.5942107155699389
0.3359231177259821,0.5942107155699389
0.3359543199475803,0.5942107155699389
0.33596992105837936,0.5945702984537936
0.33600112327997755,0.5945702984537936
0.3360167243907766,0.5945702984537936
0.3360323255015757,0.594750089895721
0.3360323255015757,0.5949298813376483
0.3360635277231739,0.5949298813376483
0.33612593216637027,0.5949298813376483
0.33614153327716934,0.5951096727795757
0.3361571343879684,0.5951096727795757
0.3361883366095666,0.5951096727795757
0.3362819432743611,0.5951096727795757
0.3363131454959593,0.5951096727795757
0.33640675216075383,0.5951096727795757
0.33640675216075383,0.5954692556634305
0.33640675216075383,0.5956490471053578
0.33642235327155295,0.5956490471053578
0.336437954382352,0.5958288385472852
0.3364535554931511,0.5958288385472852
0.3364691566039502,0.5960086299892126
0.33654716215794567,0.5960086299892126
0.3365783643795438,0.5960086299892126
0.336609566601142,0.5960086299892126
0.33668757215513745,0.5960086299892126
0.33671877437673564,0.5960086299892126
0.3367343754875347,0.5960086299892126
0.3367655777091329,0.5960086299892126
0.33678117881993197,0.5960086299892126
0.33681238104153016,0.5960086299892126
0.33682798215232923,0.5960086299892126
0.3368591843739274,0.5960086299892126
0.3368903865955256,0.5960086299892126
0.3368903865955256,0.5961884214311399
0.3369059877063247,0.5961884214311399
0.3369371899279229,0.5961884214311399
0.33696839214952107,0.5961884214311399
0.3370307965927174,0.5961884214311399
0.33704639770351646,0.5961884214311399
0.33704639770351646,0.5963682128730673
0.3370619988143156,0.5963682128730673
0.33710880214671285,0.5963682128730673
0.3371244032575119,0.5963682128730673
0.3371556054791101,0.5963682128730673
0.3371712065899092,0.5963682128730673
0.3372180099223065,0.5965480043149946
0.33724921214390463,0.5965480043149946
0.33726481325470375,0.5969075871988493
0.3372804143655028,0.5970873786407767
0.33734281880869915,0.5970873786407767
0.33738962214109647,0.5974469615246314
0.33743642547349373,0.5974469615246314
0.33749882991669006,0.5974469615246314
0.3375144310274892,0.5974469615246314
0.3375456332490873,0.5974469615246314
0.3376080376922837,0.5974469615246314
0.33768604324627916,0.5978065444084861
0.33776404880027455,0.5978065444084861
0.33781085213267187,0.5978065444084861
0.33784205435427,0.5978065444084861
0.33784205435427,0.5979863358504135
0.33785765546506913,0.5979863358504135
0.33792005990826546,0.5979863358504135
0.3379356610190646,0.5979863358504135
0.3379356610190646,0.5981661272923409
0.3379668632406627,0.5981661272923409
0.33798246435146184,0.5981661272923409
0.33798246435146184,0.5983459187342682
0.3379980654622609,0.5983459187342682
0.33804486879465817,0.5983459187342682
0.3381228743486536,0.5985257101761956
0.3382008799026491,0.5985257101761956
0.33823208212424727,0.5985257101761956
0.33831008767824267,0.5985257101761956
0.33834128989984086,0.5985257101761956
0.33840369434303724,0.5985257101761956
0.3384192954538363,0.598705501618123
0.3384504976754345,0.598705501618123
0.33846609878623357,0.598705501618123
0.33849730100783176,0.598705501618123
0.3385597054510281,0.598705501618123
0.3386221098942245,0.598705501618123
0.33865331211582267,0.598705501618123
0.3386845143374208,0.598705501618123
0.33870011544821993,0.598705501618123
0.33870011544821993,0.5988852930600503
0.33873131766981807,0.5988852930600503
0.3391057443289962,0.5990650845019777
0.3391369465505944,0.5990650845019777
0.33915254766139347,0.5992448759439051
0.33918374988299166,0.5992448759439051
0.33921495210458985,0.5994246673858324
0.3392305532153889,0.5994246673858324
0.33924615432618804,0.5996044588277598
0.3393241598801835,0.5996044588277598
0.33935536210178163,0.5996044588277598
0.3394021654341789,0.5996044588277598
0.3394021654341789,0.5997842502696872
0.3394645698773753,0.5997842502696872
0.33972978876095977,0.5999640417116145
0.33976099098255796,0.5999640417116145
0.3398077943149552,0.5999640417116145
0.3398545976473525,0.5999640417116145
0.33987019875815155,0.6005034160373967
0.33990140097974975,0.6005034160373967
0.33993260320134794,0.6005034160373967
0.33999500764454427,0.6005034160373967
0.34002620986614246,0.6005034160373967
0.3400418109769416,0.6005034160373967
0.3400730131985397,0.6005034160373967
0.340119816530937,0.600683207479324
0.34021342319573156,0.600683207479324
0.3402446254173297,0.600683207479324
0.3402602265281288,0.600683207479324
0.34029142874972695,0.600683207479324
0.3403070298605261,0.600683207479324
0.34033823208212427,0.600683207479324
0.34035383319292334,0.600683207479324
0.34041623763611967,0.6010427903631788
0.34044743985771786,0.6010427903631788
0.34047864207931605,0.6010427903631788
0.34050984430091424,0.6010427903631788
0.3405410465225124,0.6010427903631788
0.3405878498549097,0.6010427903631788
0.340650254298106,0.6010427903631788
0.34071265874130235,0.6010427903631788
0.34074386096290055,0.6010427903631788
0.3407906642952978,0.6010427903631788
0.34083746762769507,0.6012225818051061
0.34083746762769507,0.6014023732470335
0.3408530687384942,0.6014023732470335
0.3408530687384942,0.6015821646889608
0.3408842709600924,0.6015821646889608
0.34102468095728417,0.6015821646889608
0.34122749539767233,0.6019417475728155
0.34125869761927047,0.6019417475728155
0.34128989984086866,0.6019417475728155
0.34132110206246685,0.6019417475728155
0.3413835065056632,0.6019417475728155
0.3413991076164623,0.6021215390147429
0.3414303098380605,0.6021215390147429
0.34144591094885957,0.6021215390147429
0.3414927142812568,0.6024811218985976
0.341523916502855,0.6024811218985976
0.34158632094605135,0.6024811218985976
0.34160192205685047,0.602660913340525
0.3416331242784486,0.6028407047824523
0.341695528721645,0.6030204962243797
0.34174233205404225,0.6030204962243797
0.34174233205404225,0.6032002876663071
0.3417891353864395,0.6033800791082344
0.3418203376080377,0.6033800791082344
0.34186714094043497,0.6035598705501618
0.3419139442728322,0.6035598705501618
0.3419607476052295,0.6035598705501618
0.3419607476052295,0.6037396619920892
0.3419919498268277,0.6039194534340165
0.342054354270024,0.6039194534340165
0.34210115760242127,0.6039194534340165
0.34213235982401946,0.6039194534340165
0.34216356204561765,0.6039194534340165
0.34230397204280943,0.6039194534340165
0.3423351742644076,0.6039194534340165
0.3423663764860058,0.6039194534340165
0.34242878092920215,0.6039194534340165
0.34249118537239853,0.6040992448759439
0.34249118537239853,0.6042790363178713
0.3425067864831976,0.6042790363178713
0.34255358981559486,0.6042790363178713
0.34258479203719305,0.6042790363178713
0.34261599425879125,0.6042790363178713
0.3426627975911885,0.6042790363178713
0.3426627975911885,0.604638619201726
0.34270960092358577,0.6048184106436534
0.34272520203438483,0.6048184106436534
0.342756404255983,0.6048184106436534
0.3427876064775812,0.6048184106436534
0.3428344098099785,0.6048184106436534
0.34286561203157667,0.6049982020855807
0.342928016474773,0.6049982020855807
0.342928016474773,0.6051779935275081
0.3429592186963712,0.6051779935275081
0.3429904209179694,0.6051779935275081
0.34300602202876845,0.6051779935275081
0.3430840275827639,0.6053577849694355
0.34311522980436204,0.6053577849694355
0.3432088364691566,0.6057173678532902
0.3432244375799557,0.6057173678532902
0.3433180442447502,0.6057173678532902
0.3433492464663484,0.6057173678532902
0.34339604979874566,0.6057173678532902
0.34342725202034385,0.6057173678532902
0.34342725202034385,0.6058971592952176
0.34345845424194205,0.6058971592952176
0.3434740553527411,0.6058971592952176
0.3435052575743393,0.606076950737145
0.3435208586851384,0.606076950737145
0.3438328809011202,0.6062567421790723
0.34384848201191925,0.6064365336209996
0.3439108864551156,0.6064365336209996
0.3439420886767138,0.6064365336209996
0.34398889200911104,0.6064365336209996
0.34400449311991016,0.606616325062927
0.3440356953415083,0.606616325062927
0.3440512964523074,0.606616325062927
0.34411370089550375,0.606616325062927
0.3441293020063029,0.6067961165048543
0.34414490311710194,0.6067961165048543
0.34441012200068644,0.6069759079467817
0.34444132422228463,0.6069759079467817
0.3444725264438828,0.6069759079467817
0.3445505319978783,0.6069759079467817
0.34462853755187367,0.6069759079467817
0.344675340884271,0.6069759079467817
0.34469094199507005,0.6069759079467817
0.34472214421666825,0.6069759079467817
0.34483135199226184,0.6069759079467817
0.34486255421386003,0.6069759079467817
0.3448937564354582,0.6071556993887091
0.34492495865705636,0.6071556993887091
0.34495616087865455,0.6071556993887091
0.3450029642110518,0.6071556993887091
0.34503416643265,0.6073354908306364
0.34514337420824365,0.6073354908306364
0.3451901775406409,0.6073354908306364
0.34520577865144,0.6075152822725638
0.34522137976223904,0.6075152822725638
0.34525258198383724,0.6075152822725638
0.3452993853162345,0.6075152822725638
0.3453305875378327,0.6075152822725638
0.3453617897594309,0.6075152822725638
0.3453617897594309,0.6076950737144912
0.34537739087022995,0.6076950737144912
0.34537739087022995,0.6078748651564185
0.34540859309182814,0.6078748651564185
0.34547099753502447,0.6078748651564185
0.3454865986458236,0.6078748651564185
0.3455490030890199,0.6078748651564185
0.3455802053106181,0.6078748651564185
0.3455802053106181,0.6080546565983459
0.3456114075322163,0.6082344480402733
0.34564260975381444,0.6082344480402733
0.34567381197541264,0.6082344480402733
0.34576741864020716,0.6082344480402733
0.34582982308340354,0.6082344480402733
0.34586102530500173,0.6082344480402733
0.3459390308589972,0.6082344480402733
0.3459702330805953,0.6082344480402733
0.34606383974538985,0.6082344480402733
0.34607944085618897,0.6082344480402733
0.34611064307778716,0.6082344480402733
0.3461574464101844,0.6082344480402733
0.3461730475209835,0.6082344480402733
0.34631345751817527,0.608594030924128
0.34634465973977346,0.608594030924128
0.34637586196137166,0.608594030924128
0.3464694686261662,0.608594030924128
0.34654747418016163,0.608594030924128
0.3465786764017598,0.608594030924128
0.3465942775125589,0.608594030924128
0.3466254797341571,0.608594030924128
0.34664108084495615,0.608594030924128
0.34664108084495615,0.6087738223660554
0.3467190863989516,0.6087738223660554
0.3467190863989516,0.6089536138079827
0.34673468750975067,0.6089536138079827
0.34673468750975067,0.6091334052499101
0.3467502886205498,0.6091334052499101
0.34679709195294706,0.6091334052499101
0.34682829417454525,0.6091334052499101
0.3468750975069425,0.6091334052499101
0.3469999063933352,0.6093131966918375
0.3471091141689288,0.6093131966918375
0.34712471527972794,0.6093131966918375
0.3471715186121252,0.6093131966918375
0.34718711972292426,0.6093131966918375
0.34787356859808416,0.6114706939949658
0.3479203719304815,0.6116504854368932
0.34793597304128054,0.6116504854368932
0.3479827763736778,0.6116504854368932
0.348013978595276,0.6116504854368932
0.34806078192767326,0.6118302768788205
0.3480763830384723,0.6121898597626753
0.3481387874816687,0.6121898597626753
0.3481543885924678,0.6123696512046026
0.34816998970326685,0.6127292340884574
0.34820119192486504,0.6127292340884574
0.34820119192486504,0.6129090255303847
0.34821679303566416,0.6129090255303847
0.3482479952572623,0.6130888169723121
0.3482635963680614,0.6130888169723121
0.34829479858965956,0.6132686084142395
0.34832600081125775,0.6132686084142395
0.34835720303285594,0.6132686084142395
0.3484196074760523,0.6132686084142395
0.3487628319136323,0.6139877741819489
0.34880963524602954,0.6139877741819489
0.3488408374676277,0.6143473570658037
0.3488564385784268,0.6143473570658037
0.34888764080002493,0.6143473570658037
0.3489188430216231,0.6143473570658037
0.3489968485756186,0.6143473570658037
0.34902805079721677,0.6143473570658037
0.34907485412961403,0.6143473570658037
0.34919966301600674,0.6143473570658037
0.3492620674592031,0.6143473570658037
0.34930887079160033,0.6143473570658037
0.3493400730131985,0.6143473570658037
0.3494024774563949,0.6143473570658037
0.3494024774563949,0.614527148507731
0.349418078567194,0.614527148507731
0.34944928078879217,0.614527148507731
0.34946488189959124,0.614527148507731
0.3496052918967831,0.6148867313915858
0.3496052918967831,0.6152463142754405
0.34962089300758215,0.6152463142754405
0.34965209522918034,0.6152463142754405
0.34965209522918034,0.6154261057173679
0.34977690411557305,0.6156058971592953
0.3498081063371712,0.6156058971592953
0.34988611189116664,0.61596548004315
0.34990171300196576,0.61596548004315
0.34990171300196576,0.6161452714850774
0.3499329152235639,0.6161452714850774
0.3499641174451621,0.6161452714850774
0.35004212299915755,0.6161452714850774
0.35004212299915755,0.616504854368932
0.3501045274423539,0.616504854368932
0.35013572966395207,0.616504854368932
0.35030734188274204,0.616504854368932
0.35032294299354116,0.616504854368932
0.3503541452151393,0.616504854368932
0.35043215076913475,0.616504854368932
0.3504477518799339,0.6166846458108594
0.3505413585447284,0.6166846458108594
0.35061936409872385,0.6166846458108594
0.350650566320322,0.6166846458108594
0.350650566320322,0.6168644372527867
0.3506817685419202,0.6168644372527867
0.35074417298511656,0.6170442286947141
0.35075977409591563,0.6172240201366415
0.3507909763175138,0.6172240201366415
0.35175824518705734,0.6193815174397699
0.35183625074105274,0.6193815174397699
0.35185185185185186,0.6193815174397699
0.35188305407345005,0.6193815174397699
0.35196105962744545,0.6193815174397699
0.35205466629224,0.6193815174397699
0.35208586851383816,0.6193815174397699
0.3521326718462355,0.6193815174397699
0.35214827295703455,0.6197411003236246
0.3521638740678336,0.619920891765552
0.3522106774002309,0.619920891765552
0.35225748073262814,0.619920891765552
0.35230428406502545,0.619920891765552
0.35242909295141817,0.619920891765552
0.35250709850541356,0.619920891765552
0.3525226996162127,0.619920891765552
0.352585104059409,0.6201006832074794
0.3526163062810072,0.6201006832074794
0.3526163062810072,0.6202804746494067
0.35266310961340447,0.6202804746494067
0.35269431183500266,0.6202804746494067
0.352756716278199,0.6202804746494067
0.35280351961059625,0.6202804746494067
0.3528191207213954,0.6202804746494067
0.3528191207213954,0.6204602660913341
0.35283472183219444,0.6204602660913341
0.35286592405379263,0.6206400575332615
0.3528815251645917,0.6206400575332615
0.3529439296077881,0.6206400575332615
0.35295953071858716,0.6206400575332615
0.3530063340509844,0.6206400575332615
0.3530375362725826,0.6206400575332615
0.3530375362725826,0.6208198489751888
0.3530531373833817,0.6208198489751888
0.35308433960497987,0.6208198489751888
0.3531623451589753,0.6208198489751888
0.3531935473805735,0.6209996404171162
0.35322474960217165,0.6209996404171162
0.35322474960217165,0.6213592233009708
0.35328715404536803,0.6213592233009708
0.3533339573777653,0.6213592233009708
0.3533963618209617,0.6213592233009708
0.35356797403975165,0.6217188061848256
0.3535991762613498,0.6217188061848256
0.353630378482948,0.6217188061848256
0.353630378482948,0.6218985976267529
0.3536615807045462,0.6218985976267529
0.3537239851477425,0.6218985976267529
0.3537863895909389,0.6218985976267529
0.3538175918125371,0.6218985976267529
0.3538799962557334,0.6218985976267529
0.3539111984773316,0.6218985976267529
0.35395800180972886,0.6218985976267529
0.35398920403132705,0.6218985976267529
0.3540048051421261,0.6218985976267529
0.3540360073637243,0.6218985976267529
0.3540516084745234,0.6218985976267529
0.3540828106961216,0.6218985976267529
0.3541764173609161,0.6218985976267529
0.3542388218041125,0.6218985976267529
0.3542700240257106,0.6218985976267529
0.3542700240257106,0.6220783890686803
0.3543012262473088,0.6220783890686803
0.35437923180130426,0.6220783890686803
0.35467565290648695,0.6220783890686803
0.354691254017286,0.6220783890686803
0.354691254017286,0.6222581805106077
0.3547380573496833,0.6222581805106077
0.35483166401447785,0.6222581805106077
0.3548784673468751,0.6222581805106077
0.35490966956847325,0.6222581805106077
0.35494087179007144,0.6222581805106077
0.35497207401166964,0.6222581805106077
0.3549876751224687,0.6222581805106077
0.3550188773440669,0.6222581805106077
0.35503447845486596,0.6222581805106077
0.35512808511966054,0.6222581805106077
0.35520609067365594,0.622437971952535
0.35522169178445506,0.622437971952535
0.35523729289525413,0.6226177633944624
0.35525289400605325,0.6226177633944624
0.35525289400605325,0.6227975548363898
0.3552840962276514,0.6227975548363898
0.35533089956004865,0.6227975548363898
0.35537770289244597,0.6227975548363898
0.3554089051140441,0.6227975548363898
0.3554401073356423,0.6227975548363898
0.3554401073356423,0.6229773462783171
0.3554713095572405,0.6229773462783171
0.3555025117788386,0.6229773462783171
0.3555025117788386,0.6231571377202445
0.35551811288963775,0.6233369291621719
0.35551811288963775,0.6235167206040992
0.3555337140004368,0.6235167206040992
0.3555805173328341,0.6235167206040992
0.3555805173328341,0.6236965120460266
0.35564292177603046,0.6236965120460266
0.35607975287840493,0.6242358863718087
0.3561109551000031,0.6242358863718087
0.3561265562108022,0.6242358863718087
0.35617335954319945,0.6242358863718087
0.3561889606539986,0.6242358863718087
0.3561889606539986,0.6244156778137361
0.35632937065119036,0.6244156778137361
0.3564229773159849,0.6245954692556634
0.356438578426784,0.6245954692556634
0.35645417953758307,0.6247752606975908
0.35659458953477485,0.6249550521395182
0.3566725950887703,0.6249550521395182
0.3567037973103685,0.6249550521395182
0.35675060064276576,0.6249550521395182
0.3568286061967612,0.6249550521395182
0.3568442073075603,0.6249550521395182
0.35690661175075666,0.6253146350233729
0.35693781397235486,0.6253146350233729
0.3569846173047521,0.6254944264653003
0.3570002184155512,0.6254944264653003
0.35707822396954664,0.6254944264653003
0.3570938250803457,0.6254944264653003
0.3570938250803457,0.6256742179072277
0.3571562295235421,0.6256742179072277
0.3571874317451402,0.6256742179072277
0.35723423507753754,0.6256742179072277
0.3572654372991357,0.6256742179072277
0.35732784174233206,0.6256742179072277
0.3574526506287248,0.625854009349155
0.35746825173952385,0.625854009349155
0.35749945396112204,0.625854009349155
0.3575462572935193,0.625854009349155
0.3575774595151175,0.625854009349155
0.3576398639583138,0.625854009349155
0.35778027395550566,0.6260338007910824
0.3578270772879029,0.6260338007910824
0.3578738806203002,0.6260338007910824
0.35790508284189837,0.6260338007910824
0.35790508284189837,0.6262135922330098
0.35795188617429563,0.6262135922330098
0.3579986895066929,0.6262135922330098
0.35807669506068834,0.6262135922330098
0.35817030172548286,0.6262135922330098
0.35820150394708106,0.626393383674937
0.3582171050578801,0.626393383674937
0.3582171050578801,0.6265731751168644
0.3582327061686792,0.6265731751168644
0.35843552060906736,0.6269327580007191
0.35846672283066555,0.6269327580007191
0.358544728384661,0.6269327580007191
0.35862273393865646,0.6271125494426465
0.3586539361602546,0.6271125494426465
0.35874754282504917,0.6272923408845739
0.3588411494898437,0.6272923408845739
0.35888795282224095,0.6272923408845739
0.3589347561546382,0.6272923408845739
0.3589347561546382,0.6274721323265012
0.3591063683734282,0.6274721323265012
0.35912196948422725,0.6274721323265012
0.3592311772598209,0.6274721323265012
0.3592623794814191,0.6274721323265012
0.35929358170301723,0.6276519237684286
0.3595275983650036,0.6276519237684286
0.35954319947580266,0.6276519237684286
0.3595588005866018,0.627831715210356
0.35957440169740085,0.627831715210356
0.35963680614059723,0.627831715210356
0.359777216137789,0.627831715210356
0.3598084183593872,0.6280115066522833
0.3598084183593872,0.6281912980942107
0.35996442946737806,0.6285508809780654
0.3599800305781772,0.6285508809780654
0.3599800305781772,0.6287306724199928
0.35999563168897625,0.6287306724199928
0.36002683391057444,0.6287306724199928
0.3600424350213735,0.6289104638619202
0.36005803613217263,0.6289104638619202
0.36005803613217263,0.6290902553038475
0.3600736372429717,0.6290902553038475
0.3601048394645699,0.6290902553038475
0.36012044057536896,0.6290902553038475
0.3601672439077662,0.6290902553038475
0.3601984461293644,0.6290902553038475
0.36030765390495806,0.6290902553038475
0.3603388561265562,0.6290902553038475
0.36043246279135077,0.6290902553038475
0.3604636650129489,0.6290902553038475
0.36051046834534617,0.6290902553038475
0.36054167056694436,0.6290902553038475
0.36057287278854255,0.6290902553038475
0.3606196761209398,0.6290902553038475
0.36068208056413614,0.6290902553038475
0.36068208056413614,0.6292700467457749
0.36071328278573433,0.6292700467457749
0.36080688945052886,0.6292700467457749
0.36086929389372524,0.6292700467457749
0.36090049611532343,0.6294498381877023
0.36096290055851976,0.6294498381877023
0.36099410278011795,0.6294498381877023
0.361009703890917,0.6294498381877023
0.3610565072233143,0.6294498381877023
0.3610877094449125,0.6296296296296297
0.361181316109707,0.6296296296296297
0.36122811944210426,0.6296296296296297
0.36122811944210426,0.629809421071557
0.36125932166370245,0.629809421071557
0.3613061249960997,0.629809421071557
0.3613685294392961,0.629809421071557
0.36138413055009516,0.629809421071557
0.36138413055009516,0.6299892125134844
0.36141533277169335,0.6299892125134844
0.36141533277169335,0.6301690039554118
0.3614309338824924,0.6301690039554118
0.3614309338824924,0.6303487953973391
0.3614777372148897,0.6303487953973391
0.3614777372148897,0.6305285868392665
0.3615089394364879,0.6305285868392665
0.36155574276888514,0.6305285868392665
0.36177415832007237,0.6305285868392665
0.36180536054167056,0.6305285868392665
0.36183656276326875,0.6305285868392665
0.3618521638740678,0.6305285868392665
0.361883366095666,0.6305285868392665
0.3619301694280633,0.6305285868392665
0.3620393772036569,0.6305285868392665
0.3620393772036569,0.6307083782811939
0.362054978314456,0.6308881697231212
0.3621485849792505,0.6308881697231212
0.3622109894224469,0.6308881697231212
0.36228899497644235,0.6308881697231212
0.36264782052482136,0.6310679611650486
0.36266342163562043,0.6310679611650486
0.3626946238572186,0.6310679611650486
0.3627414271896159,0.6310679611650486
0.362757028300415,0.6310679611650486
0.36285063496520953,0.6312477526069759
0.3628662360760086,0.6312477526069759
0.3629910449624013,0.6316073354908306
0.3630222471839995,0.6316073354908306
0.3630222471839995,0.631787126932758
0.36310025273799496,0.631787126932758
0.36313145495959315,0.631787126932758
0.3631938594027895,0.631787126932758
0.36324066273518674,0.6319669183746853
0.36325626384598586,0.6321467098166127
0.36327186495678493,0.6321467098166127
0.3633186682891822,0.6321467098166127
0.36336547162157945,0.6321467098166127
0.3637242971699585,0.6325062927004674
0.3637711005023558,0.6325062927004674
0.36388030827794937,0.6325062927004674
0.36388030827794937,0.6326860841423948
0.3638959093887485,0.6328658755843222
0.36392711161034663,0.6328658755843222
0.36394271272114576,0.6328658755843222
0.36408312271833754,0.6328658755843222
0.3641455271615339,0.6328658755843222
0.3642235327155293,0.6330456670262495
0.36423913382632844,0.6330456670262495
0.36423913382632844,0.6332254584681769
0.3642859371587257,0.6332254584681769
0.3642859371587257,0.6334052499101043
0.3643171393803239,0.6334052499101043
0.3644107460451184,0.6334052499101043
0.3644575493775157,0.6334052499101043
0.36453555493151113,0.6334052499101043
0.3645511560423102,0.6334052499101043
0.3645667571531093,0.6335850413520316
0.36459795937470746,0.6335850413520316
0.36462916159630565,0.633764832793959
0.3646447627071047,0.633764832793959
0.36469156603950204,0.633764832793959
0.3647383693718993,0.633764832793959
0.3648007738150956,0.633764832793959
0.3648475771474929,0.633764832793959
0.3648787793690911,0.633764832793959
0.36494118381228746,0.633764832793959
0.3650971949202783,0.633764832793959
0.36519080158507283,0.633764832793959
0.365222003806671,0.633764832793959
0.36536241380386286,0.633764832793959
0.365393616025461,0.633764832793959
0.36544041935785826,0.633764832793959
0.3655496271334519,0.633764832793959
0.365565228244251,0.633764832793959
0.36559643046584916,0.633764832793959
0.3656432337982464,0.6343042071197411
0.3656432337982464,0.6344839985616685
0.36565883490904555,0.6344839985616685
0.3656900371306437,0.6344839985616685
0.3657212393522419,0.6344839985616685
0.36579924490623733,0.6344839985616685
0.3659396549034291,0.6344839985616685
0.3659708571250273,0.6344839985616685
0.36601766045742457,0.6344839985616685
0.36604886267902276,0.6344839985616685
0.3660644637898218,0.6346637900035959
0.36608006490062095,0.6346637900035959
0.3661112671222191,0.6346637900035959
0.36622047489781273,0.6346637900035959
0.3662516771194109,0.6346637900035959
0.36628287934100906,0.6346637900035959
0.3664076882274018,0.6348435814455232
0.36645449155979903,0.6348435814455232
0.36647009267059816,0.6348435814455232
0.36650129489219635,0.6348435814455232
0.3665168960029954,0.6348435814455232
0.3665480982245936,0.6350233728874506
0.36657930044619175,0.6350233728874506
0.36670410933258446,0.6350233728874506
0.3667509126649817,0.6350233728874506
0.3668133171081781,0.6350233728874506
0.3668445193297763,0.6350233728874506
0.36687572155137443,0.6350233728874506
0.36689132266217356,0.6350233728874506
0.3669537271053699,0.6350233728874506
0.366969328216169,0.635203164329378
0.366969328216169,0.6353829557713053
0.36700053043776715,0.6353829557713053
0.36701613154856627,0.6353829557713053
0.36701613154856627,0.6355627472132327
0.36703173265936534,0.6357425386551601
0.36704733377016446,0.6357425386551601
0.36704733377016446,0.6364617044228694
0.36706293488096353,0.6364617044228694
0.36706293488096353,0.6366414958647968
0.367140940434959,0.6366414958647968
0.3672501482105526,0.6366414958647968
0.368201815969297,0.6371808701905789
0.36826422041249335,0.6371808701905789
0.36826422041249335,0.6373606616325063
0.36827982152329247,0.6373606616325063
0.3683110237448906,0.6373606616325063
0.3683422259664888,0.6373606616325063
0.36845143374208245,0.6380798274002157
0.3685294392960779,0.6380798274002157
0.36860744485007335,0.6380798274002157
0.3686542481824706,0.6380798274002157
0.36868545040406875,0.6380798274002157
0.3687010515148679,0.6380798274002157
0.36871665262566694,0.6382596188421431
0.368732253736466,0.6382596188421431
0.3687790570688633,0.6382596188421431
0.3687946581796624,0.6382596188421431
0.3688570626228587,0.6386192017259978
0.36890386595525604,0.6386192017259978
0.36899747262005056,0.6386192017259978
0.3690598770632469,0.6387989931679252
0.369075478174046,0.6387989931679252
0.36910668039564415,0.6389787846098526
0.3691222815064433,0.63915857605178
0.36916908483884053,0.63915857605178
0.36916908483884053,0.6393383674937073
0.3692002870604387,0.6393383674937073
0.36923148928203686,0.6393383674937073
0.36929389372523325,0.6393383674937073
0.3693094948360323,0.6393383674937073
0.3693718992792287,0.6393383674937073
0.3693718992792287,0.639697950377562
0.36944990483322415,0.639697950377562
0.3695123092764205,0.6398777418194894
0.36952791038721955,0.6398777418194894
0.36955911260881774,0.6398777418194894
0.36959031483041593,0.6400575332614168
0.369605915941215,0.6400575332614168
0.3697307248276077,0.6400575332614168
0.36980873038160317,0.6400575332614168
0.36983993260320136,0.6402373247033442
0.3699023370463977,0.6402373247033442
0.3699179381571968,0.6402373247033442
0.3699179381571968,0.6404171161452715
0.36998034260039314,0.6404171161452715
0.37001154482199133,0.6404171161452715
0.37007394926518766,0.6404171161452715
0.37010515148678585,0.6404171161452715
0.3701519548191831,0.6404171161452715
0.3701831570407813,0.6404171161452715
0.37024556148397764,0.6405969075871989
0.37026116259477676,0.6407766990291263
0.3703547692595713,0.6407766990291263
0.3703547692595713,0.6409564904710536
0.3704483759243658,0.6409564904710536
0.3704639770351649,0.6409564904710536
0.37052638147836126,0.6409564904710536
0.3705731848107585,0.6409564904710536
0.3706199881431558,0.6413160733549083
0.37066679147555304,0.6413160733549083
0.37069799369715123,0.6413160733549083
0.3707447970295485,0.6413160733549083
0.3707759992511467,0.6413160733549083
0.3708696059159412,0.6413160733549083
0.3709008081375394,0.641675656238763
0.37101001591313304,0.641675656238763
0.3710412181347312,0.6418554476806904
0.37107242035632937,0.6418554476806904
0.37113482479952575,0.6418554476806904
0.37113482479952575,0.6422150305645451
0.3711504259103248,0.6422150305645451
0.371181628131923,0.6422150305645451
0.3711972292427221,0.6422150305645451
0.3712284314643203,0.6422150305645451
0.37124403257511934,0.6422150305645451
0.37127523479671753,0.6422150305645451
0.3713064370183157,0.6422150305645451
0.37133763923991386,0.6423948220064725
0.37133763923991386,0.6425746134483998
0.371353240350713,0.6425746134483998
0.371353240350713,0.6427544048903272
0.3714468470155075,0.6427544048903272
0.3714468470155075,0.6429341963322546
0.37149365034790477,0.6429341963322546
0.37150925145870384,0.6429341963322546
0.37152485256950296,0.6431139877741819
0.37154045368030203,0.6431139877741819
0.37154045368030203,0.6432937792161093
0.37166526256669474,0.6434735706580367
0.3716808636774938,0.643653362099964
0.3717276670098911,0.643653362099964
0.3717432681206902,0.643653362099964
0.3717744703422884,0.643653362099964
0.3718368747854847,0.643653362099964
0.3718368747854847,0.6438331535418914
0.37185247589628384,0.6438331535418914
0.37193048145027924,0.6438331535418914
0.37196168367187743,0.6438331535418914
0.3720084870042747,0.6438331535418914
0.3720396892258729,0.6438331535418914
0.37205529033667195,0.6438331535418914
0.37208649255827014,0.6438331535418914
0.3721020936690692,0.6438331535418914
0.3721332958906674,0.6438331535418914
0.3721644981122656,0.6438331535418914
0.37221130144466286,0.6438331535418914
0.37224250366626105,0.6438331535418914
0.37224250366626105,0.6440129449838188
0.37227370588785924,0.6440129449838188
0.3722893069986583,0.6441927364257461
0.37341258697619273,0.6458108594030925
0.3734281880869918,0.6458108594030925
0.3734905925301881,0.6458108594030925
0.37350619364098725,0.6461704422869471
0.3735529969733845,0.6461704422869471
0.3735529969733845,0.6463502337288745
0.37359980030578177,0.6463502337288745
0.37363100252737996,0.6463502337288745
0.373989828075759,0.6463502337288745
0.3740054291865581,0.6463502337288745
0.37403663140815624,0.6463502337288745
0.3741458391837499,0.6463502337288745
0.37422384473774534,0.6463502337288745
0.37422384473774534,0.6465300251708018
0.37425504695934353,0.6465300251708018
0.37428624918094167,0.6465300251708018
0.37428624918094167,0.6467098166127292
0.3743018502917408,0.6467098166127292
0.3743330525133389,0.6467098166127292
0.3743642547349371,0.6467098166127292
0.3744266591781335,0.6467098166127292
0.37444226028893257,0.6467098166127292
0.3745982713969235,0.6472491909385113
0.37467627695091893,0.6472491909385113
0.37470747917251707,0.6472491909385113
0.3747230802833162,0.6472491909385113
0.3747854847265125,0.6472491909385113
0.3748478891697089,0.6472491909385113
0.37489469250210616,0.6472491909385113
0.37489469250210616,0.6474289823804387
0.37491029361290523,0.6474289823804387
0.3749258947237043,0.647608773822366
0.3749882991669007,0.647608773822366
0.37500390027769975,0.647608773822366
0.37500390027769975,0.6477885652642934
0.37506630472089614,0.6477885652642934
0.37512870916409247,0.6479683567062208
0.3751755124964897,0.6479683567062208
0.37519111360728885,0.6479683567062208
0.37519111360728885,0.6481481481481481
0.3752379169396861,0.6481481481481481
0.3752535180504852,0.6483279395900755
0.3752691191612843,0.6483279395900755
0.3753471247152797,0.6483279395900755
0.3753627258260788,0.6483279395900755
0.3753783269368779,0.6485077310320029
0.3754095291584761,0.6485077310320029
0.3754407313800743,0.6485077310320029
0.3754719336016724,0.6485077310320029
0.37558114137726606,0.649047105357785
0.37564354582046244,0.649047105357785
0.37573715248525696,0.649047105357785
0.37573715248525696,0.6494066882416397
0.3757839558176542,0.6494066882416397
0.3758151580392524,0.6494066882416397
0.3758307591500515,0.6495864796835671
0.3758619613716497,0.6495864796835671
0.3758619613716497,0.6497662711254945
0.3758931635932478,0.6497662711254945
0.37590876470404694,0.6497662711254945
0.3759555680364442,0.6497662711254945
0.37603357359043965,0.6497662711254945
0.37606477581203784,0.6497662711254945
0.3761115791444351,0.6497662711254945
0.37615838247683236,0.6501258540093492
0.3762363880308278,0.6501258540093492
0.3762363880308278,0.6503056454512766
0.37626759025242595,0.6503056454512766
0.37629879247402415,0.6503056454512766
0.3763455958064214,0.6504854368932039
0.37642360136041686,0.6504854368932039
0.3765016069144123,0.6504854368932039
0.3765328091360105,0.6504854368932039
0.3765484102468096,0.6504854368932039
0.3765484102468096,0.6506652283351313
0.37656401135760864,0.6506652283351313
0.37657961246840777,0.6508450197770587
0.3766108146900059,0.6508450197770587
0.376626415800805,0.6508450197770587
0.3766732191332023,0.6510248112189859
0.3767044213548005,0.6510248112189859
0.37678242690879593,0.6510248112189859
0.37681362913039407,0.6510248112189859
0.37687603357359045,0.6510248112189859
0.3769228369059877,0.6510248112189859
0.3769540391275859,0.6510248112189859
0.3770632469031795,0.6510248112189859
0.37711005023557675,0.6510248112189859
0.3771256513463759,0.6510248112189859
0.377156853567974,0.6510248112189859
0.3772504602327686,0.6510248112189859
0.37729726356516585,0.6510248112189859
0.3773128646759649,0.6510248112189859
0.3773596680083622,0.6510248112189859
0.3773752691191613,0.6510248112189859
0.37742207245155857,0.6510248112189859
0.3774532746731567,0.6510248112189859
0.37753128022715216,0.6510248112189859
0.37753128022715216,0.6512046026609133
0.3775468813379513,0.6512046026609133
0.37759368467034854,0.6512046026609133
0.3777652968891385,0.6512046026609133
0.3777652968891385,0.651564185544768
0.3777964991107367,0.6517439769866954
0.37784330244313397,0.6519237684286228
0.3778745046647321,0.6519237684286228
0.3779681113295267,0.6519237684286228
0.3779993135511248,0.6519237684286228
0.37801491466192394,0.6519237684286228
0.3782957346563075,0.6521035598705501
0.3782957346563075,0.6522833513124775
0.3783269368779057,0.6522833513124775
0.3783269368779057,0.6524631427544049
0.3783581390995039,0.6524631427544049
0.3783893413211021,0.6524631427544049
0.3784517457642984,0.6526429341963322
0.37849854909669567,0.6528227256382596
0.37854535242909293,0.6528227256382596
0.3785765546506911,0.6528227256382596
0.37859215576149025,0.6528227256382596
0.3786389590938875,0.653002517080187
0.3786389590938875,0.6531823085221143
0.37867016131548564,0.6531823085221143
0.378732565758682,0.6531823085221143
0.3787637679802802,0.6531823085221143
0.37879497020187836,0.6531823085221143
0.3788729757558738,0.6531823085221143
0.37888857686667293,0.6531823085221143
0.3789353801990702,0.6531823085221143
0.37895098130986926,0.6531823085221143
0.3789977846422665,0.6531823085221143
0.3790601890854629,0.6531823085221143
0.379075790196262,0.6531823085221143
0.379075790196262,0.6533620999640417
0.37912259352865924,0.6533620999640417
0.37937221130144466,0.6533620999640417
0.3794658179662392,0.6533620999640417
0.3794970201878374,0.6533620999640417
0.37951262129863644,0.6533620999640417
0.37951262129863644,0.6535418914059691
0.37952822240943557,0.6535418914059691
0.37954382352023464,0.6537216828478964
0.3795906268526319,0.6537216828478964
0.3795906268526319,0.6539014742898238
0.37963743018502916,0.6539014742898238
0.37966863240662735,0.6539014742898238
0.37976223907142187,0.6539014742898238
0.37979344129302006,0.6539014742898238
0.3798558457362164,0.6539014742898238
0.3798870479578146,0.6539014742898238
0.37993385129021184,0.6539014742898238
0.37999625573340823,0.6539014742898238
0.3801054635090018,0.6539014742898238
0.3801366657306,0.6539014742898238
0.3801678679521982,0.6539014742898238
0.3801990701737964,0.6539014742898238
0.38023027239539453,0.6539014742898238
0.3802614746169927,0.6539014742898238
0.38035508128178724,0.6539014742898238
0.38037068239258637,0.6539014742898238
0.3804642890573809,0.6539014742898238
0.38047989016817996,0.6539014742898238
0.3809791257137508,0.6546206400575333
0.38099472682454993,0.6546206400575333
0.38099472682454993,0.6548004314994607
0.38102592904614807,0.6548004314994607
0.38107273237854533,0.6548004314994607
0.38107273237854533,0.654980222941388
0.3811039346001435,0.654980222941388
0.3811663390433399,0.654980222941388
0.38122874348653624,0.654980222941388
0.3812443445973353,0.654980222941388
0.3812755468189335,0.654980222941388
0.3812911479297326,0.654980222941388
0.3813379512621299,0.6551600143833154
0.38135355237292895,0.6551600143833154
0.38150956348091986,0.6553398058252428
0.3815251645917189,0.6555195972671701
0.3816031701457144,0.6555195972671701
0.3818215856969016,0.6555195972671701
0.38183718680770073,0.6555195972671701
0.38183718680770073,0.6556993887090975
0.38186838902929887,0.6556993887090975
0.38189959125089706,0.6556993887090975
0.3819775968048925,0.6558791801510249
0.38205560235888797,0.6558791801510249
0.38207120346968704,0.6558791801510249
0.3821336079128834,0.6558791801510249
0.3821492090236825,0.6560589715929521
0.38219601235607975,0.6562387630348795
0.3822116134668788,0.6562387630348795
0.382242815688477,0.6562387630348795
0.38235202346407066,0.6564185544768069
0.3824300290180661,0.6564185544768069
0.38246123123966425,0.6564185544768069
0.38247683235046337,0.6564185544768069
0.38252363568286063,0.6565983459187342
0.3825548379044588,0.6565983459187342
0.38277325345564606,0.6567781373606616
0.3827888545664451,0.6567781373606616
0.3828200567880433,0.6567781373606616
0.3829292645636369,0.6567781373606616
0.3829604667852351,0.6567781373606616
0.38303847233923055,0.6567781373606616
0.3830852756716278,0.6567781373606616
0.3831320790040251,0.656957928802589
0.3832256856688196,0.656957928802589
0.3832256856688196,0.6571377202445163
0.3832412867796187,0.6571377202445163
0.38352210677400234,0.6571377202445163
0.3835533089956005,0.6571377202445163
0.3835689101063996,0.6571377202445163
0.38358451121719866,0.6573175116864437
0.3836937189927923,0.6573175116864437
0.38372492121439045,0.6573175116864437
0.38375612343598864,0.6574973031283711
0.3837717245467877,0.6576770945702984
0.3838029267683859,0.6576770945702984
0.3839589378763768,0.6576770945702984
0.38402134231957313,0.6576770945702984
0.38403694343037226,0.6576770945702984
0.3840525445411713,0.6578568860122258
0.3840525445411713,0.6580366774541532
0.3841305500951668,0.6580366774541532
0.3841305500951668,0.6582164688960805
0.38414615120596585,0.6582164688960805
0.3841929545383631,0.6582164688960805
0.38420855564916223,0.6582164688960805
0.3842397578707604,0.6582164688960805
0.38433336453555494,0.6582164688960805
0.384348965646354,0.6583962603380079
0.3843801678679522,0.6583962603380079
0.38442697120034947,0.6583962603380079
0.38445817342194766,0.6583962603380079
0.3844893756435458,0.6583962603380079
0.3845361789759431,0.6583962603380079
0.3845517800867422,0.6583962603380079
0.3846453867515367,0.6583962603380079
0.3846765889731349,0.6583962603380079
0.38472339230553215,0.6583962603380079
0.3847701956379294,0.6583962603380079
0.3848013978595276,0.6583962603380079
0.3849418078567194,0.6585760517799353
0.38498861118911665,0.6585760517799353
0.3850354145215139,0.6587558432218626
0.3850354145215139,0.65893563466379
0.38505101563231303,0.65893563466379
0.3850978189647103,0.65893563466379
0.3851290211863085,0.65893563466379
0.3851290211863085,0.6591154261057174
0.3852382289619021,0.6592952175476448
0.38528503229429933,0.6592952175476448
0.38528503229429933,0.6594750089895721
0.3853162345158975,0.6594750089895721
0.3853786389590939,0.6594750089895721
0.3855034478454866,0.6594750089895721
0.3855034478454866,0.6596548004314995
0.38553465006708476,0.6596548004314995
0.38556585228868295,0.6596548004314995
0.3856594589534775,0.6596548004314995
0.3857998689506693,0.6596548004314995
0.3858154700614684,0.6596548004314995
0.38584667228306657,0.6596548004314995
0.3858778745046647,0.6596548004314995
0.3859090767262629,0.6598345918734269
0.38595588005866016,0.6598345918734269
0.38601828450185655,0.6598345918734269
0.3860338856126556,0.6598345918734269
0.3860338856126556,0.6600143833153542
0.3866579300446192,0.6607335490830637
0.3866891322662174,0.6607335490830637
0.38673593559861463,0.6607335490830637
0.3867515367094137,0.6607335490830637
0.38700115448219913,0.6610931319669183
0.3870479578145964,0.6610931319669183
0.3870791600361946,0.6610931319669183
0.38712596336859184,0.6610931319669183
0.3871727667009891,0.6610931319669183
0.3871883678117882,0.6610931319669183
0.3872039689225873,0.6612729234088457
0.38732877780898,0.6612729234088457
0.38732877780898,0.6614527148507731
0.38739118225217634,0.6614527148507731
0.3874379855845736,0.6614527148507731
0.387859215576149,0.6614527148507731
0.387859215576149,0.6616325062927004
0.3878748166869481,0.6616325062927004
0.3879840244625417,0.6618122977346278
0.3880152266841399,0.6618122977346278
0.3881088333489344,0.6619920891765552
0.3881556366813317,0.6619920891765552
0.3884364566757153,0.6619920891765552
0.3884364566757153,0.6621718806184825
0.38848326000811256,0.6621718806184825
0.3887016755592998,0.6623516720604099
0.38881088333489344,0.6623516720604099
0.3888732877780898,0.6623516720604099
0.38890448999968796,0.6623516720604099
0.3889512933320852,0.6623516720604099
0.3889824955536834,0.6623516720604099
0.3889980966644825,0.6623516720604099
0.3890136977752816,0.6625314635023373
0.3890292988860807,0.6625314635023373
0.3890292988860807,0.6627112549442646
0.38906050110767887,0.6627112549442646
0.3893101188804643,0.6627112549442646
0.3893101188804643,0.662891046386192
0.3894193266560579,0.662891046386192
0.3894661299884552,0.662891046386192
0.38951293332085246,0.662891046386192
0.3895597366532497,0.662891046386192
0.3895909388748479,0.6630708378281194
0.3895909388748479,0.6632506292700467
0.38962214109644605,0.6632506292700467
0.3897313488720397,0.6637900035958288
0.389793753315236,0.6637900035958288
0.3898249555368342,0.6637900035958288
0.3898561577584324,0.6637900035958288
0.38990296109082967,0.6637900035958288
0.3900121688664233,0.6637900035958288
0.39004337108802145,0.6637900035958288
0.3900901744204187,0.6637900035958288
0.3901837810852133,0.6637900035958288
0.39032419108240507,0.6637900035958288
0.39033979219320414,0.6639697950377562
0.39037099441480233,0.6639697950377562
0.3904177977471996,0.6639697950377562
0.3904177977471996,0.6641495864796836
0.3904333988579987,0.6641495864796836
0.39046460107959685,0.664329377921611
0.39049580330119504,0.664329377921611
0.39052700552279324,0.664329377921611
0.39052700552279324,0.6645091693635383
0.3905738088551905,0.6645091693635383
0.3906050110767887,0.6645091693635383
0.3907298199631814,0.6645091693635383
0.39077662329557866,0.6645091693635383
0.39079222440637773,0.6645091693635383
0.3908234266279759,0.6646889608054657
0.3909014321819714,0.6646889608054657
0.39104184217916316,0.6648687522473931
0.39107304440076135,0.6648687522473931
0.39107304440076135,0.6650485436893204
0.3911042466223595,0.6650485436893204
0.3911198477331586,0.6650485436893204
0.39121345439795313,0.6650485436893204
0.3912290555087522,0.6650485436893204
0.3912602577303504,0.6650485436893204
0.3912914599519486,0.6650485436893204
0.3914162688383413,0.6650485436893204
0.3915254766139349,0.6650485436893204
0.3915566788355331,0.6650485436893204
0.39158788105713127,0.6650485436893204
0.3916502855003276,0.6650485436893204
0.39179069549751944,0.6650485436893204
0.3918687010515149,0.6652283351312478
0.391899903273113,0.6652283351312478
0.3919311054947112,0.6654081265731752
0.3919935099379076,0.6654081265731752
0.39202471215950574,0.6654081265731752
0.3921339199350994,0.6654081265731752
0.39218072326749664,0.6654081265731752
0.392414739929483,0.6654081265731752
0.3924927454834784,0.6654081265731752
0.3925239477050766,0.6654081265731752
0.39257075103747385,0.6654081265731752
0.39263315548067024,0.6654081265731752
0.3926487565914693,0.6654081265731752
0.3927111610346657,0.6654081265731752
0.3927891665886611,0.6654081265731752
0.3927891665886611,0.6655879180151025
0.3928047676994602,0.6655879180151025
0.3928359699210584,0.6655879180151025
0.3929295765858529,0.6655879180151025
0.3929295765858529,0.6657677094570299
0.3929763799182502,0.6657677094570299
0.3930075821398484,0.6657677094570299
0.3930387843614465,0.6657677094570299
0.3931011888046429,0.6657677094570299
0.3931635932478392,0.6657677094570299
0.3931947954694374,0.6659475008989572
0.39327280102343287,0.6659475008989572
0.3933976099098256,0.6659475008989572
0.3934600143530219,0.6659475008989572
0.3935068176854192,0.6659475008989572
0.39353801990701737,0.6659475008989572
0.3935536210178165,0.6659475008989572
0.3936160254610128,0.6659475008989572
0.3936628287934101,0.6659475008989572
0.39370963212580734,0.6659475008989572
0.39372523323660646,0.6661272923408845
0.3938032387906019,0.6661272923408845
0.393818839901401,0.6661272923408845
0.3938812443445973,0.6663070837828119
0.3939280476769946,0.6663070837828119
0.39395924989859277,0.6663070837828119
0.3939748510093919,0.6663070837828119
0.39402165434178915,0.6663070837828119
0.3940372554525882,0.6663070837828119
0.3940372554525882,0.6664868752247393
0.3940684576741864,0.6664868752247393
0.3940996598957846,0.6666666666666666
0.3941152610065837,0.6666666666666666
0.39413086211738274,0.666846458108594
0.39414646322818186,0.666846458108594
0.39417766544978,0.666846458108594
0.3942400698929764,0.666846458108594
0.3943024743361727,0.6670262495505214
0.3943336765577709,0.6670262495505214
0.39434927766857,0.6672060409924487
0.3943960810009673,0.6672060409924487
0.3944740865549627,0.6672060409924487
0.3945364909981591,0.6672060409924487
0.39455209210895814,0.6672060409924487
0.3946300976629536,0.6672060409924487
0.3946612998845518,0.6672060409924487
0.3947237043277481,0.6672060409924487
0.39473930543854724,0.6672060409924487
0.39542575431370713,0.6684645810859403
0.3954725576461044,0.6684645810859403
0.39555056320009985,0.668824163969795
0.39564416986489437,0.668824163969795
0.39564416986489437,0.6690039554117224
0.3956597709756935,0.6690039554117224
0.3956597709756935,0.6691837468536498
0.39569097319729163,0.6691837468536498
0.3957221754188898,0.6691837468536498
0.39584698430528253,0.6691837468536498
0.3958625854160816,0.6691837468536498
0.3958937876376798,0.6695433297375045
0.3960185965240725,0.6695433297375045
0.3960497987456707,0.6695433297375045
0.39611220318886703,0.6695433297375045
0.3961434054104652,0.6695433297375045
0.3961746076320634,0.6695433297375045
0.3963306187400543,0.6697231211794319
0.3963462198508534,0.6699029126213593
0.39639302318325065,0.6699029126213593
0.396455427626447,0.6699029126213593
0.39654903429124155,0.6699029126213593
0.3966114387344379,0.6699029126213593
0.39711067428000874,0.6706220783890687
0.3971418765016069,0.6706220783890687
0.39720428094480326,0.6706220783890687
0.3972510842772005,0.6706220783890687
0.3972822864987987,0.6706220783890687
0.3972978876095978,0.670801869830996
0.3973446909419951,0.670801869830996
0.39737589316359323,0.670801869830996
0.39737589316359323,0.6709816612729234
0.3974070953851914,0.6709816612729234
0.3975631064931823,0.6709816612729234
0.3975787076039814,0.6709816612729234
0.3976723142687759,0.6709816612729234
0.3977035164903741,0.6709816612729234
0.3977659209335705,0.6711614527148507
0.3978907298199632,0.6713412441567781
0.39795313426315954,0.6713412441567781
0.3979687353739586,0.6713412441567781
0.39807794314955225,0.6717008270406328
0.3980935442603513,0.6717008270406328
0.3981247464819495,0.6717008270406328
0.3981403475927486,0.6717008270406328
0.3981403475927486,0.6718806184825602
0.39821835314674403,0.6718806184825602
0.3982807575899404,0.6720604099244876
0.39834316203313674,0.6720604099244876
0.39843676869793127,0.6720604099244876
0.39846797091952946,0.6720604099244876
0.39849917314112765,0.6720604099244876
0.39853037536272584,0.6720604099244876
0.39853037536272584,0.6722402013664149
0.3985459764735249,0.6722402013664149
0.3985459764735249,0.6724199928083423
0.3985771786951231,0.6724199928083423
0.39862398202752036,0.6724199928083423
0.39863958313831943,0.6724199928083423
0.39892040313270305,0.6729593671341244
0.3989360042435021,0.6729593671341244
0.3989672064651003,0.6731391585760518
0.39901400979749757,0.6731391585760518
0.39904521201909576,0.6731391585760518
0.3991700209054885,0.6731391585760518
0.3992324253486848,0.6731391585760518
0.39924802645948393,0.6733189500179791
0.39931043090268026,0.6733189500179791
0.3993260320134794,0.6733189500179791
0.3993572342350775,0.6733189500179791
0.3994040375674748,0.6733189500179791
0.39943523978907297,0.6733189500179791
0.39946644201067116,0.6733189500179791
0.39948204312147023,0.6733189500179791
0.39948204312147023,0.6734987414599065
0.3995132453430684,0.6734987414599065
0.39991887422384476,0.6734987414599065
0.3999812786670411,0.6734987414599065
0.40002808199943835,0.6734987414599065
0.40009048644263473,0.6734987414599065
0.400137289775032,0.6734987414599065
0.4001996942182283,0.6734987414599065
0.4002464975506256,0.6734987414599065
0.4002620986614247,0.6734987414599065
0.4002620986614247,0.6736785329018339
0.40030890199382196,0.6736785329018339
0.40034010421542016,0.6736785329018339
0.4003713064370183,0.6736785329018339
0.40046491310181287,0.6736785329018339
0.400496115323411,0.6736785329018339
0.40054291865580827,0.6738583243437613
0.40057412087740646,0.6738583243437613
0.4006209242098037,0.6738583243437613
0.4006521264314019,0.6738583243437613
0.400667727542201,0.6738583243437613
0.40069892976379917,0.6740381157856886
0.40073013198539736,0.6740381157856886
0.40074573309619643,0.6740381157856886
0.4007925364285937,0.6740381157856886
0.4008237386501919,0.6740381157856886
0.4008549408717901,0.6740381157856886
0.40157259196854816,0.6751168644372528
0.40157259196854816,0.6752966558791802
0.4016349964117445,0.6752966558791802
0.4016349964117445,0.6754764473211076
0.4016505975225436,0.6754764473211076
0.4016974008549409,0.6756562387630349
0.40172860307653907,0.6756562387630349
0.40172860307653907,0.6758360302049622
0.40174420418733814,0.6760158216468896
0.4017910075197354,0.6760158216468896
0.4017910075197354,0.6761956130888169
0.4018222097413336,0.6761956130888169
0.4018534119629318,0.6761956130888169
0.40190021529532904,0.6761956130888169
0.4019158164061281,0.6761956130888169
0.40202502418172176,0.6761956130888169
0.4020406252925208,0.6761956130888169
0.4020874286249181,0.6765551959726717
0.40213423195731535,0.6765551959726717
0.40216543417891354,0.6765551959726717
0.40222783862210987,0.6765551959726717
0.40225904084370806,0.6765551959726717
0.4023370463977035,0.6765551959726717
0.4023526475085026,0.6765551959726717
0.4023994508408999,0.6765551959726717
0.4024618552840962,0.6765551959726717
0.4025086586164935,0.6765551959726717
0.40268027083528346,0.676734987414599
0.4026958719460826,0.676734987414599
0.4027582763892789,0.676734987414599
0.4029142874972698,0.676734987414599
0.40342912415363974,0.6772743617403811
0.4035071297076352,0.6772743617403811
0.40355393304003245,0.6772743617403811
0.4035695341508315,0.6774541531823085
0.4036007363724297,0.6774541531823085
0.4036319385940279,0.6774541531823085
0.40367874192642517,0.6776339446242359
0.4037723485912197,0.6776339446242359
0.4040843708072015,0.6778137360661632
0.40413117413959876,0.6778137360661632
0.404177977471996,0.6778137360661632
0.4042247808043933,0.6778137360661632
0.4043183874691878,0.6779935275080906
0.40436519080158506,0.6779935275080906
0.40439639302318325,0.678173318950018
0.4044119941339823,0.678173318950018
0.4044119941339823,0.6783531103919453
0.40442759524478145,0.6783531103919453
0.4044587974663796,0.6783531103919453
0.40453680302037504,0.6783531103919453
0.4045836063527723,0.6787126932758001
0.4046148085743705,0.6787126932758001
0.40463040968516956,0.6787126932758001
0.40466161190676775,0.6787126932758001
0.4046772130175669,0.6787126932758001
0.40472401634996413,0.6787126932758001
0.4047396174607632,0.6787126932758001
0.40475521857156227,0.6788924847177275
0.4047708196823614,0.6788924847177275
0.4048020219039596,0.6790722761596548
0.4048956285687541,0.6790722761596548
0.4049268307903523,0.6790722761596548
0.40497363412274956,0.6790722761596548
0.40498923523354863,0.6790722761596548
0.4050360385659459,0.6790722761596548
0.4051296452307404,0.6790722761596548
0.4051608474523386,0.6792520676015822
0.4051920496739368,0.6792520676015822
0.405223251895535,0.6792520676015822
0.4053168585603295,0.6796116504854369
0.4053480607819277,0.6796116504854369
0.40537926300352584,0.6796116504854369
0.40541046522512403,0.6796116504854369
0.4054416674467222,0.6797914419273643
0.40547286966832036,0.6797914419273643
0.40559767855471307,0.6805106076950738
0.40569128521950765,0.6805106076950738
0.4057380885519049,0.6805106076950738
0.40580049299510124,0.6805106076950738
0.4058784985490967,0.6805106076950738
0.4059097007706949,0.6805106076950738
0.4059097007706949,0.6806903991370011
0.40592530188149395,0.6806903991370011
0.40625292520827483,0.6806903991370011
0.40631532965147116,0.6806903991370011
0.40634653187306935,0.6806903991370011
0.4065805485350557,0.6808701905789284
0.4066117507566539,0.6808701905789284
0.4066897563106493,0.6808701905789284
0.4066897563106493,0.6810499820208558
0.4067053574214484,0.6810499820208558
0.40673655964304656,0.6812297734627831
0.40676776186464475,0.6812297734627831
0.40679896408624294,0.6812297734627831
0.40686136852943927,0.6812297734627831
0.40689257075103746,0.6812297734627831
0.40695497519423385,0.6812297734627831
0.406986177415832,0.6812297734627831
0.40706418296982744,0.6812297734627831
0.40709538519142563,0.6815893563466379
0.4071109863022247,0.6815893563466379
0.40715778963462196,0.6815893563466379
0.40718899185622015,0.6815893563466379
0.4072357951886174,0.6819489392304926
0.40725139629941653,0.6819489392304926
0.40728259852101467,0.6819489392304926
0.4072981996318138,0.6819489392304926
0.4073918062966083,0.6819489392304926
0.4074542107398047,0.6819489392304926
0.40751661518300103,0.6819489392304926
0.4075478174045992,0.6819489392304926
0.4075634185153983,0.6819489392304926
0.40761022184779555,0.68212873067242
0.40764142406939374,0.68212873067242
0.40764142406939374,0.6823085221143473
0.40767262629099194,0.6823085221143473
0.40773503073418826,0.6823085221143473
0.4077506318449874,0.6824883135562747
0.40776623295578646,0.6824883135562747
0.407859839620581,0.6824883135562747
0.40790664295297824,0.6824883135562747
0.40790664295297824,0.6826681049982021
0.40800024961777276,0.6826681049982021
0.40803145183937095,0.6826681049982021
0.40803145183937095,0.6828478964401294
0.4082810696121564,0.6828478964401294
0.4083746762769509,0.6828478964401294
0.4084370807201473,0.6828478964401294
0.40848388405254454,0.6828478964401294
0.4084994851633436,0.6828478964401294
0.4085462884957409,0.6828478964401294
0.4085930918281382,0.6828478964401294
0.4086242940497363,0.6832074793239842
0.4086554962713345,0.6832074793239842
0.4086710973821336,0.6833872707659115
0.40873350182532997,0.6833872707659115
0.40874910293612904,0.6833872707659115
0.4088115073793254,0.6833872707659115
0.40890511404411994,0.6835670622078389
0.40893631626571814,0.6835670622078389
0.4089675184873163,0.6835670622078389
0.4090455240413117,0.6835670622078389
0.4090767262629099,0.6835670622078389
0.40915473181690537,0.6835670622078389
0.40917033292770444,0.6835670622078389
0.40917033292770444,0.6837468536497663
0.40918593403850356,0.6837468536497663
0.40918593403850356,0.6839266450916937
0.4094043495896908,0.6839266450916937
0.409435551811289,0.6839266450916937
0.40945115292208806,0.6839266450916937
0.40948235514368625,0.684106436533621
0.4095135573652844,0.684106436533621
0.4096383662516771,0.684106436533621
0.40971637180567255,0.684106436533621
0.40974757402727074,0.684106436533621
0.4097631751380698,0.684106436533621
0.409794377359668,0.684106436533621
0.4098099784704671,0.6842862279755484
0.40984118069206527,0.6842862279755484
0.4099815906892571,0.6842862279755484
0.41001279291085524,0.6842862279755484
0.41004399513245343,0.6842862279755484
0.41004399513245343,0.6844660194174758
0.4100595962432525,0.6844660194174758
0.4100595962432525,0.6846458108594031
0.4100907984648507,0.6846458108594031
0.4101532029080471,0.6846458108594031
0.4101844051296452,0.6846458108594031
0.4102312084620425,0.6846458108594031
0.41029361290523886,0.6846458108594031
0.4103716184592343,0.6848256023013305
0.4104028206808325,0.6848256023013305
0.41043402290243064,0.6848256023013305
0.41046522512402883,0.6848256023013305
0.41046522512402883,0.6850053937432579
0.410496427345627,0.6850053937432579
0.41052762956722516,0.6851851851851852
0.4105432306780243,0.6851851851851852
0.4106056351212206,0.6851851851851852
0.4107772473400106,0.6851851851851852
0.4108084495616088,0.6851851851851852
0.41082405067240785,0.6851851851851852
0.41085525289400604,0.6851851851851852
0.41088645511560423,0.6851851851851852
0.41094885955880056,0.6851851851851852
0.4109956628911979,0.6851851851851852
0.41104246622359514,0.6851851851851852
0.4110580673343942,0.6851851851851852
0.4111204717775906,0.6851851851851852
0.4112140784423851,0.6853649766271126
0.41129208399638056,0.6853649766271126
0.4113388873287778,0.6853649766271126
0.4113544884395769,0.6853649766271126
0.4113544884395769,0.68554476806904
0.4113856906611751,0.6857245595109672
0.4114480951043714,0.6857245595109672
0.4114948984367687,0.6857245595109672
0.4114948984367687,0.6859043509528946
0.4116821117663578,0.6859043509528946
0.4117445162095541,0.6859043509528946
0.4117601173203532,0.686084142394822
0.41179131954195136,0.686084142394822
0.4118381228743487,0.686084142394822
0.4119161284283441,0.686084142394822
0.4119317295391432,0.686084142394822
0.41215014509033043,0.686084142394822
0.4121813473119286,0.686084142394822
0.4121813473119286,0.6862639338367493
0.41221254953352676,0.6862639338367493
0.41227495397672315,0.6862639338367493
0.41230615619832134,0.6862639338367493
0.41239976286311586,0.6862639338367493
0.41243096508471405,0.6862639338367493
0.41243096508471405,0.6864437252786767
0.41250897063870945,0.6864437252786767
0.41263377952510216,0.6868033081625314
0.41269618396829855,0.6868033081625314
0.4128053917438922,0.6868033081625314
0.41285219507628945,0.6869830996044588
0.4128677961870885,0.6869830996044588
0.41296140285188304,0.6871628910463862
0.41297700396268217,0.6871628910463862
0.41297700396268217,0.6873426824883135
0.4131018128490749,0.6873426824883135
0.413133015070673,0.6873426824883135
0.413133015070673,0.6875224739302409
0.41314861618147214,0.6875224739302409
0.41325782395706573,0.6877022653721683
0.41335143062186025,0.6877022653721683
0.41338263284345844,0.6877022653721683
0.41339823395425757,0.6877022653721683
0.41341383506505663,0.6878820568140956
0.41363225061624387,0.688061848256023
0.4137258572810384,0.688061848256023
0.4137570595026366,0.688061848256023
0.4139130706106275,0.688061848256023
0.41395987394302475,0.688061848256023
0.41395987394302475,0.6882416396979504
0.4140690817186184,0.6882416396979504
0.41411588505101565,0.6882416396979504
0.4141470872726138,0.6882416396979504
0.414178289494212,0.6882416396979504
0.41422509282660924,0.6884214311398777
0.4143030983806047,0.6884214311398777
0.4144279072669974,0.6886012225818051
0.4144279072669974,0.6887810140237325
0.4144435083777965,0.6887810140237325
0.41447471059939467,0.6889608054656599
0.41452151393179193,0.6889608054656599
0.41452151393179193,0.6891405969075872
0.4145527161533901,0.6891405969075872
0.4146307217073856,0.6893203883495146
0.41464632281818464,0.6893203883495146
0.4148647383693719,0.6893203883495146
0.414880339480171,0.6893203883495146
0.41506755280976004,0.689500179791442
0.4151143561421573,0.689500179791442
0.41516115947455456,0.689500179791442
0.41519236169615276,0.689500179791442
0.4152079628069519,0.689500179791442
0.4153951761365409,0.689500179791442
0.41541077724734,0.689500179791442
0.4154419794689382,0.689500179791442
0.4154731816905364,0.689500179791442
0.41548878280133544,0.6896799712333693
0.41558238946612996,0.6898597626752967
0.41561359168772816,0.6898597626752967
0.41564479390932635,0.6898597626752967
0.4156915972417236,0.6898597626752967
0.41578520390651813,0.6898597626752967
0.4158476083497145,0.6898597626752967
0.4160504227901027,0.6900395541172241
0.41609722612249994,0.6900395541172241
0.4161284283440981,0.6900395541172241
0.4161440294548972,0.6900395541172241
0.41619083278729446,0.6900395541172241
0.41619083278729446,0.6902193455591514
0.41622203500889265,0.6902193455591514
0.4162688383412899,0.6902193455591514
0.4163156416736872,0.6903991370010788
0.4164092483384817,0.6903991370010788
0.4164404505600799,0.6903991370010788
0.41664326500046805,0.6903991370010788
0.4167368716652626,0.6903991370010788
0.4167368716652626,0.6905789284430062
0.41676807388686077,0.6907587198849334
0.4167992761084589,0.6907587198849334
0.4167992761084589,0.6909385113268608
0.41681487721925803,0.6909385113268608
0.41681487721925803,0.6911183027687882
0.41684607944085617,0.6911183027687882
0.4169240849948516,0.6911183027687882
0.41693968610565074,0.6911183027687882
0.41706449499204346,0.6911183027687882
0.4170956972136416,0.6911183027687882
0.4171112983244407,0.6912980942107155
0.4171268994352398,0.6912980942107155
0.41717370276763704,0.6912980942107155
0.41717370276763704,0.6914778856526429
0.41718930387843617,0.6914778856526429
0.41720490498923524,0.6916576770945703
0.41723610721083343,0.6918374685364976
0.4172517083216325,0.6918374685364976
0.4172829105432307,0.6918374685364976
0.41732971387562795,0.6918374685364976
0.41736091609722614,0.692017259978425
0.4173921183188243,0.692017259978425
0.4173921183188243,0.6921970514203524
0.41747012387281973,0.6923768428622797
0.4175013260944179,0.6923768428622797
0.41756373053761425,0.6923768428622797
0.41761053387001157,0.6923768428622797
0.4176417360916097,0.6923768428622797
0.41775094386720335,0.6923768428622797
0.4177977471996006,0.6927364257461345
0.4178133483103997,0.6929162171880618
0.4178289494211988,0.6929162171880618
0.41786015164279694,0.6929162171880618
0.41790695497519426,0.6929162171880618
0.4179537583075915,0.6929162171880618
0.4179693594183906,0.6929162171880618
0.41801616275078785,0.6929162171880618
0.41803176386158697,0.6929162171880618
0.4180629660831851,0.6929162171880618
0.41810976941558237,0.6929162171880618
0.4181253705263815,0.6929162171880618
0.4181565727479797,0.6929162171880618
0.41820337608037694,0.6929162171880618
0.41826578052357327,0.6929162171880618
0.4183593871883678,0.6929162171880618
0.41840619052076505,0.6929162171880618
0.41843739274236325,0.6929162171880618
0.41846859496396144,0.6929162171880618
0.4184841960747605,0.6930960086299892
0.41849979718555963,0.6930960086299892
0.41856220162875596,0.6932758000719166
0.4185778027395551,0.6932758000719166
0.4186090049611532,0.6932758000719166
0.4186558082935505,0.6932758000719166
0.41868701051514867,0.6932758000719166
0.41882742051234045,0.6932758000719166
0.41887422384473777,0.6932758000719166
0.4189054260663359,0.6932758000719166
0.4189366282879341,0.6932758000719166
0.41895222939873317,0.6932758000719166
0.41895222939873317,0.693455591513844
0.41898343162033136,0.693455591513844
0.41898343162033136,0.6936353829557713
0.41901463384192955,0.6936353829557713
0.4190770382851259,0.6936353829557713
0.41915504383912133,0.6936353829557713
0.4191862460607195,0.6936353829557713
0.4192174482823177,0.6936353829557713
0.41924865050391585,0.6938151743976987
0.4193266560579113,0.6938151743976987
0.4193266560579113,0.6941747572815534
0.41943586383350495,0.6941747572815534
0.4194826671659022,0.6941747572815534
0.41954507160909854,0.6941747572815534
0.41956067271989766,0.6943545487234808
0.419623077163094,0.6943545487234808
0.41966988049549125,0.6943545487234808
0.41976348716028583,0.6943545487234808
0.41982589160348216,0.6943545487234808
0.41985709382508035,0.6943545487234808
0.4199350993790758,0.6943545487234808
0.42015351493026304,0.6943545487234808
0.42018471715186123,0.6943545487234808
0.42021591937345937,0.6943545487234808
0.4202627227058567,0.6943545487234808
0.4202939249274548,0.6943545487234808
0.420325127149053,0.6945343401654082
0.42038753159224934,0.6945343401654082
0.42040313270304847,0.6945343401654082
0.4204499360354457,0.6945343401654082
0.42051234047864205,0.6945343401654082
0.4205279415894412,0.6947141316073355
0.42054354270024025,0.6947141316073355
0.42054354270024025,0.6948939230492629
0.42057474492183844,0.6950737144911903
0.4206215482542357,0.695433297375045
0.42069955380823115,0.695433297375045
0.4207463571406284,0.695433297375045
0.4207775593622266,0.695433297375045
0.42080876158382474,0.6957928802588996
0.4208711660270211,0.6957928802588996
0.42096477269181565,0.6957928802588996
0.42112078379980655,0.6957928802588996
0.42112078379980655,0.695972671700827
0.421370401572592,0.6965120460266091
0.42140160379419017,0.6965120460266091
0.42144840712658743,0.6965120460266091
0.42144840712658743,0.6968716289104638
0.4214640082373865,0.6968716289104638
0.4214640082373865,0.6970514203523912
0.42151081156978376,0.6970514203523912
0.4216356204561765,0.6974110032362459
0.4217136260101719,0.6974110032362459
0.4217604293425692,0.6974110032362459
0.4217916315641674,0.6974110032362459
0.42190083933976097,0.6975907946781733
0.4219476426721583,0.6975907946781733
0.42199444600455555,0.6975907946781733
0.4220412493369528,0.6975907946781733
0.42207245155855094,0.6975907946781733
0.42208805266935007,0.6975907946781733
0.42210365378014914,0.6977705861201007
0.4221348560017473,0.6977705861201007
0.4221504571125464,0.6977705861201007
0.4222128615557428,0.6977705861201007
0.42232206933133637,0.697950377562028
0.4223688726637337,0.697950377562028
0.4224000748853318,0.697950377562028
0.4224000748853318,0.6981301690039554
0.42241567599613095,0.6981301690039554
0.42243127710693,0.6983099604458828
0.4224468782177291,0.6983099604458828
0.42250928266092547,0.6984897518878102
0.42254048488252366,0.6984897518878102
0.42254048488252366,0.6986695433297375
0.42264969265811725,0.6986695433297375
0.4226652937689164,0.6986695433297375
0.4227589004337109,0.6986695433297375
0.42277450154450996,0.6986695433297375
0.42280570376610815,0.6986695433297375
0.4228681082093045,0.6986695433297375
0.4230241193172954,0.6990291262135923
0.42303972042809446,0.6990291262135923
0.42307092264969265,0.6990291262135923
0.4230865237604918,0.6990291262135923
0.4231177259820899,0.6990291262135923
0.42313332709288903,0.6990291262135923
0.4231801304252863,0.6990291262135923
0.42319573153608536,0.6990291262135923
0.42319573153608536,0.6992089176555196
0.4233205404224781,0.6992089176555196
0.42338294486567446,0.6992089176555196
0.42346095041966986,0.6992089176555196
0.423476551530469,0.699388709097447
0.42349215264126805,0.699388709097447
0.4235389559736653,0.699388709097447
0.42358575930606257,0.699388709097447
0.42361696152766076,0.699388709097447
0.42363256263845983,0.699388709097447
0.4237261693032544,0.699388709097447
0.42377297263565167,0.699388709097447
0.42380417485724986,0.699388709097447
0.42381977596804893,0.699388709097447
0.42388218041124526,0.699388709097447
0.4238977815220444,0.6997482919813017
0.4241161970732316,0.6997482919813017
0.4241161970732316,0.6999280834232291
0.4241317981840307,0.6999280834232291
0.4241630004056289,0.6999280834232291
0.4242722081812225,0.6999280834232291
0.4243814159568161,0.6999280834232291
0.4244438204000125,0.6999280834232291
0.424537427064807,0.6999280834232291
0.424537427064807,0.7001078748651565
0.4245530281756061,0.7001078748651565
0.4245842303972043,0.7001078748651565
0.42459983150800334,0.7002876663070838
0.42461543261880247,0.7002876663070838
0.42472464039439606,0.7006472491909385
0.4248026459483915,0.7006472491909385
0.42484944928078877,0.7006472491909385
0.42489625261318603,0.7006472491909385
0.4249274548347842,0.7006472491909385
0.4249742581671815,0.7006472491909385
0.4249742581671815,0.7008270406328658
0.4250054603887797,0.7008270406328658
0.42503666261037787,0.7008270406328658
0.4251146681643733,0.7008270406328658
0.42523947705076603,0.7008270406328658
0.42527067927236417,0.7008270406328658
0.42530188149396236,0.7008270406328658
0.42533308371556056,0.7008270406328658
0.425411089269556,0.7010068320747932
0.42548909482355146,0.7010068320747932
0.42556710037754686,0.7010068320747932
0.42566070704234144,0.7010068320747932
0.42569190926393957,0.7010068320747932
0.42573871259633683,0.7010068320747932
0.42573871259633683,0.7011866235167206
0.4259727292583232,0.7011866235167206
0.42598833036912226,0.7011866235167206
0.42598833036912226,0.7013664149586479
0.4260039314799214,0.7013664149586479
0.4260351337015196,0.7013664149586479
0.42605073481231864,0.7013664149586479
0.42608193703391684,0.7013664149586479
0.4261287403663141,0.7013664149586479
0.4262223470311086,0.7013664149586479
0.4262535492527068,0.7013664149586479
0.42631595369590314,0.7013664149586479
0.42634715591750133,0.7013664149586479
0.4263627570283004,0.7013664149586479
0.42658117257948763,0.7013664149586479
0.42659677369028676,0.7013664149586479
0.4266123748010858,0.7015462064005753
0.426643577022684,0.7015462064005753
0.42672158257667947,0.7017259978425027
0.4267839870198758,0.7017259978425027
0.4267995881306749,0.7017259978425027
0.4267995881306749,0.70190578928443
0.426815189241474,0.70190578928443
0.42689319479546944,0.7020855807263574
0.42692439701706764,0.7020855807263574
0.4269399981278667,0.7022653721682848
0.42714281256825487,0.7022653721682848
0.42717401478985306,0.7022653721682848
0.4272364192330494,0.7022653721682848
0.42728322256544665,0.7022653721682848
0.42728322256544665,0.7024451636102121
0.4273300258978439,0.7024451636102121
0.4273612281194421,0.7024451636102121
0.4273924303410403,0.7024451636102121
0.42747043589503575,0.7024451636102121
0.42747043589503575,0.7026249550521395
0.42761084589222753,0.7026249550521395
0.4276576492246248,0.7026249550521395
0.42784486255421383,0.7028047464940669
0.42786046366501296,0.7028047464940669
0.42789166588661115,0.7028047464940669
0.42796967144060655,0.7028047464940669
0.42800087366220474,0.7028047464940669
0.42809448032699926,0.7029845379359942
0.42809448032699926,0.7031643293779216
0.4281100814377984,0.7031643293779216
0.4282348903241911,0.7031643293779216
0.42828169365658836,0.7031643293779216
0.42831289587818655,0.7031643293779216
0.42840650254298107,0.7031643293779216
0.42843770476457926,0.703344120819849
0.42845330587537833,0.703344120819849
0.4285001092077756,0.703344120819849
0.42857811476177105,0.703344120819849
0.42873412586976195,0.7035239122617764
0.4287653280913601,0.7035239122617764
0.42884333364535554,0.7035239122617764
0.42885893475615466,0.7035239122617764
0.4288901369777528,0.7035239122617764
0.428921339199351,0.7035239122617764
0.42896814253174825,0.7038834951456311
0.4290617491965428,0.7038834951456311
0.4290773503073419,0.7040632865875585
0.42909295141814097,0.7040632865875585
0.42912415363973916,0.7040632865875585
0.4291865580829355,0.7040632865875585
0.42928016474773006,0.7042430780294858
0.42935817030172546,0.7042430780294858
0.42945177696652004,0.7044228694714132
0.4294829791881182,0.7044228694714132
0.42952978252051544,0.7044228694714132
0.4296389902961091,0.7044228694714132
0.42965459140690815,0.7044228694714132
0.42968579362850634,0.7044228694714132
0.4297481980717027,0.7044228694714132
0.42977940029330086,0.7044228694714132
0.42981060251489905,0.7044228694714132
0.42987300695809544,0.7044228694714132
0.430325439171269,0.705861201006832
0.43035664139286717,0.705861201006832
0.43037224250366624,0.705861201006832
0.43041904583606355,0.705861201006832
0.4304502480576617,0.705861201006832
0.43054385472245627,0.705861201006832
0.4305750569440544,0.7060409924487594
0.4306062591656526,0.7064005753326141
0.4306374613872508,0.7064005753326141
0.4306998658304471,0.7064005753326141
0.4307622702736435,0.7064005753326141
0.4307622702736435,0.7065803667745415
0.43079347249524164,0.7065803667745415
0.43084027582763895,0.7065803667745415
0.4308714780492371,0.7065803667745415
0.4313083091516116,0.7071197411003236
0.4313239102624107,0.7071197411003236
0.43137071359480794,0.7074793239841783
0.43140191581640613,0.7074793239841783
0.43162033136759337,0.7074793239841783
0.4317139380323879,0.7074793239841783
0.4317763424755843,0.7074793239841783
0.43179194358638334,0.7078389068680331
0.43182314580798153,0.7078389068680331
0.4318387469187806,0.7078389068680331
0.4319323535835751,0.7078389068680331
0.4319635558051733,0.7078389068680331
0.4319947580267715,0.7078389068680331
0.4320259602483697,0.7078389068680331
0.4322911791319542,0.7078389068680331
0.4323847857967487,0.7080186983099604
0.4324159880183469,0.7080186983099604
0.432431589129146,0.7080186983099604
0.43247839246154324,0.7080186983099604
0.4325719991263378,0.7080186983099604
0.43260320134793595,0.7080186983099604
0.43265000468033327,0.7080186983099604
0.4326812069019314,0.7080186983099604
0.43282161689912324,0.7080186983099604
0.43288402134231957,0.7081984897518878
0.43291522356391776,0.7083782811938152
0.43291522356391776,0.7085580726357426
0.43294642578551595,0.7085580726357426
0.4329776280071141,0.7087378640776699
0.4329932291179132,0.7089176555195973
0.43302443133951135,0.7089176555195973
0.43307123467190867,0.7089176555195973
0.433133639115105,0.7089176555195973
0.43321164466910045,0.7089176555195973
0.4332272457798995,0.7089176555195973
0.4332584480014977,0.7089176555195973
0.4333988579986895,0.7089176555195973
0.4334300602202877,0.7089176555195973
0.43349246466348407,0.7089176555195973
0.43350806577428314,0.7089176555195973
0.43353926799588133,0.7090974469615247
0.43357047021747946,0.7090974469615247
0.43360167243907766,0.7090974469615247
0.43360167243907766,0.709277238403452
0.4336172735498767,0.709277238403452
0.43372648132547037,0.709277238403452
0.43414771131704577,0.7094570298453794
0.43417891353864396,0.7094570298453794
0.43428812131423755,0.7094570298453794
0.4343037224250367,0.7094570298453794
0.43433492464663487,0.7094570298453794
0.43435052575743394,0.7094570298453794
0.43438172797903213,0.7094570298453794
0.4344285313114294,0.7094570298453794
0.43444413242222846,0.7094570298453794
0.43447533464382665,0.7094570298453794
0.4344909357546257,0.7094570298453794
0.43450653686542484,0.7096368212873068
0.4345221379762239,0.7096368212873068
0.4345533401978221,0.7096368212873068
0.43456894130862117,0.7096368212873068
0.4346781490842148,0.7098166127292341
0.43470935130581295,0.7098166127292341
0.43474055352741114,0.7098166127292341
0.4348185590814066,0.7098166127292341
0.4348497613030048,0.7098166127292341
0.43486536241380386,0.7099964041711615
0.43489656463540205,0.7099964041711615
0.4349745701893975,0.7099964041711615
0.43503697463259383,0.7105357784969435
0.43505257574339296,0.7105357784969435
0.435068176854192,0.7107155699388709
0.4350837779649911,0.7107155699388709
0.4350837779649911,0.7108953613807982
0.4351461824081875,0.7108953613807982
0.43517738462978567,0.7108953613807982
0.43525539018378107,0.7108953613807982
0.4353333957377765,0.7108953613807982
0.4353801990701738,0.7108953613807982
0.4353958001809729,0.7108953613807982
0.43541140129177197,0.7110751528227256
0.43542700240257104,0.7110751528227256
0.43547380573496836,0.7110751528227256
0.4355050079565665,0.7110751528227256
0.43555181128896375,0.7110751528227256
0.43555181128896375,0.711254944264653
0.4357546257293519,0.7116145271485077
0.43577022684015104,0.7116145271485077
0.43584823239414644,0.7116145271485077
0.43586383350494556,0.7116145271485077
0.4359106368373428,0.7116145271485077
0.43606664794533373,0.7116145271485077
0.4361758557209273,0.7117943185904351
0.4362382601641237,0.7117943185904351
0.43626946238572184,0.7117943185904351
0.43628506349652096,0.7119741100323624
0.43630066460732003,0.7119741100323624
0.43645667571531094,0.7119741100323624
0.43651908015850727,0.7119741100323624
0.43655028238010546,0.7119741100323624
0.4365970857125027,0.7119741100323624
0.4366282879341009,0.7119741100323624
0.4366438890449,0.7119741100323624
0.43669069237729724,0.7119741100323624
0.43670629348809636,0.7121539014742898
0.4367686979312927,0.7121539014742898
0.4367999001528909,0.7123336929162172
0.43684670348528815,0.7123336929162172
0.4368935068176854,0.7123336929162172
0.4369559112608818,0.7123336929162172
0.43714312459047083,0.7125134843581445
0.437174326812069,0.7126932758000719
0.4371899279228681,0.7126932758000719
0.4371899279228681,0.7128730672419993
0.43768916346843895,0.7128730672419993
0.43775156791163533,0.7128730672419993
0.43782957346563073,0.7128730672419993
0.43796998346282257,0.7134124415677814
0.43800118568442076,0.7134124415677814
0.4380323879060189,0.7134124415677814
0.4380947923492153,0.7134124415677814
0.4387656401135761,0.7143113987774182
0.43879684233517424,0.7143113987774182
0.4389996567755624,0.7144911902193456
0.4390308589971606,0.7144911902193456
0.4391244656619551,0.7150305645451277
0.4391244656619551,0.7152103559870551
0.4391556678835533,0.7152103559870551
0.43924927454834783,0.7152103559870551
0.43926487565914696,0.7152103559870551
0.4393272801023433,0.7152103559870551
0.439452088988736,0.7152103559870551
0.4394832912103342,0.7152103559870551
0.43953009454273145,0.7152103559870551
0.43953009454273145,0.7153901474289823
0.4396081000967269,0.7153901474289823
0.43963930231832504,0.7153901474289823
0.4398733189803114,0.7153901474289823
0.43992012231270866,0.7153901474289823
0.43992012231270866,0.7155699388709097
0.43993572342350773,0.7155699388709097
0.43998252675590505,0.7155699388709097
0.44034135230428406,0.7161093131966918
0.4404349589690786,0.7164688960805465
0.4404661611906768,0.7164688960805465
0.44048176230147584,0.7164688960805465
0.4405909700770695,0.7164688960805465
0.44060657118786856,0.7164688960805465
0.44063777340946675,0.7164688960805465
0.4406533745202658,0.7164688960805465
0.4407157789634622,0.7164688960805465
0.4407469811850604,0.7164688960805465
0.44079378451745765,0.7164688960805465
0.44079378451745765,0.7166486875224739
0.44082498673905585,0.7166486875224739
0.4408717900714531,0.7166486875224739
0.44090299229305124,0.7166486875224739
0.44091859340385037,0.7166486875224739
0.44094979562544856,0.7166486875224739
0.44102780117944396,0.7166486875224739
0.4412930200630285,0.7170082704063286
0.44135542450622484,0.7170082704063286
0.44138662672782303,0.7170082704063286
0.4414178289494212,0.7170082704063286
0.4414334300602203,0.7170082704063286
0.4414334300602203,0.717188061848256
0.4414958345034166,0.717188061848256
0.4415894411682112,0.717188061848256
0.44162064338980933,0.717188061848256
0.4416830478330057,0.717188061848256
0.4416986489438048,0.717188061848256
0.44174545227620204,0.717188061848256
0.44176105338700117,0.717188061848256
0.44187026116259476,0.7175476447321107
0.4418858622733939,0.7175476447321107
0.441917064494992,0.7175476447321107
0.44193266560579114,0.7175476447321107
0.4419794689381884,0.7175476447321107
0.44199507004898747,0.7175476447321107
0.44204187338138473,0.7175476447321107
0.44222908671097383,0.7175476447321107
0.442260288932572,0.7175476447321107
0.44229149115417016,0.7175476447321107
0.44229149115417016,0.7177274361740381
0.44232269337576835,0.7177274361740381
0.44250990670535745,0.7177274361740381
0.44258791225935284,0.7177274361740381
0.44260351337015197,0.7179072276159655
0.4426347155917501,0.7179072276159655
0.4426971200349465,0.7179072276159655
0.44274392336734375,0.7179072276159655
0.44280632781054013,0.7179072276159655
0.4428531311429374,0.7179072276159655
0.4433835689101064,0.7188061848256023
0.44343037224250365,0.7188061848256023
0.44344597335330277,0.7188061848256023
0.44349277668570003,0.7188061848256023
0.4435083777964991,0.7189859762675297
0.4436019844612936,0.7189859762675297
0.4436331866828918,0.7189859762675297
0.44367999001528907,0.7189859762675297
0.4436955911260882,0.7189859762675297
0.4437891977908827,0.7189859762675297
0.44400761334206995,0.7193455591513844
0.44400761334206995,0.7195253505933118
0.4440856188960654,0.7195253505933118
0.44413242222846266,0.7195253505933118
0.44419482667165905,0.7195253505933118
0.4442416300040563,0.7195253505933118
0.44427283222565445,0.7197051420352392
0.44428843333645357,0.7197051420352392
0.4443508377796499,0.7197051420352392
0.444366438890449,0.7198849334771665
0.44442884333364535,0.7198849334771665
0.44446004555524354,0.7200647249190939
0.44456925333083713,0.7200647249190939
0.4446004555524353,0.7200647249190939
0.4446316577740335,0.7200647249190939
0.44470966332802897,0.7206040992448759
0.4447408655496271,0.7206040992448759
0.4447876688820244,0.7206040992448759
0.44485007332522075,0.7206040992448759
0.44514649443040344,0.7209636821287306
0.4451932977628007,0.7209636821287306
0.4452244999843989,0.7209636821287306
0.4453649099815907,0.7209636821287306
0.44539611220318887,0.7209636821287306
0.4454429155355861,0.7209636821287306
0.4455209210895816,0.7209636821287306
0.4455833255327779,0.7209636821287306
0.4457081344191706,0.7213232650125854
0.44572373552996974,0.7213232650125854
0.44575493775156794,0.7213232650125854
0.445770538862367,0.7213232650125854
0.4457861399731661,0.7215030564545127
0.44581734219476427,0.7215030564545127
0.4459265499703579,0.7215030564545127
0.44595775219195605,0.7215030564545127
0.4460045555243533,0.7215030564545127
0.4460357577459515,0.7215030564545127
0.4461605666323442,0.7215030564545127
0.4462073699647415,0.7215030564545127
0.4463165777403351,0.7215030564545127
0.4463321788511342,0.7215030564545127
0.4463321788511342,0.7216828478964401
0.4463477799619333,0.7216828478964401
0.44637898218353145,0.7216828478964401
0.44639458329433057,0.7216828478964401
0.4465193921807233,0.7216828478964401
0.44656619551312055,0.7216828478964401
0.44659739773471874,0.7216828478964401
0.4466129988455178,0.7216828478964401
0.446644201067116,0.7216828478964401
0.44665980217791507,0.7216828478964401
0.44672220662111145,0.7216828478964401
0.4467534088427096,0.7216828478964401
0.44692502106149956,0.7216828478964401
0.4469406221722987,0.7216828478964401
0.44698742550469595,0.7218626393383675
0.44701862772629414,0.7218626393383675
0.4472994477206777,0.7224020136641496
0.4473618521638741,0.7224020136641496
0.4474242566070704,0.7224020136641496
0.44751786327186494,0.7224020136641496
0.4475490654934631,0.7224020136641496
0.4475802677150613,0.722581805106077
0.4476270710474586,0.722581805106077
0.4476582732690568,0.722581805106077
0.4477206777122531,0.722581805106077
0.4477830821554495,0.722581805106077
0.4478142843770476,0.722581805106077
0.4478922899310431,0.722581805106077
0.44793909326344034,0.722581805106077
0.4480014977066367,0.722581805106077
0.4481107054822303,0.7227615965480043
0.4481731099254267,0.7227615965480043
0.44821991325782395,0.7227615965480043
0.44825111547942215,0.7227615965480043
0.4484227276982121,0.7227615965480043
0.4484539299198103,0.7229413879899317
0.44848513214140845,0.7229413879899317
0.4485631376954039,0.7229413879899317
0.4485943399170021,0.7229413879899317
0.4486255421386003,0.7229413879899317
0.4486567443601984,0.723121179431859
0.4486879465817966,0.723121179431859
0.4487191488033948,0.723121179431859
0.44878155324659114,0.723121179431859
0.4488439576897875,0.723121179431859
0.4488595588005866,0.7233009708737864
0.4488907610221848,0.7233009708737864
0.4489531654653811,0.7233009708737864
0.4489999687977784,0.7233009708737864
0.44903117101937656,0.7233009708737864
0.4490467721301757,0.7233009708737864
0.44906237324097475,0.7234807623157138
0.44912477768417114,0.7236605537576412
0.44920278323816654,0.7236605537576412
0.4493119910137602,0.7238403451995685
0.44932759212455925,0.7238403451995685
0.44938999656775563,0.7238403451995685
0.4494367999001529,0.7238403451995685
0.4494680021217511,0.7238403451995685
0.4495304065649474,0.7238403451995685
0.4495616087865456,0.7238403451995685
0.4495772098973447,0.7238403451995685
0.44960841211894287,0.7238403451995685
0.44963961434054106,0.7238403451995685
0.4496708165621392,0.7238403451995685
0.4497644232269338,0.7238403451995685
0.4497956254485319,0.7238403451995685
0.44981122655933103,0.7238403451995685
0.4498424287809292,0.7238403451995685
0.44987363100252736,0.7238403451995685
0.44990483322412556,0.7238403451995685
0.44990483322412556,0.7240201366414959
0.449982838778121,0.7240201366414959
0.45002964211051827,0.7240201366414959
0.4501388498861119,0.7240201366414959
0.4501856532185092,0.7240201366414959
0.4502168554401073,0.7240201366414959
0.45023245655090643,0.7240201366414959
0.4502636587725046,0.7240201366414959
0.4502792598833037,0.7240201366414959
0.4502792598833037,0.7241999280834233
0.45029486099410276,0.7241999280834233
0.45032606321570096,0.7241999280834233
0.45045087210209367,0.7241999280834233
0.45048207432369186,0.7241999280834233
0.4505756809884864,0.7241999280834233
0.4506380854316827,0.7241999280834233
0.45071609098567816,0.7241999280834233
0.45074729320727636,0.7241999280834233
0.4507628943180754,0.7243797195253506
0.45077849542887455,0.7243797195253506
0.4508252987612718,0.7243797195253506
0.4508408998720709,0.7243797195253506
0.45087210209366907,0.7243797195253506
0.4509657087584636,0.724559510967278
0.4509657087584636,0.7247393024092054
0.4509969109800618,0.7247393024092054
0.4511061187556554,0.7247393024092054
0.4511529220880527,0.7249190938511327
0.4511841243096508,0.7249190938511327
0.4518705731848108,0.7258180510607695
0.45188617429560984,0.7258180510607695
0.45191737651720804,0.7258180510607695
0.45204218540360075,0.7258180510607695
0.452088988735998,0.7258180510607695
0.4521045898467971,0.7258180510607695
0.4530718587163406,0.7261776339446242
0.4530874598271397,0.7261776339446242
0.45311866204873785,0.7261776339446242
0.45324347093513057,0.7261776339446242
0.45327467315672876,0.7261776339446242
0.45327467315672876,0.7263574253865516
0.45330587537832695,0.7263574253865516
0.45333707759992514,0.7263574253865516
0.4533838809323224,0.7263574253865516
0.45341508315392054,0.7263574253865516
0.453493088707916,0.7263574253865516
0.4535866953727105,0.7263574253865516
0.45363349870510783,0.7263574253865516
0.4537115042591032,0.7263574253865516
0.4537427064807014,0.7263574253865516
0.4537583075915005,0.7263574253865516
0.45383631314549594,0.7263574253865516
0.45385191425629506,0.7263574253865516
0.4538831164778932,0.7263574253865516
0.4538987175886923,0.7263574253865516
0.4540079253642859,0.7263574253865516
0.4541327342506786,0.7263574253865516
0.4541795375830759,0.7263574253865516
0.4541795375830759,0.7265372168284789
0.45427314424787046,0.7265372168284789
0.4543355486910668,0.7265372168284789
0.4543511498018659,0.7265372168284789
0.45438235202346405,0.7265372168284789
0.45438235202346405,0.7267170082704063
0.45444475646666044,0.7267170082704063
0.45447595868825863,0.7267170082704063
0.45456956535305315,0.7267170082704063
0.4546475709070486,0.7267170082704063
0.45466317201784767,0.7267170082704063
0.4547411775718431,0.7267170082704063
0.4547411775718431,0.7268967997123337
0.45534962089300757,0.727076591154261
0.45534962089300757,0.7272563825961884
0.4553652220038067,0.7272563825961884
0.45539642422540483,0.7272563825961884
0.4554432275578021,0.7272563825961884
0.45552123311179754,0.7272563825961884
0.45555243533339573,0.7272563825961884
0.4555836375549939,0.7272563825961884
0.4556616431089894,0.7272563825961884
0.4557240475521857,0.7272563825961884
0.4557240475521857,0.7274361740381158
0.45573964866298483,0.7274361740381158
0.45581765421698023,0.7276159654800431
0.45583325532777935,0.7276159654800431
0.4558644575493775,0.7276159654800431
0.4558956597709757,0.7276159654800431
0.45597366532497113,0.7277957569219705
0.4560204686573684,0.7277957569219705
0.45609847421136385,0.7277957569219705
0.4562076819869575,0.7279755483638979
0.45622328309775656,0.7281553398058253
0.45625448531935475,0.7283351312477526
0.4562700864301538,0.7283351312477526
0.45648850198134105,0.7283351312477526
0.45658210864613563,0.7283351312477526
0.45661331086773377,0.7283351312477526
0.4566913164217292,0.7283351312477526
0.4567069175325283,0.7283351312477526
0.4567693219757247,0.7283351312477526
0.45681612530812193,0.7283351312477526
0.456831726418921,0.7283351312477526
0.4569565353053137,0.72851492268968
0.4569877375269119,0.72851492268968
0.4570189397485101,0.72851492268968
0.4570501419701083,0.7286947141316074
0.4571905519673001,0.7286947141316074
0.4572841586320946,0.7286947141316074
0.45733096196449186,0.7286947141316074
0.45736216418609005,0.7286947141316074
0.45739336640768824,0.7286947141316074
0.45742456862928643,0.7286947141316074
0.45748697307248276,0.7286947141316074
0.45751817529408095,0.7286947141316074
0.4575493775156791,0.7286947141316074
0.4575649786264782,0.7286947141316074
0.45762738306967454,0.7286947141316074
0.45765858529127273,0.7286947141316074
0.4577677930668664,0.7288745055735347
0.4578301975100627,0.7288745055735347
0.4578613997316609,0.7288745055735347
0.4578926019532591,0.7288745055735347
0.45790820306405816,0.7288745055735347
0.45793940528565635,0.7288745055735347
0.4579550063964554,0.7288745055735347
0.4581890230584418,0.7290542970154621
0.4582202252800399,0.7290542970154621
0.4583138319448345,0.7290542970154621
0.45832943305563356,0.7290542970154621
0.4584230397204281,0.7290542970154621
0.4584386408312272,0.7290542970154621
0.4585166463852226,0.7292340884573895
0.4586414552716153,0.7292340884573895
0.4587038597148117,0.7292340884573895
0.4587350619364099,0.7292340884573895
0.45876626415800803,0.7292340884573895
0.45878186526880715,0.7292340884573895
0.45878186526880715,0.7294138798993168
0.4588442697120035,0.7294138798993168
0.45946831414396705,0.7295936713412442
0.4594839152547661,0.7295936713412442
0.4595775219195607,0.7295936713412442
0.459639926362757,0.7295936713412442
0.4597179319167525,0.7295936713412442
0.45974913413835067,0.7295936713412442
0.45979593747074793,0.7295936713412442
0.4599363474679397,0.7295936713412442
0.4599675496895379,0.7295936713412442
0.46004555524353336,0.7299532542250989
0.4600923585759306,0.7299532542250989
0.4601079596867297,0.7299532542250989
0.46017036412992607,0.7299532542250989
0.46018596524072514,0.7299532542250989
0.46018596524072514,0.7301330456670263
0.4602639707947206,0.7303128371089536
0.4602951730163188,0.7303128371089536
0.46034197634871604,0.7303128371089536
0.4603575774595151,0.7303128371089536
0.4605447907891042,0.7303128371089536
0.46057599301070234,0.7303128371089536
0.46060719523230054,0.7303128371089536
0.4606227963430996,0.7303128371089536
0.4607164030078942,0.7303128371089536
0.46073200411869325,0.7303128371089536
0.46076320634029144,0.7303128371089536
0.4607788074510905,0.7303128371089536
0.4616212674342413,0.7312117943185904
0.4616524696558395,0.7312117943185904
0.4618084807638304,0.7313915857605178
0.46187088520702674,0.7313915857605178
0.46190208742862493,0.7313915857605178
0.461917688539424,0.7313915857605178
0.461917688539424,0.7315713772024451
0.4619332896502231,0.7315713772024451
0.46199569409341945,0.7315713772024451
0.4621049018690131,0.7315713772024451
0.46213610409061123,0.7315713772024451
0.4621673063122094,0.7315713772024451
0.4622141096446067,0.7315713772024451
0.4622453118662049,0.7315713772024451
0.4623389185309994,0.7315713772024451
0.4623701207525976,0.7315713772024451
0.4624013229741958,0.7315713772024451
0.4624949296389903,0.7319309600862999
0.46257293519298576,0.7321107515282272
0.46257293519298576,0.732470334412082
0.46268214296857935,0.732470334412082
0.4627289463009766,0.732470334412082
0.46280695185497206,0.732470334412082
0.4629317607413648,0.732470334412082
0.46299416518456116,0.7328299172959367
0.4630721707385566,0.7328299172959367
0.4630721707385566,0.7330097087378641
0.4630877718493557,0.7330097087378641
0.46316577740335113,0.7330097087378641
0.4631969796249493,0.7330097087378641
0.46325938406814565,0.7330097087378641
0.46329058628974384,0.7330097087378641
0.46338419295453837,0.7330097087378641
0.46339979406533743,0.7330097087378641
0.4634465973977347,0.7330097087378641
0.4634621985085338,0.7330097087378641
0.46466348404006363,0.7337288745055736
0.46481949514805454,0.7337288745055736
0.46485069736965273,0.7337288745055736
0.46491310181284906,0.7337288745055736
0.4649287029236482,0.7337288745055736
0.4649911073668445,0.7339086659475009
0.4650067084776436,0.7340884573894283
0.4650223095884427,0.7340884573894283
0.4650535118100409,0.7340884573894283
0.46506911292083997,0.7340884573894283
0.46510031514243816,0.7340884573894283
0.4651315173640363,0.7340884573894283
0.4651939218072327,0.7340884573894283
0.4653031295828263,0.7340884573894283
0.46533433180442446,0.7340884573894283
0.46539673624762085,0.7340884573894283
0.465427938469219,0.7340884573894283
0.4654435395800181,0.7340884573894283
0.4658023651283971,0.7342682488313557
0.46581796623919625,0.7342682488313557
0.4658803706823926,0.734448040273283
0.4660051795687853,0.734448040273283
0.46608318512278074,0.734448040273283
0.4660987862335798,0.7346278317152104
0.46617679178757526,0.7346278317152104
0.46623919623077165,0.7346278317152104
0.46623919623077165,0.7348076231571378
0.4662547973415707,0.7348076231571378
0.46633280289556617,0.7349874145990651
0.46636400511716436,0.7351672060409924
0.4664264095603607,0.7351672060409924
0.4664576117819589,0.7351672060409924
0.46650441511435614,0.7351672060409924
0.4665512184467534,0.7351672060409924
0.4666136228899498,0.7351672060409924
0.4666760273331461,0.7351672060409924
0.4667384317763425,0.7351672060409924
0.4668476395519361,0.7353469974829198
0.4669100439951325,0.7353469974829198
0.4669724484383288,0.7353469974829198
0.4670972573247215,0.7353469974829198
0.4671128584355206,0.7353469974829198
0.4671440606571188,0.7353469974829198
0.46722206621111423,0.7353469974829198
0.4672376673219133,0.7353469974829198
0.4672688695435115,0.7353469974829198
0.4672844706543106,0.7353469974829198
0.46731567287590875,0.7353469974829198
0.46734687509750694,0.7353469974829198
0.46737807731910513,0.7353469974829198
0.46747168398389966,0.7357065803667745
0.46750288620549785,0.7357065803667745
0.46750288620549785,0.7358863718087019
0.4675184873162969,0.7358863718087019
0.4675184873162969,0.7360661632506292
0.4675496895378951,0.7360661632506292
0.4675652906486942,0.7360661632506292
0.46759649287029237,0.7360661632506292
0.4676588973134887,0.7360661632506292
0.4677213017566851,0.7360661632506292
0.4678149084214796,0.7360661632506292
0.46789291397547506,0.7360661632506292
0.4680801273050641,0.7360661632506292
0.46822053730225593,0.7362459546925566
0.4682673406346532,0.7362459546925566
0.46828294174545226,0.7362459546925566
0.46834534618864865,0.7362459546925566
0.4683609472994477,0.7362459546925566
0.4684233517426441,0.7362459546925566
0.46847015507504136,0.7362459546925566
0.4685169584074386,0.736425746134484
0.46960903616337485,0.7375044947860482
0.469640238384973,0.7375044947860482
0.46971824393896844,0.7378640776699029
0.4699366594901557,0.7382236605537577
0.4699522606009548,0.7382236605537577
0.46999906393335206,0.7382236605537577
0.47003026615495025,0.7382236605537577
0.4700770694873475,0.7382236605537577
0.4702486817061375,0.7382236605537577
0.47029548503853474,0.738403451995685
0.4703734905925302,0.738403451995685
0.47042029392492746,0.738403451995685
0.4704982994789229,0.738403451995685
0.4705295017005211,0.738403451995685
0.47057630503291836,0.738403451995685
0.47059190614371743,0.738403451995685
0.47059190614371743,0.7385832434376124
0.47074791725170834,0.7385832434376124
0.4707635183625074,0.7385832434376124
0.4711847483540828,0.7385832434376124
0.47129395612967645,0.7385832434376124
0.4713095572404755,0.7385832434376124
0.4713095572404755,0.7387630348795398
0.4713407594620737,0.7387630348795398
0.4713719616836719,0.7387630348795398
0.47141876501606916,0.7387630348795398
0.4714655683484664,0.7387630348795398
0.47168398389965366,0.7387630348795398
0.4716995850104527,0.7387630348795398
0.47171518612125185,0.7389428263214671
0.4717775905644482,0.7389428263214671
0.4718867983400418,0.7391226177633945
0.47194920278323815,0.7391226177633945
0.47198040500483635,0.7391226177633945
0.47201160722643454,0.7394822006472492
0.4720272083372336,0.7394822006472492
0.47210521389122906,0.7394822006472492
0.4721520172236263,0.7394822006472492
0.4721832194452245,0.7394822006472492
0.47227682611001903,0.7396619920891766
0.4723236294424163,0.7396619920891766
0.4723548316640145,0.7396619920891766
0.4724172361072108,0.7396619920891766
0.4724640394396081,0.7396619920891766
0.47252644388280446,0.7396619920891766
0.4725888483260008,0.7396619920891766
0.47265125276919717,0.739841783531104
0.47266685387999624,0.739841783531104
0.47282286498798715,0.739841783531104
0.4728384660987862,0.739841783531104
0.4728852694311835,0.739841783531104
0.4731348872039689,0.739841783531104
0.47321289275796435,0.739841783531104
0.4732284938687635,0.739841783531104
0.4732284938687635,0.7400215749730313
0.47327529720116074,0.7400215749730313
0.47333770164435707,0.7400215749730313
0.4733533027551562,0.7400215749730313
0.4734157071983525,0.7400215749730313
0.47375893163593247,0.740381157856886
0.47379013385753066,0.7405609492988133
0.473852538300727,0.7407407407407407
0.473852538300727,0.7409205321826681
0.4738837405223252,0.7409205321826681
0.4739773471871197,0.7409205321826681
0.4740085494087179,0.7409205321826681
0.4740397516303161,0.7409205321826681
0.47405535274111515,0.7409205321826681
0.47408655496271335,0.7409205321826681
0.47444538051109236,0.7411003236245954
0.4744921838434897,0.7411003236245954
0.4744921838434897,0.7412801150665228
0.47450778495428875,0.7412801150665228
0.47463259384068146,0.7412801150665228
0.47464819495148053,0.7412801150665228
0.4747418016162751,0.7412801150665228
0.47477300383787324,0.7414599065084502
0.4748198071702705,0.7414599065084502
0.47486661050266776,0.7414599065084502
0.4751318293862523,0.7414599065084502
0.4751474304970514,0.7414599065084502
0.4752410371618459,0.7414599065084502
0.475256638272645,0.7414599065084502
0.4753034416050423,0.7414599065084502
0.4754594527130332,0.7414599065084502
0.4755218571562295,0.7414599065084502
0.4755530593778277,0.7414599065084502
0.47563106493182317,0.7414599065084502
0.47574027270741676,0.7414599065084502
0.4758182782614122,0.7414599065084502
0.4758338793722113,0.7414599065084502
0.4760210927018004,0.7416396979503775
0.47603669381259944,0.7416396979503775
0.47606789603419764,0.7416396979503775
0.4760990982557958,0.7416396979503775
0.47613030047739396,0.7416396979503775
0.4762551093637867,0.7416396979503775
0.47628631158538487,0.7416396979503775
0.476301912696184,0.7416396979503775
0.47634871602858125,0.7416396979503775
0.4763799182501794,0.7416396979503775
0.4764423226933758,0.7416396979503775
0.47647352491497397,0.7419992808342323
0.4766295360229648,0.7419992808342323
0.476660738244563,0.7419992808342323
0.47675434490935753,0.7419992808342323
0.4768479515741521,0.7419992808342323
0.4768635526849512,0.7419992808342323
0.4771443726793348,0.7425386551600144
0.4773471871197229,0.7425386551600144
0.4773783893413211,0.7427184466019418
0.4774095915629193,0.7427184466019418
0.47745639489531655,0.7427184466019418
0.47748759711691474,0.7427184466019418
0.4778620237760929,0.7430780294857965
0.47787762488689195,0.7430780294857965
0.477893225997691,0.7432578209277239
0.4779400293300883,0.7432578209277239
0.4779868326624856,0.7432578209277239
0.47801803488408373,0.7432578209277239
0.478064838216481,0.7432578209277239
0.4780960404380792,0.7432578209277239
0.47814284377047644,0.7432578209277239
0.47833005710006554,0.7434376123696512
0.478408062654061,0.7434376123696512
0.47842366376486006,0.7436174038115786
0.47845486598645826,0.7436174038115786
0.47853287154045365,0.7436174038115786
0.47856407376205184,0.7436174038115786
0.4786732815376455,0.743797195253506
0.47868888264844456,0.743797195253506
0.47876688820244,0.743797195253506
0.47881369153483727,0.743797195253506
0.4789228993104309,0.743797195253506
0.47898530375362725,0.7439769866954333
0.47907891041842177,0.7439769866954333
0.47907891041842177,0.7441567781373607
0.4791569159724172,0.7441567781373607
0.4791881181940154,0.7441567781373607
0.4791881181940154,0.7443365695792881
0.4792193204156136,0.7443365695792881
0.47928172485880993,0.7443365695792881
0.4793129270804081,0.7443365695792881
0.4793597304128054,0.7443365695792881
0.47942213485600177,0.7443365695792881
0.4794533370775999,0.7443365695792881
0.47950014040999717,0.7443365695792881
0.47956254485319355,0.7445163610212154
0.47970295485038533,0.7445163610212154
0.4797341570719835,0.7445163610212154
0.4797809604043808,0.7445163610212154
0.479812162625979,0.7445163610212154
0.47982776373677805,0.7446961524631428
0.48010858373116166,0.7448759439050702
0.48010858373116166,0.7450557353469974
0.48013978595275986,0.7450557353469974
0.480170988174358,0.7450557353469974
0.48021779150675525,0.7450557353469974
0.4802333926175544,0.7450557353469974
0.48026459483915257,0.7450557353469974
0.48031139817154983,0.7450557353469974
0.48031139817154983,0.7452355267889248
0.4803269992823489,0.7452355267889248
0.4803894037255453,0.7452355267889248
0.48043620705794254,0.7454153182308522
0.48054541483353613,0.7454153182308522
0.4806078192767325,0.7454153182308522
0.48063902149833065,0.7454153182308522
0.48063902149833065,0.7455951096727795
0.48067022371992885,0.7455951096727795
0.48079503260632156,0.7455951096727795
0.4808106337171207,0.7455951096727795
0.480873038160317,0.7455951096727795
0.4808886392711161,0.7455951096727795
0.4809042403819152,0.746314275440489
0.4809354426035134,0.746314275440489
0.48112265593310244,0.746314275440489
0.48118506037629877,0.746314275440489
0.48121626259789696,0.746314275440489
0.4814190770382851,0.746314275440489
0.4814346781490842,0.746314275440489
0.48148148148148145,0.746314275440489
0.48151268370307965,0.746314275440489
0.48154388592467784,0.746314275440489
0.4815594870354769,0.746314275440489
0.4815906892570751,0.746314275440489
0.48160629036787417,0.746314275440489
0.4817154981434678,0.746314275440489
0.4817310992542669,0.746314275440489
0.481918312583856,0.746314275440489
0.48193391369465505,0.746314275440489
0.4819807170270523,0.746314275440489
0.48199631813785143,0.746314275440489
0.4820743236918469,0.746314275440489
0.4821367281350432,0.746314275440489
0.48223033479983773,0.746314275440489
0.4822615370214359,0.746314275440489
0.4823083403538332,0.746314275440489
0.4823395425754314,0.746314275440489
0.4824019470186277,0.746314275440489
0.4824643514618241,0.746314275440489
0.482620362569815,0.746314275440489
0.48266716590221226,0.746314275440489
0.48286998034260037,0.746314275440489
0.48293238478579675,0.746314275440489
0.482979188118194,0.7466738583243437
0.4830415925613904,0.7466738583243437
0.48322880589097944,0.7466738583243437
0.48322880589097944,0.7468536497662711
0.4833380136665731,0.7468536497662711
0.4834628225529658,0.7468536497662711
0.48347842366376487,0.7468536497662711
0.4835408281069612,0.7468536497662711
0.4835564292177603,0.7468536497662711
0.4836656369933539,0.7468536497662711
0.4837592436581485,0.7468536497662711
0.48377484476894755,0.7468536497662711
0.48391525476613934,0.7468536497662711
0.484024462541733,0.7468536497662711
0.4840868669849293,0.7468536497662711
0.4841180692065275,0.7468536497662711
0.4841492714281257,0.7468536497662711
0.48419607476052295,0.7468536497662711
0.4842740803145184,0.7470334412081985
0.48443009142250926,0.7472132326501258
0.4844768947549066,0.7472132326501258
0.4845392991981029,0.7472132326501258
0.48455490030890197,0.7472132326501258
0.4846797091952947,0.7472132326501258
0.4847109114168929,0.7472132326501258
0.48485132141408466,0.7472132326501258
0.48488252363568285,0.7472132326501258
0.4849293269680801,0.7472132326501258
0.48494492807887923,0.7472132326501258
0.48497613030047737,0.7472132326501258
0.4850229336328747,0.7472132326501258
0.4850541358544728,0.7472132326501258
0.485085338076071,0.7472132326501258
0.48514774251926734,0.7473930240920532
0.48521014696246373,0.7473930240920532
0.485256950294861,0.7475728155339806
0.4852881525164592,0.7475728155339806
0.48533495584885644,0.7475728155339806
0.48539736029205277,0.7475728155339806
0.48539736029205277,0.747752606975908
0.4854129614028519,0.747752606975908
0.4854753658460482,0.747752606975908
0.4855221691784455,0.747752606975908
0.4855377702892446,0.747752606975908
0.48560017473244094,0.747752606975908
0.48561577584324006,0.747752606975908
0.4856625791756373,0.747752606975908
0.48572498361883365,0.747752606975908
0.48575618584043184,0.747752606975908
0.48578738806203003,0.747752606975908
0.48600580361321727,0.747752606975908
0.4860682080564136,0.747752606975908
0.48613061249961,0.747752606975908
0.4861930169428063,0.747752606975908
0.4861930169428063,0.7479323984178353
0.48620861805360543,0.7479323984178353
0.48620861805360543,0.7481121898597627
0.4862866236076009,0.7481121898597627
0.486317825829199,0.7481121898597627
0.4863646291615963,0.7481121898597627
0.4863958313831945,0.7481121898597627
0.48641143249399355,0.7481121898597627
0.48656744360198445,0.7482919813016901
0.48669225248837716,0.7482919813016901
0.4867702580423726,0.7482919813016901
0.4867858591531717,0.7482919813016901
0.4868170613747699,0.7484717727436174
0.48684826359636807,0.7484717727436174
0.48686386470716714,0.7484717727436174
0.4869418702611626,0.7484717727436174
0.48698867359355985,0.7484717727436174
0.4870666791475553,0.7486515641855448
0.4870978813691535,0.7486515641855448
0.48711348247995256,0.7488313556274722
0.48717588692314895,0.7488313556274722
0.487191488033948,0.7488313556274722
0.4872226902555462,0.7488313556274722
0.4872382913663453,0.7490111470693995
0.48728509469874254,0.7490111470693995
0.48731629692034073,0.7490111470693995
0.4873318980311398,0.7490111470693995
0.4873318980311398,0.7491909385113269
0.48737870136353706,0.7491909385113269
0.48740990358513525,0.7491909385113269
0.4874255046959344,0.7491909385113269
0.4875815158039252,0.7493707299532543
0.4876127180255234,0.7493707299532543
0.4876439202471216,0.7493707299532543
0.4876595213579207,0.7493707299532543
0.48769072357951887,0.7493707299532543
0.48773752691191613,0.7493707299532543
0.4878779369091079,0.7495505213951816
0.4879091391307061,0.7495505213951816
0.48795594246310336,0.7495505213951816
0.48798714468470156,0.7495505213951816
0.4880495491278979,0.7495505213951816
0.488065150238697,0.7495505213951816
0.48812755468189334,0.7495505213951816
0.4882055602358888,0.7495505213951816
0.48828356578988424,0.7495505213951816
0.4883303691222815,0.7495505213951816
0.4883927735654779,0.7495505213951816
0.48843957689787515,0.7495505213951816
0.4884551780086742,0.7495505213951816
0.48854878467346874,0.7495505213951816
0.4886111891166651,0.7495505213951816
0.4887203968922587,0.749730312837109
0.48882960466785236,0.749730312837109
0.48886080688945055,0.749730312837109
0.4888920091110487,0.749730312837109
0.4889232113326469,0.749730312837109
0.48895441355424507,0.749730312837109
0.48912602577303504,0.749730312837109
0.4891416268838341,0.749730312837109
0.4891728291054323,0.7500898957209636
0.48921963243782957,0.7500898957209636
0.48936004243502135,0.7500898957209636
0.48939124465661954,0.7500898957209636
0.4894536490998159,0.7500898957209636
0.48948485132141406,0.7500898957209636
0.4895004524322132,0.7500898957209636
0.4895316546538114,0.7500898957209636
0.4896096602078068,0.750269687162891
0.4897188679834004,0.750269687162891
0.4897500702049986,0.750269687162891
0.4897656713157977,0.750269687162891
0.48982807575899406,0.750269687162891
0.4898592779805922,0.7504494786048184
0.4898748790913913,0.7506292700467457
0.48990608131298946,0.7506292700467457
0.4900152890885831,0.7508090614886731
0.4900308901993822,0.7508090614886731
0.49006209242098037,0.7508090614886731
0.4901556990857749,0.7508090614886731
0.490171300196574,0.7508090614886731
0.49021810352897127,0.7508090614886731
0.490342912415364,0.7508090614886731
0.4904053168585603,0.7508090614886731
0.4904521201909576,0.7508090614886731
0.4904677213017567,0.7508090614886731
0.4904677213017567,0.7509888529306005
0.4904989235233549,0.7509888529306005
0.49054572685575215,0.7511686443725278
0.4905613279665512,0.7511686443725278
0.4905925301881494,0.7511686443725278
0.4905925301881494,0.7513484358144552
0.4906081312989485,0.7513484358144552
0.49068613685294393,0.7515282272563826
0.4907329401853412,0.7515282272563826
0.4908265468501357,0.7515282272563826
0.490873350182533,0.7515282272563826
0.4908889512933321,0.7515282272563826
0.49093575462572936,0.7515282272563826
0.49096695684732755,0.7515282272563826
0.49096695684732755,0.7517080186983099
0.4909981590689257,0.7517080186983099
0.49110736684451933,0.7517080186983099
0.4914505912820993,0.7518878101402373
0.4914817935036975,0.7518878101402373
0.49149739461449654,0.7518878101402373
0.491575400168492,0.7520676015821647
0.4916066023900902,0.7520676015821647
0.49165340572248745,0.7520676015821647
0.49168460794408564,0.7520676015821647
0.4918718212736747,0.752247393024092
0.4919030234952729,0.752247393024092
0.49193422571687107,0.752247393024092
0.4919654279384692,0.752247393024092
0.4919810290492683,0.752247393024092
0.49201223127086646,0.752247393024092
0.4921526412680583,0.752247393024092
0.49218384348965644,0.752247393024092
0.49223064682205375,0.752247393024092
0.4922618490436519,0.752247393024092
0.492277450154451,0.7524271844660194
0.4923242534868483,0.7524271844660194
0.49235545570844647,0.7524271844660194
0.49235545570844647,0.7527867673498742
0.49243346126244186,0.7527867673498742
0.49246466348404005,0.7527867673498742
0.4924802645948392,0.7527867673498742
0.4927454834784237,0.7529665587918015
0.49277668570002187,0.7531463502337289
0.49288589347561546,0.7531463502337289
0.49291709569721365,0.7531463502337289
0.49294829791881184,0.7531463502337289
0.49304190458360636,0.7531463502337289
0.49305750569440543,0.7531463502337289
0.4930887079160036,0.7531463502337289
0.4931355112484009,0.7533261416756563
0.4931667134699991,0.7533261416756563
0.49319791569159727,0.7533261416756563
0.4932603201347936,0.7533261416756563
0.4933539267995881,0.7533261416756563
0.4934163312427845,0.7533261416756563
0.4935411401291772,0.7535059331175836
0.4935567412399763,0.7535059331175836
0.49361914568317267,0.7535059331175836
0.4936659490155699,0.7535059331175836
0.49372835345876626,0.7535059331175836
0.4937751567911635,0.7535059331175836
0.49379075790196264,0.7535059331175836
0.49391556678835535,0.7535059331175836
0.4939779712315517,0.7535059331175836
0.49404037567474807,0.7535059331175836
0.4940871790071453,0.7535059331175836
0.49428999344753344,0.7535059331175836
0.4943992012231271,0.7535059331175836
0.4943992012231271,0.753685724559511
0.49441480233392615,0.753685724559511
0.49444600455552434,0.753685724559511
0.4944928078879216,0.753685724559511
0.4945240101095198,0.753685724559511
0.49453961122031886,0.7540453074433657
0.4945864145527162,0.7540453074433657
0.4946488189959125,0.7540453074433657
0.49472682454990796,0.7540453074433657
0.4948516334363007,0.7542250988852931
0.49489843676869794,0.7542250988852931
0.4949764423226934,0.7542250988852931
0.49499204343349246,0.7542250988852931
0.49516365565228243,0.7544048903272205
0.4951948578738806,0.7544048903272205
0.4952728634278761,0.7544048903272205
0.49530406564947427,0.7544048903272205
0.4954912789790633,0.7544048903272205
0.4955224812006615,0.7544048903272205
0.49553808231146057,0.7544048903272205
0.49558488564385783,0.7544048903272205
0.495616087865456,0.7544048903272205
0.4956316889762551,0.7544048903272205
0.49570969453025054,0.7544048903272205
0.4958189023058442,0.7547644732110752
0.4958189023058442,0.7549442646530026
0.49589690785983964,0.7549442646530026
0.49595931230303597,0.7549442646530026
0.49597491341383504,0.7549442646530026
0.49600611563543323,0.7551240560949298
0.4960373178570314,0.7551240560949298
0.4960685200786296,0.7551240560949298
0.4960841211894287,0.7551240560949298
0.4960841211894287,0.7553038475368572
0.4962089300758214,0.7554836389787846
0.49625573340821866,0.7554836389787846
0.49628693562981685,0.7554836389787846
0.49638054229461137,0.7554836389787846
0.49639614340541044,0.7554836389787846
0.49642734562700863,0.7554836389787846
0.4964585478486068,0.7554836389787846
0.4965365534026023,0.7554836389787846
0.49661455895659773,0.7554836389787846
0.4970825922805704,0.7556634304207119
0.49716059783456584,0.7556634304207119
0.497191800056164,0.7556634304207119
0.49745701893974853,0.7556634304207119
0.49770663671253396,0.7560230133045667
0.497722237823333,0.7560230133045667
0.4977690411557303,0.7560230133045667
0.49783144559892667,0.7560230133045667
0.49787824893132393,0.7560230133045667
0.49794065337452026,0.7560230133045667
0.49797185559611845,0.7560230133045667
0.4979874567069175,0.7560230133045667
0.498065462260913,0.7560230133045667
0.49812786670410936,0.7560230133045667
0.4982214733689039,0.7560230133045667
0.49833068114449747,0.7560230133045667
0.4983462822552966,0.7560230133045667
0.4983774844768947,0.7560230133045667
0.4983774844768947,0.756202804746494
0.4984086866984929,0.756202804746494
0.4984398889200911,0.756202804746494
0.49850229336328744,0.756202804746494
0.4985802989172829,0.756202804746494
0.4986115011388811,0.756202804746494
0.49865830447127835,0.756202804746494
0.49868950669287654,0.756202804746494
0.4987051078036756,0.756202804746494
0.4987363100252738,0.756202804746494
0.498767512246872,0.756202804746494
0.49879871446847013,0.756202804746494
0.4988611189116665,0.756202804746494
0.49895472557646103,0.756202804746494
0.49897032668726016,0.756202804746494
0.4990171300196574,0.756202804746494
0.4990327311304565,0.756202804746494
0.4991887422384474,0.756202804746494
0.49921994446004553,0.756202804746494
0.4993135511248401,0.7563825961884214
0.49936035445723737,0.7565623876303488
0.49937595556803643,0.7565623876303488
0.49959437111922367,0.7571017619561309
0.4996099722300228,0.7571017619561309
0.49964117445162093,0.7571017619561309
0.4997035788948173,0.7571017619561309
0.4997503822272146,0.7571017619561309
0.49979718555961183,0.7571017619561309
0.49981278667041096,0.7571017619561309
0.49981278667041096,0.7574613448399856
0.4998439888920091,0.7574613448399856
0.4998595900028082,0.7574613448399856
0.49995319666760274,0.7574613448399856
0.49998439888920093,0.7574613448399856
0.5,0.7574613448399856
0.5001404099971918,0.7574613448399856
0.5001560111079909,0.7574613448399856
0.500187213329589,0.7574613448399856
0.5002652188835846,0.7574613448399856
0.5007800555399544,0.7581805106076951
0.5008112577615527,0.7581805106076951
0.5008268588723517,0.7581805106076951
0.5009204655371462,0.7583603020496225
0.5009828699803426,0.7583603020496225
0.5010140722019408,0.7583603020496225
0.5010608755343381,0.7583603020496225
0.5010764766451371,0.7583603020496225
0.5011076788667354,0.7583603020496225
0.5013104933071235,0.7583603020496225
0.5013260944179225,0.7583603020496225
0.5013728977503198,0.7583603020496225
0.5014353021935162,0.7583603020496225
0.5014665044151143,0.7583603020496225
0.5016849199663016,0.7583603020496225
0.5017005210771007,0.7583603020496225
0.5017317232986989,0.7583603020496225
0.501747324409498,0.7583603020496225
0.501762925520297,0.7585400934915498
0.5017941277418952,0.7585400934915498
0.5018097288526943,0.7585400934915498
0.5018721332958906,0.7585400934915498
0.5019813410714843,0.7588996763754046
0.5020281444038815,0.7588996763754046
0.5020437455146807,0.7588996763754046
0.5020749477362788,0.7588996763754046
0.5021217510686761,0.7588996763754046
0.5021217510686761,0.7590794678173319
0.5021685544010733,0.7590794678173319
0.5021685544010733,0.7592592592592593
0.5021841555118725,0.7594390507011867
0.5022465599550688,0.7594390507011867
0.5023401666198634,0.759618842143114
0.5023557677306624,0.759618842143114
0.5023869699522606,0.759618842143114
0.5024181721738588,0.759618842143114
0.5024337732846579,0.7597986335850414
0.5025273799494524,0.7597986335850414
0.5025585821710505,0.7597986335850414
0.5026053855034478,0.7597986335850414
0.5026677899466442,0.7599784250269687
0.5031826266030142,0.760158216468896
0.5031982277138132,0.760158216468896
0.5033074354894068,0.760158216468896
0.5033230366002059,0.7603380079108234
0.5033698399326032,0.7603380079108234
0.5033698399326032,0.7605177993527508
0.5033854410434023,0.7605177993527508
0.5034166432650005,0.7605177993527508
0.5034322443757996,0.7605177993527508
0.5034634465973977,0.7605177993527508
0.5035414521513932,0.7605177993527508
0.5035882554837905,0.7605177993527508
0.5036194577053886,0.7605177993527508
0.5036194577053886,0.7606975907946781
0.5036350588161878,0.7606975907946781
0.5037130643701832,0.7606975907946781
0.5037598677025804,0.7606975907946781
0.5039470810321695,0.7608773822366055
0.5039626821429686,0.7612369651204602
0.5041654965833567,0.761596548004315
0.5041810976941559,0.761596548004315
0.5042435021373521,0.761596548004315
0.5042591032481513,0.761596548004315
0.5043059065805485,0.7617763394462423
0.5043215076913476,0.7617763394462423
0.5044307154669413,0.7617763394462423
0.5045243221317358,0.7617763394462423
0.5046803332397267,0.7617763394462423
0.5047115354613249,0.7617763394462423
0.504742737682923,0.7617763394462423
0.5048207432369185,0.7617763394462423
0.5048519454585166,0.7617763394462423
0.5048987487909139,0.7617763394462423
0.5049455521233112,0.7619561308881697
0.5050547598989048,0.7619561308881697
0.5050859621205029,0.7619561308881697
0.5050859621205029,0.7621359223300971
0.5051171643421012,0.7621359223300971
0.5051327654529002,0.7621359223300971
0.5054135854472839,0.7628550880978066
0.5054603887796811,0.7628550880978066
0.5054915910012793,0.7628550880978066
0.5055383943336765,0.7628550880978066
0.5055851976660738,0.7628550880978066
0.5056007987768729,0.7628550880978066
0.505632000998471,0.7628550880978066
0.5056476021092702,0.7628550880978066
0.5056944054416674,0.7628550880978066
0.5057100065524666,0.7628550880978066
0.5057412087740647,0.7628550880978066
0.5057568098848638,0.7628550880978066
0.5058348154388592,0.7628550880978066
0.5058504165496583,0.7628550880978066
0.505975225436051,0.7628550880978066
0.5060064276576492,0.7628550880978066
0.5060220287684483,0.7628550880978066
0.5060220287684483,0.7630348795397339
0.5060532309900465,0.7630348795397339
0.5062092420980374,0.7632146709816613
0.5062092420980374,0.7633944624235887
0.5062404443196356,0.7633944624235887
0.5062716465412337,0.7633944624235887
0.5063340509844301,0.7633944624235887
0.5064120565384256,0.7633944624235887
0.5064432587600237,0.7633944624235887
0.5064588598708228,0.7633944624235887
0.5064744609816219,0.763574253865516
0.5065524665356174,0.763574253865516
0.5065680676464164,0.7637540453074434
0.5065836687572155,0.7637540453074434
0.5066460732004119,0.7639338367493708
0.5066928765328091,0.7639338367493708
0.5067240787544073,0.7639338367493708
0.5067396798652064,0.7639338367493708
0.5068176854192018,0.7639338367493708
0.5068644887515991,0.7639338367493708
0.5068800898623982,0.7639338367493708
0.507379325407969,0.7642934196332255
0.5074105276295672,0.7644732110751529
0.5074885331835627,0.7644732110751529
0.5075821398483572,0.7646530025170802
0.5076133420699553,0.7646530025170802
0.5076601454023526,0.7646530025170802
0.5076757465131517,0.7646530025170802
0.5077537520671472,0.7646530025170802
0.5078005553995445,0.7646530025170802
0.5078629598427408,0.7646530025170802
0.5078785609535399,0.7646530025170802
0.5080033698399326,0.7648327939590076
0.5080345720615308,0.7648327939590076
0.5081437798371244,0.7648327939590076
0.5081749820587226,0.7648327939590076
0.508252987612718,0.7650125854009349
0.508252987612718,0.7651923768428622
0.5082997909451152,0.7651923768428622
0.5083309931667135,0.7651923768428622
0.5083777964991107,0.7651923768428622
0.508424599831508,0.7651923768428622
0.5084558020531061,0.7651923768428622
0.5084870042747044,0.7651923768428622
0.5085650098286998,0.7651923768428622
0.5085650098286998,0.7653721682847896
0.5085806109394989,0.7653721682847896
0.5085806109394989,0.765551959726717
0.508611813161097,0.765551959726717
0.5086586164934943,0.765551959726717
0.5086742176042934,0.765551959726717
0.5087054198258916,0.765551959726717
0.5087990264906861,0.765551959726717
0.509126649817467,0.7657317511686443
0.5091578520390652,0.7657317511686443
0.5092514587038597,0.7657317511686443
0.5093450653686542,0.7657317511686443
0.5094230709226497,0.7657317511686443
0.5094854753658461,0.7657317511686443
0.5095166775874442,0.7660913340524991
0.5095478798090424,0.7660913340524991
0.5095946831414396,0.7660913340524991
0.5096258853630379,0.7660913340524991
0.5097038909170333,0.7660913340524991
0.5097038909170333,0.7662711254944264
0.5097506942494305,0.7662711254944264
0.5097974975818278,0.7662711254944264
0.5098599020250242,0.7662711254944264
0.5098911042466223,0.7662711254944264
0.5099223064682206,0.7662711254944264
0.5099847109114168,0.7662711254944264
0.5100159131330151,0.7662711254944264
0.5100315142438142,0.7662711254944264
0.5100627164654123,0.7664509169363538
0.5100783175762115,0.7664509169363538
0.5101251209086087,0.7664509169363538
0.5101407220194077,0.7664509169363538
0.510187525351805,0.7664509169363538
0.5103435364597959,0.7664509169363538
0.5103747386813942,0.7664509169363538
0.5104059409029923,0.7664509169363538
0.5104371431245904,0.7664509169363538
0.5104527442353896,0.7664509169363538
0.5104839464569877,0.7664509169363538
0.5105151486785859,0.7664509169363538
0.5105619520109832,0.7664509169363538
0.5106087553433805,0.7664509169363538
0.5107491653405722,0.7666307083782812
0.5107803675621704,0.7666307083782812
0.5108271708945676,0.7668104998202085
0.5108427720053668,0.7668104998202085
0.5109675808917595,0.7668104998202085
0.5110299853349558,0.7668104998202085
0.5110455864457549,0.7668104998202085
0.5110767886673531,0.7668104998202085
0.5113108053293395,0.7671700827040633
0.5113420075509376,0.7671700827040633
0.511747636431714,0.7671700827040633
0.5118568442073076,0.7671700827040633
0.5119036475397049,0.7671700827040633
0.5119192486505039,0.7671700827040633
0.5119504508721021,0.7671700827040633
0.5119660519829012,0.7671700827040633
0.5119972542044994,0.7671700827040633
0.5120596586476958,0.7671700827040633
0.5122312708664857,0.7671700827040633
0.5122780741988829,0.7671700827040633
0.5123092764204812,0.7671700827040633
0.5123248775312802,0.7671700827040633
0.5123872819744766,0.7671700827040633
0.512449686417673,0.7671700827040633
0.512636899747262,0.7677094570298454
0.5126681019688601,0.7677094570298454
0.5126993041904584,0.7677094570298454
0.5127305064120565,0.7677094570298454
0.5127617086336547,0.7677094570298454
0.5127929108552529,0.7677094570298454
0.5128085119660519,0.7678892484717728
0.512824113076851,0.7678892484717728
0.5128553152984493,0.7678892484717728
0.512980124184842,0.7678892484717728
0.5130737308496365,0.7678892484717728
0.5131049330712347,0.7678892484717728
0.5132609441792255,0.7678892484717728
0.5132921464008238,0.7678892484717728
0.5133857530656183,0.7678892484717728
0.5134793597304128,0.7680690399137001
0.513510561952011,0.7680690399137001
0.5135729663952073,0.7680690399137001
0.5136041686168055,0.7680690399137001
0.5136353708384037,0.7680690399137001
0.513682174170801,0.7680690399137001
0.513682174170801,0.7682488313556275
0.5136977752816001,0.7682488313556275
0.5137913819463946,0.7682488313556275
0.5138225841679928,0.7684286227975549
0.5139629941651845,0.7686084142394822
0.5140097974975818,0.7686084142394822
0.5140253986083809,0.7686084142394822
0.5140722019407782,0.7686084142394822
0.5140878030515773,0.7686084142394822
0.5141502074947736,0.7686084142394822
0.5141970108271708,0.7686084142394822
0.5142282130487691,0.7686084142394822
0.5142438141595682,0.7686084142394822
0.5142906174919655,0.7686084142394822
0.5143218197135636,0.7686084142394822
0.5143218197135636,0.7687882056814096
0.5143374208243627,0.7687882056814096
0.5143686230459609,0.7687882056814096
0.51438422415676,0.768967997123337
0.5144310274891573,0.768967997123337
0.5144310274891573,0.7691477885652643
0.5144622297107554,0.7691477885652643
0.5145558363755499,0.7691477885652643
0.514571437486349,0.7693275800071917
0.5146338419295454,0.7693275800071917
0.5146962463727417,0.7693275800071917
0.5147118474835408,0.7695073714491191
0.5147586508159381,0.7695073714491191
0.5147898530375363,0.7695073714491191
0.5148522574807326,0.7695073714491191
0.5148522574807326,0.7696871628910464
0.514914661923929,0.7696871628910464
0.5151174763643172,0.7698669543329737
0.5151330774751163,0.7700467457749011
0.5151642796967144,0.7702265372168284
0.5152110830291117,0.7702265372168284
0.5152578863615089,0.7702265372168284
0.5153826952479017,0.7704063286587558
0.5155231052450935,0.7704063286587558
0.515616711909888,0.7704063286587558
0.5156323130206871,0.7704063286587558
0.5156791163530844,0.7704063286587558
0.5157259196854816,0.7704063286587558
0.5157571219070798,0.7704063286587558
0.5157727230178789,0.7704063286587558
0.5158819307934724,0.7704063286587558
0.5158975319042716,0.7704063286587558
0.5159911385690661,0.7704063286587558
0.5160067396798652,0.7704063286587558
0.5160535430122625,0.7704063286587558
0.5160691441230616,0.7704063286587558
0.5161315485662579,0.7704063286587558
0.516147149677057,0.7704063286587558
0.5161783518986551,0.7704063286587558
0.5162251552310525,0.7704063286587558
0.5162875596742488,0.7704063286587558
0.5163499641174452,0.7704063286587558
0.5163811663390433,0.7704063286587558
0.5164435707822397,0.7704063286587558
0.5164747730038379,0.7705861201006832
0.5164903741146369,0.7705861201006832
0.5165215763362352,0.7705861201006832
0.5165371774470342,0.7705861201006832
0.5165683796686324,0.7705861201006832
0.5166151830010297,0.7705861201006832
0.516677587444226,0.7705861201006832
0.5167087896658242,0.7705861201006832
0.5167555929982215,0.7705861201006832
0.5167867952198196,0.7705861201006832
0.5168335985522169,0.7705861201006832
0.5169272052170114,0.7705861201006832
0.5169740085494087,0.7705861201006832
0.5170208118818059,0.7705861201006832
0.5170832163250023,0.7705861201006832
0.5171300196573996,0.7705861201006832
0.5171456207681987,0.7707659115426105
0.5171612218789978,0.7707659115426105
0.5171612218789978,0.7709457029845379
0.5172080252113951,0.7709457029845379
0.5172548285437923,0.7709457029845379
0.517364036319386,0.7709457029845379
0.5174108396517832,0.7711254944264653
0.5174576429841805,0.7711254944264653
0.5174732440949795,0.7711254944264653
0.5175044463165778,0.7711254944264653
0.5175356485381759,0.7713052858683926
0.5176292552029704,0.7713052858683926
0.5176760585353677,0.7713052858683926
0.517722861867765,0.7713052858683926
0.5177852663109613,0.7713052858683926
0.5178008674217605,0.7713052858683926
0.5178476707541577,0.7713052858683926
0.5178632718649567,0.7713052858683926
0.517894474086555,0.7713052858683926
0.5179412774189522,0.7713052858683926
0.5180348840837468,0.7713052858683926
0.5181128896377422,0.7713052858683926
0.5182220974133358,0.7713052858683926
0.5182845018565322,0.7713052858683926
0.5183001029673313,0.7713052858683926
0.5183001029673313,0.77148507731032
0.5183313051889294,0.77148507731032
0.5184093107429248,0.7716648687522474
0.5185341196293176,0.7720244516361021
0.5185341196293176,0.7722042430780295
0.518596524072514,0.7722042430780295
0.5186277262941121,0.7722042430780295
0.5186277262941121,0.7723840345199569
0.5186589285157103,0.7723840345199569
0.5186745296265094,0.7723840345199569
0.5187057318481075,0.7723840345199569
0.5188305407345003,0.7723840345199569
0.5188929451776967,0.7723840345199569
0.518939748510094,0.7723840345199569
0.5189709507316921,0.7723840345199569
0.5190177540640893,0.7725638259618842
0.5190645573964866,0.7725638259618842
0.5190801585072857,0.7725638259618842
0.5191425629504821,0.7725638259618842
0.5191581640612811,0.7725638259618842
0.5191893662828794,0.7725638259618842
0.5192049673936784,0.7725638259618842
0.5192673718368748,0.7725638259618842
0.5192829729476739,0.7725638259618842
0.5193297762800712,0.7725638259618842
0.5194233829448657,0.7725638259618842
0.5194701862772629,0.7725638259618842
0.5194857873880621,0.7725638259618842
0.5195169896096602,0.7725638259618842
0.5196105962744547,0.7725638259618842
0.5197198040500484,0.7725638259618842
0.5197510062716465,0.7725638259618842
0.5197666073824456,0.7725638259618842
0.5198914162688384,0.7725638259618842
0.5199382196012357,0.7725638259618842
0.5199538207120347,0.7725638259618842
0.5200006240444319,0.7725638259618842
0.5200318262660302,0.7725638259618842
0.5200942307092264,0.7725638259618842
0.5203438484820119,0.772923408845739
0.5204062529252083,0.772923408845739
0.5205466629224,0.772923408845739
0.5206090673655964,0.772923408845739
0.5206402695871946,0.772923408845739
0.5207026740303909,0.772923408845739
0.5207494773627882,0.772923408845739
0.5208118818059846,0.772923408845739
0.5208586851383818,0.772923408845739
0.52088988735998,0.772923408845739
0.5209054884707791,0.772923408845739
0.5209366906923772,0.772923408845739
0.5209522918031764,0.7731032002876663
0.5209990951355736,0.7731032002876663
0.5210458984679709,0.7731032002876663
0.5210771006895691,0.7731032002876663
0.5211083029111673,0.7731032002876663
0.5211551062435645,0.7731032002876663
0.5211707073543637,0.7731032002876663
0.5212643140191582,0.7732829917295937
0.5213423195731536,0.7732829917295937
0.5213891229055508,0.7732829917295937
0.52140472401635,0.7732829917295937
0.5214359262379481,0.7732829917295937
0.5215295329027426,0.7736425746134484
0.5215607351243409,0.7736425746134484
0.5216543417891354,0.7736425746134484
0.5217011451215327,0.7736425746134484
0.5217479484539299,0.7736425746134484
0.5218259540079254,0.7736425746134484
0.5218727573403227,0.7736425746134484
0.5218883584511217,0.7738223660553758
0.5219039595619208,0.7738223660553758
0.5220131673375145,0.7741819489392305
0.5220443695591126,0.7741819489392305
0.5220599706699117,0.7743617403811579
0.5220755717807107,0.7743617403811579
0.522106774002309,0.7743617403811579
0.522293987331898,0.7747213232650126
0.5223251895534962,0.7747213232650126
0.5224031951074917,0.7747213232650126
0.5224343973290898,0.7747213232650126
0.522465599550688,0.7747213232650126
0.5225280039938843,0.7747213232650126
0.5225904084370807,0.7747213232650126
0.5226216106586788,0.7747213232650126
0.5226684139910762,0.7747213232650126
0.5226996162126744,0.7747213232650126
0.5227620206558707,0.7747213232650126
0.522808823988268,0.7747213232650126
0.5228556273206653,0.7747213232650126
0.5228868295422634,0.7747213232650126
0.5229024306530625,0.7749011147069399
0.5230116384286562,0.7749011147069399
0.5230272395394552,0.7749011147069399
0.5230740428718524,0.7749011147069399
0.523152048425848,0.7749011147069399
0.5233080595338389,0.7749011147069399
0.5233236606446379,0.7749011147069399
0.5234952728634279,0.7750809061488673
0.523510873974227,0.7750809061488673
0.5235576773066243,0.7752606975907946
0.5235732784174233,0.7752606975907946
0.5236044806390215,0.7752606975907946
0.5236512839714188,0.7752606975907946
0.5237136884146151,0.775440489032722
0.5237448906362133,0.775440489032722
0.5239477050766015,0.7756202804746494
0.5239633061874005,0.7756202804746494
0.5239945084089987,0.7756202804746494
0.524041311741396,0.7756202804746494
0.5241193172953914,0.7758000719165767
0.5241661206277887,0.7758000719165767
0.5243065306249804,0.7759798633585041
0.5243533339573778,0.7759798633585041
0.5243689350681768,0.7759798633585041
0.5244001372897751,0.7759798633585041
0.5244313395113732,0.7759798633585041
0.5244313395113732,0.7761596548004315
0.5245093450653686,0.7761596548004315
0.524571749508565,0.7765192376842862
0.5245873506193641,0.7765192376842862
0.5247121595057568,0.7765192376842862
0.524743361727355,0.7765192376842862
0.5248369683921495,0.7765192376842862
0.5248525695029486,0.7765192376842862
0.524914973946145,0.7765192376842862
0.5249617772785422,0.7765192376842862
0.5249773783893413,0.7765192376842862
0.5251801928297295,0.7765192376842862
0.5252269961621268,0.7765192376842862
0.5252425972729259,0.7765192376842862
0.5252581983837249,0.7766990291262136
0.5253362039377204,0.7766990291262136
0.5253518050485194,0.7766990291262136
0.5253830072701177,0.7766990291262136
0.5254298106025149,0.7766990291262136
0.5254454117133139,0.7766990291262136
0.5254766139349122,0.776878820568141
0.5256950294860994,0.777418194893923
0.525788636150894,0.777418194893923
0.5258822428156885,0.777418194893923
0.5260694561452776,0.777418194893923
0.5261006583668757,0.777418194893923
0.5261630628100721,0.777418194893923
0.5263034728072639,0.777418194893923
0.526319073918063,0.777418194893923
0.5263970794720584,0.777418194893923
0.5264438828044556,0.777418194893923
0.5266622983556429,0.7775979863358504
0.5266778994664421,0.7775979863358504
0.5266778994664421,0.7777777777777778
0.5267091016880402,0.7777777777777778
0.5267715061312366,0.7777777777777778
0.5267871072420356,0.7777777777777778
0.5268339105744329,0.7777777777777778
0.5268651127960311,0.7777777777777778
0.5269275172392275,0.7777777777777778
0.5269743205716247,0.7777777777777778
0.5270055227932229,0.7777777777777778
0.527036725014821,0.7777777777777778
0.527036725014821,0.7779575692197052
0.5270523261256201,0.7779575692197052
0.5270679272364193,0.7781373606616325
0.5271303316796155,0.7781373606616325
0.5271459327904147,0.7781373606616325
0.5271459327904147,0.7783171521035599
0.5272239383444102,0.7783171521035599
0.5272863427876064,0.7783171521035599
0.5273175450092047,0.7783171521035599
0.5273487472308028,0.7783171521035599
0.5273955505632001,0.7783171521035599
0.5274735561171956,0.7783171521035599
0.5275047583387937,0.7783171521035599
0.5275359605603919,0.7783171521035599
0.5275671627819901,0.7783171521035599
0.5275827638927891,0.7783171521035599
0.5276295672251864,0.7783171521035599
0.5276607694467846,0.7783171521035599
0.5276919716683828,0.7783171521035599
0.5277075727791819,0.7783171521035599
0.52773877500078,0.7783171521035599
0.5278011794439764,0.7783171521035599
0.5278167805547755,0.7783171521035599
0.5278635838871728,0.7783171521035599
0.5278947861087709,0.7783171521035599
0.5279571905519673,0.7783171521035599
0.5280195949951637,0.7783171521035599
0.5280507972167618,0.7783171521035599
0.52808199943836,0.7783171521035599
0.5281600049923555,0.7783171521035599
0.5281912072139536,0.7783171521035599
0.5282068083247528,0.7783171521035599
0.5283004149895473,0.7783171521035599
0.5283316172111454,0.7783171521035599
0.5283628194327437,0.7783171521035599
0.5284252238759399,0.7783171521035599
0.5285656338731317,0.7783171521035599
0.5286280383163281,0.7783171521035599
0.5286748416487254,0.7783171521035599
0.5287216449811226,0.7783171521035599
0.5287216449811226,0.7784969435454873
0.5287528472027209,0.7784969435454873
0.5287996505351181,0.7784969435454873
0.5289400605323099,0.7784969435454873
0.528971262753908,0.7784969435454873
0.5290336671971044,0.7784969435454873
0.5290492683079036,0.7784969435454873
0.5291428749726981,0.7786767349874146
0.5292364816374926,0.7786767349874146
0.529298886080689,0.7786767349874146
0.529314487191488,0.7786767349874146
0.5293612905238853,0.7786767349874146
0.5293924927454835,0.7786767349874146
0.5294080938562825,0.7786767349874146
0.5294392960778808,0.7786767349874146
0.5295017005210771,0.7786767349874146
0.5295017005210771,0.778856526429342
0.5295173016318762,0.778856526429342
0.5296109082966707,0.778856526429342
0.5296577116290679,0.778856526429342
0.5296889138506662,0.778856526429342
0.5297201160722643,0.778856526429342
0.5297513182938626,0.778856526429342
0.5297825205154607,0.778856526429342
0.5298137227370588,0.778856526429342
0.5298449249586571,0.778856526429342
0.5301725482854379,0.7790363178712694
0.530203750507036,0.7790363178712694
0.530203750507036,0.7792161093131967
0.5304065649474242,0.7793959007551241
0.5304377671690225,0.7793959007551241
0.5304689693906206,0.7797554836389787
0.5305157727230179,0.7799352750809061
0.5305625760554151,0.7799352750809061
0.5305937782770134,0.7799352750809061
0.5306405816094106,0.7799352750809061
0.5306873849418079,0.7799352750809061
0.5307341882742052,0.7799352750809061
0.5307653904958033,0.7799352750809061
0.5308277949389997,0.7799352750809061
0.5308589971605978,0.7799352750809061
0.5309682049361915,0.7799352750809061
0.5310150082685887,0.7799352750809061
0.5310462104901869,0.7799352750809061
0.5310774127117851,0.7799352750809061
0.5311086149333832,0.7799352750809061
0.5311242160441824,0.7799352750809061
0.5311554182657805,0.7799352750809061
0.5312178227089769,0.7799352750809061
0.531233423819776,0.7801150665228335
0.5313738338169678,0.7804746494066882
0.5314518393709632,0.7804746494066882
0.5314986427033604,0.7804746494066882
0.531592249368155,0.7804746494066882
0.5316390527005522,0.7804746494066882
0.5316702549221505,0.7804746494066882
0.5316858560329496,0.7804746494066882
0.531763861586945,0.7804746494066882
0.5317794626977441,0.7804746494066882
0.5318106649193423,0.7804746494066882
0.5318730693625386,0.7804746494066882
0.5319354738057349,0.7804746494066882
0.5319666760273332,0.7804746494066882
0.5319978782489313,0.7806544408486156
0.5320602826921277,0.7806544408486156
0.5320914849137258,0.7806544408486156
0.532107086024525,0.7806544408486156
0.5321382882461231,0.7806544408486156
0.5321850915785203,0.7806544408486156
0.5322630971325158,0.7806544408486156
0.532294299354114,0.7808342322905429
0.5323567037973104,0.7808342322905429
0.5323879060189085,0.7808342322905429
0.5324035071297076,0.7808342322905429
0.5325127149053013,0.7810140237324703
0.5325283160161004,0.7810140237324703
0.5325595182376985,0.7810140237324703
0.5326219226808949,0.7810140237324703
0.5326531249024931,0.7810140237324703
0.5328715404536803,0.7810140237324703
0.5329339448968766,0.7810140237324703
0.5330119504508721,0.7810140237324703
0.5330275515616711,0.7810140237324703
0.5330587537832694,0.7810140237324703
0.5330899560048675,0.7810140237324703
0.5330899560048675,0.7811938151743977
0.5331523604480639,0.7811938151743977
0.5332303660020593,0.7811938151743977
0.5333083715560548,0.7811938151743977
0.5333551748884521,0.7811938151743977
0.5333863771100502,0.7811938151743977
0.5334487815532466,0.7811938151743977
0.5335735904396393,0.7811938151743977
0.5335891915504384,0.7811938151743977
0.5337608037692284,0.7820927723840345
0.5337920059908265,0.7820927723840345
0.5338232082124247,0.7820927723840345
0.5339012137664202,0.7820927723840345
0.5339324159880183,0.7820927723840345
0.5339480170988175,0.7820927723840345
0.5339792193204156,0.7820927723840345
0.5341040282068084,0.7820927723840345
0.5341352304284065,0.7820927723840345
0.5341352304284065,0.7822725638259619
0.5341820337608038,0.7822725638259619
0.5342444382040001,0.7822725638259619
0.5342912415363974,0.7822725638259619
0.5343068426471965,0.7822725638259619
0.5343692470903928,0.7822725638259619
0.5344160504227901,0.7822725638259619
0.5344316515335892,0.7822725638259619
0.5344940559767856,0.7822725638259619
0.5345096570875847,0.7822725638259619
0.534572061530781,0.7824523552678893
0.5346812693063746,0.7826321467098166
0.5347280726387719,0.7826321467098166
0.534743673749571,0.7826321467098166
0.5347748759711691,0.7826321467098166
0.5348372804143655,0.7826321467098166
0.53493088707916,0.7826321467098166
0.5349620893007582,0.7826321467098166
0.5349776904115573,0.7826321467098166
0.5350088926331554,0.7826321467098166
0.5350556959655528,0.7826321467098166
0.5350712970763518,0.7826321467098166
0.5350712970763518,0.782811938151744
0.5351493026303473,0.782811938151744
0.5351961059627446,0.782811938151744
0.5352429092951418,0.782811938151744
0.53527411151674,0.7829917295936714
0.5352897126275391,0.7829917295936714
0.5352897126275391,0.7831715210355987
0.5353209148491372,0.7831715210355987
0.5354301226247309,0.7831715210355987
0.5355393304003245,0.7831715210355987
0.5360073637242971,0.7835311039194535
0.5360229648350963,0.7835311039194535
0.5360229648350963,0.7837108953613808
0.5360697681674935,0.7837108953613808
0.5361321726106899,0.7838906868033082
0.536163374832288,0.7838906868033082
0.5362101781646853,0.7838906868033082
0.5362413803862836,0.7840704782452356
0.5362725826078817,0.7840704782452356
0.536319385940279,0.7840704782452356
0.5363505881618771,0.7840704782452356
0.5365378014914662,0.7840704782452356
0.5366002059346625,0.7840704782452356
0.5366626103778589,0.7840704782452356
0.536693812599457,0.7840704782452356
0.5367094137102562,0.7840704782452356
0.5367562170426534,0.7840704782452356
0.5367718181534525,0.7840704782452356
0.5368342225966489,0.7842502696871629
0.5368966270398452,0.7842502696871629
0.5369278292614434,0.7842502696871629
0.5369746325938407,0.7842502696871629
0.5370058348154388,0.7842502696871629
0.5371774470342289,0.7847896440129449
0.5372554525882243,0.7847896440129449
0.5373022559206215,0.7847896440129449
0.5373490592530188,0.7847896440129449
0.537380261474617,0.7847896440129449
0.537395862585416,0.7847896440129449
0.5374738681394116,0.7847896440129449
0.537723485912197,0.7849694354548723
0.5377546881337951,0.7849694354548723
0.5377858903553933,0.7849694354548723
0.5378014914661924,0.7849694354548723
0.5378326936877905,0.7849694354548723
0.5378482947985896,0.7849694354548723
0.5378794970201879,0.7849694354548723
0.5378950981309869,0.7849694354548723
0.5379419014633842,0.7849694354548723
0.5379731036849824,0.7849694354548723
0.5380043059065805,0.7849694354548723
0.538082311460576,0.7849694354548723
0.5380979125713751,0.7851492268967997
0.5381291147929732,0.7851492268967997
0.5381915192361696,0.7851492268967997
0.5382227214577678,0.7851492268967997
0.538253923679366,0.7851492268967997
0.5382695247901651,0.7851492268967997
0.5382851259009641,0.785329018338727
0.5383163281225624,0.785329018338727
0.5383631314549596,0.785329018338727
0.5383943336765578,0.785329018338727
0.5384567381197541,0.785329018338727
0.5384723392305533,0.785329018338727
0.5385191425629505,0.785329018338727
0.5385347436737495,0.785329018338727
0.5385659458953478,0.785329018338727
0.538612749227745,0.785329018338727
0.5386283503385441,0.785329018338727
0.5387375581141377,0.785329018338727
0.538784361446535,0.785329018338727
0.5388779681113295,0.785329018338727
0.5388935692221286,0.785329018338727
0.5389247714437267,0.785329018338727
0.5389403725545259,0.7855088097806544
0.5390027769977223,0.7855088097806544
0.5390339792193204,0.7855088097806544
0.5390963836625168,0.7855088097806544
0.5390963836625168,0.7856886012225818
0.5391119847733159,0.7856886012225818
0.5392055914381104,0.7856886012225818
0.5392523947705077,0.7856886012225818
0.5392835969921058,0.7856886012225818
0.5394396081000967,0.7856886012225818
0.5394708103216949,0.7856886012225818
0.5395332147648912,0.7856886012225818
0.5395800180972885,0.7856886012225818
0.5396268214296858,0.7856886012225818
0.5396268214296858,0.7858683926645091
0.5396424225404849,0.7858683926645091
0.5396892258728822,0.7858683926645091
0.5397204280944803,0.7860481841064365
0.5398140347592748,0.7860481841064365
0.5399700458672657,0.7860481841064365
0.5400792536428594,0.7860481841064365
0.5402040625292521,0.7860481841064365
0.5402040625292521,0.7862279755483639
0.5402352647508503,0.7862279755483639
0.5402820680832475,0.7862279755483639
0.5403600736372429,0.7862279755483639
0.5405784891884302,0.7862279755483639
0.5405940902992293,0.7862279755483639
0.5406876969640239,0.7864077669902912
0.5407345002964211,0.7864077669902912
0.5407813036288184,0.7865875584322186
0.5408125058504165,0.7865875584322186
0.5408437080720148,0.7865875584322186
0.5411869325095947,0.7876663070837828
0.5412493369527911,0.7876663070837828
0.5412805391743892,0.7876663070837828
0.5413117413959874,0.7876663070837828
0.5413273425067865,0.7876663070837828
0.5413585447283846,0.7876663070837828
0.5413741458391838,0.7876663070837828
0.5414053480607819,0.7878460985257102
0.541420949171581,0.7878460985257102
0.541592561390371,0.7878460985257102
0.54160816250117,0.7878460985257102
0.5416393647227683,0.7878460985257102
0.5416705669443664,0.7878460985257102
0.5417017691659646,0.7878460985257102
0.5417485724983618,0.7878460985257102
0.5417797747199601,0.7878460985257102
0.5418889824955537,0.7878460985257102
0.5419981902711473,0.7880258899676376
0.5420137913819464,0.7880258899676376
0.5420449936035445,0.7880258899676376
0.5420761958251428,0.7882056814095649
0.54212299915754,0.7882056814095649
0.5421542013791382,0.7882056814095649
0.5422010047115354,0.7882056814095649
0.5422010047115354,0.7883854728514923
0.5422478080439327,0.7883854728514923
0.5422478080439327,0.7885652642934197
0.54229461137633,0.7885652642934197
0.54229461137633,0.788745055735347
0.5423258135979282,0.788745055735347
0.5424506224843209,0.788745055735347
0.5424818247059191,0.788745055735347
0.5425286280383164,0.788745055735347
0.5425598302599145,0.788745055735347
0.5426222347031109,0.788745055735347
0.5426222347031109,0.7889248471772744
0.5427158413679054,0.7889248471772744
0.5427470435895035,0.7889248471772744
0.5428094480326999,0.7889248471772744
0.542825049143499,0.7889248471772744
0.5428562513650972,0.7889248471772744
0.5428718524758963,0.7889248471772744
0.5433398857998689,0.7896440129449838
0.5433710880214672,0.7896440129449838
0.5436363069050516,0.7900035958288385
0.5436675091266499,0.7900035958288385
0.5437143124590471,0.7900035958288385
0.5438391213454398,0.7903631787126932
0.543885924677837,0.7903631787126932
0.5439171268994353,0.7903631787126932
0.5439951324534307,0.7905429701546206
0.5443851602234079,0.7905429701546206
0.5444163624450061,0.7905429701546206
0.5444475646666043,0.7905429701546206
0.5444631657774034,0.7905429701546206
0.5444943679990015,0.7905429701546206
0.5445255702205997,0.7905429701546206
0.5445723735529969,0.7905429701546206
0.5446347779961933,0.7905429701546206
0.5446659802177916,0.7905429701546206
0.5447127835501888,0.7905429701546206
0.5447595868825861,0.7905429701546206
0.5448063902149833,0.7905429701546206
0.5448219913257824,0.7905429701546206
0.5448843957689787,0.7905429701546206
0.544931199101376,0.7905429701546206
0.544931199101376,0.790722761596548
0.5449468002121751,0.7910823444804027
0.5449780024337733,0.7912621359223301
0.5450092046553715,0.7912621359223301
0.5452120190957597,0.7916217188061848
0.5452432213173578,0.7916217188061848
0.5452588224281569,0.7916217188061848
0.5452900246497551,0.7916217188061848
0.5453212268713532,0.7916217188061848
0.5454772379793441,0.7916217188061848
0.5455084402009424,0.7916217188061848
0.5455864457549378,0.7918015102481122
0.5456020468657369,0.7918015102481122
0.5456020468657369,0.7919813016900396
0.545633249087335,0.7919813016900396
0.5456800524197323,0.7919813016900396
0.5457892601953259,0.7919813016900396
0.5458204624169241,0.7919813016900396
0.5458360635277232,0.7919813016900396
0.5458984679709196,0.7919813016900396
0.5459296701925177,0.7919813016900396
0.5459608724141158,0.7919813016900396
0.545976473524915,0.7919813016900396
0.5460076757465131,0.7923408845738943
0.5460388779681113,0.7923408845738943
0.5461012824113077,0.7923408845738943
0.5461324846329059,0.7923408845738943
0.5462260912977004,0.7923408845738943
0.5462416924084995,0.7923408845738943
0.5462884957408968,0.7923408845738943
0.5463040968516958,0.7923408845738943
0.546335299073294,0.7923408845738943
0.5463509001840932,0.7923408845738943
0.5464133046272894,0.7923408845738943
0.5464289057380886,0.7923408845738943
0.5464757090704858,0.7923408845738943
0.5465693157352803,0.7923408845738943
0.5466005179568786,0.7923408845738943
0.5466317201784767,0.7923408845738943
0.5468969390620613,0.7925206760158217
0.5469749446160567,0.7925206760158217
0.5474585790508284,0.7932398417835311
0.5475365846048239,0.7932398417835311
0.5476145901588193,0.7934196332254585
0.5476301912696184,0.7935994246673859
0.547723797934413,0.7935994246673859
0.5478174045992075,0.7935994246673859
0.5479266123748011,0.7935994246673859
0.5479578145963993,0.7935994246673859
0.5479890168179974,0.7935994246673859
0.5479890168179974,0.7937792161093132
0.5480670223719929,0.7939590075512406
0.5481918312583856,0.7939590075512406
0.5482542357015819,0.7939590075512406
0.5482854379231802,0.7939590075512406
0.5483010390339792,0.7939590075512406
0.5483322412555774,0.7939590075512406
0.5483478423663765,0.7939590075512406
0.5483790445879747,0.7939590075512406
0.5483946456987737,0.794138798993168
0.5484570501419701,0.794138798993168
0.5485038534743674,0.794138798993168
0.5485350556959655,0.794138798993168
0.548613061249961,0.794138798993168
0.5486442634715591,0.7943185904350953
0.5486754656931574,0.7943185904350953
0.5487066679147555,0.7943185904350953
0.5487222690255547,0.7943185904350953
0.54880027457955,0.7943185904350953
0.5488626790227464,0.7943185904350953
0.5488938812443446,0.7943185904350953
0.5489094823551437,0.7943185904350953
0.5489094823551437,0.7944983818770227
0.548956285687541,0.7944983818770227
0.5489718867983401,0.7944983818770227
0.5491591001279291,0.7952175476447321
0.5491747012387282,0.7952175476447321
0.5492059034603264,0.7952175476447321
0.5495959312303036,0.7955771305285868
0.5496271334519017,0.7955771305285868
0.5496895378950981,0.7955771305285868
0.5497675434490936,0.7955771305285868
0.5497987456706918,0.7957569219705142
0.5498923523354863,0.7957569219705142
0.5499547567786827,0.7957569219705142
0.5501731723298698,0.7957569219705142
0.550188773440669,0.7957569219705142
0.5502355767730662,0.7957569219705142
0.5502823801054635,0.7957569219705142
0.5503291834378607,0.7957569219705142
0.5504383912134544,0.7957569219705142
0.5504695934350525,0.7957569219705142
0.5505007956566508,0.7957569219705142
0.5506412056538426,0.7957569219705142
0.5506568067646417,0.7957569219705142
0.5509064245374271,0.7962962962962963
0.5509688289806234,0.7962962962962963
0.5510000312022216,0.7962962962962963
0.5510312334238198,0.7962962962962963
0.551078036756217,0.7962962962962963
0.5510936378670162,0.7962962962962963
0.5511716434210115,0.7962962962962963
0.5511872445318107,0.7962962962962963
0.5512184467534088,0.7964760877382236
0.5512496489750071,0.7964760877382236
0.5512808511966052,0.7964760877382236
0.5513120534182033,0.7964760877382236
0.551405660082998,0.7964760877382236
0.5515460700801897,0.7964760877382236
0.5515772723017879,0.7964760877382236
0.5516240756341851,0.7964760877382236
0.5516552778557833,0.7964760877382236
0.5516552778557833,0.796655879180151
0.5517644856313769,0.796655879180151
0.5517956878529752,0.796655879180151
0.5518112889637742,0.796655879180151
0.5518736934069706,0.796655879180151
0.5519516989609661,0.796655879180151
0.5519829011825642,0.796655879180151
0.5520141034041623,0.796655879180151
0.5520141034041623,0.7968356706220784
0.5520297045149615,0.7968356706220784
0.5520765078473587,0.7971952535059331
0.552123311179756,0.7971952535059331
0.5521389122905551,0.7971952535059331
0.5521857156229524,0.7971952535059331
0.5522325189553496,0.7971952535059331
0.5522793222877469,0.7971952535059331
0.5523261256201442,0.7971952535059331
0.5525133389497332,0.7971952535059331
0.5525289400605323,0.7971952535059331
0.5525913445037287,0.7971952535059331
0.5528097600549159,0.7975548363897879
0.5528877656089114,0.7975548363897879
0.5529033667197104,0.7975548363897879
0.5529657711629068,0.7975548363897879
0.5529813722737059,0.7975548363897879
0.5530281756061032,0.7975548363897879
0.5530593778277013,0.7975548363897879
0.5531217822708977,0.7977346278317152
0.553168585603295,0.7977346278317152
0.5533089956004867,0.7977346278317152
0.5533245967112859,0.7977346278317152
0.553355798932884,0.7977346278317152
0.5534026022652813,0.7977346278317152
0.5534494055976785,0.7977346278317152
0.5535586133732722,0.7977346278317152
0.5536210178164686,0.7977346278317152
0.5536366189272677,0.7977346278317152
0.5536366189272677,0.7979144192736426
0.5536678211488658,0.7979144192736426
0.554057848918843,0.7982740021574973
0.5540890511404412,0.7984537935994247
0.5543386689132266,0.7988133764832794
0.5543542700240257,0.7988133764832794
0.5543854722456238,0.7988133764832794
0.5544790789104185,0.7988133764832794
0.5545570844644139,0.7988133764832794
0.554572685575213,0.7988133764832794
0.5546194889076103,0.7988133764832794
0.5546506911292084,0.7988133764832794
0.5546662922400075,0.7989931679252068
0.5546974944616057,0.7989931679252068
0.5547286966832038,0.7989931679252068
0.5547442977940029,0.7989931679252068
0.554759898904802,0.7991729593671342
0.5551811288963774,0.7998921251348435
0.5551967300071765,0.7998921251348435
0.5551967300071765,0.8000719165767709
0.5552279322287746,0.8000719165767709
0.5552747355611719,0.8000719165767709
0.5553059377827702,0.8000719165767709
0.5553527411151674,0.8000719165767709
0.5554151455583638,0.8000719165767709
0.5554775500015601,0.8000719165767709
0.5555087522231583,0.8000719165767709
0.5557115666635465,0.8000719165767709
0.5557583699959437,0.8000719165767709
0.5557583699959437,0.8002517080186983
0.5557895722175419,0.8002517080186983
0.5558519766607383,0.8002517080186983
0.5558831788823364,0.8002517080186983
0.5559299822147337,0.8002517080186983
0.5560859933227246,0.8002517080186983
0.55616399887672,0.8002517080186983
0.5562264033199164,0.8002517080186983
0.5562576055415146,0.8002517080186983
0.5563044088739119,0.8002517080186983
0.55633561109551,0.8002517080186983
0.55633561109551,0.8004314994606256
0.5563668133171081,0.800611290902553
0.5564292177603045,0.800611290902553
0.5564916222035009,0.800611290902553
0.5565696277574963,0.800611290902553
0.5566008299790945,0.8007910823444804
0.5566476333114918,0.8007910823444804
0.5567100377546881,0.8007910823444804
0.5567724421978845,0.8007910823444804
0.5568348466410808,0.8007910823444804
0.556866048862679,0.8007910823444804
0.5568972510842772,0.8007910823444804
0.5569908577490718,0.8007910823444804
0.5571624699678617,0.8013304566702625
0.5572872788542544,0.8018698309960446
0.5573028799650536,0.8018698309960446
0.5573652844082498,0.8018698309960446
0.5573964866298481,0.802049622437972
0.5573964866298481,0.8022294138798993
0.5575056944054416,0.8022294138798993
0.5575368966270399,0.8022294138798993
0.5576461044026335,0.8022294138798993
0.5576773066242317,0.8022294138798993
0.5576929077350308,0.8022294138798993
0.5578177166214234,0.8022294138798993
0.5578489188430216,0.8025889967637541
0.5579269243970171,0.8025889967637541
0.5580049299510125,0.8025889967637541
0.5580361321726107,0.8025889967637541
0.5581141377266061,0.8025889967637541
0.5581297388374052,0.8025889967637541
0.5581609410590034,0.8025889967637541
0.5582077443914006,0.8025889967637541
0.558270148834597,0.8025889967637541
0.5583325532777934,0.8025889967637541
0.5583637554993915,0.8025889967637541
0.5584261599425879,0.8025889967637541
0.5585197666073825,0.8025889967637541
0.5585509688289806,0.8025889967637541
0.5586445754937751,0.8025889967637541
0.5586757777153734,0.8025889967637541
0.5587069799369715,0.8025889967637541
0.5587537832693688,0.8025889967637541
0.558784985490967,0.8025889967637541
0.558800586601766,0.8025889967637541
0.558800586601766,0.8027687882056814
0.5588473899341633,0.8027687882056814
0.559128209928547,0.8031283710895362
0.559143811039346,0.8031283710895362
0.559315423258136,0.8033081625314635
0.5593466254797341,0.8033081625314635
0.5593934288121314,0.8033081625314635
0.5596118443633187,0.8034879539733909
0.5596430465849168,0.8034879539733909
0.5597678554713096,0.8034879539733909
0.5598770632469032,0.8034879539733909
0.5599238665793005,0.8034879539733909
0.5599550688008986,0.8034879539733909
0.5599862710224968,0.8034879539733909
0.5601266810196887,0.8038475368572456
0.5601422821304877,0.8038475368572456
0.5601578832412868,0.8043869111830277
0.5601734843520859,0.8043869111830277
0.5603450965708758,0.8052858683926645
0.5603918999032731,0.8052858683926645
0.5604387032356704,0.8052858683926645
0.5604855065680676,0.8052858683926645
0.5605167087896659,0.8052858683926645
0.560547911011264,0.8052858683926645
0.5607039221192549,0.8052858683926645
0.5607663265624513,0.8052858683926645
0.5607975287840494,0.8052858683926645
0.5608131298948485,0.8052858683926645
0.5608443321164467,0.8052858683926645
0.5608599332272458,0.8052858683926645
0.5608599332272458,0.8054656598345918
0.5608755343380448,0.8054656598345918
0.5609691410028395,0.8054656598345918
0.5609847421136385,0.8054656598345918
0.561062747667634,0.8054656598345918
0.561078348778433,0.8054656598345918
0.5611095510000312,0.8054656598345918
0.5611563543324285,0.8054656598345918
0.5611719554432275,0.8054656598345918
0.5612031576648258,0.8056454512765192
0.5612187587756248,0.8056454512765192
0.5612655621080221,0.8056454512765192
0.5612967643296203,0.8058252427184466
0.5614527754376112,0.8061848256023013
0.5615151798808076,0.8061848256023013
0.5615463821024057,0.8061848256023013
0.5616087865456021,0.8061848256023013
0.5617491965427939,0.8061848256023013
0.5618116009859903,0.8061848256023013
0.5618584043183875,0.8061848256023013
0.5619364098723829,0.8061848256023013
0.5619988143155793,0.8063646170442287
0.5620456176479766,0.8063646170442287
0.5620768198695747,0.8063646170442287
0.5620924209803738,0.8063646170442287
0.5621548254235702,0.8063646170442287
0.5621704265343692,0.8063646170442287
0.5622016287559675,0.8063646170442287
0.5629192798527255,0.8067241999280834
0.5629348809635246,0.8067241999280834
0.5629660831851228,0.8067241999280834
0.56301288651752,0.8067241999280834
0.5630440887391183,0.8067241999280834
0.5631064931823145,0.8069039913700108
0.56318449873631,0.8069039913700108
0.5632157009579082,0.8069039913700108
0.5634341165090955,0.8069039913700108
0.5634497176198945,0.8069039913700108
0.5637773409466754,0.8070837828119382
0.5638241442790727,0.8070837828119382
0.5638553465006708,0.8070837828119382
0.5638865487222691,0.8070837828119382
0.5638865487222691,0.8072635742538655
0.5639021498330681,0.8072635742538655
0.5639333520546663,0.8072635742538655
0.5639489531654653,0.8072635742538655
0.5639801553870636,0.8072635742538655
0.5639801553870636,0.8074433656957929
0.5639957564978626,0.8074433656957929
0.5640269587194608,0.8074433656957929
0.5640425598302599,0.8074433656957929
0.5640893631626572,0.8074433656957929
0.5641205653842554,0.8074433656957929
0.5641829698274518,0.8076231571377203
0.5642141720490499,0.8076231571377203
0.564245374270648,0.8076231571377203
0.5642765764922463,0.8076231571377203
0.5642921776030453,0.8076231571377203
0.5643389809354427,0.8076231571377203
0.5643545820462417,0.8076231571377203
0.5643857842678399,0.8076231571377203
0.5644325876002372,0.8076231571377203
0.5645105931542326,0.8076231571377203
0.5645105931542326,0.8078029485796476
0.5645261942650317,0.8078029485796476
0.5645573964866298,0.8078029485796476
0.564588598708228,0.8078029485796476
0.5646198009298262,0.8078029485796476
0.5648694187026116,0.807982740021575
0.5649006209242098,0.807982740021575
0.5650254298106026,0.807982740021575
0.5650566320322007,0.807982740021575
0.5651346375861961,0.8081625314635024
0.5651658398077943,0.8081625314635024
0.5651970420293925,0.8081625314635024
0.5652126431401916,0.8081625314635024
0.5652438453617897,0.8081625314635024
0.565275047583388,0.8083423229054297
0.565290648694187,0.8083423229054297
0.5653218509157852,0.8083423229054297
0.5653374520265843,0.8083423229054297
0.5653686542481825,0.8083423229054297
0.5654154575805798,0.8083423229054297
0.5654154575805798,0.8085221143473571
0.565462260912977,0.8085221143473571
0.5654934631345752,0.8085221143473571
0.5655870697993697,0.8088816972312118
0.5656182720209679,0.8088816972312118
0.5657118786857624,0.8090614886731392
0.5657898842397578,0.8090614886731392
0.5658366875721551,0.8090614886731392
0.565992698680146,0.8092412801150666
0.5660551031233424,0.8092412801150666
0.5662111142313333,0.8094210715569938
0.5663047208961278,0.8094210715569938
0.5663515242285251,0.8094210715569938
0.5668663608848951,0.8099604458827759
0.5668975631064932,0.8099604458827759
0.5669443664388905,0.8099604458827759
0.5669911697712877,0.8099604458827759
0.5670535742144841,0.8101402373247033
0.5671159786576804,0.8101402373247033
0.5673811975412649,0.8101402373247033
0.5674436019844613,0.8101402373247033
0.5674904053168586,0.8101402373247033
0.567552809760055,0.8101402373247033
0.5676308153140504,0.8101402373247033
0.5676932197572467,0.8101402373247033
0.5677088208680459,0.8101402373247033
0.567740023089644,0.8101402373247033
0.5677712253112421,0.8101402373247033
0.5677712253112421,0.8103200287666307
0.5678024275328404,0.8103200287666307
0.5678024275328404,0.810499820208558
0.5678180286436394,0.810499820208558
0.5678180286436394,0.8106796116504854
0.5678336297544385,0.8106796116504854
0.5678336297544385,0.8108594030924128
0.5681612530812193,0.8108594030924128
0.568457674186402,0.8108594030924128
0.5684732752972012,0.8108594030924128
0.5685044775187993,0.8108594030924128
0.5685512808511965,0.8108594030924128
0.5688789041779775,0.8108594030924128
0.5688945052887766,0.8108594030924128
0.5689413086211739,0.8108594030924128
0.568972510842772,0.8108594030924128
0.5690661175075665,0.8108594030924128
0.5691285219507629,0.8108594030924128
0.5691753252831602,0.8112189859762675
0.5692065275047583,0.8112189859762675
0.5692845330587538,0.8112189859762675
0.569315735280352,0.8112189859762675
0.5694249430559456,0.8112189859762675
0.5694561452775437,0.8112189859762675
0.569487347499142,0.8112189859762675
0.5696121563855346,0.8113987774181949
0.5696589597179319,0.8113987774181949
0.5696901619395301,0.8113987774181949
0.5698149708259228,0.8115785688601223
0.5698773752691192,0.8115785688601223
0.5698929763799182,0.8117583603020496
0.5699241786015165,0.8117583603020496
0.5699241786015165,0.811938151743977
0.5700489874879091,0.811938151743977
0.5700645885987082,0.811938151743977
0.5701113919311055,0.8122977346278317
0.5702205997066991,0.8122977346278317
0.5706418296982745,0.8122977346278317
0.5708914474710599,0.8126573175116865
0.570907048581859,0.8126573175116865
0.5709850541358544,0.8126573175116865
0.5710006552466536,0.8126573175116865
0.5710318574682517,0.8126573175116865
0.5710942619114481,0.8126573175116865
0.5711566663546445,0.8126573175116865
0.5711722674654436,0.8126573175116865
0.5712190707978408,0.8126573175116865
0.5712658741302381,0.8130169003955412
0.5712814752410371,0.8130169003955412
0.5713126774626354,0.8130169003955412
0.5724671596617679,0.8135562747213233
0.5725295641049643,0.8135562747213233
0.572669974102156,0.8135562747213233
0.5727011763237543,0.8135562747213233
0.5728103840993479,0.8135562747213233
0.5728259852101469,0.8135562747213233
0.5728727885425442,0.8135562747213233
0.5729663952073387,0.8135562747213233
0.573013198539736,0.8135562747213233
0.5730287996505351,0.8135562747213233
0.5730600018721334,0.8135562747213233
0.5732472152017224,0.8135562747213233
0.5732628163125214,0.8135562747213233
0.5736216418609005,0.8135562747213233
0.5736684451932977,0.8135562747213233
0.573699647414896,0.8135562747213233
0.5737308496364941,0.8135562747213233
0.5737620518580923,0.8135562747213233
0.5737776529688914,0.8135562747213233
0.5738712596336859,0.8135562747213233
0.5739492651876814,0.8135562747213233
0.5739804674092795,0.8135562747213233
0.5740740740740741,0.8135562747213233
0.574230085182065,0.8135562747213233
0.5743080907360604,0.8135562747213233
0.5743236918468595,0.8135562747213233
0.5743704951792568,0.8135562747213233
0.5744953040656495,0.8135562747213233
0.5745577085088458,0.8135562747213233
0.5746513151736403,0.8137360661632507
0.5746513151736403,0.813915857605178
0.5746825173952386,0.813915857605178
0.5746981185060376,0.813915857605178
0.574947736278823,0.8142754404890328
0.5749789385004213,0.8142754404890328
0.5750257418328185,0.81445523193096
0.5750881462760149,0.81445523193096
0.5751661518300103,0.8148148148148148
0.5753221629380012,0.8148148148148148
0.5753533651595993,0.8148148148148148
0.5755717807107866,0.8148148148148148
0.575634185153983,0.8148148148148148
0.5757589940403757,0.8149946062567421
0.5757901962619738,0.8149946062567421
0.5758057973727729,0.8151743976986695
0.5758213984835721,0.8151743976986695
0.5758526007051702,0.8151743976986695
0.5758682018159693,0.8151743976986695
0.5758994040375675,0.8151743976986695
0.5759462073699647,0.8151743976986695
0.575977409591563,0.8151743976986695
0.575993010702362,0.8151743976986695
0.5760242129239602,0.8151743976986695
0.5760866173671565,0.8151743976986695
0.5761178195887547,0.8151743976986695
0.5761334206995538,0.8151743976986695
0.576164622921152,0.8151743976986695
0.5762894318075447,0.8153541891405969
0.5768354706855128,0.8157137720244516
0.5768978751287092,0.8157137720244516
0.5769602795719055,0.8157137720244516
0.5770070829043028,0.815893563466379
0.5770694873474992,0.815893563466379
0.5771786951230927,0.815893563466379
0.577209897344691,0.815893563466379
0.5772879028986864,0.8160733549083063
0.5773035040094855,0.8160733549083063
0.5773347062310836,0.8160733549083063
0.5773659084526819,0.8162531463502337
0.5773659084526819,0.8164329377921611
0.5775063184498737,0.8164329377921611
0.5777715373334581,0.8171521035598706
0.5778027395550563,0.8171521035598706
0.5778339417766545,0.8171521035598706
0.5778495428874536,0.8171521035598706
0.5778963462198509,0.8171521035598706
0.5781771662142344,0.81787126932758
0.578442385097819,0.81787126932758
0.5784735873194171,0.81787126932758
0.5785203906518144,0.81787126932758
0.5785359917626135,0.81787126932758
0.5787388062030017,0.81787126932758
0.5787856095353989,0.81787126932758
0.5788636150893943,0.81787126932758
0.5790664295297825,0.8184106436533621
0.5790820306405816,0.8184106436533621
0.5792068395269743,0.8184106436533621
0.579331648413367,0.8184106436533621
0.5793940528565634,0.8184106436533621
0.5794096539673624,0.8184106436533621
0.5794408561889607,0.8185904350952895
0.579503260632157,0.8185904350952895
0.5795188617429561,0.8185904350952895
0.5795968672969516,0.8185904350952895
0.5796124684077506,0.8187702265372169
0.5796592717401479,0.8187702265372169
0.579674872850947,0.8187702265372169
0.5797684795157415,0.8187702265372169
0.579862086180536,0.8187702265372169
0.5798776872913352,0.8187702265372169
0.5799244906237324,0.8187702265372169
0.5799868950669288,0.8189500179791442
0.5800024961777278,0.8189500179791442
0.5800336983993261,0.8189500179791442
0.5800805017317233,0.8189500179791442
0.5801429061749197,0.8189500179791442
0.580189709507317,0.8189500179791442
0.5802833161721115,0.8191298094210716
0.5802989172829105,0.8191298094210716
0.5803301195045087,0.8191298094210716
0.5803613217261069,0.8191298094210716
0.5804237261693033,0.8191298094210716
0.5804705295017005,0.8191298094210716
0.5805329339448969,0.8194893923049262
0.5805485350556959,0.8194893923049262
0.5805797372772942,0.8194893923049262
0.5805953383880932,0.8194893923049262
0.5806733439420887,0.8194893923049262
0.5807045461636868,0.8194893923049262
0.5807357483852851,0.8194893923049262
0.5807981528284814,0.8194893923049262
0.5808605572716777,0.8194893923049262
0.5808917594932759,0.8194893923049262
0.5811101750444632,0.8196691837468536
0.5811413772660613,0.8196691837468536
0.5812037817092577,0.8196691837468536
0.5813129894848513,0.8196691837468536
0.5813285905956505,0.8196691837468536
0.5814533994820431,0.8196691837468536
0.5814690005928422,0.8196691837468536
0.5815158039252395,0.8196691837468536
0.5815782083684359,0.8196691837468536
0.5816406128116322,0.8196691837468536
0.5817030172548285,0.8196691837468536
0.5817810228088239,0.819848975188781
0.5818122250304222,0.819848975188781
0.5818434272520203,0.819848975188781
0.5818590283628194,0.819848975188781
0.5819214328060158,0.819848975188781
0.5819370339168148,0.819848975188781
0.5819994383600112,0.819848975188781
0.5820462416924085,0.819848975188781
0.5820774439140067,0.819848975188781
0.5821086461356049,0.819848975188781
0.582139848357203,0.819848975188781
0.5821710505788013,0.819848975188781
0.5822022528003994,0.819848975188781
0.5822178539111985,0.819848975188781
0.5822490561327966,0.819848975188781
0.5822802583543948,0.819848975188781
0.5823426627975912,0.819848975188781
0.5823738650191894,0.819848975188781
0.5825610783487785,0.819848975188781
0.5826234827919747,0.819848975188781
0.5826234827919747,0.8200287666307083
0.5826702861243721,0.8200287666307083
0.5827014883459702,0.8200287666307083
0.5827014883459702,0.8202085580726357
0.5827170894567694,0.8203883495145631
0.5829043027863584,0.8203883495145631
0.5829979094511529,0.8203883495145631
0.5830291116727511,0.8203883495145631
0.5831071172267466,0.8205681409564904
0.5831539205591438,0.8207479323984178
0.583185122780742,0.8207479323984178
0.583356734999532,0.8211075152822725
0.5836063527723174,0.8212873067241999
0.5836375549939156,0.8212873067241999
0.5836531561047147,0.8212873067241999
0.5836843583263128,0.8212873067241999
0.583699959437112,0.8212873067241999
0.5837311616587101,0.8212873067241999
0.5837935661019065,0.8212873067241999
0.583887172766701,0.8212873067241999
0.5839027738775001,0.8212873067241999
0.5839963805422946,0.8212873067241999
0.584058784985491,0.8212873067241999
0.5840899872070892,0.8214670981661273
0.5841523916502855,0.8216468896080547
0.5841835938718837,0.8216468896080547
0.5842147960934818,0.8216468896080547
0.5843240038690755,0.8216468896080547
0.5845736216418609,0.8216468896080547
0.5846360260850573,0.8216468896080547
0.5846672283066554,0.8216468896080547
0.5850104527442354,0.8225458468176915
0.5850728571874317,0.8225458468176915
0.5851352616306281,0.8225458468176915
0.5851352616306281,0.8227256382596189
0.5851508627414271,0.8227256382596189
0.5852132671846235,0.8227256382596189
0.5852288682954226,0.8227256382596189
0.5852600705170208,0.8227256382596189
0.585291272738619,0.8227256382596189
0.5853224749602172,0.8227256382596189
0.5853536771818153,0.8227256382596189
0.5854160816250117,0.8227256382596189
0.585462884957409,0.8227256382596189
0.5859465193921807,0.8230852211434736
0.5859621205029798,0.8230852211434736
0.5860245249461762,0.8230852211434736
0.5860245249461762,0.823265012585401
0.5860713282785734,0.823265012585401
0.5865705638241443,0.8234448040273283
0.5866173671565416,0.8234448040273283
0.5866485693781397,0.8234448040273283
0.586695372710537,0.8234448040273283
0.5867265749321352,0.8234448040273283
0.5867421760429342,0.8234448040273283
0.5867733782645325,0.8234448040273283
0.5867889793753315,0.8234448040273283
0.5868201815969297,0.8234448040273283
0.5868357827077287,0.8234448040273283
0.5868825860401261,0.8236245954692557
0.5869449904833224,0.8236245954692557
0.5870073949265188,0.8236245954692557
0.5870385971481169,0.8236245954692557
0.587054198258916,0.8236245954692557
0.5871478049237105,0.8236245954692557
0.5871790071453088,0.8236245954692557
0.5872726138101033,0.8236245954692557
0.5873194171425006,0.8236245954692557
0.5873350182532996,0.8238043869111831
0.5873506193640987,0.8238043869111831
0.5874130238072951,0.8239841783531104
0.5875066304720896,0.8239841783531104
0.5875534338044869,0.8239841783531104
0.5875534338044869,0.8241639697950378
0.587569034915286,0.8241639697950378
0.5876314393584823,0.8241639697950378
0.5876782426908795,0.8241639697950378
0.587927860463665,0.8245235526788924
0.5879746637960622,0.8245235526788924
0.5880370682392586,0.8245235526788924
0.5882086804580486,0.8245235526788924
0.5882242815688477,0.8245235526788924
0.5882554837904459,0.8245235526788924
0.588271084901245,0.8245235526788924
0.5884582982308341,0.8247033441208198
0.5884895004524322,0.8247033441208198
0.5885987082280258,0.8247033441208198
0.588629910449624,0.8247033441208198
0.5886455115604231,0.8247033441208198
0.5886923148928204,0.8247033441208198
0.5887391182252176,0.8247033441208198
0.5887703204468158,0.8247033441208198
0.588817123779213,0.8247033441208198
0.588817123779213,0.8248831355627472
0.5888327248900121,0.8248831355627472
0.5888639271116104,0.8248831355627472
0.5888951293332085,0.8248831355627472
0.5889419326656058,0.8248831355627472
0.5890043371088022,0.8250629270046745
0.5890199382196012,0.8250629270046745
0.5890979437735967,0.8250629270046745
0.5891603482167931,0.8250629270046745
0.5891759493275921,0.8250629270046745
0.5894411682111766,0.8252427184466019
0.5896127804299666,0.8252427184466019
0.5896595837623638,0.8252427184466019
0.5897687915379575,0.8252427184466019
0.5898155948703547,0.8252427184466019
0.5898311959811539,0.8252427184466019
0.5898311959811539,0.8254225098885293
0.589862398202752,0.8254225098885293
0.589862398202752,0.8256023013304566
0.5906736559643047,0.8265012585400935
0.5907048581859028,0.8265012585400935
0.5907672626290992,0.8266810499820209
0.5907828637398983,0.8268608414239482
0.5907984648506974,0.8268608414239482
0.5911572903990764,0.8275800071916577
0.5912508970638709,0.8275800071916577
0.5913445037286654,0.8275800071916577
0.5913913070610628,0.8275800071916577
0.5915005148366563,0.8277597986335851
0.5915473181690536,0.8277597986335851
0.59160972261225,0.8277597986335851
0.5916409248338482,0.8277597986335851
0.5918905426066335,0.8277597986335851
0.5919217448282318,0.8277597986335851
0.5920153514930263,0.8277597986335851
0.5920309526038254,0.8279395900755124
0.5920621548254236,0.8279395900755124
0.5920933570470217,0.8279395900755124
0.59212455926862,0.8279395900755124
0.5921869637118162,0.8279395900755124
0.5922493681550126,0.8279395900755124
0.5922493681550126,0.8281193815174398
0.5923273737090081,0.8281193815174398
0.5923429748198071,0.8281193815174398
0.5924053792630035,0.8281193815174398
0.5924209803738026,0.8281193815174398
0.5924521825954008,0.8281193815174398
0.5925145870385972,0.8281193815174398
0.5925457892601953,0.8281193815174398
0.5926081937033917,0.8281193815174398
0.5927018003681862,0.8281193815174398
0.5927174014789853,0.8281193815174398
0.5927486037005835,0.8281193815174398
0.5927954070329807,0.8282991729593672
0.5928578114761771,0.8282991729593672
0.5928890136977752,0.8282991729593672
0.5929202159193735,0.8282991729593672
0.5929358170301725,0.8282991729593672
0.5929826203625698,0.8282991729593672
0.5929982214733689,0.8284789644012945
0.593029423694967,0.8284789644012945
0.5930450248057662,0.8284789644012945
0.5930762270273644,0.8284789644012945
0.5931074292489625,0.8284789644012945
0.5931386314705607,0.8284789644012945
0.5931854348029579,0.8284789644012945
0.5932946425785516,0.8284789644012945
0.5933726481325471,0.8284789644012945
0.5934038503541452,0.8284789644012945
0.5934194514649443,0.8284789644012945
0.593887484788917,0.8288385472851493
0.5939030858997161,0.8288385472851493
0.5939810914537115,0.8288385472851493
0.5940122936753097,0.8288385472851493
0.5940434958969079,0.8288385472851493
0.5940902992293051,0.8288385472851493
0.5940902992293051,0.8290183387270766
0.5941215014509033,0.8290183387270766
0.5941215014509033,0.829198130169004
0.5941683047833005,0.829198130169004
0.5941995070048988,0.829198130169004
0.5942151081156979,0.829198130169004
0.594246310337296,0.829198130169004
0.5942619114480951,0.829198130169004
0.5943087147804924,0.829198130169004
0.5944335236668851,0.829198130169004
0.5944803269992823,0.829198130169004
0.5944959281100815,0.829198130169004
0.5945271303316796,0.829198130169004
0.5945739336640768,0.829198130169004
0.5947455458828669,0.829198130169004
0.5947923492152641,0.829198130169004
0.5949015569908578,0.829198130169004
0.5949327592124559,0.829198130169004
0.5949795625448532,0.829198130169004
0.5950263658772504,0.829198130169004
0.5951823769852413,0.829198130169004
0.5951979780960405,0.829198130169004
0.5952135792068395,0.8293779216109313
0.5952291803176386,0.8293779216109313
0.5959156291927985,0.8293779216109313
0.5959780336359949,0.8293779216109313
0.596009235857593,0.8293779216109313
0.5960560391899903,0.8293779216109313
0.5960716403007894,0.8293779216109313
0.5961184436331867,0.8293779216109313
0.596336859184374,0.8293779216109313
0.596352460295173,0.8293779216109313
0.5964616680707666,0.8295577130528586
0.596524072513963,0.829737504494786
0.5965552747355611,0.829737504494786
0.5965864769571594,0.829737504494786
0.5966020780679584,0.829737504494786
0.5966488814003557,0.829737504494786
0.5966644825111548,0.8300970873786407
0.5967268869543512,0.8300970873786407
0.5969141002839402,0.8300970873786407
0.5969297013947393,0.8300970873786407
0.5969921058379357,0.8300970873786407
0.5970077069487347,0.8300970873786407
0.5971325158351275,0.8302768788205681
0.5971637180567256,0.8302768788205681
0.5971793191675248,0.8302768788205681
0.5973041280539174,0.8302768788205681
0.5973197291647165,0.8302768788205681
0.5973509313863147,0.8302768788205681
0.5974757402727074,0.8302768788205681
0.5975069424943056,0.8302768788205681
0.5976317513806984,0.8304566702624955
0.5977253580454929,0.8306364617044228
0.59794377359668,0.8306364617044228
0.5979749758182783,0.8306364617044228
0.5980529813722737,0.8306364617044228
0.598099784704671,0.8306364617044228
0.5981309869262692,0.8306364617044228
0.5982089924802646,0.8306364617044228
0.598271396923461,0.8306364617044228
0.59863022247184,0.8309960445882776
0.5987082280258355,0.8309960445882776
0.5987862335798309,0.831175836030205
0.5988486380230272,0.831175836030205
0.5988642391338264,0.831175836030205
0.5989110424662236,0.831175836030205
0.598989048020219,0.831175836030205
0.5990982557958127,0.831175836030205
0.5991294580174108,0.831175836030205
0.5991918624606072,0.831175836030205
0.5992074635714063,0.831175836030205
0.5992074635714063,0.8315354189140597
0.5992698680146027,0.8315354189140597
0.599316671347,0.8315354189140597
0.5993478735685981,0.8315354189140597
0.5993946769009953,0.8317152103559871
0.5994258791225935,0.8317152103559871
0.5994570813441917,0.8317152103559871
0.5994570813441917,0.8318950017979144
0.5994726824549907,0.8318950017979144
0.599503884676589,0.8318950017979144
0.599519485787388,0.8318950017979144
0.5995506880089863,0.8320747932398418
0.5995662891197854,0.8320747932398418
0.5995818902305844,0.8322545846817692
0.5997223002277762,0.8322545846817692
0.5999719180005616,0.8326141675656239
0.6001591313301508,0.8326141675656239
0.6001747324409498,0.8326141675656239
0.6002683391057443,0.8326141675656239
0.6002839402165434,0.8326141675656239
0.6003151424381415,0.8326141675656239
0.6004087491029362,0.8326141675656239
0.6004243502137352,0.8326141675656239
0.6004555524353334,0.8326141675656239
0.6004867546569316,0.8327939590075513
0.6005179568785297,0.8327939590075513
0.6005335579893288,0.8327939590075513
0.600564760210927,0.8327939590075513
0.6005803613217261,0.8327939590075513
0.600736372429717,0.8329737504494786
0.6009547879809043,0.833153541891406
0.6010171924241006,0.833153541891406
0.601079596867297,0.8333333333333334
0.6011420013104933,0.8333333333333334
0.6011732035320915,0.8333333333333334
0.6011888046428906,0.8333333333333334
0.6012200068644887,0.8333333333333334
0.6015320290804705,0.8335131247752607
0.6015788324128678,0.8335131247752607
0.6016100346344659,0.8335131247752607
0.6016256357452651,0.8335131247752607
0.6017192424100596,0.8335131247752607
0.6017348435208587,0.8335131247752607
0.6018284501856532,0.8336929162171881
0.6018908546288496,0.8336929162171881
0.6019376579612469,0.8336929162171881
0.6020000624044431,0.8336929162171881
0.6020312646260414,0.8336929162171881
0.6020624668476395,0.8336929162171881
0.6021092701800368,0.8336929162171881
0.602140472401635,0.8336929162171881
0.602156073512434,0.8336929162171881
0.6021872757340323,0.8336929162171881
0.6022340790664296,0.8336929162171881
0.6022496801772286,0.8336929162171881
0.602499297950014,0.8336929162171881
0.6025305001716122,0.8336929162171881
0.603014134606384,0.8344120819848975
0.6030765390495804,0.8344120819848975
0.6031077412711785,0.8344120819848975
0.6031389434927766,0.8344120819848975
0.6031701457143749,0.8344120819848975
0.6032481512683703,0.8344120819848975
0.6032793534899685,0.8344120819848975
0.6033261568223658,0.8344120819848975
0.6033885612655621,0.8344120819848975
0.6041218134731193,0.8347716648687522
0.6041374145839183,0.8347716648687522
0.6051514867858592,0.835670622078389
0.6052138912290556,0.835670622078389
0.6052450934506537,0.835670622078389
0.605291896783051,0.835670622078389
0.6054011045586446,0.835670622078389
0.6054323067802427,0.835670622078389
0.605463509001841,0.835670622078389
0.6055103123342382,0.835670622078389
0.6055415145558364,0.835670622078389
0.6055883178882336,0.835670622078389
0.6057287278854254,0.835670622078389
0.6057443289962245,0.835670622078389
0.6058379356610191,0.835670622078389
0.6058691378826172,0.835670622078389
0.6059003401042155,0.835670622078389
0.6059159412150145,0.8358504135203164
0.6059471434366127,0.8358504135203164
0.6059627445474117,0.8358504135203164
0.60599394676901,0.8358504135203164
0.6061655589877999,0.8358504135203164
0.6062123623201972,0.8358504135203164
0.6062279634309963,0.8358504135203164
0.6062591656525944,0.8358504135203164
0.6063371712065899,0.8358504135203164
0.606352772317389,0.8358504135203164
0.6066179912009735,0.8358504135203164
0.6066491934225717,0.8358504135203164
0.6066647945333707,0.8358504135203164
0.606695996754969,0.8358504135203164
0.6067428000873663,0.8358504135203164
0.6067584011981653,0.8358504135203164
0.6067740023089644,0.8360302049622438
0.6068208056413616,0.8360302049622438
0.6068988111953572,0.8360302049622438
0.6069456145277544,0.8360302049622438
0.6069768167493526,0.8360302049622438
0.6069924178601517,0.8360302049622438
0.6070392211925489,0.8360302049622438
0.6070860245249462,0.8360302049622438
0.6071328278573435,0.8360302049622438
0.6071952323005398,0.8360302049622438
0.607226434522138,0.8360302049622438
0.6072420356329371,0.8360302049622438
0.608115697837686,0.8369291621718806
0.6081625011700833,0.8369291621718806
0.6082093045024806,0.8369291621718806
0.6083029111672751,0.8369291621718806
0.6083497144996723,0.8369291621718806
0.6083809167212706,0.8369291621718806
0.6084121189428687,0.8369291621718806
0.6084277200536679,0.8369291621718806
0.6084745233860651,0.8369291621718806
0.6084901244968641,0.8369291621718806
0.6085525289400605,0.8369291621718806
0.6086617367156542,0.8369291621718806
0.6086773378264533,0.8369291621718806
0.6086773378264533,0.837108953613808
0.6087085400480514,0.837108953613808
0.6090517644856314,0.837108953613808
0.6090985678180286,0.837108953613808
0.6091297700396269,0.837108953613808
0.6091765733720241,0.837108953613808
0.6092077755936223,0.837108953613808
0.6092233767044214,0.837108953613808
0.6093325844800149,0.837108953613808
0.6093637867016132,0.837108953613808
0.6093949889232113,0.837108953613808
0.6094105900340104,0.837108953613808
0.6094417922556086,0.8374685364976627
0.6094885955880058,0.8374685364976627
0.6095978033635995,0.8374685364976627
0.6096290055851976,0.8374685364976627
0.6096446066959967,0.8374685364976627
0.609675808917595,0.8374685364976627
0.6100658366875722,0.8378281193815175
0.6100970389091703,0.8378281193815175
0.6101282411307685,0.8378281193815175
0.6101594433523667,0.8378281193815175
0.6104090611251521,0.8380079108234448
0.6104402633467503,0.8380079108234448
0.6104558644575494,0.8381877022653722
0.6104870666791475,0.8381877022653722
0.6105182689007458,0.8381877022653722
0.6105338700115448,0.8381877022653722
0.610565072233143,0.8381877022653722
0.6106118755655403,0.8381877022653722
0.6106430777871384,0.8381877022653722
0.6106586788979376,0.8381877022653722
0.6107834877843302,0.8381877022653722
0.6108146900059285,0.8381877022653722
0.6110799088895129,0.8381877022653722
0.6112515211083029,0.8381877022653722
0.6113139255514992,0.8381877022653722
0.6113919311054947,0.8381877022653722
0.6114075322162938,0.8381877022653722
0.6115011388810884,0.8381877022653722
0.6115635433242846,0.8383674937072996
0.6117819588754719,0.8383674937072996
0.6119379699834628,0.8383674937072996
0.6120315766482574,0.8383674937072996
0.6120783799806546,0.8383674937072996
0.6121095822022528,0.8383674937072996
0.612140784423851,0.8383674937072996
0.6122499921994446,0.8383674937072996
0.6122655933102437,0.8383674937072996
0.6122967955318419,0.8383674937072996
0.6123904021966364,0.8383674937072996
0.6124684077506318,0.8383674937072996
0.6125308121938282,0.8383674937072996
0.6125932166370246,0.8383674937072996
0.6126400199694219,0.8383674937072996
0.612858435520609,0.8383674937072996
0.6129052388530063,0.8383674937072996
0.6130144466285999,0.8383674937072996
0.6131080532933945,0.8383674937072996
0.6131392555149927,0.8383674937072996
0.613201659958189,0.8383674937072996
0.6132484632905862,0.8383674937072996
0.6132796655121845,0.8383674937072996
0.6132952666229835,0.8383674937072996
0.6136696932821617,0.8383674937072996
0.6138101032793535,0.8385472851492269
0.6138413055009516,0.8385472851492269
0.6139193110549471,0.8385472851492269
0.6139349121657462,0.8385472851492269
0.6140441199413398,0.8385472851492269
0.6141065243845362,0.8385472851492269
0.6141533277169334,0.8385472851492269
0.6141689288277326,0.8385472851492269
0.6142313332709289,0.8385472851492269
0.6142781366033262,0.8385472851492269
0.6144029454897189,0.8387270765911543
0.614418546600518,0.8387270765911543
0.6144497488221161,0.8387270765911543
0.6144809510437144,0.8387270765911543
0.614605759930107,0.8392664509169363
0.6146213610409061,0.8392664509169363
0.6146525632625043,0.8392664509169363
0.6146681643733034,0.8392664509169363
0.6146993665949015,0.8392664509169363
0.6150113888108834,0.839626033800791
0.6150269899216825,0.839626033800791
0.6150737932540797,0.839626033800791
0.6150893943648787,0.839626033800791
0.615120596586477,0.839626033800791
0.6151673999188743,0.839626033800791
0.6151986021404724,0.839626033800791
0.6152298043620705,0.839626033800791
0.6152610065836688,0.839626033800791
0.6152922088052669,0.839626033800791
0.6153546132484633,0.839626033800791
0.6153702143592624,0.839626033800791
0.6155106243564542,0.8399856166846458
0.6155106243564542,0.8401654081265731
0.6155886299104496,0.8403451995685005
0.6156198321320479,0.8403451995685005
0.615651034353646,0.8403451995685005
0.6157290399076414,0.8403451995685005
0.6157446410184405,0.8403451995685005
0.6166807076663858,0.8414239482200647
0.616696308777185,0.8414239482200647
0.6176479765359294,0.8419633225458468
0.6176947798683267,0.8419633225458468
0.6177571843115229,0.8419633225458468
0.6177883865331212,0.8419633225458468
0.6178351898655184,0.8421431139877742
0.6178663920871166,0.8421431139877742
0.6178819931979157,0.8421431139877742
0.6179131954195138,0.8421431139877742
0.6179599987519111,0.8421431139877742
0.6180380043059066,0.8421431139877742
0.6181472120815003,0.8421431139877742
0.6181784143030984,0.8421431139877742
0.6182564198570938,0.8421431139877742
0.6183812287434866,0.8421431139877742
0.6184124309650847,0.8421431139877742
0.6184436331866829,0.8421431139877742
0.6186152454054729,0.8425026968716289
0.618646447627071,0.8425026968716289
0.6187088520702674,0.8425026968716289
0.6187868576242629,0.8425026968716289
0.618818059845861,0.8425026968716289
0.6189428687322537,0.8425026968716289
0.6189740709538519,0.8425026968716289
0.6190832787294456,0.8425026968716289
0.6191300820618428,0.8425026968716289
0.6191456831726418,0.8425026968716289
0.6191768853942401,0.8425026968716289
0.6192080876158382,0.8425026968716289
0.6193640987238291,0.8426824883135563
0.6193953009454273,0.8426824883135563
0.6194577053886237,0.8426824883135563
0.6195357109426192,0.8426824883135563
0.6195669131642173,0.8426824883135563
0.6196293176074137,0.8428622797554837
0.61969172205061,0.8428622797554837
0.6197229242722082,0.8428622797554837
0.6200037442665918,0.843042071197411
0.6200349464881899,0.843042071197411
0.620050547598989,0.843042071197411
0.6200973509313863,0.843042071197411
0.6201753564853818,0.8434016540812658
0.6202065587069799,0.8435814455231931
0.6203157664825736,0.8435814455231931
0.6203625698149708,0.8435814455231931
0.6203625698149708,0.8437612369651205
0.6205029798121626,0.8437612369651205
0.6205185809229617,0.8437612369651205
0.6205497831445599,0.8439410284070479
0.620565384255359,0.8439410284070479
0.6206277886985553,0.8439410284070479
0.6206589909201535,0.8441208198489751
0.6207213953633499,0.8441208198489751
0.620752597584948,0.8441208198489751
0.6207837998065462,0.8441208198489751
0.6207994009173453,0.8441208198489751
0.6208306031389434,0.8443006112909025
0.6208462042497426,0.8443006112909025
0.6209866142469344,0.8443006112909025
0.6210178164685326,0.8443006112909025
0.6213922431277107,0.8444804027328299
0.621439046460108,0.8444804027328299
0.6216418609004961,0.8444804027328299
0.6216574620112952,0.8444804027328299
0.6216730631220942,0.8446601941747572
0.6217042653436925,0.8446601941747572
0.6217666697868889,0.8446601941747572
0.6218446753408843,0.8446601941747572
0.6219070797840807,0.8446601941747572
0.6219226808948797,0.8446601941747572
0.6220162875596742,0.8446601941747572
0.6220942931136697,0.8446601941747572
0.622141096446067,0.8446601941747572
0.6222035008892634,0.8446601941747572
0.6222659053324596,0.8446601941747572
0.622328309775656,0.8448399856166846
0.6224063153296515,0.8448399856166846
0.6224531186620488,0.8448399856166846
0.6224531186620488,0.845019777058612
0.6224843208836469,0.845019777058612
0.6225467253268433,0.8451995685005393
0.6225779275484414,0.8451995685005393
0.6225935286592406,0.8451995685005393
0.6226247308808387,0.8451995685005393
0.6227183375456332,0.8451995685005393
0.6227183375456332,0.8453793599424667
0.6227495397672315,0.8453793599424667
0.6227651408780305,0.8453793599424667
0.6228899497644232,0.8453793599424667
0.6229523542076196,0.8457389428263214
0.6229835564292178,0.8457389428263214
0.623030359761615,0.8457389428263214
0.6231395675372087,0.8457389428263214
0.6231707697588068,0.8457389428263214
0.6232175730912041,0.8457389428263214
0.6232487753128023,0.8457389428263214
0.6233423819775968,0.8457389428263214
0.6234047864207931,0.8457389428263214
0.6234827919747886,0.8457389428263214
0.6235139941963868,0.8457389428263214
0.6235919997503823,0.8457389428263214
0.6236232019719804,0.8457389428263214
0.6236388030827795,0.8457389428263214
0.623732409747574,0.8457389428263214
0.6237948141907704,0.8457389428263214
0.6238104153015694,0.8457389428263214
0.6240288308527567,0.8460985257101762
0.6240600330743549,0.8460985257101762
0.6240912352959531,0.8460985257101762
0.6241536397391494,0.8460985257101762
0.6241848419607476,0.8460985257101762
0.6242160441823458,0.8460985257101762
0.624262847514743,0.8460985257101762
0.6243408530687385,0.8460985257101762
0.6243564541795376,0.8460985257101762
0.6244188586227339,0.8460985257101762
0.6244344597335331,0.8460985257101762
0.6245124652875285,0.8460985257101762
0.6246996786171175,0.8462783171521036
0.6247464819495148,0.8462783171521036
0.6248088863927111,0.8462783171521036
0.6248400886143093,0.8464581085940309
0.6248712908359075,0.8464581085940309
0.6249336952791039,0.8464581085940309
0.6249960997223002,0.8464581085940309
0.6250273019438984,0.8464581085940309
0.6252301163842866,0.846997482919813
0.6252925208274829,0.846997482919813
0.6252925208274829,0.8471772743617404
0.6253393241598801,0.8471772743617404
0.625495335267871,0.8475368572455951
0.6255577397110674,0.8475368572455951
0.625651346375862,0.8475368572455951
0.6256669474866611,0.8475368572455951
0.6257449530406565,0.8475368572455951
0.6257917563730537,0.8475368572455951
0.625822958594652,0.8475368572455951
0.6258541608162501,0.8475368572455951
0.6258853630378483,0.8475368572455951
0.6259633685918438,0.8475368572455951
0.6259945708134419,0.8475368572455951
0.6260413741458392,0.8475368572455951
0.6260725763674374,0.8475368572455951
0.6260881774782364,0.8475368572455951
0.6261661830322319,0.8475368572455951
0.6261661830322319,0.8477166486875225
0.6264470030266155,0.8477166486875225
0.6264782052482136,0.8477166486875225
0.6264938063590128,0.8477166486875225
0.6266342163562045,0.8480762315713772
0.6267434241317982,0.8480762315713772
0.6267746263533963,0.8480762315713772
0.6268214296857936,0.8480762315713772
0.626868233018191,0.8480762315713772
0.6268994352397891,0.8480762315713772
0.6269618396829855,0.8480762315713772
0.6270242441261817,0.8480762315713772
0.6271022496801772,0.8480762315713772
0.6271334519017754,0.8480762315713772
0.6272270585665699,0.8480762315713772
0.6273986707853599,0.848435814455232
0.6274298730069581,0.848435814455232
0.6274610752285563,0.848435814455232
0.6275078785609536,0.848435814455232
0.6275390807825517,0.848435814455232
0.6276950918905426,0.848435814455232
0.627757496333739,0.848435814455232
0.6278042996661363,0.848435814455232
0.6278355018877344,0.848435814455232
0.6278667041093325,0.848435814455232
0.6279135074417298,0.848435814455232
0.627944709663328,0.848435814455232
0.6279759118849262,0.848435814455232
0.6280071141065244,0.848435814455232
0.628100720771319,0.848435814455232
0.6281787263253144,0.8486156058971593
0.6286467596492871,0.8486156058971593
0.6286623607600861,0.8486156058971593
0.6287715685356797,0.8486156058971593
0.628802770757278,0.8486156058971593
0.6288651752004742,0.8486156058971593
0.6288963774220725,0.8486156058971593
0.6290367874192643,0.8486156058971593
0.6290679896408624,0.8486156058971593
0.6291459951948579,0.8486156058971593
0.6291771974164561,0.8486156058971593
0.6291927985272552,0.8486156058971593
0.6293020063028487,0.8486156058971593
0.6295828262972324,0.8486156058971593
0.6296140285188305,0.8486156058971593
0.6296452307404287,0.8486156058971593
0.6296764329620269,0.8486156058971593
0.6297388374052233,0.8486156058971593
0.6297700396268214,0.8486156058971593
0.6297856407376206,0.8486156058971593
0.6299572529564105,0.8487953973390867
0.6299728540672096,0.8487953973390867
0.6305032918343786,0.8491549802229413
0.6305188929451777,0.8491549802229413
0.6305500951667758,0.8491549802229413
0.630565696277575,0.8491549802229413
0.6306593029423695,0.8493347716648687
0.6306749040531686,0.8493347716648687
0.6307061062747668,0.8493347716648687
0.630752909607164,0.8493347716648687
0.631080532933945,0.8493347716648687
0.6311117351555431,0.8493347716648687
0.6311897407095385,0.8495145631067961
0.6312053418203376,0.8495145631067961
0.6313145495959313,0.8496943545487234
0.6314705607039222,0.8496943545487234
0.6315017629255203,0.8496943545487234
0.6315641673687167,0.8496943545487234
0.6317045773659085,0.8498741459906508
0.6317357795875066,0.8498741459906508
0.631798184030703,0.8498741459906508
0.6318293862523011,0.8498741459906508
0.6318449873631002,0.8498741459906508
0.631969796249493,0.8500539374325782
0.6320009984710911,0.8500539374325782
0.6320165995818903,0.8500539374325782
0.6321726106898811,0.8500539374325782
0.6321882118006802,0.8500539374325782
0.6321882118006802,0.8502337288745055
0.6322506162438766,0.8504135203164329
0.6322818184654747,0.8504135203164329
0.632328621797872,0.8504135203164329
0.6323442229086711,0.8504135203164329
0.6324690317950639,0.8504135203164329
0.6325158351274611,0.8504135203164329
0.6325470373490593,0.8504135203164329
0.6326094417922556,0.8504135203164329
0.6326562451246529,0.8504135203164329
0.6328902617866392,0.8504135203164329
0.6329058628974383,0.8504135203164329
0.6329994695622329,0.8504135203164329
0.6330618740054292,0.8504135203164329
0.6331398795594246,0.8504135203164329
0.6331710817810228,0.8504135203164329
0.633202284002621,0.8504135203164329
0.6332490873350183,0.8504135203164329
0.6333270928890137,0.8504135203164329
0.6333426939998128,0.8504135203164329
0.63373272176979,0.8507731032002877
0.6337639239913881,0.8507731032002877
0.6337951262129864,0.850952894642215
0.6338263284345845,0.850952894642215
0.6338575306561827,0.850952894642215
0.6338887328777809,0.850952894642215
0.633919935099379,0.850952894642215
0.6339511373209773,0.850952894642215
0.6340603450965708,0.850952894642215
0.6341227495397672,0.850952894642215
0.6343567662017535,0.8514922689679971
0.6343879684233518,0.8514922689679971
0.634434771755749,0.8514922689679971
0.6345751817529408,0.8516720604099245
0.6346219850853381,0.8516720604099245
0.6346375861961372,0.8516720604099245
0.6353864395144935,0.852391226177634
0.6354332428468907,0.852391226177634
0.635495647290087,0.852391226177634
0.6355580517332834,0.852391226177634
0.6355892539548816,0.852391226177634
0.635667259508877,0.852391226177634
0.6356828606196762,0.852391226177634
0.6357452650628724,0.852391226177634
0.6357764672844707,0.852391226177634
0.6357764672844707,0.8525710176195613
0.6358076695060688,0.8525710176195613
0.6358544728384661,0.8525710176195613
0.6358700739492652,0.8525710176195613
0.6359324783924616,0.8525710176195613
0.6359480795032606,0.8525710176195613
0.6362601017192424,0.8531103919453434
0.6363069050516397,0.8531103919453434
0.6363381072732378,0.8531103919453434
0.6364161128272333,0.8531103919453434
0.6364317139380324,0.8531103919453434
0.6364785172704297,0.8531103919453434
0.6364941183812287,0.8531103919453434
0.636525320602827,0.8531103919453434
0.6365721239352242,0.8531103919453434
0.6366033261568224,0.8531103919453434
0.6366189272676215,0.8531103919453434
0.6366501294892196,0.8531103919453434
0.6366657306000187,0.8531103919453434
0.6366813317108178,0.8532901833872708
0.6368841461512059,0.8532901833872708
0.636899747262005,0.8534699748291982
0.6369153483728042,0.8534699748291982
0.6370401572591968,0.8534699748291982
0.6370713594807951,0.8534699748291982
0.6370869605915941,0.8534699748291982
0.6371337639239913,0.8534699748291982
0.6371961683671877,0.8534699748291982
0.6373053761427814,0.8534699748291982
0.6373209772535805,0.8534699748291982
0.6373833816967768,0.8534699748291982
0.637414583918375,0.8534699748291982
0.6374769883615713,0.8534699748291982
0.6375393928047677,0.8534699748291982
0.6376173983587632,0.8536497662711255
0.6376486005803613,0.8536497662711255
0.6376954039127586,0.8536497662711255
0.637773409466754,0.8536497662711255
0.6378202127991514,0.8536497662711255
0.6378826172423476,0.8536497662711255
0.6378982183531468,0.8536497662711255
0.6379762239071421,0.8538295577130529
0.6379762239071421,0.8540093491549802
0.6380386283503385,0.8540093491549802
0.638132235015133,0.8540093491549802
0.6381634372367313,0.8540093491549802
0.6381790383475303,0.8540093491549802
0.6382726450123248,0.8540093491549802
0.6382726450123248,0.8541891405969075
0.638288246123124,0.8541891405969075
0.638459858341914,0.8547285149226896
0.6385222627851103,0.8547285149226896
0.6385534650067085,0.8547285149226896
0.6385690661175075,0.8547285149226896
0.6386314705607039,0.8547285149226896
0.6389122905550875,0.8547285149226896
0.6389434927766857,0.8547285149226896
0.6391307061062748,0.8547285149226896
0.6391619083278729,0.8547285149226896
0.6392087116602702,0.8547285149226896
0.6392243127710693,0.8547285149226896
0.6393179194358638,0.8547285149226896
0.6393647227682611,0.8547285149226896
0.6394895316546538,0.854908306364617
0.639505132765453,0.854908306364617
0.6396611438734437,0.854908306364617
0.6396767449842429,0.854908306364617
0.6397703516490374,0.854908306364617
0.6397859527598365,0.854908306364617
0.6398171549814347,0.854908306364617
0.6401135760866173,0.8552678892484717
0.6401291771974165,0.8552678892484717
0.6401759805298137,0.8554476806903991
0.6402851883054074,0.8554476806903991
0.6403163905270055,0.8554476806903991
0.6405660082997909,0.8554476806903991
0.6405816094105901,0.8554476806903991
0.6406752160753846,0.8554476806903991
0.6406908171861837,0.8554476806903991
0.6407220194077818,0.8554476806903991
0.64075322162938,0.8554476806903991
0.6407844238509782,0.8554476806903991
0.6408156260725764,0.8554476806903991
0.6408780305157727,0.8554476806903991
0.6411276482885582,0.8558072635742539
0.6411588505101563,0.8558072635742539
0.6411900527317546,0.8558072635742539
0.6412212549533527,0.8558072635742539
0.6412836593965491,0.8558072635742539
0.6412992605073481,0.8558072635742539
0.6413304627289463,0.8558072635742539
0.6413460638397454,0.8558072635742539
0.6413772660613436,0.8558072635742539
0.6413928671721426,0.8558072635742539
0.6414240693937409,0.8558072635742539
0.6414396705045399,0.8558072635742539
0.6414708727261381,0.8558072635742539
0.6418765016069145,0.8559870550161812
0.6419389060501107,0.8561668464581086
0.641970108271709,0.8561668464581086
0.6420013104933071,0.8561668464581086
0.6420325127149052,0.8561668464581086
0.6420949171581016,0.8561668464581086
0.6421261193796999,0.8561668464581086
0.6421885238228962,0.8561668464581086
0.6422041249336953,0.8561668464581086
0.6425161471496771,0.856346637900036
0.6425785515928734,0.856346637900036
0.6426097538144716,0.8565264293419633
0.6426565571468689,0.8565264293419633
0.6427813660332615,0.8565264293419633
0.6427969671440606,0.8565264293419633
0.642859371587257,0.8565264293419633
0.6428905738088552,0.8567062207838907
0.6429061749196543,0.8567062207838907
0.6429685793628507,0.8567062207838907
0.6430465849168461,0.8567062207838907
0.6431089893600425,0.8567062207838907
0.643202596024837,0.8567062207838907
0.6432337982464351,0.8567062207838907
0.6432493993572342,0.8568860122258181
0.6432962026896315,0.8568860122258181
0.6433274049112296,0.8568860122258181
0.6433586071328279,0.8568860122258181
0.6433586071328279,0.8570658036677454
0.6433742082436269,0.8570658036677454
0.6434210115760242,0.8570658036677454
0.6434522137976224,0.8570658036677454
0.6435926237948142,0.8570658036677454
0.6436394271272114,0.8570658036677454
0.6436706293488096,0.8570658036677454
0.6438734437891978,0.8570658036677454
0.643904646010796,0.8570658036677454
0.6439358482323941,0.8570658036677454
0.6443258760023713,0.8572455951096728
0.6444818871103623,0.8572455951096728
0.6445130893319604,0.8572455951096728
0.6445754937751568,0.8572455951096728
0.644606695996755,0.8572455951096728
0.644622297107554,0.8572455951096728
0.6446691004399513,0.8572455951096728
0.6448095104371431,0.8572455951096728
0.6449031171019377,0.8576051779935275
0.6449343193235358,0.8576051779935275
0.644949920434335,0.8579647608773823
0.6449967237667322,0.8579647608773823
0.6450435270991295,0.8579647608773823
0.6451683359855221,0.8579647608773823
0.6451995382071204,0.8579647608773823
0.6452463415395177,0.8579647608773823
0.6452619426503167,0.8579647608773823
0.6457143748634903,0.8579647608773823
0.6457767793066866,0.8579647608773823
0.6458079815282848,0.8579647608773823
0.6458703859714812,0.8579647608773823
0.6458859870822803,0.8579647608773823
0.6459639926362757,0.8579647608773823
0.6459795937470748,0.8579647608773823
0.6460263970794721,0.8579647608773823
0.6461512059658647,0.8579647608773823
0.6461668070766639,0.8579647608773823
0.6463072170738556,0.8579647608773823
0.6463852226278511,0.8579647608773823
0.646712845954632,0.8581445523193096
0.6467596492870292,0.8581445523193096
0.6467908515086274,0.8581445523193096
0.6468376548410247,0.8581445523193096
0.646884458173422,0.8581445523193096
0.6471652781678056,0.8581445523193096
0.6471964803894037,0.8581445523193096
0.6472276826110019,0.8581445523193096
0.647243283721801,0.8581445523193096
0.6472744859433992,0.8581445523193096
0.6473212892757965,0.8581445523193096
0.6475241037161846,0.858324343761237
0.6475553059377828,0.858324343761237
0.6475709070485819,0.858324343761237
0.6476177103809792,0.858324343761237
0.6476801148241755,0.858324343761237
0.6478049237105682,0.858324343761237
0.6478517270429655,0.858324343761237
0.6480077381509564,0.8585041352031644
0.6480545414833536,0.8585041352031644
0.6480857437049518,0.8585041352031644
0.648132547037349,0.8585041352031644
0.6481793503697463,0.8585041352031644
0.6482261537021435,0.8585041352031644
0.6483665636993354,0.8585041352031644
0.6483821648101344,0.8585041352031644
0.6484445692533308,0.8585041352031644
0.6485225748073263,0.8585041352031644
0.6485693781397236,0.8585041352031644
0.6485849792505226,0.8585041352031644
0.6486629848045181,0.8585041352031644
0.6486785859153171,0.8585041352031644
0.6487409903585135,0.8585041352031644
0.6487721925801117,0.8585041352031644
0.6488033948017099,0.8585041352031644
0.6489126025773035,0.8586839266450917
0.6491466192392898,0.8586839266450917
0.649177821460888,0.8586839266450917
0.6498174670036506,0.8590435095289464
0.6498330681144497,0.8590435095289464
0.649879871446847,0.8590435095289464
0.6498954725576461,0.8592233009708737
0.6499266747792443,0.8592233009708737
0.6499734781116415,0.8592233009708737
0.6499890792224406,0.8592233009708737
0.6500202814440388,0.8592233009708737
0.6500202814440388,0.8594030924128011
0.6500358825548379,0.8595828838547285
0.6500826858872352,0.8595828838547285
0.6501294892196324,0.8595828838547285
0.6501606914412306,0.8595828838547285
0.6502074947736279,0.8595828838547285
0.650223095884427,0.8595828838547285
0.6502698992168242,0.8595828838547285
0.6502855003276233,0.8595828838547285
0.6503791069924179,0.8595828838547285
0.650394708103217,0.8595828838547285
0.6504883147680115,0.8595828838547285
0.6507379325407969,0.8599424667385832
0.6507535336515959,0.8601222581805106
0.6508003369839933,0.8601222581805106
0.6508315392055914,0.8601222581805106
0.6508315392055914,0.860302049622438
0.6510187525351805,0.860302049622438
0.6510499547567787,0.860302049622438
0.6511591625323723,0.860302049622438
0.6512059658647695,0.860302049622438
0.6513619769727604,0.860302049622438
0.6513775780835596,0.860302049622438
0.6513775780835596,0.8604818410643653
0.6514243814159568,0.8604818410643653
0.6514867858591532,0.8604818410643653
0.6515179880807513,0.8604818410643653
0.6515491903023495,0.8604818410643653
0.6515803925239477,0.8604818410643653
0.651627195856345,0.8604818410643653
0.6516896002995414,0.8604818410643653
0.6517676058535368,0.8604818410643653
0.6517832069643359,0.8604818410643653
0.6520952291803176,0.8606616325062927
0.6521264314019158,0.8606616325062927
0.652157633623514,0.8606616325062927
0.6521888358451122,0.8606616325062927
0.6522668413991076,0.8606616325062927
0.6523760491747013,0.8606616325062927
0.6524384536178975,0.8606616325062927
0.6527660769446785,0.86084142394822
0.6529220880526694,0.86084142394822
0.6529376891634684,0.86084142394822
0.6532497113794502,0.8613807982740022
0.6536085369278293,0.8613807982740022
0.6536397391494274,0.8613807982740022
0.6536397391494274,0.8615605897159295
0.6537177447034229,0.8615605897159295
0.6537333458142219,0.8615605897159295
0.6537645480358202,0.8615605897159295
0.6538269524790165,0.8615605897159295
0.6540453680302037,0.8615605897159295
0.6540765702518019,0.8615605897159295
0.6542325813597928,0.8615605897159295
0.6542481824705919,0.8615605897159295
0.6543417891353864,0.8615605897159295
0.6543573902461856,0.8615605897159295
0.6544197946893818,0.8615605897159295
0.654435395800181,0.8615605897159295
0.6545602046865737,0.8615605897159295
0.6545914069081719,0.8615605897159295
0.654607008018971,0.8615605897159295
0.6546382102405691,0.8615605897159295
0.6546850135729664,0.8615605897159295
0.6548098224593591,0.8619201725997843
0.6548254235701582,0.8619201725997843
0.6548878280133545,0.862279755483639
0.6549190302349527,0.862279755483639
0.6549970357889482,0.8624595469255664
0.6551062435645418,0.8624595469255664
0.6553870635589254,0.8624595469255664
0.6554026646697245,0.8626393383674937
0.655496271334519,0.8626393383674937
0.6555274735561172,0.8626393383674937
0.6555586757777154,0.8626393383674937
0.6555898779993136,0.8626393383674937
0.6556054791101127,0.8626393383674937
0.65565228244251,0.8628191298094211
0.6556834846641081,0.8628191298094211
0.6556990857749072,0.8629989212513485
0.6557146868857062,0.8629989212513485
0.6557926924397017,0.8629989212513485
0.6558238946612999,0.8629989212513485
0.6558706979936971,0.8629989212513485
0.6559175013260944,0.8629989212513485
0.6559643046584916,0.8629989212513485
0.6560891135448844,0.8629989212513485
0.6561203157664826,0.8629989212513485
0.6561515179880808,0.8629989212513485
0.6561671190988798,0.8629989212513485
0.6561983213204781,0.8629989212513485
0.6562295235420762,0.8629989212513485
0.6563543324284689,0.8629989212513485
0.656557146868857,0.8629989212513485
0.6566195513120534,0.8629989212513485
0.6566195513120534,0.8631787126932758
0.6568535679740397,0.8633585041352032
0.656884770195638,0.8633585041352032
0.6569159724172361,0.8633585041352032
0.6569627757496334,0.8633585041352032
0.6571031857468251,0.8633585041352032
0.6571343879684234,0.8633585041352032
0.6571655901900215,0.8633585041352032
0.6571967924116197,0.8633585041352032
0.657243595744017,0.8633585041352032
0.6575088146276015,0.8633585041352032
0.6575400168491997,0.8633585041352032
0.657586820181597,0.8635382955771306
0.6576180224031951,0.8635382955771306
0.6618771256513464,0.8664149586479684
0.6619083278729445,0.8664149586479684
0.6620331367593373,0.8664149586479684
0.6620955412025337,0.8664149586479684
0.6622671534213236,0.8664149586479684
0.6626103778589035,0.8664149586479684
0.662703984523698,0.8664149586479684
0.6627351867452963,0.8664149586479684
0.6627663889668944,0.8664149586479684
0.6627975911884926,0.8664149586479684
0.6628911978532872,0.8664149586479684
0.6629224000748853,0.8664149586479684
0.6629380011856845,0.8667745415318231
0.6629380011856845,0.8669543329737505
0.6632812256232644,0.8669543329737505
0.6634372367312553,0.8669543329737505
0.6634528378420543,0.8669543329737505
0.6634684389528535,0.8671341244156778
0.6635152422852507,0.8671341244156778
0.6636088489500452,0.8671341244156778
0.6639052700552279,0.8673139158576052
0.663920871166027,0.8673139158576052
0.6639676744984243,0.8673139158576052
0.6639832756092233,0.8673139158576052
0.6640144778308216,0.8673139158576052
0.6642016911604106,0.8673139158576052
0.6642172922712097,0.8673139158576052
0.6642484944928079,0.8673139158576052
0.6644981122655933,0.8673139158576052
0.6645293144871914,0.8673139158576052
0.6647321289275796,0.8673139158576052
0.6647477300383787,0.8673139158576052
0.6647789322599769,0.8673139158576052
0.6649037411463696,0.8674937072995326
0.6649349433679678,0.8674937072995326
0.6649505444787669,0.8674937072995326
0.6649973478111642,0.8676734987414599
0.6650597522543605,0.8676734987414599
0.6652625666947487,0.8676734987414599
0.6652781678055477,0.8676734987414599
0.665324971137945,0.8676734987414599
0.6653405722487441,0.8676734987414599
0.665496583356735,0.8676734987414599
0.6655589877999314,0.8676734987414599
0.6655745889107304,0.8676734987414599
0.6656057911323287,0.8676734987414599
0.6657149989079223,0.8676734987414599
0.6657774033511186,0.8676734987414599
0.6658086055727168,0.8676734987414599
0.6659022122375113,0.8676734987414599
0.6661518300102968,0.8676734987414599
0.6661830322318949,0.8676734987414599
0.6662298355642922,0.8676734987414599
0.6662922400074885,0.8676734987414599
0.6665886611126712,0.8676734987414599
0.6668382788854567,0.8678532901833873
0.6668850822178539,0.8678532901833873
0.6669318855502512,0.8678532901833873
0.6670254922150457,0.8678532901833873
0.6670566944366438,0.8678532901833873
0.6671034977690412,0.8678532901833873
0.6671346999906393,0.8678532901833873
0.6671503011014385,0.8678532901833873
0.6671971044338357,0.8678532901833873
0.6674155199850229,0.8680330816253147
0.6674467222066212,0.8680330816253147
0.6675091266498174,0.8680330816253147
0.6675403288714157,0.8680330816253147
0.6676339355362102,0.8680330816253147
0.6676963399794066,0.8680330816253147
0.6677275422010047,0.8680330816253147
0.6678367499765984,0.8680330816253147
0.6678991544197946,0.868212873067242
0.6679303566413929,0.868212873067242
0.667961558862991,0.868212873067242
0.668133171081781,0.868212873067242
0.6681487721925801,0.868212873067242
0.6683359855221692,0.8685724559510968
0.6683827888545665,0.8685724559510968
0.6683983899653655,0.8685724559510968
0.6687104121813473,0.8687522473930241
0.6687260132921464,0.8687522473930241
0.6687884177353428,0.8687522473930241
0.6688976255109363,0.8687522473930241
0.6688976255109363,0.8689320388349514
0.6689132266217355,0.8689320388349514
0.6689600299541327,0.8689320388349514
0.6689756310649319,0.8689320388349514
0.6690224343973291,0.8689320388349514
0.6690380355081281,0.8689320388349514
0.6691160410621236,0.8689320388349514
0.6691472432837218,0.8689320388349514
0.6692252488377173,0.8692916217188061
0.6692564510593154,0.8692916217188061
0.6693188555025118,0.8692916217188061
0.6693344566133108,0.8692916217188061
0.6693656588349091,0.8692916217188061
0.6693812599457082,0.8692916217188061
0.6694436643889045,0.8692916217188061
0.6694904677213017,0.8692916217188061
0.669537271053699,0.8692916217188061
0.6695684732752972,0.8692916217188061
0.6696152766076945,0.8692916217188061
0.6697400854940871,0.8692916217188061
0.6697868888264844,0.8692916217188061
0.6698492932696808,0.8692916217188061
0.6698648943804799,0.8692916217188061
0.6720802521139505,0.8710895361380798
0.6723766732191332,0.8716289104638619
0.6723922743299323,0.8716289104638619
0.6724390776623296,0.8716289104638619
0.672501482105526,0.8716289104638619
0.6725326843271241,0.8716289104638619
0.6725638865487222,0.8716289104638619
0.6725950887703205,0.8716289104638619
0.6726106898811195,0.8716289104638619
0.6726730943243159,0.8716289104638619
0.672688695435115,0.8716289104638619
0.6731099254266903,0.8718087019057893
0.6731411276482886,0.8718087019057893
0.6732035320914849,0.8718087019057893
0.6732659365346813,0.8718087019057893
0.6732815376454804,0.8719884933477167
0.6733283409778776,0.8719884933477167
0.6733751443102749,0.8719884933477167
0.6734375487534713,0.8719884933477167
0.6734531498642703,0.8719884933477167
0.6735155543074667,0.8719884933477167
0.6735311554182658,0.8719884933477167
0.6736247620830603,0.8719884933477167
0.673733969858654,0.8719884933477167
0.6737963743018502,0.8719884933477167
0.6738119754126494,0.8719884933477167
0.6738431776342475,0.8719884933477167
0.6738587787450466,0.8719884933477167
0.6738899809666449,0.8719884933477167
0.6738899809666449,0.872168284789644
0.6739523854098411,0.872168284789644
0.6739835876314394,0.872168284789644
0.6740147898530375,0.872168284789644
0.6741239976286312,0.872168284789644
0.6742956098474211,0.8723480762315714
0.6743112109582202,0.8723480762315714
0.6746544353958002,0.8725278676734988
0.6746856376173983,0.8725278676734988
0.674794845392992,0.8725278676734988
0.6748884520577865,0.8725278676734988
0.6749040531685856,0.8725278676734988
0.6749820587225811,0.8725278676734988
0.6750288620549784,0.8725278676734988
0.6752004742737683,0.8728874505573535
0.6752472776061655,0.8728874505573535
0.6752628787169647,0.8728874505573535
0.6753720864925583,0.8728874505573535
0.6754032887141564,0.8728874505573535
0.6754344909357546,0.8728874505573535
0.6754812942681518,0.8728874505573535
0.6755124964897501,0.8728874505573535
0.6755280976005491,0.8728874505573535
0.6755749009329465,0.8728874505573535
0.6756061031545446,0.8728874505573535
0.675668507597741,0.8728874505573535
0.67568410870854,0.8728874505573535
0.6757309120409373,0.8728874505573535
0.6757465131517364,0.8728874505573535
0.6757933164841337,0.8728874505573535
0.6759025242597273,0.8728874505573535
0.6759181253705264,0.8730672419992809
0.6759493275921246,0.8730672419992809
0.676011732035321,0.8732470334412082
0.67602733314612,0.8732470334412082
0.6760585353677182,0.8732470334412082
0.6767761864644762,0.873606616325063
0.6767917875752754,0.873606616325063
0.6768229897968735,0.873606616325063
0.6768385909076726,0.873606616325063
0.6770102031264627,0.8737864077669902
0.6770414053480608,0.8737864077669902
0.6770570064588599,0.8737864077669902
0.6771038097912572,0.8737864077669902
0.6771194109020562,0.8737864077669902
0.6771818153452526,0.8737864077669902
0.6771974164560517,0.8737864077669902
0.6772286186776498,0.8737864077669902
0.6774158320072389,0.8739661992089176
0.677431433118038,0.8739661992089176
0.6776498486692253,0.874145990650845
0.6776654497800243,0.874145990650845
0.6777902586664171,0.8743257820927723
0.6777902586664171,0.8745055735346997
0.6778058597772162,0.8745055735346997
0.6778214608880152,0.8746853649766271
0.6778370619988143,0.8746853649766271
0.678133483103997,0.8750449478604818
0.6781646853255952,0.8750449478604818
0.6783362975443852,0.8750449478604818
0.6787887297575588,0.8754045307443366
0.6788979375331523,0.8754045307443366
0.6789603419763487,0.8754045307443366
0.6789759430871478,0.8754045307443366
0.6791631564167369,0.8755843221862639
0.679178757527536,0.8755843221862639
0.6793503697463259,0.8763034879539734
0.6794751786327187,0.8763034879539734
0.6795063808543168,0.8763034879539734
0.6795531841867141,0.8763034879539734
0.6796311897407096,0.8763034879539734
0.6796467908515086,0.8763034879539734
0.6796779930731068,0.8763034879539734
0.6797403975163031,0.8763034879539734
0.6797872008487005,0.8763034879539734
0.6798028019594995,0.8763034879539734
0.6798496052918968,0.8763034879539734
0.679880807513495,0.8763034879539734
0.6799432119566913,0.8763034879539734
0.6799588130674904,0.8763034879539734
0.6799900152890885,0.8763034879539734
0.6800056163998877,0.8763034879539734
0.6801304252862804,0.8763034879539734
0.6803176386158695,0.8763034879539734
0.6803956441698649,0.8766630708378281
0.6804268463914631,0.8766630708378281
0.6804424475022621,0.8766630708378281
0.6804736497238604,0.8766630708378281
0.6804892508346594,0.8766630708378281
0.6805204530562576,0.8766630708378281
0.6805516552778558,0.8766630708378281
0.6807544697182439,0.8766630708378281
0.6807856719398421,0.8766630708378281
0.6808012730506412,0.8766630708378281
0.6808948797154357,0.8766630708378281
0.680926081937034,0.8766630708378281
0.6809572841586321,0.8766630708378281
0.6809884863802302,0.8766630708378281
0.6810508908234266,0.8766630708378281
0.6813629130394084,0.8768428622797555
0.6814253174826047,0.8768428622797555
0.6815189241473993,0.8768428622797555
0.6816281319229929,0.8768428622797555
0.6817217385877874,0.8768428622797555
0.681815345252582,0.8772024451636102
0.6818621485849793,0.8772024451636102
0.6818777496957783,0.8772024451636102
0.6819089519173765,0.8772024451636102
0.6819401541389747,0.8772024451636102
0.6869637118162814,0.8811578568860122
0.6870261162594776,0.8811578568860122
0.6870417173702767,0.8811578568860122
0.6871197229242723,0.8811578568860122
0.6871977284782677,0.8813376483279396
0.6872133295890668,0.8813376483279396
0.6873069362538613,0.8813376483279396
0.6873225373646603,0.8813376483279396
0.687431745140254,0.8818770226537217
0.6875721551374457,0.8818770226537217
0.6875877562482449,0.8818770226537217
0.6877281662454366,0.8818770226537217
0.6878997784642267,0.8818770226537217
0.6879153795750257,0.8818770226537217
0.6879465817966239,0.8818770226537217
0.6879777840182221,0.8818770226537217
0.6881493962370121,0.8825961884214312
0.6881805984586102,0.8825961884214312
0.6883834128989984,0.8825961884214312
0.6884614184529938,0.8825961884214312
0.688492620674592,0.8825961884214312
0.6885238228961902,0.8825961884214312
0.6886018284501857,0.8827759798633585
0.688648631782583,0.8827759798633585
0.688664232893382,0.8827759798633585
0.6886954351149802,0.8827759798633585
0.6887734406689756,0.8827759798633585
0.6888046428905739,0.8827759798633585
0.688835845112172,0.8827759798633585
0.6888826484445693,0.8827759798633585
0.6894442884333365,0.8827759798633585
0.6894754906549346,0.8827759798633585
0.6895066928765328,0.8827759798633585
0.68955349620893,0.8827759798633585
0.6899123217573091,0.8831355627472133
0.6899435239789073,0.8831355627472133
0.6900059284221036,0.8831355627472133
0.6900371306437019,0.8831355627472133
0.6900995350868981,0.8831355627472133
0.6901151361976973,0.8831355627472133
0.6901463384192954,0.8831355627472133
0.6901463384192954,0.8833153541891406
0.6901775406408936,0.8833153541891406
0.69023994508409,0.8833153541891406
0.6903803550812818,0.8833153541891406
0.6903959561920808,0.8833153541891406
0.6905363661892727,0.883495145631068
0.6906143717432681,0.883495145631068
0.6906299728540672,0.8836749370729953
0.6906455739648663,0.8836749370729953
0.6907079784080626,0.8836749370729953
0.6907391806296609,0.8836749370729953
0.6908327872944554,0.8836749370729953
0.6908951917376517,0.8836749370729953
0.6909419950700489,0.8836749370729953
0.6910200006240445,0.8836749370729953
0.6910512028456426,0.8836749370729953
0.6910980061780398,0.8836749370729953
0.691113607288839,0.8836749370729953
0.6914256295048208,0.8836749370729953
0.6914568317264189,0.8836749370729953
0.6915816406128116,0.8836749370729953
0.6916752472776062,0.8836749370729953
0.6917064494992043,0.8836749370729953
0.6918000561639989,0.8836749370729953
0.691831258385597,0.8836749370729953
0.6919248650503916,0.8836749370729953
0.6920964772691816,0.8836749370729953
0.6921276794907797,0.8836749370729953
0.6921588817123779,0.8836749370729953
0.6922680894879716,0.8836749370729953
0.6922680894879716,0.8838547285149226
0.692346095041967,0.8838547285149226
0.6923772972635651,0.8838547285149226
0.6923928983743642,0.8838547285149226
0.6926113139255515,0.8838547285149226
0.6926581172579488,0.8838547285149226
0.6926581172579488,0.88403451995685
0.6930169428063279,0.8842143113987774
0.693048145027926,0.8842143113987774
0.6931885550251178,0.8843941028407047
0.6932041561359169,0.8843941028407047
0.693235358357515,0.8843941028407047
0.6932509594683142,0.8843941028407047
0.6932821616899123,0.8843941028407047
0.6932977628007114,0.8843941028407047
0.693562981684296,0.8845738942826321
0.6936409872382914,0.8845738942826321
0.6936877905706886,0.8845738942826321
0.6937345939030859,0.8845738942826321
0.6939842116758713,0.8845738942826321
0.6940466161190677,0.8845738942826321
0.6940778183406658,0.8845738942826321
0.694093419451465,0.8845738942826321
0.6941558238946614,0.8845738942826321
0.6941714250054604,0.8845738942826321
0.6942026272270586,0.8845738942826321
0.6942026272270586,0.8847536857245595
0.6942494305594559,0.8847536857245595
0.6943118350026521,0.8847536857245595
0.6943274361134513,0.8847536857245595
0.6943742394458485,0.8847536857245595
0.6944366438890449,0.8847536857245595
0.6946394583294331,0.8849334771664868
0.6946706605510312,0.8849334771664868
0.6947018627726295,0.8851132686084142
0.6947174638834285,0.8851132686084142
0.6947642672158257,0.8851132686084142
0.6948734749914194,0.8856526429341963
0.6949046772130175,0.8856526429341963
0.6949514805454148,0.8856526429341963
0.6954507160909856,0.8856526429341963
0.6954819183125839,0.8856526429341963
0.6954975194233829,0.8856526429341963
0.6955287216449811,0.8858324343761237
0.6955911260881775,0.8858324343761237
0.6956379294205748,0.8858324343761237
0.6957003338637711,0.8858324343761237
0.6957315360853693,0.8858324343761237
0.695856344971762,0.8858324343761237
0.6958875471933602,0.8858324343761237
0.6959811538581547,0.8861920172599784
0.6960123560797529,0.8861920172599784
0.696043558301351,0.8861920172599784
0.6963867827389311,0.8869111830276879
0.6964179849605292,0.8869111830276879
0.6964803894037256,0.8869111830276879
0.6965271927361228,0.8869111830276879
0.6965895971793191,0.8869111830276879
0.6966520016225155,0.8869111830276879
0.6967612093981091,0.8869111830276879
0.6967768105089083,0.8870909744696153
0.6968548160629037,0.8870909744696153
0.6968704171737028,0.8872707659115426
0.6971200349464882,0.8878101402373247
0.6971668382788855,0.8878101402373247
0.6972292427220819,0.8878101402373247
0.6972448438328809,0.8878101402373247
0.6972760460544791,0.8878101402373247
0.6973228493868764,0.8878101402373247
0.6974320571624699,0.8878101402373247
0.697447658273269,0.8878101402373247
0.6974788604948672,0.8878101402373247
0.6975256638272646,0.8878101402373247
0.6977440793784517,0.8878101402373247
0.6981653093700272,0.8878101402373247
0.6982121127024244,0.8878101402373247
0.6983993260320135,0.8878101402373247
0.698492932696808,0.8878101402373247
0.6986021404724017,0.8878101402373247
0.6986177415832007,0.8878101402373247
0.6991637804611688,0.8881697231211795
0.699194982682767,0.8881697231211795
0.6992417860151643,0.8881697231211795
0.6993353926799588,0.8881697231211795
0.699538207120347,0.8883495145631068
0.6996318137851415,0.8883495145631068
0.6997878248931324,0.8887090974469615
0.6998034260039315,0.8887090974469615
0.7000062404443196,0.8888888888888888
0.7000842459983151,0.8888888888888888
0.7003182626603014,0.8890686803308162
0.700957908203064,0.8896080546565983
0.7009735093138632,0.8896080546565983
0.7010203126462604,0.8896080546565983
0.7010359137570595,0.8896080546565983
0.7010983182002558,0.8896080546565983
0.7014571437486349,0.8897878460985257
0.701472744859434,0.8897878460985257
0.7015351493026304,0.889967637540453
0.7015663515242285,0.889967637540453
0.7016755592998222,0.889967637540453
0.7016911604106212,0.889967637540453
0.7017379637430186,0.8903272204243078
0.7017691659646167,0.8903272204243078
0.7018315704078131,0.8903272204243078
0.7018783737402103,0.8903272204243078
0.7019407781834066,0.8903272204243078
0.7019563792942057,0.8903272204243078
0.7022996037317857,0.8903272204243078
0.702533620393772,0.8905070118662352
0.7025492215045711,0.8905070118662352
0.7025804237261694,0.8905070118662352
0.7026428281693656,0.8905070118662352
0.7027832381665574,0.8905070118662352
0.7029860526069456,0.8906868033081625
0.7030016537177447,0.8906868033081625
0.7031108614933383,0.8906868033081625
0.7031420637149365,0.8906868033081625
0.7031888670473337,0.8906868033081625
0.703220069268932,0.8906868033081625
0.703235670379731,0.8906868033081625
0.7032668726013293,0.8906868033081625
0.7032824737121283,0.8906868033081625
0.7033448781553246,0.8906868033081625
0.7033760803769228,0.8906868033081625
0.7034696870417174,0.8906868033081625
0.7035008892633156,0.8906868033081625
0.7036100970389092,0.8906868033081625
0.7036569003713065,0.8906868033081625
0.7036881025929046,0.8906868033081625
0.7042965459140691,0.8906868033081625
0.7043121470248682,0.8906868033081625
0.7043433492464664,0.8906868033081625
0.7043589503572655,0.8906868033081625
0.7065743080907361,0.8915857605177994
0.7065899092015352,0.8915857605177994
0.7066211114231333,0.8915857605177994
0.7066523136447315,0.8917655519597267
0.7066679147555306,0.8917655519597267
0.7068395269743206,0.8917655519597267
0.706917532528316,0.8917655519597267
0.7069799369715124,0.8917655519597267
0.7071047458579051,0.8917655519597267
0.7071671503011014,0.8917655519597267
0.7071983525226996,0.8917655519597267
0.7072763580766951,0.8917655519597267
0.7072919591874941,0.8917655519597267
0.7073231614090923,0.8917655519597267
0.7073387625198914,0.8917655519597267
0.7074947736278823,0.8917655519597267
0.7075259758494805,0.8917655519597267
0.7075883802926768,0.8917655519597267
0.7076663858466723,0.8917655519597267
0.7080096102842522,0.8917655519597267
0.7080720147274486,0.8917655519597267
0.7080876158382476,0.8917655519597267
0.7081344191706449,0.8919453434016541
0.708321632500234,0.8919453434016541
0.7083528347218322,0.8919453434016541
0.7087896658242067,0.8919453434016541
0.7088208680458049,0.8919453434016541
0.7088832724890012,0.8919453434016541
0.7089144747105994,0.8919453434016541
0.7089768791537957,0.8919453434016541
0.709008081375394,0.8921251348435815
0.7090548847077912,0.8921251348435815
0.7090704858185903,0.8921251348435815
0.7091016880401885,0.8921251348435815
0.7091328902617866,0.8921251348435815
0.7096165246965584,0.8926645091693636
0.7100221535773347,0.8926645091693636
0.710084558020531,0.8928443006112909
0.7101469624637274,0.8928443006112909
0.710240569128522,0.8928443006112909
0.7103965802365129,0.8928443006112909
0.710427782458111,0.8928443006112909
0.7105681924553028,0.8930240920532183
0.7105837935661019,0.8930240920532183
0.7107554057848919,0.8932038834951457
0.7108022091172892,0.8932038834951457
0.7110206246684764,0.8932038834951457
0.7110830291116728,0.8932038834951457
0.71112983244407,0.8932038834951457
0.7112390402196637,0.8932038834951457
0.7112546413304627,0.8932038834951457
0.71130144466286,0.8932038834951457
0.7113326468844582,0.8932038834951457
0.7113794502168554,0.8932038834951457
0.7116914724328373,0.8935634663790004
0.7117538768760335,0.8935634663790004
0.711831882430029,0.8935634663790004
0.7118630846516272,0.8935634663790004
0.71198789353802,0.8937432578209277
0.712003494648819,0.8937432578209277
0.7120502979812162,0.8937432578209277
0.7121595057568099,0.8937432578209277
0.7121907079784081,0.8937432578209277
0.712362320197198,0.8937432578209277
0.7123935224187962,0.8937432578209277
0.7124403257511935,0.8937432578209277
0.7127523479671752,0.8937432578209277
0.7127835501887735,0.8937432578209277
0.7128615557427689,0.893923049262855
0.712892757964367,0.893923049262855
0.7129863646291617,0.8944624235886371
0.7130799712939562,0.8944624235886371
0.7131267746263534,0.8944624235886371
0.7131735779587507,0.8944624235886371
0.713220381291148,0.8946422150305645
0.7132671846235452,0.8946422150305645
0.7132983868451434,0.8946422150305645
0.7133607912883397,0.8946422150305645
0.7134699990639334,0.8946422150305645
0.7135480046179288,0.8946422150305645
0.7135636057287279,0.8946422150305645
0.713594807950326,0.8946422150305645
0.7136416112827233,0.8948220064724919
0.7136884146151206,0.8948220064724919
0.7137196168367188,0.8948220064724919
0.7137352179475178,0.8950017979144193
0.7137508190583169,0.8950017979144193
0.7140004368311024,0.8950017979144193
0.7143592623794814,0.8951815893563466
0.7147648912602578,0.8951815893563466
0.7147960934818559,0.8951815893563466
0.714827295703454,0.8951815893563466
0.7148584979250523,0.8951815893563466
0.7148740990358513,0.8951815893563466
0.7149365034790477,0.8951815893563466
0.714983306811445,0.8951815893563466
0.7150145090330432,0.8951815893563466
0.7150301101438422,0.8951815893563466
0.7150925145870386,0.8951815893563466
0.7151237168086367,0.8951815893563466
0.7153733345814222,0.895361380798274
0.7154825423570158,0.895361380798274
0.7154981434678149,0.895361380798274
0.7157321601298012,0.8955411722402014
0.7157789634621985,0.8955411722402014
0.716044182345783,0.8955411722402014
0.7160753845673812,0.8955411722402014
0.7161065867889794,0.8955411722402014
0.716200193453774,0.8955411722402014
0.7162625978969702,0.8955411722402014
0.716387406783363,0.8955411722402014
0.7164810134481575,0.8955411722402014
0.7165122156697556,0.8957209636821287
0.7165434178913539,0.8957209636821287
0.7166058223345502,0.8959007551240561
0.7166838278885457,0.8960805465659835
0.7167150301101438,0.8960805465659835
0.7169958501045275,0.8962603380079108
0.717105057880121,0.8962603380079108
0.7172454678773129,0.8962603380079108
0.717276670098911,0.8962603380079108
0.7173078723205092,0.8962603380079108
0.7175106867608974,0.8964401294498382
0.7175262878716965,0.8964401294498382
0.7177135012012855,0.8964401294498382
0.7177291023120846,0.8964401294498382
0.7180723267496646,0.8964401294498382
0.7181971356360572,0.8964401294498382
0.7182751411900528,0.8964401294498382
0.7183375456332491,0.8964401294498382
0.7183687478548473,0.8964401294498382
0.7184779556304409,0.8964401294498382
0.7186963711816281,0.8967997123336929
0.7187431745140254,0.8967997123336929
0.7188991856220163,0.8971592952175477
0.7191176011732036,0.8975188781014024
0.7192268089487972,0.8976986695433298
0.7192424100595962,0.8976986695433298
0.7192736122811945,0.8976986695433298
0.719367218945989,0.8976986695433298
0.719382820056788,0.8976986695433298
0.7194140222783862,0.8976986695433298
0.7196168367187744,0.8976986695433298
0.7196480389403725,0.8976986695433298
0.7197104433835689,0.8976986695433298
0.7197728478267653,0.8976986695433298
0.7198040500483635,0.8976986695433298
0.7198508533807607,0.8976986695433298
0.7201160722643453,0.8976986695433298
0.7201628755967425,0.8976986695433298
0.7201940778183407,0.8976986695433298
0.7202720833723361,0.8976986695433298
0.7203500889263316,0.8978784609852571
0.7203812911479297,0.8978784609852571
0.7203968922587288,0.8978784609852571
0.7203968922587288,0.8980582524271845
0.7204436955911261,0.8980582524271845
0.7204748978127242,0.8980582524271845
0.7208181222503042,0.8982380438691119
0.7208337233611033,0.8982380438691119
0.7208649255827015,0.8982380438691119
0.7208805266935006,0.8982380438691119
0.7209117289150988,0.8982380438691119
0.7209273300258978,0.8982380438691119
0.7210053355798933,0.8982380438691119
0.7210521389122906,0.8982380438691119
0.7210833411338887,0.8985976267529665
0.7211145433554869,0.8985976267529665
0.721130144466286,0.8985976267529665
0.7211613466878842,0.8985976267529665
0.7212237511310805,0.8985976267529665
0.7212549533526788,0.8987774181948939
0.721317357795875,0.8987774181948939
0.7213485600174733,0.8987774181948939
0.7214109644606695,0.8987774181948939
0.7214421666822678,0.8987774181948939
0.7215825766794596,0.8989572096368212
0.7216761833442541,0.8989572096368212
0.7217385877874505,0.8989572096368212
0.7218009922306469,0.8989572096368212
0.7218165933414459,0.8989572096368212
0.7218633966738431,0.8989572096368212
0.7218945988954414,0.8989572096368212
0.7221442166682268,0.8996763754045307
0.722175418889825,0.8996763754045307
0.7222222222222222,0.8996763754045307
0.7226278511029985,0.9000359582883855
0.7227058566569939,0.9000359582883855
0.7227370588785922,0.9000359582883855
0.7227682611001903,0.9000359582883855
0.7227994633217885,0.9000359582883855
0.7228462666541858,0.9000359582883855
0.722877468875784,0.9002157497303128
0.7228930699865831,0.9002157497303128
0.7229242722081812,0.9002157497303128
0.7229554744297794,0.9002157497303128
0.7229866766513776,0.9002157497303128
0.7231270866485694,0.9002157497303128
0.7231426877593685,0.9002157497303128
0.7231738899809667,0.9002157497303128
0.7231894910917658,0.9002157497303128
0.7233767044213548,0.9002157497303128
0.7233923055321538,0.9002157497303128
0.7237199288589348,0.9003955411722402
0.7239695466317202,0.9003955411722402
0.7240163499641175,0.9003955411722402
0.7240319510749166,0.9003955411722402
0.7240631532965147,0.9005753326141676
0.7240943555181129,0.9005753326141676
0.724109956628912,0.9005753326141676
0.7241411588505101,0.9005753326141676
0.7243127710693001,0.9005753326141676
0.7243595744016974,0.9005753326141676
0.7243751755124965,0.9005753326141676
0.7245311866204874,0.9005753326141676
0.7245467877312864,0.9005753326141676
0.7245779899528847,0.9005753326141676
0.724640394396081,0.9005753326141676
0.7249056132796655,0.9005753326141676
0.7249212143904646,0.9005753326141676
0.72499921994446,0.9005753326141676
0.7250148210552592,0.9005753326141676
0.7250460232768573,0.9005753326141676
0.7250616243876564,0.9005753326141676
0.7250616243876564,0.9007551240560949
0.7251084277200537,0.9007551240560949
0.7251084277200537,0.9009349154980223
0.7252176354956473,0.9009349154980223
0.72534244438204,0.9009349154980223
0.7253892477144372,0.9009349154980223
0.7254516521576336,0.9009349154980223
0.7254984554900309,0.9009349154980223
0.7255608599332273,0.9009349154980223
0.7257168710412182,0.9011147069399497
0.7257480732628163,0.9011147069399497
0.7257948765952136,0.9011147069399497
0.7258104777060127,0.9011147069399497
0.725872882149209,0.9011147069399497
0.7258884832600081,0.9011147069399497
0.7259820899248026,0.9011147069399497
0.7259976910356017,0.9011147069399497
0.7261224999219944,0.9011147069399497
0.7262005054759899,0.9011147069399497
0.726231707697588,0.9011147069399497
0.7263565165839808,0.9011147069399497
0.726387718805579,0.9011147069399497
0.7264189210271771,0.9011147069399497
0.7264657243595743,0.9011147069399497
0.726559331024369,0.9011147069399497
0.7265905332459671,0.9011147069399497
0.7267309432431589,0.9011147069399497
0.7267933476863553,0.901294498381877
0.7268401510187525,0.901294498381877
0.7268713532403507,0.901294498381877
0.7269493587943462,0.901294498381877
0.7270741676807388,0.901294498381877
0.727089768791538,0.901294498381877
0.7271833754563325,0.901294498381877
0.7272613810103279,0.901294498381877
0.727276982121127,0.901294498381877
0.7273237854535243,0.901294498381877
0.7274173921183188,0.901294498381877
0.7274641954507161,0.901294498381877
0.7277294143343006,0.9014742898238044
0.7277606165558987,0.9014742898238044
0.727791818777497,0.9014742898238044
0.7278542232206933,0.9014742898238044
0.7278698243314924,0.9014742898238044
0.7279166276638896,0.9014742898238044
0.7279322287746888,0.9014742898238044
0.7280882398826797,0.9016540812657318
0.7281038409934787,0.9016540812657318
0.7281350432150769,0.9016540812657318
0.728150644325876,0.9016540812657318
0.7281974476582733,0.9016540812657318
0.7282286498798715,0.9016540812657318
0.7284626665418578,0.9016540812657318
0.7285406720958533,0.9016540812657318
0.7285718743174514,0.9016540812657318
0.7288994976442322,0.9016540812657318
0.7289619020874286,0.9016540812657318
0.7290087054198259,0.9016540812657318
0.7290399076414241,0.9016540812657318
0.7290555087522231,0.9016540812657318
0.7291179131954195,0.9016540812657318
0.7291335143062186,0.9016540812657318
0.7291647165278168,0.9016540812657318
0.7296951542949858,0.9021934555915139
0.7298355642921776,0.9021934555915139
0.7298667665137758,0.9021934555915139
0.7301319853973602,0.9025530384753686
0.7301475865081594,0.9025530384753686
0.7301787887297576,0.9025530384753686
0.7301943898405566,0.9025530384753686
0.7302255920621549,0.9025530384753686
0.7303504009485475,0.9025530384753686
0.7303660020593467,0.9025530384753686
0.7304284065025429,0.9025530384753686
0.7304596087241412,0.9025530384753686
0.7305376142781366,0.9025530384753686
0.7305532153889357,0.9025530384753686
0.7305688164997348,0.902732829917296
0.7306468220537302,0.902732829917296
0.730771630940123,0.902732829917296
0.7308184342725202,0.902732829917296
0.7308964398265156,0.902732829917296
0.7309276420481138,0.902732829917296
0.7310056476021093,0.9029126213592233
0.731130456488502,0.9030924128011507
0.7311928609316983,0.9030924128011507
0.731302068707292,0.9032722042430781
0.7313176698180911,0.9032722042430781
0.7315204842584792,0.9034519956850054
0.7316140909232738,0.9034519956850054
0.7316296920340728,0.9034519956850054
0.732004118693251,0.9034519956850054
0.73201971980405,0.9034519956850054
0.7320509220256483,0.9034519956850054
0.7320665231364473,0.9034519956850054
0.7321133264688445,0.9034519956850054
0.7321289275796437,0.9034519956850054
0.7324877531280227,0.9034519956850054
0.7325189553496209,0.9034519956850054
0.7327841742332054,0.9036317871269327
0.7328309775656027,0.9036317871269327
0.7328621797872008,0.9036317871269327
0.7328777808979999,0.9038115785688601
0.7331586008923835,0.9039913700107874
0.7332834097787763,0.9041711614527148
0.7333146120003744,0.9041711614527148
0.7333458142219726,0.9041711614527148
0.7333770164435708,0.9041711614527148
0.7337826453243471,0.9041711614527148
0.7341414708727262,0.9043509528946422
0.7341726730943243,0.9043509528946422
0.7343598864239134,0.9043509528946422
0.7343910886455116,0.9043509528946422
0.7344534930887079,0.9043509528946422
0.7344846953103061,0.9043509528946422
0.7345158975319043,0.9043509528946422
0.7345783019751007,0.9043509528946422
0.7346095041966988,0.9043509528946422
0.7347031108614933,0.9043509528946422
0.7347343130830916,0.9043509528946422
0.7347811164154888,0.9043509528946422
0.7348591219694842,0.9043509528946422
0.735171144185466,0.9047105357784969
0.7352023464070642,0.9047105357784969
0.7352491497394614,0.9047105357784969
0.7352803519610597,0.9047105357784969
0.7353271552934569,0.9047105357784969
0.735342756404256,0.9047105357784969
0.7354051608474523,0.9047105357784969
0.7355299697338451,0.9047105357784969
0.7355923741770414,0.9047105357784969
0.7356391775094386,0.9047105357784969
0.7356547786202378,0.9047105357784969
0.7357171830634341,0.9047105357784969
0.7357483852850323,0.9048903272204243
0.7357795875066304,0.9048903272204243
0.7357951886174295,0.9048903272204243
0.7358575930606259,0.9048903272204243
0.7359043963930232,0.9048903272204243
0.7359355986146213,0.9048903272204243
0.7359824019470186,0.9048903272204243
0.7359980030578177,0.9048903272204243
0.7361540141658086,0.9048903272204243
0.7361696152766077,0.9048903272204243
0.7362944241630004,0.9048903272204243
0.7363412274953977,0.9050701186623517
0.736403631938594,0.9050701186623517
0.7364192330493932,0.9050701186623517
0.7364816374925894,0.9050701186623517
0.7365440419357858,0.9050701186623517
0.7367000530437767,0.9050701186623517
0.7367312552653749,0.9050701186623517
0.7367936597085712,0.9050701186623517
0.7368248619301694,0.9050701186623517
0.7370276763705575,0.9050701186623517
0.7371992885893476,0.9050701186623517
0.7372148897001467,0.905249910104279
0.7375425130269275,0.9054297015462064
0.7375737152485257,0.9054297015462064
0.7377297263565166,0.9054297015462064
0.7377453274673157,0.9054297015462064
0.737979344129302,0.9059690758719885
0.7380105463509001,0.9059690758719885
0.7380261474616993,0.9059690758719885
0.7380573496832975,0.9059690758719885
0.7383693718992792,0.9061488673139159
0.7384785796748728,0.9061488673139159
0.7384785796748728,0.9063286587558432
0.7386345907828638,0.9063286587558432
0.7387125963368592,0.9063286587558432
0.7387437985584574,0.9063286587558432
0.7387593996692564,0.9063286587558432
0.7387906018908547,0.9063286587558432
0.7387906018908547,0.9065084501977706
0.7388218041124528,0.906688241639698
0.7388686074448501,0.906688241639698
0.7393366407688228,0.9070478245235527
0.7393522418796218,0.9070478245235527
0.7394770507660146,0.9070478245235527
0.7395082529876127,0.9070478245235527
0.7395706574308091,0.9070478245235527
0.7395862585416082,0.9070478245235527
0.7396642640956036,0.9070478245235527
0.7397266685388,0.9070478245235527
0.7397578707603981,0.9070478245235527
0.7397734718711972,0.9070478245235527
0.7400074885331835,0.9070478245235527
0.7400698929763799,0.9070478245235527
0.7401010951979781,0.9070478245235527
0.7401010951979781,0.9072276159654801
0.7401322974195763,0.9072276159654801
0.7401791007519736,0.9072276159654801
0.7401947018627726,0.9072276159654801
0.7459359106368374,0.9135203164329377
0.7459515117476364,0.9135203164329377
0.7460295173016319,0.9135203164329377
0.7460451184124309,0.9135203164329377
0.7460919217448282,0.9135203164329377
0.7461075228556273,0.9135203164329377
0.7461543261880246,0.9138798993167925
0.7462479328528191,0.9138798993167925
0.7462947361852164,0.9138798993167925
0.7463259384068146,0.9138798993167925
0.7463415395176136,0.9138798993167925
0.7464351461824081,0.9140596907587198
0.7464507472932073,0.9140596907587198
0.7465287528472028,0.9140596907587198
0.7465599550688009,0.9140596907587198
0.7465755561796,0.9140596907587198
0.7466223595119973,0.9140596907587198
0.7466691628443946,0.9142394822006472
0.74674716839839,0.9144192736425746
0.7467627695091891,0.914599065084502
0.7467939717307872,0.914599065084502
0.7468251739523855,0.914599065084502
0.7468407750631845,0.914599065084502
0.7471839995007644,0.9147788565264293
0.7472152017223627,0.9147788565264293
0.7472776061655589,0.9149586479683567
0.7473556117195544,0.9149586479683567
0.747449218384349,0.9149586479683567
0.7475116228275454,0.9149586479683567
0.7475428250491435,0.9149586479683567
0.7481356672595089,0.9153182308522114
0.7481980717027052,0.9153182308522114
0.7482292739243034,0.9153182308522114
0.7482604761459016,0.9153182308522114
0.7482760772567006,0.9153182308522114
0.7483228805890979,0.9153182308522114
0.748338481699897,0.9153182308522114
0.7486349028050797,0.9153182308522114
0.7486661050266779,0.9153182308522114
0.7486973072482761,0.9153182308522114
0.7486973072482761,0.9154980222941388
0.7487441105806734,0.9154980222941388
0.7487909139130706,0.9154980222941388
0.7488221161346688,0.9154980222941388
0.7488845205778651,0.9154980222941388
0.7489937283534588,0.9154980222941388
0.749212143904646,0.9154980222941388
0.7492589472370432,0.9154980222941388
0.7492901494586415,0.9154980222941388
0.7493057505694406,0.9154980222941388
0.7493369527910387,0.9154980222941388
0.7494149583450341,0.9154980222941388
0.7494305594558333,0.9154980222941388
0.7496177727854223,0.9154980222941388
0.7496801772286187,0.9154980222941388
0.7500390027769978,0.9158576051779935
0.750101407220194,0.9158576051779935
0.7501638116633904,0.9158576051779935
0.7502886205497832,0.9158576051779935
0.7503354238821804,0.9158576051779935
0.7504914349901713,0.9158576051779935
0.7506474460981621,0.9158576051779935
0.7506942494305594,0.9158576051779935
0.7507098505413585,0.9158576051779935
0.7508190583169522,0.9160373966199209
0.7512870916409249,0.9169363538295577
0.7513026927517239,0.9169363538295577
0.7513338949733221,0.9169363538295577
0.7513962994165184,0.9169363538295577
0.7514275016381167,0.9169363538295577
0.7514743049705139,0.9169363538295577
0.7515055071921121,0.9169363538295577
0.7515679116353084,0.9169363538295577
0.7519579394052857,0.9174757281553398
0.7535492527067927,0.918015102481122
0.7537520671471809,0.918015102481122
0.7537988704795782,0.918015102481122
0.7538924771443727,0.918015102481122
0.7539236793659708,0.918015102481122
0.75411089269556,0.918015102481122
0.7544853193547381,0.918015102481122
0.7545633249087335,0.918015102481122
0.7547349371275235,0.9181948939230493
0.7547661393491216,0.9181948939230493
0.7547817404599207,0.9181948939230493
0.7548597460139161,0.9181948939230493
0.7548597460139161,0.9183746853649766
0.7549533526787108,0.9185544768069039
0.7549533526787108,0.9187342682488313
0.7550313582327062,0.9187342682488313
0.7550469593435053,0.9187342682488313
0.7551093637867016,0.9187342682488313
0.7552809760054916,0.9187342682488313
0.7554057848918843,0.9187342682488313
0.7554681893350806,0.9189140596907587
0.7558426159942588,0.9189140596907587
0.7558582171050579,0.9189140596907587
0.7558894193266561,0.9189140596907587
0.7559050204374551,0.9189140596907587
0.7559518237698524,0.9189140596907587
0.7560142282130488,0.9189140596907587
0.7560454304346469,0.9189140596907587
0.7566382726450124,0.9189140596907587
0.7566694748666105,0.9189140596907587
0.7567006770882087,0.9189140596907587
0.7567474804206059,0.9189140596907587
0.7568410870854004,0.9189140596907587
0.7568722893069987,0.9189140596907587
0.7569034915285968,0.9189140596907587
0.7569346937501951,0.9189140596907587
0.7569814970825923,0.9189140596907587
0.757106305968985,0.9189140596907587
0.757293519298574,0.9189140596907587
0.7574027270741677,0.9189140596907587
0.757636743736154,0.9189140596907587
0.7576523448469531,0.9189140596907587
0.7577147492901495,0.9189140596907587
0.7579019626197385,0.9189140596907587
0.7579175637305376,0.9189140596907587
0.7579175637305376,0.919093851132686
0.7579331648413367,0.919093851132686
0.7580735748385286,0.919093851132686
0.7580891759493276,0.919093851132686
0.7581671815033231,0.919093851132686
0.7582139848357203,0.919093851132686
0.7582763892789166,0.919093851132686
0.7582919903897157,0.919093851132686
0.7585728103840993,0.919093851132686
0.7586196137164967,0.919093851132686
0.7586820181596929,0.919093851132686
0.7590096414864739,0.919093851132686
0.7590564448188711,0.919093851132686
0.7590876470404693,0.919093851132686
0.7591656525944648,0.919093851132686
0.759228057037661,0.919093851132686
0.7593528659240538,0.919093851132686
0.7593684670348528,0.919093851132686
0.7594152703672501,0.9192736425746134
0.7594464725888483,0.9192736425746134
0.7598365003588256,0.9194534340165408
0.7602109270180036,0.9196332254584682
0.7602265281288028,0.9196332254584682
0.7603045336827983,0.9196332254584682
0.7603201347935973,0.9196332254584682
0.7605853536771818,0.9196332254584682
0.7606633592311772,0.9196332254584682
0.7606789603419764,0.9196332254584682
0.7607413647851727,0.9196332254584682
0.7608193703391681,0.9196332254584682
0.7608817747823645,0.9196332254584682
0.7609909825579582,0.9196332254584682
0.7610377858903554,0.9196332254584682
0.7611625947767481,0.9196332254584682
0.7611937969983463,0.9196332254584682
0.7613030047739399,0.9196332254584682
0.7621454647570907,0.9198130169003955
0.762207869200287,0.9198130169003955
0.7622390714218852,0.9198130169003955
0.762363880308278,0.9198130169003955
0.7624262847514743,0.9198130169003955
0.7624574869730725,0.9198130169003955
0.7625666947486661,0.9198130169003955
0.7626915036350588,0.9199928083423229
0.7629567225186433,0.9199928083423229
0.7637367780585977,0.920532182668105
0.7637523791693969,0.920532182668105
0.7637991825017941,0.920532182668105
0.7638615869449905,0.920532182668105
0.763955193609785,0.920532182668105
0.7640331991637804,0.9207119741100324
0.7641112047177759,0.9207119741100324
0.7641424069393741,0.9207119741100324
0.7641892102717713,0.9207119741100324
0.7642204124933696,0.9207119741100324
0.7642516147149677,0.9207119741100324
0.764298418047365,0.9207119741100324
0.7643452213797622,0.9207119741100324
0.7644076258229586,0.9207119741100324
0.7644232269337576,0.9207119741100324
0.764485631376954,0.9207119741100324
0.7645480358201504,0.9207119741100324
0.7645948391525477,0.9207119741100324
0.7647508502605386,0.9207119741100324
0.7647664513713376,0.9207119741100324
0.7651096758089176,0.9210715569938871
0.7651720802521139,0.9210715569938871
0.7652032824737122,0.9210715569938871
0.7653592935817031,0.9210715569938871
0.7660145402352647,0.9210715569938871
0.7660301413460638,0.9210715569938871
0.7660769446784611,0.9210715569938871
0.7660925457892602,0.9210715569938871
0.7661705513432556,0.9210715569938871
0.7662173546756529,0.9210715569938871
0.7662797591188493,0.9210715569938871
0.7662953602296484,0.9210715569938871
0.7663265624512465,0.9210715569938871
0.7663577646728447,0.9210715569938871
0.766420169116041,0.9210715569938871
0.7665293768916347,0.9210715569938871
0.766576180224032,0.9210715569938871
0.7667009891104246,0.9210715569938871
0.766763393553621,0.9210715569938871
0.766763393553621,0.9212513484358145
0.7667945957752192,0.9212513484358145
0.7671846235451965,0.9212513484358145
0.7672314268775937,0.9212513484358145
0.7673562357639864,0.9212513484358145
0.7674030390963836,0.9212513484358145
0.76746544353958,0.9212513484358145
0.7674810446503791,0.9212513484358145
0.7675278479827764,0.9212513484358145
0.7675434490935754,0.9214311398777418
0.7675746513151737,0.9214311398777418
0.7675902524259727,0.9214311398777418
0.7678554713095572,0.9214311398777418
0.7678866735311555,0.9214311398777418
0.7680582857499454,0.9214311398777418
0.7680894879715435,0.9214311398777418
0.7681986957471372,0.9216109313196692
0.7682298979687354,0.9216109313196692
0.7682767013011327,0.9216109313196692
0.7683079035227308,0.9216109313196692
0.7683547068551281,0.9216109313196692
0.7687603357359044,0.9217907227615966
0.7687915379575025,0.9217907227615966
0.7690099535086898,0.9217907227615966
0.769041155730288,0.9217907227615966
0.7691659646166807,0.9217907227615966
0.7691815657274798,0.9217907227615966
0.769212767949078,0.9217907227615966
0.7692595712814753,0.9217907227615966
0.7693063746138725,0.9217907227615966
0.7694623857218634,0.9219705142035239
0.7694779868326624,0.9219705142035239
0.7695715934974571,0.9219705142035239
0.7695871946082561,0.9221503056454513
0.7696495990514525,0.9221503056454513
0.7697120034946489,0.9221503056454513
0.7697588068270461,0.9221503056454513
0.7697900090486443,0.9221503056454513
0.7698056101594434,0.9221503056454513
0.7698524134918406,0.9221503056454513
0.7701332334862242,0.9221503056454513
0.7707260756965896,0.9223300970873787
0.7714437267933477,0.922509888529306
0.7714749290149459,0.922509888529306
0.7718337545633249,0.922509888529306
0.7718649567849231,0.922509888529306
0.7718805578957222,0.922509888529306
0.7719117601173203,0.922509888529306
0.7722705856656994,0.922509888529306
0.7723173889980967,0.922509888529306
0.7744547411775718,0.9230492628550881
0.7745015445099691,0.9230492628550881
0.7745327467315672,0.9230492628550881
0.7745795500639645,0.9230492628550881
0.7746263533963618,0.9230492628550881
0.7746419545071609,0.9230492628550881
0.7747355611719554,0.9230492628550881
0.7747511622827545,0.9230492628550881
0.7747823645043527,0.9230492628550881
0.7748291678367499,0.9230492628550881
0.7751411900527317,0.9230492628550881
0.7751723922743299,0.9230492628550881
0.7752035944959281,0.9230492628550881
0.7805547755000156,0.9271844660194175
0.7805859777216138,0.9271844660194175
0.780617179943212,0.9273642574613449
0.780632781054011,0.9273642574613449
0.7807575899404038,0.9273642574613449
0.7808199943836001,0.9273642574613449
0.7809916066023901,0.9273642574613449
0.7810072077131892,0.9273642574613449
0.7813816343723673,0.9273642574613449
0.7814128365939655,0.9273642574613449
0.7815064432587601,0.9273642574613449
0.7815220443695591,0.9273642574613449
0.7816000499235546,0.9273642574613449
0.7823489032419109,0.9277238403451996
0.7823645043527099,0.9277238403451996
0.7824425099067054,0.927903631787127
0.7824893132391026,0.927903631787127
0.7831133576710662,0.9280834232290543
0.7832069643358607,0.9280834232290543
0.7837061998814315,0.9286227975548363
0.7837530032138288,0.9286227975548363
0.7840494243190115,0.9288025889967637
0.7843770476457924,0.9288025889967637
0.7844082498673906,0.9288025889967637
0.7844238509781897,0.9288025889967637
0.7845642609753815,0.9289823804386911
0.7846266654185778,0.9289823804386911
0.7847202720833724,0.9289823804386911
0.7847514743049705,0.9289823804386911
0.7848138787481669,0.9289823804386911
0.7848606820805641,0.9289823804386911
0.7848918843021623,0.9289823804386911
0.7849230865237605,0.9289823804386911
0.7849386876345595,0.9289823804386911
0.7849698898561578,0.9289823804386911
0.785016693188555,0.9289823804386911
0.7850790976317514,0.9289823804386911
0.7851102998533496,0.9289823804386911
0.7851259009641487,0.9291621718806184
0.7851415020749477,0.9291621718806184
0.7852351087397422,0.9291621718806184
0.7852975131829386,0.9291621718806184
0.7852975131829386,0.9293419633225458
0.7853755187369341,0.9297015462064006
0.7854067209585323,0.9297015462064006
0.785547130955724,0.9300611290902553
0.7855627320665232,0.9300611290902553
0.7855939342881213,0.9300611290902553
0.7856407376205186,0.9300611290902553
0.7856875409529158,0.9300611290902553
0.7857031420637149,0.9300611290902553
0.7857343442853131,0.9300611290902553
0.7857499453961122,0.9300611290902553
0.7938781241224375,0.9338367493707299
0.794314955224812,0.9338367493707299
0.7943461574464102,0.9338367493707299
0.794486567443602,0.9340165408126573
0.7945177696652002,0.9340165408126573
0.7945801741083965,0.9340165408126573
0.7946737807731911,0.9341963322545846
0.7946893818839902,0.9341963322545846
0.7947205841055883,0.9341963322545846
0.7947361852163874,0.9341963322545846
0.7947673874379856,0.9341963322545846
0.794845392991981,0.9341963322545846
0.7950014040999719,0.9341963322545846
0.7950326063215701,0.9341963322545846
0.7951730163187619,0.9341963322545846
0.79520421854036,0.9341963322545846
0.7952198196511592,0.9341963322545846
0.7953290274267528,0.934376123696512
0.795360229648351,0.934376123696512
0.7953914318699491,0.934376123696512
0.7954070329807482,0.934376123696512
0.7954382352023464,0.934376123696512
0.7956254485319355,0.934376123696512
0.7956878529751318,0.934376123696512
0.7957658585291273,0.9345559151384394
0.7961090829667072,0.9345559151384394
0.7961558862991045,0.9345559151384394
0.7963274985178945,0.9345559151384394
0.7963430996286935,0.9345559151384394
0.7965459140690817,0.9347357065803668
0.7965771162906798,0.9347357065803668
0.7966239196230772,0.9347357065803668
0.7968579362850635,0.9349154980222941
0.7969203407282599,0.9349154980222941
0.796951542949858,0.9349154980222941
0.7969827451714562,0.9349154980222941
0.7970139473930544,0.9349154980222941
0.7971855596118443,0.9349154980222941
0.7972011607226435,0.9349154980222941
0.7972791662766389,0.9349154980222941
0.797294767387438,0.9349154980222941
0.7973259696090361,0.9349154980222941
0.7973571718306344,0.9349154980222941
0.797481980717027,0.9349154980222941
0.7975911884926207,0.9349154980222941
0.7976691940466161,0.9349154980222941
0.7977628007114107,0.9349154980222941
0.7977940029330088,0.9349154980222941
0.7978408062654061,0.9349154980222941
0.7978720084870042,0.9349154980222941
0.7981996318137852,0.9349154980222941
0.7982152329245842,0.9349154980222941
0.7982308340353833,0.9350952894642215
0.798340041810977,0.9350952894642215
0.7983556429217761,0.9350952894642215
0.7983868451433742,0.9350952894642215
0.7984024462541733,0.9350952894642215
0.7984492495865706,0.9350952894642215
0.7984648506973696,0.9350952894642215
0.7984960529189679,0.9350952894642215
0.7985584573621641,0.9350952894642215
0.7985740584729633,0.9350952894642215
0.7986052606945615,0.9350952894642215
0.799042091796936,0.9352750809061489
0.7990888951293332,0.9352750809061489
0.7991200973509314,0.9352750809061489
0.7991356984617305,0.9352750809061489
0.7993853162345159,0.9354548723480762
0.7994321195669132,0.9354548723480762
0.7994477206777123,0.9354548723480762
0.7994789228993104,0.9354548723480762
0.8002433773284657,0.9359942466738583
0.8003369839932604,0.9359942466738583
0.8003525851040594,0.9359942466738583
0.8003837873256576,0.9359942466738583
0.8003993884364566,0.9359942466738583
0.8005710006552467,0.9359942466738583
0.8005866017660458,0.9359942466738583
0.8010234328684203,0.9363538295577131
0.8010390339792193,0.9363538295577131
0.8010858373116165,0.9363538295577131
0.8011014384224157,0.9363538295577131
0.8011482417548129,0.9363538295577131
0.8014446628599956,0.9363538295577131
0.8015226684139911,0.9363538295577131
0.8021155106243565,0.9367134124415678
0.8021623139567537,0.9367134124415678
0.8022247183999501,0.9367134124415678
0.8022715217323474,0.9367134124415678
0.8025055383943337,0.9367134124415678
0.8025835439483291,0.9367134124415678
0.8026147461699273,0.9368932038834952
0.8026771506131236,0.9368932038834952
0.80273955505632,0.9370729953254225
0.8027863583887173,0.9370729953254225
0.8028175606103155,0.9370729953254225
0.8028331617211145,0.9370729953254225
0.8028799650535118,0.9370729953254225
0.8029891728291054,0.9370729953254225
0.803269992823489,0.9370729953254225
0.8034260039314799,0.9372527867673499
0.8034884083746763,0.9372527867673499
0.8035352117070735,0.9372527867673499
0.804486879465818,0.9374325782092773
0.804674092795407,0.9376123696512046
0.8047052950170052,0.9376123696512046
0.8047520983494024,0.9376123696512046
0.8048145027925988,0.9376123696512046
0.8049705139005897,0.9376123696512046
0.8050017161221878,0.9376123696512046
0.8051265250085806,0.9376123696512046
0.8051733283409779,0.9376123696512046
0.805204530562576,0.9376123696512046
0.8053137383381697,0.9376123696512046
0.8053293394489688,0.9376123696512046
0.8053605416705669,0.9376123696512046
0.805376142781366,0.9376123696512046
0.8054385472245624,0.9376123696512046
0.8085899716059783,0.9395900755124056
0.8086211738275765,0.9395900755124056
0.8086835782707729,0.9395900755124056
0.8087147804923711,0.9395900755124056
0.8089487971543574,0.939769866954333
0.8089799993759555,0.939769866954333
0.8090268027083528,0.939769866954333
0.8090424038191519,0.939769866954333
0.8090736060407501,0.939769866954333
0.8154232581359793,0.9421071556993887
0.8157976847951575,0.9424667385832435
0.815891291459952,0.9426465300251708
0.815906892570751,0.9426465300251708
0.8159380947923492,0.9426465300251708
0.816936565883491,0.9430061129090256
0.81695216699429,0.9430061129090256
0.8169833692158882,0.9430061129090256
0.8170145714374863,0.9430061129090256
0.8171861836562764,0.9430061129090256
0.8172953914318699,0.9430061129090256
0.8173265936534682,0.9430061129090256
0.8174045992074636,0.9430061129090256
0.8175294080938563,0.9430061129090256
0.8175450092046553,0.9430061129090256
0.8179818403070298,0.9431859043509528
0.818013042528628,0.9431859043509528
0.8180754469718244,0.9431859043509528
0.8181378514150207,0.9431859043509528
0.8182002558582171,0.9431859043509528
0.8182470591906144,0.9431859043509528
0.8182626603014135,0.9431859043509528
0.8183406658554089,0.9431859043509528
0.8183874691878061,0.9431859043509528
0.8185902836281943,0.9431859043509528
0.8186838902929888,0.9431859043509528
0.818699491403788,0.9431859043509528
0.8187306936253861,0.9431859043509528
0.8187462947361852,0.9431859043509528
0.8189023058441761,0.9431859043509528
0.8189335080657743,0.9431859043509528
0.8190115136197698,0.9431859043509528
0.8190427158413679,0.9431859043509528
0.819058316952167,0.9431859043509528
0.8191051202845643,0.9431859043509528
0.8191519236169615,0.9431859043509528
0.8193547380573497,0.9431859043509528
0.8193703391681487,0.9431859043509528
0.8194327436113451,0.9431859043509528
0.8194951480545415,0.9433656957928802
0.8195107491653406,0.9433656957928802
0.8196199569409341,0.9433656957928802
0.8196355580517333,0.9433656957928802
0.8196667602733314,0.9433656957928802
0.8196979624949297,0.9433656957928802
0.8197291647165278,0.9433656957928802
0.8198227713813223,0.9433656957928802
0.8198539736029206,0.9433656957928802
0.8200411869325096,0.9433656957928802
0.8200723891541077,0.9433656957928802
0.8206496302536741,0.9433656957928802
0.8206808324752722,0.9433656957928802
0.8206964335860714,0.9433656957928802
0.8207276358076695,0.9433656957928802
0.8207432369184686,0.9433656957928802
0.8208836469156604,0.9435454872348076
0.8209772535804549,0.9435454872348076
0.8213828824612313,0.9435454872348076
0.8214140846828294,0.9435454872348076
0.8215388935692222,0.9435454872348076
0.8215544946800212,0.9435454872348076
0.8216012980124184,0.9435454872348076
0.8217573091204093,0.9435454872348076
0.8221941402227838,0.9435454872348076
0.8226153702143593,0.9440848615605897
0.8226621735467565,0.9440848615605897
0.8227869824331493,0.944264653002517
0.8231770102031265,0.9446242358863718
0.8231770102031265,0.9448040273282992
0.8232082124247246,0.9448040273282992
0.8234734313083092,0.9449838187702265
0.8235046335299073,0.9449838187702265
0.8238946612998845,0.9449838187702265
0.8239258635214828,0.9449838187702265
0.8239570657430809,0.9451636102121539
0.8240194701862773,0.9451636102121539
0.8241130768510718,0.9451636102121539
0.8241910824050672,0.9451636102121539
0.8242534868482636,0.9451636102121539
0.82431589129146,0.9451636102121539
0.824503104621049,0.9451636102121539
0.8245343068426472,0.9451636102121539
0.8245655090642454,0.9451636102121539
0.8246435146182408,0.9451636102121539
0.824674716839839,0.9451636102121539
0.8247215201722362,0.9451636102121539
0.8247371212830353,0.9451636102121539
0.8249399357234235,0.9451636102121539
0.8249555368342226,0.9455231930960086
0.8249867390558208,0.9455231930960086
0.8250023401666199,0.945702984537936
0.8250179412774189,0.945702984537936
0.8250803457206153,0.945702984537936
0.8250959468314144,0.945702984537936
0.8251427501638117,0.945702984537936
0.8251583512746108,0.945702984537936
0.8251895534962089,0.945702984537936
0.8252207557178071,0.9458827759798634
0.8252987612718026,0.9458827759798634
0.8253143623826017,0.9458827759798634
0.8254391712689944,0.9458827759798634
0.8254547723797935,0.9458827759798634
0.8254547723797935,0.9460625674217907
0.8258291990389716,0.9464221503056455
0.8259072045929671,0.9464221503056455
0.8259384068145652,0.9464221503056455
0.8260008112577616,0.9464221503056455
0.8260476145901589,0.9464221503056455
0.8262192268089488,0.9464221503056455
0.8262348279197479,0.9464221503056455
0.8263128334737433,0.9464221503056455
0.8263752379169397,0.9464221503056455
0.8264064401385378,0.9464221503056455
0.8264376423601361,0.9464221503056455
0.8268588723517114,0.9464221503056455
0.827311304564885,0.9467817331895002
0.8273425067864832,0.9467817331895002
0.8273737090080814,0.9467817331895002
0.8273893101188805,0.9467817331895002
0.8275297201160723,0.9467817331895002
0.8275453212268713,0.9467817331895002
0.8275765234484695,0.9467817331895002
0.8275921245592687,0.9467817331895002
0.8276077256700677,0.9469615246314276
0.827826141221255,0.9469615246314276
0.8279197478860495,0.9469615246314276
0.8279509501076476,0.9469615246314276
0.8279665512184468,0.9469615246314276
0.8280445567724422,0.9469615246314276
0.8287310056476022,0.9475008989572097
0.8288090112015976,0.9475008989572097
0.8288558145339948,0.9475008989572097
0.8288714156447939,0.9475008989572097
0.8289026178663921,0.9475008989572097
0.8289962245311866,0.9475008989572097
0.8291522356391775,0.9475008989572097
0.8293082467471684,0.9475008989572097
0.8293238478579675,0.9475008989572097
0.8293550500795657,0.9475008989572097
0.8293706511903648,0.9475008989572097
0.8294330556335611,0.9475008989572097
0.8295422634091547,0.9475008989572097
0.8295578645199538,0.9475008989572097
0.8296046678523511,0.9475008989572097
0.8300414989547256,0.9475008989572097
0.8301507067303192,0.9475008989572097
0.8302755156167119,0.9475008989572097
0.8303691222815064,0.947680690399137
0.8305563356110955,0.947680690399137
0.8305719367218946,0.947680690399137
0.83133639115105,0.948220064724919
0.8314455989266436,0.948220064724919
0.8314924022590409,0.948220064724919
0.8315548067022372,0.948220064724919
0.8317576211426253,0.9483998561668464
0.8317888233642236,0.9483998561668464
0.8318356266966208,0.9483998561668464
0.8318512278074199,0.9483998561668464
0.8319136322506162,0.9483998561668464
0.8319448344722145,0.9483998561668464
0.8319916378046117,0.9483998561668464
0.8320228400262099,0.9483998561668464
0.832054042247808,0.9483998561668464
0.8322412555773971,0.9483998561668464
0.8323036600205934,0.9483998561668464
0.8323348622421917,0.9485796476087738
0.8323660644637898,0.9485796476087738
0.8323816655745889,0.9485796476087738
0.8324284689069862,0.9485796476087738
0.8325064744609816,0.9487594390507011
0.832568878904178,0.9487594390507011
0.8326000811257761,0.9487594390507011
0.8326312833473744,0.9487594390507011
0.8326468844581735,0.9487594390507011
0.8326780866797716,0.9487594390507011
0.8326936877905707,0.9487594390507011
0.8327716933445661,0.9487594390507011
0.8327872944553653,0.9487594390507011
0.8328184966769634,0.9487594390507011
0.8328653000093607,0.9487594390507011
0.8329121033417579,0.9487594390507011
0.832927704452557,0.9487594390507011
0.8330525133389497,0.9487594390507011
0.833270928890137,0.9487594390507011
0.8333021311117351,0.9487594390507011
0.8333021311117351,0.9489392304926285
0.8333177322225342,0.9489392304926285
0.8333489344441324,0.9489392304926285
0.8333645355549315,0.9489392304926285
0.8333957377765296,0.9489392304926285
0.8334113388873288,0.9489392304926285
0.8335673499953197,0.9491190219345559
0.8335985522169178,0.9491190219345559
0.8336453555493151,0.9491190219345559
0.8336765577709133,0.9491190219345559
0.833785765546507,0.9491190219345559
0.8338169677681051,0.9491190219345559
0.8338637711005024,0.9491190219345559
0.8338793722113015,0.9491190219345559
0.8339261755436987,0.9491190219345559
0.8339417766544978,0.9491190219345559
0.833972978876096,0.9491190219345559
0.8340041810976941,0.9492988133764833
0.8341757933164842,0.949658396260338
0.8341913944272832,0.949658396260338
0.8342850010920777,0.949658396260338
0.8343006022028768,0.949658396260338
0.8343318044244751,0.949658396260338
0.8344098099784705,0.949658396260338
0.8344410122000686,0.9498381877022654
0.8344722144216669,0.9498381877022654
0.834503416643265,0.9498381877022654
0.8345346188648631,0.9498381877022654
0.8345502199756623,0.9498381877022654
0.834675028862055,0.9498381877022654
0.835033854410434,0.9500179791441927
0.8350494555212331,0.9500179791441927
0.8350962588536304,0.9500179791441927
0.8354082810696122,0.9500179791441927
0.8400262098661425,0.9527148507731033
0.8400730131985398,0.9527148507731033
0.8401042154201379,0.9527148507731033
0.8405254454117134,0.9528946422150306
0.8406658554089051,0.9528946422150306
0.8407126587413024,0.9528946422150306
0.8407438609629005,0.9528946422150306
0.8407594620736997,0.9530744336569579
0.8408062654060969,0.9530744336569579
0.8408374676276951,0.9530744336569579
0.8410246809572841,0.9530744336569579
0.8410558831788824,0.9530744336569579
0.8410714842896814,0.9530744336569579
0.8411338887328778,0.9530744336569579
0.8411494898436769,0.9530744336569579
0.8419919498268277,0.9534340165408126
0.8420231520484258,0.9534340165408126
0.8421167587132203,0.9534340165408126
0.8421323598240195,0.9534340165408126
0.842210365378015,0.9534340165408126
0.842225966488814,0.9534340165408126
0.8423039720428095,0.9534340165408126
0.8423663764860058,0.9534340165408126
0.8423819775968049,0.9534340165408126
0.8426627975911885,0.9534340165408126
0.842740803145184,0.9534340165408126
0.842756404255983,0.9534340165408126
0.8427876064775812,0.9534340165408126
0.8428032075883803,0.9534340165408126
0.8428656120315766,0.9534340165408126
0.842928016474773,0.9534340165408126
0.8431464320259603,0.95361380798274
0.8431776342475584,0.95361380798274
0.8432088364691566,0.95361380798274
0.843271240912353,0.95361380798274
0.8434116509095447,0.95361380798274
0.8435052575743393,0.95361380798274
0.8438952853443166,0.95361380798274
0.8440668975631065,0.9537935994246673
0.8440824986739056,0.9537935994246673
0.8441137008955037,0.9537935994246673
0.8441293020063029,0.9537935994246673
0.8444881275546819,0.9537935994246673
0.844503728665481,0.9537935994246673
0.8450497675434491,0.9541531823085221
0.8455958064214172,0.9541531823085221
0.8456582108646136,0.9541531823085221
0.8456738119754127,0.9541531823085221
0.845736216418609,0.9541531823085221
0.8457674186402072,0.9541531823085221
0.8457986208618054,0.9541531823085221
0.8458610253050017,0.9541531823085221
0.8458766264158009,0.9541531823085221
0.8458922275265999,0.9543329737504495
0.845907828637399,0.9543329737504495
0.8460014353021935,0.9543329737504495
0.8460170364129926,0.9545127651923768
0.8460482386345908,0.9545127651923768
0.846095041966988,0.9545127651923768
0.8461106430777872,0.9545127651923768
0.8461574464101844,0.9545127651923768
0.8461730475209835,0.9545127651923768
0.8464694686261662,0.9545127651923768
0.8464850697369652,0.9545127651923768
0.8466566819557553,0.9550521395181589
0.8466722830665543,0.9550521395181589
0.8470623108365316,0.9550521395181589
0.8470779119473306,0.9550521395181589
0.8471559175013261,0.9550521395181589
0.8472027208337234,0.9550521395181589
0.8472339230553215,0.9550521395181589
0.8472495241661206,0.9550521395181589
0.8476083497144997,0.9550521395181589
0.8476395519360979,0.9550521395181589
0.847670754157696,0.9550521395181589
0.8477175574900933,0.9550521395181589
0.8477643608224905,0.9550521395181589
0.8478891697088833,0.9550521395181589
0.8479047708196824,0.9550521395181589
0.8479515741520797,0.9550521395181589
0.8517582451870573,0.9564904710535779
0.8517894474086555,0.9564904710535779
0.8518518518518519,0.9564904710535779
0.85188305407345,0.9564904710535779
0.8519766607382445,0.9564904710535779
0.8520078629598428,0.9564904710535779
0.8520234640706418,0.9564904710535779
0.8520390651814409,0.9566702624955052
0.8522418796218291,0.9566702624955052
0.8526631096134045,0.9566702624955052
0.8526943118350027,0.9566702624955052
0.8528815251645917,0.9566702624955052
0.8532247496021717,0.9566702624955052
0.8532715529345689,0.9566702624955052
0.8533183562669662,0.9566702624955052
0.8533651595993634,0.9568500539374326
0.8535835751505507,0.9568500539374326
0.8536147773721489,0.9568500539374326
0.8536771818153452,0.9568500539374326
0.8536927829261444,0.9568500539374326
0.8537395862585416,0.9568500539374326
0.8537551873693408,0.9568500539374326
0.8538643951449343,0.9568500539374326
0.8538955973665325,0.9568500539374326
0.8539111984773315,0.9568500539374326
0.8545664451308933,0.9568500539374326
0.8545820462416924,0.9568500539374326
0.8546132484632906,0.95702984537936
0.8546444506848888,0.95702984537936
0.854675652906487,0.95702984537936
0.854675652906487,0.9572096368212873
0.8547224562388842,0.9572096368212873
0.8547536584604823,0.9572096368212873
0.8548004617928796,0.9572096368212873
0.8548160629036787,0.9572096368212873
0.8549720740116696,0.9573894282632147
0.8549876751224688,0.9573894282632147
0.8551436862304596,0.9573894282632147
0.8551592873412587,0.9573894282632147
0.8552216917844551,0.9573894282632147
0.8552528940060532,0.9573894282632147
0.8555805173328341,0.9573894282632147
0.8556117195544323,0.9573894282632147
0.8556273206652314,0.9573894282632147
0.8556585228868295,0.9573894282632147
0.855736528440825,0.9575692197051421
0.8558457362164186,0.9575692197051421
0.8558769384380168,0.9575692197051421
0.8558925395488158,0.9575692197051421
0.8559237417704141,0.9575692197051421
0.8560485506568067,0.9575692197051421
0.856079752878405,0.9575692197051421
0.856095353989204,0.9575692197051421
0.8572498361883366,0.9579288025889967
0.8575150550719212,0.9579288025889967
0.8575930606259166,0.9579288025889967
0.8576086617367157,0.9579288025889967
0.8580766950606883,0.9581085940309241
0.8581859028362819,0.9581085940309241
0.8582795095010765,0.9581085940309241
0.8583107117226747,0.9581085940309241
0.8584043183874692,0.9581085940309241
0.8585603294954601,0.9581085940309241
0.85873194171425,0.9582883854728514
0.8587943461574464,0.9582883854728514
0.8588099472682454,0.9582883854728514
0.8589503572654373,0.9582883854728514
0.8589659583762363,0.9582883854728514
0.8592155761490218,0.9584681769147788
0.8592779805922182,0.9584681769147788
0.8593559861462136,0.9586479683567062
0.8597304128053918,0.9586479683567062
0.859777216137789,0.9586479683567062
0.8598396205809854,0.9586479683567062
0.8600268339105744,0.9586479683567062
0.8600892383537708,0.9586479683567062
0.860120440575369,0.9586479683567062
0.8601516427969671,0.9586479683567062
0.8601984461293644,0.9588277597986335
0.8602296483509626,0.9588277597986335
0.8603232550157571,0.9588277597986335
0.8603700583481544,0.9588277597986335
0.8603856594589535,0.9588277597986335
0.8604324627913508,0.9588277597986335
0.8604480639021498,0.9588277597986335
0.8605104683453462,0.9588277597986335
0.8605260694561453,0.9588277597986335
0.8605728727885426,0.9588277597986335
0.8605884738993417,0.9588277597986335
0.8606352772317389,0.9588277597986335
0.8606664794533371,0.9588277597986335
0.8607288838965335,0.9588277597986335
0.8607444850073325,0.9588277597986335
0.861540141658086,0.9593671341244157
0.8615557427688851,0.9593671341244157
0.8616649505444788,0.9593671341244157
0.861711753876876,0.9593671341244157
0.8618365627632687,0.9593671341244157
0.8619301694280633,0.9593671341244157
0.8619925738712596,0.9593671341244157
0.8621017816468532,0.959546925566343
0.8621173827576524,0.959546925566343
0.862226590533246,0.959546925566343
0.8623201971980405,0.959546925566343
0.8623670005304378,0.959546925566343
0.8623982027520359,0.959546925566343
0.8624138038628351,0.959546925566343
0.8624918094168305,0.959546925566343
0.8625386127492277,0.9597267170082704
0.8629286405192049,0.9599065084501978
0.8629286405192049,0.9600862998921251
0.8629754438516022,0.9600862998921251
0.8629910449624013,0.9600862998921251
0.8675153670941371,0.9631427544048903
0.8675153670941371,0.9633225458468176
0.8675309682049361,0.963502337288745
0.8679521981965116,0.9636821287306724
0.868014602639708,0.9636821287306724
0.8681238104153016,0.9636821287306724
0.868201815969297,0.9636821287306724
0.8682330181908952,0.9636821287306724
0.8682486193016943,0.9638619201725998
0.8683734281880869,0.9638619201725998
0.8684202315204843,0.9638619201725998
0.8684514337420824,0.9638619201725998
0.868545040406877,0.9638619201725998
0.8685762426284751,0.9638619201725998
0.8685918437392742,0.9638619201725998
0.8686542481824706,0.9638619201725998
0.8686854504040687,0.9638619201725998
0.8696059159412151,0.9640417116145271
0.8696215170520141,0.9640417116145271
0.8696995226060096,0.9640417116145271
0.8697619270492059,0.9640417116145271
0.8701207525975849,0.9642215030564545
0.8702455614839777,0.9644012944983819
0.870292364816375,0.9644012944983819
0.870307965927174,0.9644012944983819
0.8703235670379731,0.9645810859403092
0.8703391681487722,0.9645810859403092
0.8703859714811695,0.9645810859403092
0.8704015725919686,0.9645810859403092
0.8704015725919686,0.9647608773822366
0.8705107803675621,0.9647608773822366
0.8706043870323567,0.964940668824164
0.870651190364754,0.964940668824164
0.8706979936971513,0.964940668824164
0.8708072014727448,0.9651204602660913
0.8708696059159412,0.9651204602660913
0.8709008081375393,0.9651204602660913
0.8718212736746856,0.9658396260338008
0.8718524758962838,0.9658396260338008
0.871899279228681,0.9658396260338008
0.8719148803394802,0.9658396260338008
0.8723985147742519,0.9661992089176555
0.8724765203282474,0.9661992089176555
0.8725233236606447,0.9661992089176555
0.8725545258822428,0.9661992089176555
0.8726013292146401,0.9661992089176555
0.8726949358794346,0.9661992089176555
0.8735841991949826,0.9661992089176555
0.8736310025273799,0.9661992089176555
0.873646603638179,0.9661992089176555
0.8736778058597772,0.9661992089176555
0.8736934069705763,0.9661992089176555
0.8737402103029736,0.9661992089176555
0.8738338169677681,0.9661992089176555
0.8738962214109645,0.9661992089176555
0.8739118225217636,0.9661992089176555
0.8739430247433617,0.9661992089176555
0.8739586258541608,0.9661992089176555
0.8740678336297545,0.9661992089176555
0.8741146369621517,0.9661992089176555
0.874177041405348,0.9661992089176555
0.8742394458485444,0.9661992089176555
0.874504664732129,0.9661992089176555
0.8748166869481107,0.9661992089176555
0.8748322880589098,0.9661992089176555
0.8751443102748916,0.9663790003595829
0.8754719336016724,0.9663790003595829
0.8755499391556679,0.9663790003595829
0.8755655402664669,0.9663790003595829
0.8758931635932479,0.9663790003595829
0.8759867702580424,0.9665587918015103
0.8761895846984306,0.9665587918015103
0.8762207869200287,0.9665587918015103
0.8762519891416268,0.9665587918015103
0.8762831913632251,0.9665587918015103
0.8763143935848232,0.9667385832434376
0.8764704046928141,0.966918374685365
0.8765328091360105,0.966918374685365
0.8765640113576086,0.966918374685365
0.876626415800805,0.966918374685365
0.8766576180224032,0.966918374685365
0.8767200224655995,0.966918374685365
0.8768760335735905,0.966918374685365
0.8768916346843896,0.966918374685365
0.8769540391275858,0.966918374685365
0.8769852413491841,0.966918374685365
0.8770788480139786,0.9670981661272924
0.8771100502355768,0.9670981661272924
0.8771880557895723,0.9670981661272924
0.8772036569003713,0.9670981661272924
0.8772348591219695,0.9670981661272924
0.8772816624543668,0.9670981661272924
0.8774064713407594,0.9672779575692197
0.8774532746731567,0.9672779575692197
0.8778745046647322,0.9672779575692197
0.8779057068863303,0.9672779575692197
0.8779213079971294,0.9672779575692197
0.8779993135511248,0.9672779575692197
0.8780149146619239,0.9672779575692197
0.8781241224375176,0.9672779575692197
0.8782489313239102,0.9672779575692197
0.8783425379887048,0.9672779575692197
0.8784049424319011,0.9672779575692197
0.8784517457642984,0.9672779575692197
0.8785141502074948,0.9672779575692197
0.8785453524290929,0.9672779575692197
0.878560953539892,0.9672779575692197
0.8785921557614902,0.9672779575692197
0.8786389590938875,0.9672779575692197
0.8786701613154857,0.9672779575692197
0.878716964647883,0.9672779575692197
0.8787637679802802,0.9672779575692197
0.8787793690910792,0.9672779575692197
0.8788105713126775,0.9672779575692197
0.8788417735342756,0.9672779575692197
0.878904177977472,0.9672779575692197
0.8789353801990701,0.9672779575692197
0.8789977846422665,0.9672779575692197
0.8790289868638647,0.9672779575692197
0.8792318013042528,0.9678173318950019
0.879247402415052,0.9678173318950019
0.8793098068582483,0.9679971233369291
0.8793098068582483,0.9681769147788565
0.8793878124122437,0.9683567062207838
0.8794658179662392,0.9683567062207838
0.8795126212986365,0.9683567062207838
0.8795438235202346,0.9683567062207838
0.8795594246310338,0.9683567062207838
0.87962182907423,0.9683567062207838
0.8798402446254173,0.9683567062207838
0.8802146712845955,0.9687162891046386
0.8803862835033854,0.968896080546566
0.8804018846141846,0.968896080546566
0.8804642890573808,0.968896080546566
0.8805110923897782,0.968896080546566
0.8806046990545727,0.9690758719884933
0.8806359012761709,0.9690758719884933
0.880667103497769,0.9690758719884933
0.8806827046085681,0.9692556634304207
0.8807139068301663,0.9692556634304207
0.8807451090517645,0.9692556634304207
0.8816031701457143,0.9692556634304207
0.8816343723673126,0.9692556634304207
0.8825704390152579,0.9694354548723481
0.882586040126057,0.9694354548723481
0.8826640456800524,0.9694354548723481
0.882929264563637,0.9694354548723481
0.882944865674436,0.9694354548723481
0.8831320790040251,0.9694354548723481
0.8831632812256233,0.9694354548723481
0.8843801678679521,0.9699748291981302
0.8843957689787513,0.9699748291981302
0.8851758245187057,0.9705142035239123
0.8854566445130894,0.9705142035239123
0.8855190489562856,0.9705142035239123
0.885581453399482,0.9705142035239123
0.8856282567318793,0.9705142035239123
0.8856594589534775,0.9705142035239123
0.8856906611750757,0.9705142035239123
0.8857062622858748,0.9705142035239123
0.8857374645074729,0.9705142035239123
0.885753065618272,0.9705142035239123
0.8857842678398702,0.9705142035239123
0.8857998689506693,0.9705142035239123
0.8859870822802584,0.9705142035239123
0.8860182845018565,0.9705142035239123
0.8861742956098474,0.9705142035239123
0.8862367000530438,0.9705142035239123
0.8862679022746419,0.9705142035239123
0.8876564011357608,0.9714131607335491
0.8877344066897563,0.9714131607335491
0.8877500078005554,0.9714131607335491
0.8877968111329526,0.9715929521754765
0.88784361446535,0.9715929521754765
0.8878904177977472,0.9715929521754765
0.8879372211301445,0.9715929521754765
0.8879528222409435,0.9715929521754765
0.8879840244625418,0.9715929521754765
0.8883116477893226,0.9715929521754765
0.888374052232519,0.9715929521754765
0.8883896533433181,0.9715929521754765
0.8884208555649162,0.9715929521754765
0.8884676588973135,0.9715929521754765
0.8885300633405099,0.9715929521754765
0.8885924677837062,0.9715929521754765
0.8886080688945053,0.9715929521754765
0.8886080688945053,0.9717727436174038
0.8886392711161034,0.9717727436174038
0.8898561577584324,0.9724919093851133
0.8898717588692315,0.9724919093851133
0.8899185622016288,0.9724919093851133
0.8899341633124278,0.9724919093851133
0.889965365534026,0.9724919093851133
0.8899809666448251,0.9724919093851133
0.8900589721988206,0.9724919093851133
0.8901057755312178,0.9724919093851133
0.8902929888608069,0.9724919093851133
0.8905270055227932,0.9728514922689679
0.8905894099659896,0.9728514922689679
0.8906986177415832,0.9728514922689679
0.8907298199631813,0.9728514922689679
0.890839027738775,0.9728514922689679
0.8909326344035695,0.9728514922689679
0.8909638366251678,0.9728514922689679
0.8911510499547568,0.9730312837108953
0.8911666510655558,0.9730312837108953
0.8912446566195513,0.9730312837108953
0.8913382632843458,0.9730312837108953
0.891353864395145,0.9730312837108953
0.8913850666167431,0.9730312837108953
0.8916658866111267,0.9730312837108953
0.8916814877219258,0.9730312837108953
0.8921027177135012,0.9730312837108953
0.8924459421510812,0.9730312837108953
0.8924615432618802,0.9730312837108953
0.8926331554806702,0.9730312837108953
0.8926643577022684,0.9730312837108953
0.8931947954694375,0.97339086659475
0.8932259976910356,0.97339086659475
0.8932728010234329,0.97339086659475
0.8933976099098255,0.97339086659475
0.8934444132422229,0.9735706580366774
0.893475615463821,0.9735706580366774
0.8935068176854192,0.9735706580366774
0.8935536210178164,0.9737504494786048
0.8945052887765609,0.9746494066882416
0.894536490998159,0.9746494066882416
0.8945676932197573,0.9746494066882416
0.894708103216949,0.974829198130169
0.8947705076601454,0.974829198130169
0.8949577209897345,0.974829198130169
0.8950357265437299,0.974829198130169
0.895051327654529,0.974829198130169
0.8951917376517208,0.974829198130169
0.8952697432057163,0.974829198130169
0.8953009454273144,0.974829198130169
0.8954413554245062,0.974829198130169
0.8956129676432962,0.974829198130169
0.8958781865268807,0.974829198130169
0.8958937876376798,0.974829198130169
0.8960497987456707,0.974829198130169
0.8960653998564698,0.974829198130169
0.8973134887203968,0.9751887810140237
0.8977035164903742,0.9753685724559511
0.8977191176011732,0.9753685724559511
0.8978283253767668,0.9753685724559511
0.897843926487566,0.9753685724559511
0.8980467409279541,0.9753685724559511
0.8980779431495522,0.9753685724559511
0.8980935442603514,0.9753685724559511
0.8981559487035476,0.9753685724559511
0.8982339542575432,0.9753685724559511
0.8984055664763331,0.9753685724559511
0.8984211675871322,0.9753685724559511
0.8984835720303286,0.9753685724559511
0.898545976473525,0.9753685724559511
0.898561577584324,0.9753685724559511
0.8985927798059222,0.9753685724559511
0.8986395831383195,0.9753685724559511
0.8986863864707167,0.9753685724559511
0.8988423975787077,0.9755483638978785
0.8988579986895067,0.9755483638978785
0.8989048020219039,0.9757281553398058
0.8989360042435022,0.9757281553398058
0.9004181097694156,0.9759079467817332
0.9005741208774065,0.9759079467817332
0.9005897219882055,0.9759079467817332
0.9007925364285937,0.9759079467817332
0.9008081375393928,0.9759079467817332
0.900839339760991,0.9759079467817332
0.9008861430933882,0.9760877382236606
0.9009173453149865,0.9760877382236606
0.9009485475365846,0.9760877382236606
0.9009953508689819,0.9760877382236606
0.901010951979781,0.9760877382236606
0.9010889575337764,0.9760877382236606
0.902071827514119,0.9762675296655879
0.9020874286249181,0.9762675296655879
0.9028674841648725,0.9769866954332974
0.9030234952728634,0.9771664868752248
0.9030546974944617,0.9771664868752248
0.9031015008268589,0.9771664868752248
0.9031483041592562,0.9771664868752248
0.9031639052700552,0.9773462783171522
0.9032107086024525,0.9773462783171522
0.9032419108240507,0.9773462783171522
0.9034135230428406,0.9773462783171522
0.903475927486037,0.9773462783171522
0.9035071297076351,0.9773462783171522
0.9035383319292334,0.9775260697590795
0.9036319385940279,0.9777058612010069
0.903663140815626,0.9777058612010069
0.9037723485912197,0.9777058612010069
0.903819151923617,0.9777058612010069
0.9038503541452151,0.9778856526429341
0.9039127585884115,0.9778856526429341
0.9039439608100097,0.9778856526429341
0.9040531685856033,0.9778856526429341
0.9041623763611969,0.9780654440848615
0.9042247808043933,0.9780654440848615
0.9048020219039595,0.9782452355267889
0.9048332241255578,0.9782452355267889
0.9048644263471559,0.9784250269687162
0.904880027457955,0.9784250269687162
0.9049736341227496,0.9784250269687162
0.9050204374551468,0.9786048184106436
0.905223251895535,0.9786048184106436
0.9052544541171331,0.978784609852571
0.905410465225124,0.978784609852571
0.9054728696683204,0.978784609852571
0.9059721052138913,0.9789644012944984
0.9060189085462885,0.9789644012944984
0.9060501107678867,0.9789644012944984
0.9060813129894848,0.9789644012944984
0.9060969141002839,0.9789644012944984
0.9061593185434803,0.9789644012944984
0.9061749196542794,0.9789644012944984
0.9062061218758776,0.9789644012944984
0.906268526319074,0.9789644012944984
0.9063621329838685,0.9789644012944984
0.9063933352054666,0.9789644012944984
0.9064245374270649,0.9789644012944984
0.9064713407594621,0.9789644012944984
0.9064869418702611,0.9789644012944984
0.9065649474242566,0.9789644012944984
0.9065805485350557,0.9789644012944984
0.9066273518674529,0.9789644012944984
0.9066585540890512,0.9789644012944984
0.9066897563106493,0.9789644012944984
0.9067833629754438,0.9789644012944984
0.907688227401791,0.9793239841783531
0.9077038285125901,0.9793239841783531
0.9078910418421792,0.9795037756202805
0.9079378451745764,0.9795037756202805
0.9080158507285718,0.9796835670622078
0.9080626540609691,0.9796835670622078
0.9081718618365627,0.9796835670622078
0.9082654685013573,0.9796835670622078
0.9085150862741427,0.9798633585041352
0.9088115073793254,0.9798633585041352
0.9088739118225218,0.9798633585041352
0.9088895129333209,0.9798633585041352
0.9090767262629099,0.9798633585041352
0.909092327373709,0.9798633585041352
0.9092327373709008,0.9798633585041352
0.9099971918000561,0.9802229413879899
0.9103872195700334,0.9802229413879899
0.9104496240132297,0.9802229413879899
0.910480826234828,0.9802229413879899
0.9105120284564261,0.9802229413879899
0.9106368373428189,0.9804027328299173
0.9107616462292115,0.9804027328299173
0.9108084495616088,0.9804027328299173
0.9108396517832069,0.9804027328299173
0.9109020562264033,0.9804027328299173
0.9109176573372024,0.9804027328299173
0.9110892695559923,0.9804027328299173
0.9111048706667915,0.9804027328299173
0.9111516739991887,0.9804027328299173
0.9111672751099879,0.9804027328299173
0.9112608817747824,0.9805825242718447
0.9112764828855815,0.9805825242718447
0.9112764828855815,0.980762315713772
0.9114324939935723,0.980762315713772
0.9114480951043714,0.980762315713772
0.9114792973259697,0.980762315713772
0.9114948984367687,0.980762315713772
0.912072139536335,0.980762315713772
0.9121189428687323,0.980762315713772
0.9121657462011296,0.9809421071556994
0.9124621673063122,0.9809421071556994
0.9124777684171113,0.9809421071556994
0.9125245717495085,0.9809421071556994
0.9125869761927049,0.9809421071556994
0.9126493806359013,0.9813016900395541
0.9126961839682985,0.9813016900395541
0.9128209928546912,0.9813016900395541
0.9128365939654903,0.9813016900395541
0.9128989984086867,0.9813016900395541
0.9129770039626821,0.9813016900395541
0.9130238072950794,0.9813016900395541
0.9130862117382758,0.9813016900395541
0.9131954195138694,0.9813016900395541
0.9133670317326593,0.9813016900395541
0.9134450372866548,0.9813016900395541
0.9135386439514493,0.9813016900395541
0.9135698461730475,0.9813016900395541
0.9136010483946457,0.9813016900395541
0.913647851727043,0.9813016900395541
0.9136790539486411,0.9813016900395541
0.9137102561702393,0.9813016900395541
0.9137726606134356,0.9813016900395541
0.9138662672782302,0.9813016900395541
0.9138662672782302,0.9814814814814815
0.9139130706106274,0.9814814814814815
0.9139442728322257,0.9814814814814815
0.9140066772754221,0.9814814814814815
0.9141626883834129,0.9814814814814815
0.9141938906050111,0.9814814814814815
0.9142406939374084,0.9814814814814815
0.9146775250397828,0.9814814814814815
0.914693126150582,0.9814814814814815
0.9148023339261755,0.9814814814814815
0.914880339480171,0.9816612729234089
0.9148959405909701,0.9816612729234089
0.9149427439233674,0.9816612729234089
0.9149895472557646,0.9816612729234089
0.91506755280976,0.9816612729234089
0.9153015694717463,0.9816612729234089
0.9153327716933446,0.9816612729234089
0.9159100127929108,0.9820208558072636
0.9159568161253081,0.9820208558072636
0.9160036194577054,0.9820208558072636
0.9160192205685045,0.9820208558072636
0.9165652594464726,0.9825602301330457
0.916643265000468,0.9825602301330457
0.917516927205217,0.982740021574973
0.9180317638615869,0.9832793959007551
0.9184529938531624,0.9834591873426825
0.9187026116259478,0.9834591873426825
0.9187494149583451,0.9834591873426825
0.9190146338419295,0.9836389787846098
0.9191082405067241,0.9838187702265372
0.9191862460607195,0.9838187702265372
0.9192330493931168,0.9838187702265372
0.9192954538363132,0.9838187702265372
0.9193266560579113,0.9838187702265372
0.919435863833505,0.9838187702265372
0.9194514649443041,0.9838187702265372
0.919623077163094,0.9839985616684646
0.9197166838278885,0.9839985616684646
0.9199819027114731,0.9841783531103919
0.9200131049330712,0.9843581445523193
0.9200443071546694,0.9843581445523193
0.9202159193734594,0.9843581445523193
0.9202783238166558,0.9843581445523193
0.920325127149053,0.9843581445523193
0.9203563293706511,0.9845379359942467
0.9204343349246467,0.9845379359942467
0.9204655371462448,0.984717727436174
0.920496739367843,0.984717727436174
0.9205279415894412,0.984717727436174
0.9205591438110393,0.984717727436174
0.9205903460326376,0.984717727436174
0.9206527504758338,0.984717727436174
0.9206839526974321,0.9848975188781014
0.9206995538082311,0.9848975188781014
0.9207775593622266,0.9850773103200288
0.9207931604730257,0.9850773103200288
0.9208243626946239,0.9850773103200288
0.921198789353802,0.9856166846458109
0.9212299915754002,0.9856166846458109
0.9212455926861992,0.9856166846458109
0.9214016037941901,0.9856166846458109
0.9214172049049892,0.9856166846458109
0.9214484071265874,0.9856166846458109
0.9216356204561765,0.9856166846458109
0.9216980248993728,0.9856166846458109
0.9217136260101719,0.9856166846458109
0.9217448282317701,0.9856166846458109
0.9220256482261537,0.9857964760877382
0.9220412493369528,0.9857964760877382
0.922072451558551,0.9857964760877382
0.9221972604449437,0.9857964760877382
0.9222284626665419,0.9857964760877382
0.9226652937689164,0.9859762675296656
0.9226964959905145,0.9859762675296656
0.9228213048769073,0.9859762675296656
0.9228369059877063,0.9859762675296656
0.9228681082093045,0.9859762675296656
0.9228837093201036,0.9859762675296656
0.9229305126525008,0.9859762675296656
0.9229617148740991,0.9859762675296656
0.9230553215388936,0.9859762675296656
0.923133327092889,0.9859762675296656
0.9232425348684826,0.9859762675296656
0.923304939311679,0.986156058971593
0.9234141470872727,0.986156058971593
0.9234453493088708,0.986156058971593
0.9234765515304689,0.986156058971593
0.9236013604168617,0.986156058971593
0.9236949670816562,0.986156058971593
0.9237573715248526,0.9863358504135203
0.9246778370619988,0.9863358504135203
0.9251926737183688,0.9865156418554477
0.9252550781615652,0.9865156418554477
0.9253642859371587,0.9865156418554477
0.9255514992667478,0.9865156418554477
0.9255671003775469,0.9865156418554477
0.9255983025991451,0.9865156418554477
0.9256139037099441,0.9865156418554477
0.9256607070423414,0.9866954332973751
0.9257387125963369,0.9866954332973751
0.9257855159287341,0.9866954332973751
0.9258011170395332,0.9866954332973751
0.9258947237043278,0.9866954332973751
0.9260507348123186,0.9868752247393024
0.9260975381447158,0.9868752247393024
0.9261443414771132,0.9868752247393024
0.9261599425879122,0.9868752247393024
0.9262535492527068,0.9868752247393024
0.9266747792442822,0.9868752247393024
0.9267059814658803,0.9868752247393024
0.9267215825766795,0.9868752247393024
0.9269087959062685,0.9868752247393024
0.9269243970170676,0.9868752247393024
0.927002402571063,0.9868752247393024
0.9270336047926613,0.9868752247393024
0.9270492059034603,0.9868752247393024
0.9279072669974102,0.9870550161812298
0.9279384692190084,0.9870550161812298
0.9289681425317483,0.9874145990650846
0.9289837436425473,0.9874145990650846
0.9290461480857437,0.9874145990650846
0.9291397547505382,0.9874145990650846
0.9291553558613374,0.9874145990650846
0.9292177603045337,0.9874145990650846
0.9302474336172736,0.9883135562747213
0.9302942369496708,0.9883135562747213
0.930325439171269,0.9883135562747213
0.9304190458360635,0.9883135562747213
0.9305438547224563,0.9883135562747213
0.9305594558332553,0.9883135562747213
0.930684264719648,0.9884933477166487
0.9308246747168398,0.9884933477166487
0.9308714780492371,0.9884933477166487
0.9309026802708353,0.9884933477166487
0.9309182813816343,0.9884933477166487
0.9309494836032326,0.988673139158576
0.931027489157228,0.988673139158576
0.9310898936004244,0.988673139158576
0.9316515335891915,0.9892125134843581
0.9318699491403788,0.9892125134843581
0.9319011513619769,0.9892125134843581
0.931916752472776,0.9892125134843581
0.9321663702455615,0.9892125134843581
0.9325719991263378,0.9892125134843581
0.9326656057911323,0.9892125134843581
0.932790414677525,0.9892125134843581
0.9328060157883241,0.9892125134843581
0.9328684202315205,0.9892125134843581
0.9332896502230958,0.9892125134843581
0.9333364535554931,0.9892125134843581
0.9334300602202877,0.9892125134843581
0.9335080657742831,0.9892125134843581
0.9335704702174795,0.9892125134843581
0.9336016724390777,0.9892125134843581
0.9339917002090549,0.9892125134843581
0.9341477113170458,0.9892125134843581
0.9341633124278449,0.9892125134843581
0.9344909357546257,0.9895720963682129
0.934537739087023,0.9895720963682129
0.9345533401978221,0.9895720963682129
0.9345845424194202,0.9895720963682129
0.9346001435302194,0.9895720963682129
0.9346937501950139,0.9895720963682129
0.9347561546382103,0.9895720963682129
0.9352553901837811,0.9897518878101402
0.9352709912945801,0.9897518878101402
0.9353489968485756,0.9897518878101402
0.9353645979593747,0.9897518878101402
0.935427002402571,0.9899316792520676
0.9356142157321601,0.9899316792520676
0.9356454179537583,0.9899316792520676
0.9357390246185529,0.9899316792520676
0.9366126868233018,0.990111470693995
0.936659490155699,0.990111470693995
0.93681550126369,0.990111470693995
0.9368311023744891,0.990111470693995
0.9368779057068863,0.990111470693995
0.9368935068176855,0.990111470693995
0.9370651190364754,0.990111470693995
0.9371587257012699,0.990111470693995
0.9371899279228681,0.990111470693995
0.9372211301444663,0.990111470693995
0.9372835345876627,0.990111470693995
0.9372991356984617,0.990111470693995
0.9373303379200599,0.990111470693995
0.9373459390308589,0.990111470693995
0.9379387812412244,0.9902912621359223
0.9380011856844207,0.9902912621359223
0.9381883990140097,0.9902912621359223
0.938750039002777,0.9904710535778497
0.9388124434459734,0.9904710535778497
0.9388904489999688,0.9906508450197771
0.9389060501107679,0.9906508450197771
0.9390308589971605,0.9906508450197771
0.9390464601079597,0.9906508450197771
0.9391556678835533,0.9906508450197771
0.9391868701051515,0.9906508450197771
0.9395612967643296,0.9906508450197771
0.9395924989859278,0.9906508450197771
0.939623701207526,0.9906508450197771
0.9397641112047178,0.9906508450197771
0.9397797123155168,0.9906508450197771
0.9398109145371151,0.9906508450197771
0.9399045212019096,0.9906508450197771
0.9399357234235077,0.9906508450197771
0.9403725545258822,0.9908306364617044
0.9411838122874349,0.9908306364617044
0.941215014509033,0.9908306364617044
0.9414490311710194,0.9908306364617044
0.9416362445006085,0.9908306364617044
0.9416986489438048,0.9908306364617044
0.9417454522762021,0.9908306364617044
0.9417766544978002,0.9908306364617044
0.9418078567193984,0.9908306364617044
0.9418390589409966,0.9908306364617044
0.9418546600517956,0.9908306364617044
0.941917064494992,0.9908306364617044
0.9419482667165903,0.9908306364617044
0.9419638678273893,0.9908306364617044
0.9420106711597865,0.9908306364617044
0.9420418733813848,0.9908306364617044
0.9420574744921838,0.9908306364617044
0.9423850978189647,0.9910104279036318
0.9425099067053574,0.9910104279036318
0.9425255078161565,0.9910104279036318
0.9425723111485538,0.9910104279036318
0.9426035133701519,0.9910104279036318
0.9426347155917502,0.9910104279036318
0.9426971200349464,0.9910104279036318
0.9427751255889419,0.9910104279036318
0.9428375300321383,0.9910104279036318
0.9428843333645356,0.9910104279036318
0.9429155355861337,0.9910104279036318
0.942962338918531,0.9910104279036318
0.9430247433617274,0.9910104279036318
0.9431183500265219,0.9910104279036318
0.9431651533589192,0.9910104279036318
0.9432743611345128,0.9910104279036318
0.9434459733533027,0.9911902193455592
0.9434615744641018,0.9911902193455592
0.9440856188960653,0.9913700107874865
0.9445224499984399,0.9915498022294139
0.9446628599956317,0.9917295936713413
0.9447252644388281,0.9917295936713413
0.9448656744360199,0.9917295936713413
0.944896876657618,0.9917295936713413
0.9449124777684171,0.9917295936713413
0.9450060844332117,0.9917295936713413
0.945084089987207,0.9917295936713413
0.9450996910980062,0.9917295936713413
0.9452557022059971,0.9917295936713413
0.9453025055383943,0.9917295936713413
0.9453337077599925,0.9917295936713413
0.9453961122031889,0.9917295936713413
0.9454429155355861,0.9917295936713413
0.9457237355299697,0.9919093851132686
0.9457393366407688,0.9919093851132686
0.945770538862367,0.9919093851132686
0.9458329433055633,0.9919093851132686
0.9459265499703579,0.9919093851132686
0.9459889544135542,0.9919093851132686
0.9460201566351524,0.9919093851132686
0.9460825610783488,0.9919093851132686
0.9465661955131205,0.9922689679971234
0.9465973977347187,0.9922689679971234
0.946644201067116,0.9922689679971234
0.9466598021779151,0.9922689679971234
0.946987425504696,0.9924487594390508
0.9471122343910886,0.9924487594390508
0.9472526443882805,0.9924487594390508
0.9472994477206778,0.9924487594390508
0.9473306499422759,0.9924487594390508
0.9474554588286686,0.9924487594390508
0.9475178632718649,0.9924487594390508
0.9475490654934632,0.9924487594390508
0.9475646666042622,0.9924487594390508
0.9475958688258604,0.9924487594390508
0.9476114699366595,0.9924487594390508
0.9476426721582577,0.9924487594390508
0.9477206777122531,0.9924487594390508
0.9478142843770476,0.9924487594390508
0.9478610877094449,0.9924487594390508
0.9480014977066367,0.9924487594390508
0.9480483010390339,0.9924487594390508
0.9481263065930294,0.9924487594390508
0.9481419077038286,0.9924487594390508
0.9481575088146276,0.992628550880978
0.9481731099254267,0.992628550880978
0.9482355143686231,0.992628550880978
0.9482979188118194,0.992628550880978
0.9483135199226185,0.992628550880978
0.9483447221442167,0.992628550880978
0.9483603232550157,0.992628550880978
0.9484227276982121,0.992628550880978
0.9484539299198103,0.992628550880978
0.9485007332522075,0.992628550880978
0.9485319354738058,0.992628550880978
0.9485475365846048,0.992628550880978
0.9486411432493994,0.992628550880978
0.9486723454709975,0.992628550880978
0.9487815532465912,0.992628550880978
0.9488439576897875,0.992628550880978
0.9491715810165684,0.992628550880978
0.9494836032325502,0.9928083423229054
0.9495772098973447,0.9928083423229054
0.9497644232269338,0.9928083423229054
0.9499360354457237,0.9928083423229054
0.9499672376673219,0.9928083423229054
0.949982838778121,0.9928083423229054
0.949982838778121,0.9929881337648327
0.9499984398889201,0.9929881337648327
0.9500296421105183,0.9931679252067601
0.9500452432213173,0.9931679252067601
0.9500920465537146,0.9931679252067601
0.9501700521077101,0.9931679252067601
0.9504508721020937,0.9931679252067601
0.9504976754344909,0.9931679252067601
0.9505756809884863,0.9931679252067601
0.9509345065368654,0.9933477166486875
0.9509501076476645,0.9933477166486875
0.951043714312459,0.9933477166486875
0.9513089331960436,0.9933477166486875
0.9513401354176417,0.9933477166486875
0.9514181409716371,0.9933477166486875
0.9514337420824363,0.9933477166486875
0.9514805454148335,0.9933477166486875
0.9516053543012263,0.9933477166486875
0.9517613654092172,0.9933477166486875
0.9517925676308153,0.9933477166486875
0.951901775406409,0.9933477166486875
0.9520265842928016,0.9933477166486875
0.9520733876251989,0.9933477166486875
0.9521045898467971,0.9933477166486875
0.9521201909575961,0.9933477166486875
0.9521669942899934,0.9933477166486875
0.9522293987331898,0.9935275080906149
0.952276202065587,0.9935275080906149
0.9524946176167743,0.9935275080906149
0.9525570220599706,0.9935275080906149
0.9526506287247652,0.9935275080906149
0.9526662298355643,0.9935275080906149
0.9526974320571625,0.9935275080906149
0.9528378420543543,0.9935275080906149
0.9528846453867515,0.9935275080906149
0.9529002464975507,0.9935275080906149
0.9529314487191488,0.9935275080906149
0.9529470498299479,0.9935275080906149
0.9530406564947425,0.9935275080906149
0.9530562576055415,0.9935275080906149
0.9540703298074823,0.9938870909744696
0.9541015320290804,0.9938870909744696
0.9542107398046741,0.9938870909744696
0.9544603575774595,0.994066882416397
0.954553964242254,0.994066882416397
0.9545851664638523,0.994066882416397
0.9546475709070485,0.994066882416397
0.9546631720178477,0.994066882416397
0.9547099753502449,0.994066882416397
0.9547879809042403,0.994066882416397
0.9549439920122312,0.994066882416397
0.9551624075634185,0.9942466738583243
0.9552092108958158,0.9942466738583243
0.9552404131174139,0.9942466738583243
0.9552872164498112,0.9942466738583243
0.9553184186714094,0.9942466738583243
0.9553964242254048,0.9942466738583243
0.9556148397765921,0.9944264653002517
0.9558800586601766,0.9946062567421791
0.9559268619925738,0.9946062567421791
0.9560204686573684,0.9946062567421791
0.9564729008705419,0.9946062567421791
0.956488501981341,0.9946062567421791
0.9566133108677338,0.9946062567421791
0.9566913164217292,0.9946062567421791
0.9567225186433274,0.9946062567421791
0.9567849230865237,0.9946062567421791
0.956816125308122,0.9946062567421791
0.9568473275297201,0.9946062567421791
0.9568629286405193,0.9946062567421791
0.9569253330837155,0.9946062567421791
0.9569409341945146,0.9946062567421791
0.9569877375269119,0.9946062567421791
0.9570501419701083,0.9946062567421791
0.9571905519673001,0.9946062567421791
0.9572685575212955,0.9947860481841064
0.9573153608536927,0.9947860481841064
0.957346563075291,0.9947860481841064
0.9574089675184874,0.9949658396260338
0.9574713719616836,0.9949658396260338
0.9575025741832819,0.9949658396260338
0.9575805797372773,0.9949658396260338
0.9576117819588754,0.9949658396260338
0.9576741864020718,0.9949658396260338
0.95770538862367,0.9949658396260338
0.9577521919560673,0.9949658396260338
0.9577677930668663,0.9949658396260338
0.9585478486068209,0.9951456310679612
0.9597023308059534,0.9953254225098885
0.9597491341383506,0.9953254225098885
0.9599051452463415,0.9955052139518159
0.9599675496895379,0.9955052139518159
0.9600923585759306,0.9955052139518159
0.9601391619083278,0.9955052139518159
0.9602171674623233,0.9955052139518159
0.9602327685731225,0.9955052139518159
0.9602795719055197,0.9955052139518159
0.9602951730163187,0.9955052139518159
0.9604667852351088,0.9955052139518159
0.9605447907891042,0.9955052139518159
0.9606071952323005,0.9955052139518159
0.9606383974538987,0.9955052139518159
0.9609660207806796,0.9955052139518159
0.9610908296670723,0.9955052139518159
0.9612780429966613,0.9955052139518159
0.9612936441074604,0.9955052139518159
0.9613560485506568,0.9955052139518159
0.9613716496614559,0.9955052139518159
0.9614340541046522,0.9955052139518159
0.9614496552154513,0.9955052139518159
0.9614808574370495,0.9956850053937433
0.9614964585478486,0.9956850053937433
0.9615432618802459,0.9956850053937433
0.9616368685450404,0.9956850053937433
0.9616992729882368,0.9956850053937433
0.9617304752098349,0.9956850053937433
0.9618240818746294,0.9956850053937433
0.9618552840962277,0.9956850053937433
0.9618708852070268,0.9956850053937433
0.9619332896502231,0.9956850053937433
0.9619644918718213,0.9956850053937433
0.9619800929826203,0.9956850053937433
0.9620424974258167,0.9956850053937433
0.9621205029798121,0.9956850053937433
0.9621361040906112,0.9956850053937433
0.9621985085338076,0.9958647968356706
0.9622141096446067,0.9958647968356706
0.9624013229741958,0.9958647968356706
0.9624325251957939,0.9958647968356706
0.9625105307497894,0.9958647968356706
0.9625261318605884,0.9958647968356706
0.962604137414584,0.9958647968356706
0.9634621985085338,0.9962243797195254
0.9636338107273238,0.9962243797195254
0.963680614059721,0.9962243797195254
0.9638054229461137,0.9964041711614527
0.9638678273893101,0.9964041711614527
0.9639146307217074,0.9964041711614527
0.9639458329433056,0.9964041711614527
0.9639614340541046,0.9964041711614527
0.9640394396081001,0.9964041711614527
0.9640862429404974,0.9964041711614527
0.9641174451620955,0.9964041711614527
0.9646634840400636,0.9965839626033801
0.9646790851508628,0.9965839626033801
0.9649287029236482,0.9965839626033801
0.9650067084776436,0.9965839626033801
0.9650535118100408,0.9965839626033801
0.9651627195856345,0.9965839626033801
0.9652095229180317,0.9965839626033801
0.965256326250429,0.9965839626033801
0.9652719273612281,0.9965839626033801
0.9653187306936254,0.9965839626033801
0.965427938469219,0.9965839626033801
0.9654903429124153,0.9965839626033801
0.9655839495772099,0.9965839626033801
0.9656151517988081,0.9965839626033801
0.9656619551312053,0.9965839626033801
0.9656775562420045,0.9965839626033801
0.965771162906799,0.9965839626033801
0.9658179662391962,0.9965839626033801
0.9660207806795844,0.9965839626033801
0.9661455895659771,0.9965839626033801
0.9662235951199726,0.9965839626033801
0.9662703984523698,0.9965839626033801
0.9663328028955661,0.9965839626033801
0.9663796062279635,0.9965839626033801
0.9665200162251553,0.9965839626033801
0.9666916284439452,0.9965839626033801
0.9667228306655434,0.9965839626033801
0.9667540328871416,0.9965839626033801
0.966816437330338,0.9965839626033801
0.966832038441137,0.9965839626033801
0.9669100439951325,0.9965839626033801
0.9669568473275297,0.9965839626033801
0.9669724484383289,0.9965839626033801
0.9671440606571188,0.9965839626033801
0.9671596617679179,0.9965839626033801
0.9672220662111143,0.9965839626033801
0.9672376673219133,0.9965839626033801
0.9672844706543106,0.9965839626033801
0.9673468750975069,0.9965839626033801
0.9673624762083061,0.9965839626033801
0.9674872850946987,0.9965839626033801
0.9675028862054978,0.9965839626033801
0.9675652906486942,0.9965839626033801
0.9676276950918905,0.9965839626033801
0.9678305095322787,0.9965839626033801
0.9679241161970732,0.9965839626033801
0.9684701550750413,0.9967637540453075
0.9685169584074386,0.9967637540453075
0.9685481606290368,0.9967637540453075
0.968579362850635,0.9967637540453075
0.9686105650722332,0.9967637540453075
0.9686885706262286,0.9967637540453075
0.9688913850666168,0.9967637540453075
0.9689225872882149,0.9967637540453075
0.9689693906206122,0.9967637540453075
0.9691254017286031,0.9967637540453075
0.9691410028394022,0.9967637540453075
0.9693438172797904,0.9967637540453075
0.9693750195013885,0.9967637540453075
0.9694374239445849,0.9967637540453075
0.9694998283877813,0.9967637540453075
0.9695310306093794,0.9967637540453075
0.9695622328309775,0.9967637540453075
0.9696870417173703,0.9967637540453075
0.9701550750413429,0.9967637540453075
0.9702018783737402,0.9967637540453075
0.9702798839277357,0.9967637540453075
0.9702954850385347,0.9967637540453075
0.9703578894817311,0.9967637540453075
0.9703890917033293,0.9967637540453075
0.9704514961465256,0.9967637540453075
0.9704826983681238,0.9967637540453075
0.9708883272489002,0.9969435454872349
0.9709039283596992,0.9969435454872349
0.9709351305812974,0.9969435454872349
0.9709819339136947,0.9969435454872349
0.9710131361352928,0.9969435454872349
0.971044338356891,0.9969435454872349
0.9710755405784892,0.9969435454872349
0.9711067428000874,0.9969435454872349
0.9711223439108865,0.9969435454872349
0.9711691472432837,0.9969435454872349
0.9712003494648819,0.9969435454872349
0.9712471527972791,0.9969435454872349
0.9712783550188774,0.9969435454872349
0.9713407594620737,0.9969435454872349
0.9714187650160692,0.9969435454872349
0.9714343661268683,0.9969435454872349
0.9714655683484664,0.9969435454872349
0.9716059783456582,0.9969435454872349
0.9716371805672563,0.9969435454872349
0.9716839838996536,0.9969435454872349
0.9717931916752472,0.9969435454872349
0.9718399950076445,0.9969435454872349
0.97191800056164,0.9969435454872349
0.971933601672439,0.9969435454872349
0.972448438328809,0.9971233369291622
0.9724640394396081,0.9971233369291622
0.9728384660987862,0.9971233369291622
0.9729164716527817,0.9971233369291622
0.9729320727635807,0.9971233369291622
0.9731036849823708,0.9971233369291622
0.9732128927579644,0.9971233369291622
0.9732596960903617,0.9971233369291622
0.9732908983119598,0.9971233369291622
0.9733689038659552,0.9971233369291622
0.9733845049767543,0.9971233369291622
0.9734781116415488,0.9971233369291622
0.973493712752348,0.9971233369291622
0.9735873194171425,0.9971233369291622
0.9736341227495398,0.9971233369291622
0.9736653249711379,0.9971233369291622
0.9737121283035353,0.9971233369291622
0.9737433305251334,0.9971233369291622
0.9743673749570969,0.9971233369291622
0.9743985771786952,0.9971233369291622
0.9748510093918688,0.9971233369291622
0.9748666105026678,0.9971233369291622
0.974897812724266,0.9971233369291622
0.9751162282754532,0.9971233369291622
0.9751318293862523,0.9971233369291622
0.9751786327186496,0.9971233369291622
0.9751942338294487,0.9971233369291622
0.975241037161846,0.9971233369291622
0.975256638272645,0.9971233369291622
0.9754438516022341,0.9971233369291622
0.9757246715966177,0.9973031283710896
0.9757402727074168,0.9973031283710896
0.9758650815938095,0.9973031283710896
0.9758806827046086,0.9973031283710896
0.9759274860370059,0.9973031283710896
0.975943087147805,0.9973031283710896
0.9764579238041748,0.997482919813017
0.9765515304689694,0.997482919813017
0.9767075415769603,0.997482919813017
0.9767855471309558,0.997482919813017
0.9768011482417548,0.997482919813017
0.976832350463353,0.997482919813017
0.9768947549065493,0.997482919813017
0.9769103560173484,0.997482919813017
0.9772223782333302,0.997482919813017
0.9773159848981248,0.997482919813017
0.9773939904521202,0.997482919813017
0.9774095915629193,0.997482919813017
0.9774407937845174,0.997482919813017
0.9775187993385129,0.997482919813017
0.9775500015601111,0.997482919813017
0.9776124060033075,0.9976627112549442
0.9779868326624855,0.9976627112549442
0.9780492371056819,0.9976627112549442
0.978064838216481,0.9976627112549442
0.9782052482136728,0.9976627112549442
0.9783300571000655,0.9976627112549442
0.9783924615432619,0.9976627112549442
0.9785796748728509,0.9976627112549442
0.9786888826484446,0.9976627112549442
0.9787356859808418,0.9976627112549442
0.9787668882024401,0.9976627112549442
0.9788916970888327,0.9976627112549442
0.9789228993104309,0.9976627112549442
0.9789541015320291,0.9976627112549442
0.979125713750819,0.9976627112549442
0.9791569159724173,0.9976627112549442
0.9791725170832163,0.9976627112549442
0.9792037193048145,0.9976627112549442
0.9793909326344036,0.9976627112549442
0.9794065337452027,0.9976627112549442
0.980170988174358,0.9976627112549442
0.9802177915067553,0.9976627112549442
0.9803269992823489,0.9976627112549442
0.980358201503947,0.9976627112549442
0.9803738026147462,0.9976627112549442
0.9803894037255453,0.9978425026968716
0.9804206059471434,0.998022294138799
0.9805766170551343,0.998022294138799
0.9806390214983307,0.998022294138799
0.9806546226091297,0.998022294138799
0.9807170270523261,0.998022294138799
0.9807326281631252,0.998022294138799
0.9807950326063216,0.998022294138799
0.9811070548223033,0.998022294138799
0.9811226559331024,0.998022294138799
0.9818091048082623,0.998022294138799
0.9818715092514587,0.998022294138799
0.9821523292458423,0.998022294138799
0.9828387781210022,0.998022294138799
0.9829479858965958,0.998022294138799
0.9829791881181941,0.998022294138799
0.9830103903397922,0.998022294138799
0.9830883958937876,0.998022294138799
0.9838216481013449,0.9982020855807263
0.9838372492121439,0.9982020855807263
0.9839308558769384,0.9983818770226537
0.9839620580985367,0.9983818770226537
0.9840244625417329,0.9983818770226537
0.984040063652532,0.9983818770226537
0.9841024680957284,0.9983818770226537
0.9842116758713221,0.9983818770226537
0.9842428780929202,0.9983818770226537
0.9842740803145184,0.9983818770226537
0.9842896814253175,0.9983818770226537
0.984383288090112,0.9983818770226537
0.9843988892009111,0.9983818770226537
0.9844456925333084,0.9983818770226537
0.9845080969765048,0.9983818770226537
0.9845392991981029,0.9983818770226537
0.9846641080844957,0.9983818770226537
0.9847577147492902,0.9983818770226537
0.9847733158600892,0.9983818770226537
0.9849761303004774,0.998561668464581
0.9850229336328746,0.998561668464581
0.9850541358544729,0.998561668464581
0.9851165402976692,0.998561668464581
0.9851321414084683,0.998561668464581
0.9852257480732628,0.998561668464581
0.9853193547380573,0.998561668464581
0.9853661580704546,0.998561668464581
0.9855221691784455,0.998561668464581
0.9855533714000437,0.998561668464581
0.9860526069456145,0.9987414599065084
0.9860838091672127,0.9987414599065084
0.9863646291615963,0.9987414599065084
0.9863802302723954,0.9987414599065084
0.9865674436019845,0.9989212513484358
0.9865986458235826,0.9989212513484358
0.9866142469343817,0.9989212513484358
0.9867390558207745,0.9989212513484358
0.9867858591531717,0.9989212513484358
0.9868638647071671,0.9989212513484358
0.9870042747043589,0.9989212513484358
0.9870354769259572,0.9989212513484358
0.9874411058067334,0.9991010427903632
0.9875971169147243,0.9991010427903632
0.9877063246903179,0.9992808342322905
0.9877219258011171,0.9992808342322905
0.9882679646790852,0.9992808342322905
0.9882991669006833,0.9992808342322905
0.9883303691222816,0.9992808342322905
0.9884863802302724,0.9992808342322905
0.9885175824518706,0.9992808342322905
0.9885331835626696,0.9992808342322905
0.9888296046678523,0.9992808342322905
0.9889856157758432,0.9992808342322905
0.9890636213298387,0.9992808342322905
0.989126025773035,0.9992808342322905
0.9892196324378296,0.9992808342322905
0.9892820368810259,0.9992808342322905
0.9893132391026241,0.9992808342322905
0.9893444413242223,0.9992808342322905
0.9894068457674187,0.9992808342322905
0.9894536490998159,0.9992808342322905
0.989469250210615,0.9992808342322905
0.9895004524322132,0.9992808342322905
0.989828075758994,0.9992808342322905
0.9898592779805923,0.9992808342322905
0.989999687977784,0.9992808342322905
0.9900464913101813,0.9992808342322905
0.9900776935317794,0.9992808342322905
0.9901088957533777,0.9992808342322905
0.9901400979749758,0.9992808342322905
0.9902337046397703,0.9992808342322905
0.9902493057505695,0.9992808342322905
0.9902961090829667,0.9992808342322905
0.9904989235233549,0.9992808342322905
0.9905457268557522,0.9992808342322905
0.9906393335205467,0.9992808342322905
0.9906549346313458,0.9992808342322905
0.9914817935036975,0.9992808342322905
0.9916378046116884,0.9992808342322905
0.9916534057224874,0.9992808342322905
0.991747012387282,0.9992808342322905
0.9919342257168711,0.9992808342322905
0.9919654279384692,0.9992808342322905
0.9919810290492683,0.9992808342322905
0.9920746357140628,0.9992808342322905
0.992277450154451,0.9992808342322905
0.9923086523760491,0.9992808342322905
0.9923242534868483,0.9992808342322905
0.9923554557084464,0.9992808342322905
0.9924022590408437,0.9992808342322905
0.9924490623732409,0.9992808342322905
0.99246466348404,0.9992808342322905
0.9925426690380356,0.9992808342322905
0.992620674592031,0.9992808342322905
0.9927298823676246,0.9992808342322905
0.9927766857000219,0.9992808342322905
0.9928702923648164,0.9992808342322905
0.9929326968080128,0.9992808342322905
0.9929482979188118,0.9992808342322905
0.99297950014041,0.9992808342322905
0.9930107023620082,0.9992808342322905
0.9930731068052046,0.9992808342322905
0.9930887079160036,0.9992808342322905
0.9931043090268027,0.9994606256742179
0.9931667134699991,0.9994606256742179
0.9932447190239945,0.9994606256742179
0.9932915223563917,0.9994606256742179
0.9933539267995881,0.9994606256742179
0.9933695279103872,0.9994606256742179
0.9934007301319854,0.9994606256742179
0.9935723423507754,0.9994606256742179
0.9936035445723735,0.9994606256742179
0.9936503479047708,0.9994606256742179
0.993681550126369,0.9994606256742179
0.9936971512371681,0.9994606256742179
0.9941339823395425,0.9994606256742179
0.9942743923367344,0.9994606256742179
0.9942899934475334,0.9994606256742179
0.9943367967799307,0.9994606256742179
0.9943992012231271,0.9994606256742179
0.9944460045555243,0.9994606256742179
0.9947580267715062,0.9994606256742179
0.9948204312147025,0.9994606256742179
0.9948516334363007,0.9994606256742179
0.9955068800898624,0.9994606256742179
0.9955380823114606,0.9994606256742179
0.9955692845330587,0.9994606256742179
0.9956784923086524,0.9994606256742179
0.9956940934194515,0.9994606256742179
0.9957252956410496,0.9994606256742179
0.9958033011950451,0.9996404171161453
0.9958501045274424,0.9996404171161453
0.9959905145246342,0.9996404171161453
0.9960061156354333,0.9996404171161453
0.9960685200786296,0.9996404171161453
0.9961153234110268,0.9996404171161453
0.9961777278542232,0.9996404171161453
0.9968017722861868,0.9998202085580726
0.9970513900589723,0.9998202085580726
0.9973790133857531,0.9998202085580726
0.9974102156073512,0.9998202085580726
0.9974258167181503,0.9998202085580726
0.9974570189397485,1.0
0.9974882211613467,1.0
0.9982214733689039,1.0
0.998252675590502,1.0
0.9984710911416893,1.0
0.9985022933632874,1.0
0.9985334955848857,1.0
0.9987051078036756,1.0
0.9987519111360729,1.0
0.9990795344628538,1.0
0.9993291522356392,1.0
0.999469562232831,1.0
0.99948516334363,1.0
0.9997659833380137,1.0
0.99982838778121,1.0
0.9999687977784019,1.0
1.0,1.0
