fpr,tpr
0.0,0.0
1.5601110799088896e-05,0.0
7.800555399544447e-05,0.0
7.800555399544447e-05,0.00017979144192736425
0.00012480888639271117,0.00017979144192736425
0.00012480888639271117,0.0005393743257820927
0.00017161221878997786,0.0005393743257820927
0.00017161221878997786,0.0010787486515641855
0.00021841555118724454,0.0010787486515641855
0.00021841555118724454,0.001438331535418914
0.00024961777278542234,0.001438331535418914
0.00024961777278542234,0.0016181229773462784
0.00026521888358451123,0.0016181229773462784
0.00026521888358451123,0.0017979144192736426
0.0003432244375799557,0.0017979144192736426
0.0003432244375799557,0.002157497303128371
0.0003744266591781335,0.002157497303128371
0.0003744266591781335,0.002876663070837828
0.000452432213173578,0.002876663070837828
0.000452432213173578,0.003236245954692557
0.00046803332397266686,0.003236245954692557
0.00046803332397266686,0.0034160373966199207
0.0005148366563699335,0.0034160373966199207
0.0005148366563699335,0.0037756202804746495
0.0005304377671690225,0.0037756202804746495
0.0005304377671690225,0.003955411722402014
0.0005460388779681113,0.003955411722402014
0.0005460388779681113,0.005034160373966199
0.0005616399887672002,0.005034160373966199
0.0005616399887672002,0.005393743257820928
0.0005772410995662892,0.005393743257820928
0.0005772410995662892,0.005753326141675656
0.0006084433211644669,0.005753326141675656
0.0006084433211644669,0.005933117583603021
0.0006708477643608225,0.005933117583603021
0.0006708477643608225,0.006472491909385114
0.0006864488751599114,0.006472491909385114
0.0006864488751599114,0.0066522833513124775
0.0007956566507535337,0.0066522833513124775
0.0007956566507535337,0.0068320747932398415
0.0008736622047489782,0.0068320747932398415
0.0008736622047489782,0.007011866235167206
0.000889263315548067,0.007011866235167206
0.000889263315548067,0.00719165767709457
0.0009516677587444226,0.00719165767709457
0.0009516677587444226,0.007371449119021934
0.0009672688695435115,0.007371449119021934
0.0009672688695435115,0.007551240560949299
0.001014072201940778,0.007551240560949299
0.001014072201940778,0.00845019777058612
0.001045274423538956,0.00845019777058612
0.001045274423538956,0.008629989212513484
0.001060875534338045,0.008629989212513484
0.001060875534338045,0.008809780654440848
0.0010764766451371339,0.008809780654440848
0.0010764766451371339,0.009169363538295576
0.0010920777559362226,0.009169363538295576
0.0010920777559362226,0.009349154980222941
0.0011076788667353115,0.009349154980222941
0.0011076788667353115,0.009528946422150306
0.0011232799775344005,0.009528946422150306
0.0011232799775344005,0.009708737864077669
0.0011388810883334894,0.009708737864077669
0.0011388810883334894,0.009888529306005034
0.0011544821991325783,0.009888529306005034
0.0011544821991325783,0.010427903631787127
0.001170083309931667,0.010427903631787127
0.001170083309931667,0.010787486515641856
0.0012168866423289339,0.010787486515641856
0.0012168866423289339,0.011147069399496584
0.0012480888639271116,0.011147069399496584
0.0012480888639271116,0.011506652283351312
0.0012636899747262005,0.011506652283351312
0.0012636899747262005,0.011686443725278677
0.0012792910855252894,0.011686443725278677
0.0012792910855252894,0.01222581805106077
0.001341695528721645,0.01222581805106077
0.001341695528721645,0.012405609492988134
0.0015289088583107118,0.012405609492988134
0.0015289088583107118,0.012585400934915498
0.001606914412306156,0.012585400934915498
0.001606914412306156,0.012765192376842862
0.0016693188555025119,0.012765192376842862
0.0016693188555025119,0.01348435814455232
0.0017005210771006895,0.01348435814455232
0.0017005210771006895,0.013843941028407048
0.0017317232986988674,0.013843941028407048
0.0017317232986988674,0.014203523912261776
0.001762925520297045,0.014203523912261776
0.001762925520297045,0.01438331535418914
0.0018253299634934008,0.01438331535418914
0.0018253299634934008,0.014742898238043868
0.0018409310742924896,0.014742898238043868
0.0018409310742924896,0.014922689679971233
0.0018877344066897564,0.014922689679971233
0.0018877344066897564,0.015102481121898598
0.001918936628287934,0.015102481121898598
0.001918936628287934,0.015282272563825961
0.001950138849886112,0.015282272563825961
0.001950138849886112,0.015821646889608056
0.001965739960685201,0.015821646889608056
0.001965739960685201,0.016181229773462782
0.0019969421822833787,0.016181229773462782
0.0019969421822833787,0.016361021215390147
0.0020125432930824675,0.016361021215390147
0.0020125432930824675,0.01654081265731751
0.0023089643982651567,0.01654081265731751
0.0023089643982651567,0.01690039554117224
0.002340166619863334,0.01690039554117224
0.002340166619863334,0.017080186983099606
0.00240257106305969,0.017080186983099606
0.00240257106305969,0.017619561308881697
0.002496177727854223,0.017619561308881697
0.002496177727854223,0.01779935275080906
0.0025429810602514897,0.01779935275080906
0.0025429810602514897,0.017979144192736426
0.002558582171050579,0.017979144192736426
0.002558582171050579,0.018338727076591153
0.0025741832818496676,0.018338727076591153
0.0025741832818496676,0.018518518518518517
0.0026365877250460234,0.018518518518518517
0.0026365877250460234,0.018698309960445882
0.0026989921682423787,0.018698309960445882
0.0026989921682423787,0.018878101402373247
0.002714593279041468,0.018878101402373247
0.002714593279041468,0.019057892844300612
0.0027301943898405566,0.019057892844300612
0.0027301943898405566,0.019597267170082703
0.0027925988330369123,0.019597267170082703
0.0027925988330369123,0.019777058612010068
0.002808199943836001,0.019777058612010068
0.002808199943836001,0.019956850053937433
0.002995413273425068,0.019956850053937433
0.002995413273425068,0.020316432937792162
0.0030110143842241566,0.020316432937792162
0.0030110143842241566,0.020496224379719527
0.0030422166058223345,0.020496224379719527
0.0030422166058223345,0.02067601582164689
0.0031826266030141348,0.02067601582164689
0.0031826266030141348,0.021215390147428983
0.0031982277138132235,0.021215390147428983
0.0031982277138132235,0.021574973031283712
0.0032294299354114014,0.021574973031283712
0.0032294299354114014,0.021754764473211074
0.0032606321570095792,0.021754764473211074
0.0032606321570095792,0.022114347357065803
0.003276233267808668,0.022114347357065803
0.003276233267808668,0.02229413879899317
0.0033542388218041124,0.02229413879899317
0.0033542388218041124,0.022473930240920533
0.003401042154201379,0.022473930240920533
0.003401042154201379,0.022653721682847898
0.0034790477081968235,0.022653721682847898
0.0034790477081968235,0.02319309600862999
0.0034946488189959127,0.02319309600862999
0.0034946488189959127,0.02355267889248472
0.0036350588161877125,0.02355267889248472
0.0036350588161877125,0.023732470334412083
0.0036662610377858904,0.023732470334412083
0.0036662610377858904,0.023912261776339445
0.0036974632593840683,0.023912261776339445
0.0036974632593840683,0.02409205321826681
0.003744266591781335,0.02409205321826681
0.003744266591781335,0.024271844660194174
0.0037754688133795128,0.024271844660194174
0.0037754688133795128,0.02499101042790363
0.003915878810571313,0.02499101042790363
0.003915878810571313,0.025170801869830995
0.004009485475365846,0.025170801869830995
0.004009485475365846,0.02535059331175836
0.004025086586164935,0.02535059331175836
0.004025086586164935,0.02624955052139518
0.004040687696964024,0.02624955052139518
0.004040687696964024,0.026429341963322545
0.004087491029361291,0.026429341963322545
0.004087491029361291,0.02660913340524991
0.004103092140160379,0.02660913340524991
0.004103092140160379,0.026788924847177275
0.004165496583356735,0.026788924847177275
0.004165496583356735,0.02750809061488673
0.004181097694155824,0.02750809061488673
0.004181097694155824,0.027687882056814096
0.004274704358950357,0.027687882056814096
0.004274704358950357,0.028047464940668825
0.004305906580548535,0.028047464940668825
0.004305906580548535,0.02840704782452355
0.004321507691347624,0.02840704782452355
0.004321507691347624,0.028586839266450916
0.004352709912945802,0.028586839266450916
0.004352709912945802,0.02876663070837828
0.0043839121345439795,0.02876663070837828
0.0043839121345439795,0.028946422150305646
0.004461917688539424,0.028946422150305646
0.004461917688539424,0.02912621359223301
0.004477518799338513,0.02912621359223301
0.004477518799338513,0.029306005034160375
0.004493119910137602,0.029306005034160375
0.004493119910137602,0.029485796476087737
0.004571125464133046,0.029485796476087737
0.004571125464133046,0.0296655879180151
0.004602327685731224,0.0296655879180151
0.004602327685731224,0.03002517080186983
0.004617928796530313,0.03002517080186983
0.004617928796530313,0.030564545127651922
0.004649131018128491,0.030564545127651922
0.004649131018128491,0.030744336569579287
0.004695934350525757,0.030744336569579287
0.004695934350525757,0.030924128011506652
0.004727136572123935,0.030924128011506652
0.004727136572123935,0.031103919453434017
0.004758338793722113,0.031103919453434017
0.004758338793722113,0.03164329377921611
0.004836344347717557,0.03164329377921611
0.004836344347717557,0.03200287666307084
0.004883147680114824,0.03200287666307084
0.004883147680114824,0.0321826681049982
0.004992355455708446,0.0321826681049982
0.004992355455708446,0.032362459546925564
0.005085962120502979,0.032362459546925564
0.005085962120502979,0.03272204243078029
0.005132765452900247,0.03272204243078029
0.005132765452900247,0.03290183387270766
0.005241973228493868,0.03290183387270766
0.005241973228493868,0.03308162531463502
0.0052575743392929575,0.03308162531463502
0.0052575743392929575,0.033261416756562384
0.005397984336484757,0.033261416756562384
0.005397984336484757,0.03344120819848975
0.0054135854472838465,0.03344120819848975
0.0054135854472838465,0.033620999640417114
0.005444787668882025,0.033620999640417114
0.005444787668882025,0.03380079108234448
0.00550719211207838,0.03380079108234448
0.00550719211207838,0.03398058252427184
0.005585197666073825,0.03398058252427184
0.005585197666073825,0.03416037396619921
0.0057256076632656245,0.03416037396619921
0.0057256076632656245,0.03434016540812657
0.005741208774064714,0.03434016540812657
0.005741208774064714,0.0346997482919813
0.00578801210646198,0.0346997482919813
0.00578801210646198,0.03505933117583603
0.005803613217261069,0.03505933117583603
0.005803613217261069,0.035239122617763394
0.005819214328060158,0.035239122617763394
0.005819214328060158,0.03559870550161812
0.005850416549658336,0.03559870550161812
0.005850416549658336,0.03595828838547285
0.005866017660457424,0.03595828838547285
0.005866017660457424,0.036497662711254944
0.005912820992854691,0.036497662711254944
0.005912820992854691,0.036677454153182305
0.00592842210365378,0.036677454153182305
0.00592842210365378,0.037037037037037035
0.006037629879247402,0.037037037037037035
0.006037629879247402,0.037396619920891765
0.006115635433242847,0.037396619920891765
0.006115635433242847,0.03757641136281913
0.006131236544041936,0.03757641136281913
0.006131236544041936,0.037756202804746494
0.006256045430434647,0.037756202804746494
0.006256045430434647,0.037935994246673856
0.006287247652032825,0.037935994246673856
0.006287247652032825,0.038475368572455954
0.00634965209522918,0.038475368572455954
0.00634965209522918,0.038655160014383315
0.006380854316827358,0.038655160014383315
0.006380854316827358,0.038834951456310676
0.006396455427626447,0.038834951456310676
0.006396455427626447,0.039194534340165406
0.006412056538425536,0.039194534340165406
0.006412056538425536,0.039374325782092774
0.006458859870822803,0.039374325782092774
0.006458859870822803,0.039554117224020136
0.006474460981621892,0.039554117224020136
0.006474460981621892,0.040273282991729595
0.00649006209242098,0.040273282991729595
0.00649006209242098,0.040453074433656956
0.0065212643140191585,0.040453074433656956
0.0065212643140191585,0.040632865875584324
0.006536865424818247,0.040632865875584324
0.006536865424818247,0.040812657317511686
0.0065992698680146025,0.040812657317511686
0.0065992698680146025,0.041531823085221145
0.006630472089612781,0.041531823085221145
0.006630472089612781,0.041711614527148506
0.006646073200411869,0.041711614527148506
0.006646073200411869,0.041891405969075875
0.006661674311210958,0.041891405969075875
0.006661674311210958,0.042071197411003236
0.00678648319760367,0.042071197411003236
0.00678648319760367,0.0422509888529306
0.006833286530000936,0.0422509888529306
0.006833286530000936,0.042430780294857966
0.006848887640800025,0.042430780294857966
0.006848887640800025,0.04350952894642215
0.006973696527192736,0.04350952894642215
0.006973696527192736,0.043689320388349516
0.007004898748790914,0.043689320388349516
0.007004898748790914,0.044048903272204246
0.00705170208118818,0.044048903272204246
0.00705170208118818,0.04422869471413161
0.007098505413585447,0.04422869471413161
0.007098505413585447,0.04440848615605897
0.007114106524384536,0.04440848615605897
0.007114106524384536,0.04458827759798634
0.007129707635183625,0.04458827759798634
0.007129707635183625,0.0447680690399137
0.007160909856781803,0.0447680690399137
0.007160909856781803,0.045307443365695796
0.007192112078379981,0.045307443365695796
0.007192112078379981,0.04548723480762316
0.007270117632375425,0.04548723480762316
0.007270117632375425,0.04566702624955052
0.007316920964772692,0.04566702624955052
0.007316920964772692,0.04584681769147789
0.00734812318637087,0.04584681769147789
0.00734812318637087,0.04602660913340525
0.007363724297169958,0.04602660913340525
0.007363724297169958,0.046206400575332617
0.007379325407969047,0.046206400575332617
0.007379325407969047,0.04674577490111471
0.00748853318356267,0.04674577490111471
0.00748853318356267,0.0472851492268968
0.007519735405160847,0.0472851492268968
0.007519735405160847,0.04746494066882417
0.007597740959156292,0.04746494066882417
0.007597740959156292,0.04764473211075153
0.007738150956348092,0.04764473211075153
0.007738150956348092,0.04782452355267889
0.007800555399544448,0.04782452355267889
0.007800555399544448,0.04818410643653362
0.007940965396736248,0.04818410643653362
0.007940965396736248,0.04836389787846099
0.007956566507535337,0.04836389787846099
0.007956566507535337,0.04854368932038835
0.007972167618334426,0.04854368932038835
0.007972167618334426,0.04908306364617044
0.007987768729133515,0.04908306364617044
0.007987768729133515,0.04926285508809781
0.008003369839932602,0.04926285508809781
0.008003369839932602,0.04962243797195254
0.00803457206153078,0.04962243797195254
0.00803457206153078,0.04998202085580726
0.00805017317232987,0.04998202085580726
0.00805017317232987,0.05016181229773463
0.008112577615526225,0.05016181229773463
0.008112577615526225,0.05070118662351672
0.008143779837124403,0.05070118662351672
0.008143779837124403,0.05088097806544409
0.00819058316952167,0.05088097806544409
0.00819058316952167,0.05124056094929881
0.008299790945115293,0.05124056094929881
0.008299790945115293,0.05177993527508091
0.00831539205591438,0.05177993527508091
0.00831539205591438,0.05195972671700827
0.00833099316671347,0.05195972671700827
0.00833099316671347,0.05213951815893563
0.008362195388311648,0.05213951815893563
0.008362195388311648,0.052319309600863
0.008377796499110737,0.052319309600863
0.008377796499110737,0.05249910104279036
0.008424599831508003,0.05249910104279036
0.008424599831508003,0.05267889248471773
0.00847140316390527,0.05267889248471773
0.00847140316390527,0.05285868392664509
0.00861181316109707,0.05285868392664509
0.00861181316109707,0.05321826681049982
0.008658616493494337,0.05321826681049982
0.008658616493494337,0.05375764113628191
0.008689818715092515,0.05375764113628191
0.008689818715092515,0.05411722402013664
0.008705419825891604,0.05411722402013664
0.008705419825891604,0.05447680690399137
0.008767824269087959,0.05447680690399137
0.008767824269087959,0.05465659834591873
0.008799026490686137,0.05465659834591873
0.008799026490686137,0.0548363897878461
0.008830228712284314,0.0548363897878461
0.008830228712284314,0.05501618122977346
0.009001840931074293,0.05501618122977346
0.009001840931074293,0.05537576411362819
0.009017442041873382,0.05537576411362819
0.009064245374270648,0.05537576411362819
0.009095447595868826,0.05537576411362819
0.009095447595868826,0.05609492988133765
0.00931386314705607,0.05609492988133765
0.00931386314705607,0.05627472132326501
0.009391868701051515,0.05627472132326501
0.009391868701051515,0.05645451276519238
0.009423070922649693,0.05645451276519238
0.009423070922649693,0.05663430420711974
0.009438672033448782,0.05663430420711974
0.009438672033448782,0.05699388709097447
0.00945427314424787,0.05699388709097447
0.00945427314424787,0.05717367853290183
0.009469874255046959,0.05717367853290183
0.009469874255046959,0.0573534699748292
0.009516677587444226,0.0573534699748292
0.009516677587444226,0.05771305285868392
0.009547879809042405,0.05771305285868392
0.009547879809042405,0.05789284430061129
0.009579082030640581,0.05789284430061129
0.009579082030640581,0.05807263574253865
0.009625885363037849,0.05807263574253865
0.009625885363037849,0.05825242718446602
0.009672688695435114,0.05825242718446602
0.009672688695435114,0.05843221862639338
0.009719492027832382,0.05843221862639338
0.009719492027832382,0.05861201006832075
0.009766295360229648,0.05861201006832075
0.009766295360229648,0.058971592952175474
0.009844300914225093,0.058971592952175474
0.009844300914225093,0.05915138439410284
0.00987550313582327,0.05915138439410284
0.00987550313582327,0.0593311758360302
0.009969109800617803,0.0593311758360302
0.009969109800617803,0.05951096727795757
0.01001591313301507,0.05951096727795757
0.01001591313301507,0.05969075871988493
0.010078317576211426,0.05969075871988493
0.010078317576211426,0.059870550161812294
0.010156323130206871,0.059870550161812294
0.010156323130206871,0.06005034160373966
0.010187525351805048,0.06005034160373966
0.010187525351805048,0.06094929881337648
0.010203126462604137,0.06094929881337648
0.010203126462604137,0.061129090255303845
0.010249929795001405,0.061129090255303845
0.010249929795001405,0.06130888169723121
0.010343536459795938,0.06130888169723121
0.010343536459795938,0.061488673139158574
0.010359137570595027,0.061488673139158574
0.010359137570595027,0.061848256023013304
0.010374738681394114,0.061848256023013304
0.010374738681394114,0.06202804746494067
0.010390339792193204,0.06202804746494067
0.010390339792193204,0.06220783890686803
0.01046834534618865,0.06220783890686803
0.01046834534618865,0.06274721323265013
0.010483946456987737,0.06274721323265013
0.010483946456987737,0.06292700467457749
0.010546350900184093,0.06292700467457749
0.010546350900184093,0.06310679611650485
0.010577553121782272,0.06310679611650485
0.010577553121782272,0.06346637900035958
0.01059315423258136,0.06346637900035958
0.01059315423258136,0.06364617044228695
0.010608755343380448,0.06364617044228695
0.010608755343380448,0.06382596188421431
0.010639957564978627,0.06382596188421431
0.010639957564978627,0.06418554476806904
0.010655558675777716,0.06418554476806904
0.010655558675777716,0.06472491909385113
0.010671159786576805,0.06472491909385113
0.010671159786576805,0.0649047105357785
0.010702362008174982,0.0649047105357785
0.010702362008174982,0.06508450197770586
0.010780367562170427,0.06508450197770586
0.010780367562170427,0.06544408486156059
0.010795968672969515,0.06544408486156059
0.010795968672969515,0.06580366774541532
0.010905176448563137,0.06580366774541532
0.010905176448563137,0.06616325062927005
0.010951979780960405,0.06616325062927005
0.010951979780960405,0.06634304207119741
0.011061187556554027,0.06634304207119741
0.011061187556554027,0.06652283351312477
0.011092389778152205,0.06652283351312477
0.011092389778152205,0.06706220783890687
0.011107990888951293,0.06706220783890687
0.011107990888951293,0.06724199928083423
0.011123591999750382,0.06724199928083423
0.011123591999750382,0.0674217907227616
0.01115479422134856,0.0674217907227616
0.01115479422134856,0.06778137360661632
0.01115479422134856,0.06814095649047106
0.011185996442946738,0.06814095649047106
0.011185996442946738,0.06832074793239842
0.011201597553745826,0.06832074793239842
0.011201597553745826,0.06850053937432578
0.011326406440138537,0.06850053937432578
0.011326406440138537,0.06868033081625315
0.011342007550937627,0.06868033081625315
0.011342007550937627,0.0693994965839626
0.011357608661736716,0.0693994965839626
0.011357608661736716,0.06957928802588997
0.011451215326531249,0.06957928802588997
0.011451215326531249,0.06975907946781733
0.011622827545321226,0.06975907946781733
0.011622827545321226,0.0699388709097447
0.011669630877718494,0.0699388709097447
0.011669630877718494,0.07011866235167206
0.011700833099316672,0.07011866235167206
0.011700833099316672,0.07065803667745416
0.011934849761303004,0.07065803667745416
0.011934849761303004,0.07083782811938152
0.011981653093700272,0.07083782811938152
0.01199725420449936,0.07101761956130888
0.01201285531529845,0.07101761956130888
0.01201285531529845,0.07119741100323625
0.012044057536896626,0.07119741100323625
0.012044057536896626,0.07137720244516362
0.012075259758494805,0.07137720244516362
0.012075259758494805,0.07155699388709097
0.01227807419888296,0.07155699388709097
0.01227807419888296,0.07209636821287306
0.01229367530968205,0.07209636821287306
0.01229367530968205,0.07227615965480043
0.012371680863677494,0.07227615965480043
0.012371680863677494,0.0724559510967278
0.012496489750070205,0.0724559510967278
0.012496489750070205,0.07263574253865517
0.012527691971668383,0.07263574253865517
0.012527691971668383,0.07281553398058252
0.01254329308246747,0.07281553398058252
0.01254329308246747,0.07299532542250989
0.01255889419326656,0.07299532542250989
0.01255889419326656,0.07353469974829198
0.012590096414864738,0.07353469974829198
0.012590096414864738,0.07371449119021935
0.012683703079659272,0.07371449119021935
0.012683703079659272,0.07389428263214672
0.012792910855252894,0.07389428263214672
0.012792910855252894,0.07407407407407407
0.012808511966051983,0.07407407407407407
0.012808511966051983,0.0744336569579288
0.012839714187650161,0.0744336569579288
0.012839714187650161,0.07461344839985616
0.012948921963243784,0.07461344839985616
0.012948921963243784,0.07479323984178353
0.01299572529564105,0.07479323984178353
0.01299572529564105,0.0749730312837109
0.013073730849636494,0.0749730312837109
0.013073730849636494,0.07533261416756562
0.013120534182033761,0.07533261416756562
0.013120534182033761,0.07551240560949299
0.013167337514431027,0.07551240560949299
0.013167337514431027,0.07587198849334771
0.013214140846828294,0.07587198849334771
0.013214140846828294,0.07605177993527508
0.013245343068426473,0.07605177993527508
0.013245343068426473,0.07623157137720245
0.013323348622421917,0.07623157137720245
0.013323348622421917,0.07641136281912982
0.01340135417641736,0.07641136281912982
0.01340135417641736,0.07659115426105717
0.01357296639520734,0.07659115426105717
0.01357296639520734,0.07677094570298454
0.013588567506006427,0.07677094570298454
0.013588567506006427,0.07713052858683926
0.013604168616805516,0.07713052858683926
0.013604168616805516,0.07731032002876663
0.013635370838403695,0.07731032002876663
0.013635370838403695,0.077490111470694
0.01369777528160005,0.077490111470694
0.01369777528160005,0.07784969435454872
0.013791381946394583,0.07784969435454872
0.013791381946394583,0.07802948579647609
0.01383818527879185,0.07802948579647609
0.01383818527879185,0.07838906868033081
0.013931791943586383,0.07838906868033081
0.013931791943586383,0.07856886012225818
0.013962994165184562,0.07856886012225818
0.013962994165184562,0.07874865156418555
0.01397859527598365,0.07874865156418555
0.01397859527598365,0.0789284430061129
0.013994196386782738,0.0789284430061129
0.013994196386782738,0.07928802588996764
0.014025398608380917,0.07928802588996764
0.014056600829979095,0.07928802588996764
0.01410340416237636,0.07928802588996764
0.01410340416237636,0.07946781733189501
0.014150207494773628,0.07946781733189501
0.014150207494773628,0.07982740021574973
0.014243814159568161,0.07982740021574973
0.014243814159568161,0.0800071916576771
0.01425941527036725,0.0800071916576771
0.01425941527036725,0.08054656598345919
0.014368623045960873,0.08054656598345919
0.014368623045960873,0.08090614886731391
0.014415426378358139,0.08090614886731391
0.014415426378358139,0.08108594030924128
0.014431027489157228,0.08108594030924128
0.014431027489157228,0.08126573175116865
0.014477830821554495,0.08126573175116865
0.014477830821554495,0.081445523193096
0.014493431932353584,0.081445523193096
0.014493431932353584,0.08162531463502337
0.014571437486349028,0.08162531463502337
0.014571437486349028,0.08180510607695074
0.014618240818746294,0.08180510607695074
0.014618240818746294,0.08198489751887811
0.014633841929545383,0.08198489751887811
0.014633841929545383,0.08216468896080546
0.014743049705139006,0.08216468896080546
0.014743049705139006,0.0825242718446602
0.014836656369933539,0.0825242718446602
0.014836656369933539,0.08288385472851492
0.014852257480732628,0.08288385472851492
0.014852257480732628,0.08324343761236964
0.014930263034728072,0.08324343761236964
0.014930263034728072,0.08360302049622438
0.014945864145527161,0.08360302049622438
0.014945864145527161,0.0839626033800791
0.015023869699522605,0.0839626033800791
0.015023869699522605,0.08414239482200647
0.015039470810321694,0.08414239482200647
0.015039470810321694,0.08432218626393384
0.015055071921120784,0.08432218626393384
0.015055071921120784,0.08486156058971593
0.015101875253518051,0.08486156058971593
0.015101875253518051,0.0850413520316433
0.015133077475116228,0.0850413520316433
0.015133077475116228,0.08522114347357065
0.015320290804705296,0.08522114347357065
0.015320290804705296,0.08540093491549802
0.015335891915504383,0.08540093491549802
0.015335891915504383,0.08558072635742539
0.015367094137102561,0.08558072635742539
0.015367094137102561,0.08594030924128011
0.015429498580298918,0.08594030924128011
0.015429498580298918,0.08612010068320748
0.015460700801897095,0.08612010068320748
0.015460700801897095,0.0864796835670622
0.015491903023495273,0.0864796835670622
0.015491903023495273,0.0870190578928443
0.01567911635308434,0.0870190578928443
0.01567911635308434,0.08737864077669903
0.015772723017878874,0.08737864077669903
0.015772723017878874,0.08773822366055375
0.01580392523947705,0.08773822366055375
0.01580392523947705,0.08791801510248112
0.015835127461075228,0.08791801510248112
0.015835127461075228,0.08809780654440849
0.015850728571874317,0.08809780654440849
0.015850728571874317,0.08827759798633585
0.015866329682673406,0.08827759798633585
0.015866329682673406,0.08845738942826321
0.015881930793472495,0.08845738942826321
0.015881930793472495,0.08881697231211794
0.015897531904271584,0.08881697231211794
0.015897531904271584,0.0889967637540453
0.015928734125869762,0.0889967637540453
0.015928734125869762,0.08917655519597267
0.01597553745826703,0.08917655519597267
0.01597553745826703,0.08935634663790004
0.016022340790664294,0.08935634663790004
0.016022340790664294,0.0895361380798274
0.016037941901463383,0.0895361380798274
0.016037941901463383,0.08989572096368213
0.016131548566257918,0.08989572096368213
0.016131548566257918,0.09025530384753686
0.016147149677057007,0.09025530384753686
0.016147149677057007,0.09079467817331895
0.01620955412025336,0.09079467817331895
0.01620955412025336,0.09115426105717368
0.01622515523105245,0.09115426105717368
0.01622515523105245,0.09133405249910104
0.016271958563449717,0.09133405249910104
0.016271958563449717,0.09169363538295577
0.016303160785047895,0.09169363538295577
0.016303160785047895,0.09187342682488314
0.016318761895846984,0.09187342682488314
0.016318761895846984,0.0920532182668105
0.016334363006646074,0.0920532182668105
0.016334363006646074,0.09241280115066523
0.016365565228244252,0.09241280115066523
0.016365565228244252,0.09259259259259259
0.016412368560641516,0.09259259259259259
0.016412368560641516,0.09277238403451996
0.01652157633623514,0.09277238403451996
0.01652157633623514,0.09313196691837468
0.01655277855783332,0.09313196691837468
0.01655277855783332,0.09331175836030205
0.01664638522262785,0.09331175836030205
0.01664638522262785,0.09349154980222942
0.016896002995413273,0.09349154980222942
0.016896002995413273,0.09367134124415678
0.01695840743860963,0.09367134124415678
0.01695840743860963,0.0940309241280115
0.01697400854940872,0.0940309241280115
0.01697400854940872,0.09421071556993887
0.016989609660207808,0.09421071556993887
0.016989609660207808,0.09475008989572097
0.01708321632500234,0.09475008989572097
0.01708321632500234,0.09492988133764833
0.01709881743580143,0.09492988133764833
0.01709881743580143,0.09546925566343042
0.017114418546600518,0.09546925566343042
0.017114418546600518,0.09564904710535778
0.017145620768198696,0.09564904710535778
0.017145620768198696,0.09636821287306724
0.017161221878997785,0.09636821287306724
0.017161221878997785,0.09672779575692197
0.017176822989796874,0.09672779575692197
0.017176822989796874,0.09690758719884933
0.017208025211395053,0.09690758719884933
0.017208025211395053,0.0970873786407767
0.017239227432993227,0.0970873786407767
0.017239227432993227,0.09726717008270407
0.017301631876189584,0.09726717008270407
0.017301631876189584,0.09762675296655879
0.017317232986988673,0.09762675296655879
0.017317232986988673,0.09780654440848616
0.01737963743018503,0.09780654440848616
0.01737963743018503,0.09798633585041353
0.017457642984180472,0.09798633585041353
0.017457642984180472,0.09816612729234088
0.01747324409497956,0.09816612729234088
0.01747324409497956,0.09852571017619562
0.01748884520577865,0.09852571017619562
0.01748884520577865,0.09870550161812297
0.017566850759774096,0.09870550161812297
0.017566850759774096,0.09888529306005034
0.017613654092171364,0.09888529306005034
0.017613654092171364,0.09906508450197771
0.017722861867764984,0.09906508450197771
0.017722861867764984,0.09924487594390508
0.017738462978564074,0.09924487594390508
0.017738462978564074,0.09942466738583243
0.017754064089363163,0.09942466738583243
0.017754064089363163,0.0996044588277598
0.01780086742176043,0.0996044588277598
0.01780086742176043,0.09978425026968717
0.017878872975755872,0.09978425026968717
0.017878872975755872,0.10014383315354189
0.01789447408655496,0.10014383315354189
0.01789447408655496,0.10050341603739663
0.01791007519735405,0.10050341603739663
0.01791007519735405,0.10068320747932398
0.01792567630815314,0.10068320747932398
0.01792567630815314,0.10122258180510607
0.017956878529751318,0.10122258180510607
0.017956878529751318,0.10140237324703344
0.018081687416144028,0.10140237324703344
0.018081687416144028,0.10158216468896081
0.018112889637742206,0.10158216468896081
0.018112889637742206,0.10230133045667027
0.018128490748541295,0.10230133045667027
0.018128490748541295,0.10266091334052499
0.018159692970139474,0.10266091334052499
0.018159692970139474,0.10284070478245236
0.018175294080938563,0.10284070478245236
0.018175294080938563,0.10302049622437973
0.01820649630253674,0.10302049622437973
0.01820649630253674,0.10320028766630708
0.01822209741333583,0.10320028766630708
0.01822209741333583,0.10355987055016182
0.018268900745733098,0.10355987055016182
0.018268900745733098,0.10373966199208917
0.01833130518892945,0.10373966199208917
0.01833130518892945,0.10391945343401654
0.01850291740771943,0.10391945343401654
0.01850291740771943,0.10445882775979863
0.018534119629317607,0.10445882775979863
0.018534119629317607,0.104638619201726
0.018565321850915785,0.104638619201726
0.018565321850915785,0.10481841064365337
0.01865892851571032,0.10481841064365337
0.01865892851571032,0.10499820208558072
0.018690130737308495,0.10499820208558072
0.018690130737308495,0.10517799352750809
0.018721332958906673,0.10517799352750809
0.018721332958906673,0.10535778496943546
0.018736934069705762,0.10535778496943546
0.018736934069705762,0.10571736785329018
0.01876813629130394,0.10571736785329018
0.01876813629130394,0.10589715929521755
0.01879933851290212,0.10589715929521755
0.01879933851290212,0.10607695073714492
0.018830540734500297,0.10607695073714492
0.018830540734500297,0.10625674217907227
0.018846141845299386,0.10625674217907227
0.018846141845299386,0.10643653362099964
0.01906455739648663,0.10643653362099964
0.01906455739648663,0.10661632506292701
0.01908015850728572,0.10661632506292701
0.01908015850728572,0.10697590794678173
0.019111360728883895,0.10697590794678173
0.019111360728883895,0.1071556993887091
0.019142562950482073,0.1071556993887091
0.019142562950482073,0.10751528227256382
0.019158164061281163,0.10751528227256382
0.019158164061281163,0.10769507371449119
0.01934537739087023,0.10769507371449119
0.01934537739087023,0.10787486515641856
0.019376579612468407,0.10787486515641856
0.019376579612468407,0.10805465659834591
0.019563792942057474,0.10805465659834591
0.019563792942057474,0.10823444804027328
0.019594995163655652,0.10823444804027328
0.019594995163655652,0.10841423948220065
0.01962619738525383,0.10841423948220065
0.01962619738525383,0.10859403092412802
0.01964179849605292,0.10859403092412802
0.01964179849605292,0.10877382236605537
0.01965739960685201,0.10877382236605537
0.01965739960685201,0.10895361380798274
0.019688601828450187,0.10895361380798274
0.019688601828450187,0.10913340524991011
0.019704202939249276,0.10913340524991011
0.019704202939249276,0.10931319669183746
0.019875815158039253,0.10931319669183746
0.019875815158039253,0.10949298813376483
0.019922618490436517,0.10949298813376483
0.019922618490436517,0.1096727795756922
0.02006302848762832,0.1096727795756922
0.02006302848762832,0.10985257101761955
0.02018783737402103,0.10985257101761955
0.02018783737402103,0.11003236245954692
0.020297045149614654,0.11003236245954692
0.020297045149614654,0.11021215390147429
0.020312646260413743,0.11021215390147429
0.020312646260413743,0.11057173678532901
0.020328247371212832,0.11057173678532901
0.020328247371212832,0.11075152822725638
0.020453056257605542,0.11075152822725638
0.02046865736840463,0.11093131966918375
0.02059346625479734,0.11093131966918375
0.02059346625479734,0.1111111111111111
0.020702674030390965,0.1111111111111111
0.020702674030390965,0.11147069399496584
0.020827482916783675,0.11147069399496584
0.020827482916783675,0.11165048543689321
0.020843084027582764,0.11165048543689321
0.020843084027582764,0.11183027687882056
0.02092108958157821,0.11183027687882056
0.02092108958157821,0.1121898597626753
0.020952291803176388,0.1121898597626753
0.020952291803176388,0.11236965120460266
0.021123904021966365,0.11236965120460266
0.021123904021966365,0.11254944264653002
0.021155106243564543,0.11254944264653002
0.021155106243564543,0.11272923408845739
0.02118630846516272,0.11272923408845739
0.02118630846516272,0.11326860841423948
0.02134231957315361,0.11326860841423948
0.02134231957315361,0.11344839985616685
0.021513931791943587,0.11344839985616685
0.021513931791943587,0.1136281912980942
0.021716746232331743,0.1136281912980942
0.021716746232331743,0.11398777418194894
0.021732347343130832,0.11398777418194894
0.021732347343130832,0.11416756562387631
0.021794751786327185,0.11416756562387631
0.021794751786327185,0.11434735706580366
0.021841555118724452,0.11434735706580366
0.021841555118724452,0.11452714850773103
0.021981965115916255,0.11452714850773103
0.021981965115916255,0.11506652283351312
0.02199756622671534,0.11506652283351312
0.02199756622671534,0.11542610571736785
0.02201316733751443,0.11542610571736785
0.02201316733751443,0.11560589715929522
0.022075571780710786,0.11560589715929522
0.022075571780710786,0.11578568860122258
0.022106774002308965,0.11578568860122258
0.022106774002308965,0.11596548004314995
0.022122375113108054,0.11596548004314995
0.022122375113108054,0.11650485436893204
0.022137976223907143,0.11650485436893204
0.022137976223907143,0.1166846458108594
0.022153577334706232,0.1166846458108594
0.022153577334706232,0.11686443725278677
0.022200380667103496,0.11686443725278677
0.022200380667103496,0.11704422869471413
0.02232518955349621,0.11704422869471413
0.02232518955349621,0.11758360302049622
0.022371992885893477,0.11758360302049622
0.022371992885893477,0.11776339446242359
0.02243439732908983,0.11776339446242359
0.02243439732908983,0.11794318590435095
0.022528003993884365,0.11794318590435095
0.022528003993884365,0.11812297734627832
0.022824425099067052,0.11812297734627832
0.022824425099067052,0.11830276878820568
0.022918031763861587,0.11830276878820568
0.022918031763861587,0.11848256023013305
0.022964835096258854,0.11848256023013305
0.022964835096258854,0.1186623516720604
0.022996037317857033,0.1186623516720604
0.022996037317857033,0.11884214311398777
0.023120846204249743,0.11884214311398777
0.023120846204249743,0.1192017259978425
0.02313644731504883,0.1192017259978425
0.02313644731504883,0.11938151743976987
0.02315204842584792,0.11938151743976987
0.02315204842584792,0.11956130888169723
0.023214452869044278,0.11956130888169723
0.023214452869044278,0.12010068320747933
0.02329245842303972,0.12010068320747933
0.02329245842303972,0.12046026609133405
0.023339261755436987,0.12046026609133405
0.023339261755436987,0.12081984897518878
0.023401666198633344,0.12081984897518878
0.023401666198633344,0.12099964041711614
0.02357327841742332,0.12099964041711614
0.02357327841742332,0.12153901474289824
0.02358887952822241,0.12153901474289824
0.02358887952822241,0.1217188061848256
0.02369808730381603,0.1217188061848256
0.02369808730381603,0.12189859762675297
0.023807295079409655,0.12189859762675297
0.023807295079409655,0.12243797195253506
0.023963306187400543,0.12243797195253506
0.023963306187400543,0.12261776339446243
0.023978907298199632,0.12261776339446243
0.023978907298199632,0.12315713772024452
0.02401010951979781,0.12315713772024452
0.02401010951979781,0.12333692916217188
0.02411931729539143,0.12333692916217188
0.02411931729539143,0.12351672060409924
0.024228525070985055,0.12351672060409924
0.024228525070985055,0.12369651204602661
0.02429092951418141,0.12369651204602661
0.02429092951418141,0.12387630348795398
0.024384536178975943,0.12387630348795398
0.024384536178975943,0.12405609492988134
0.02443133951137321,0.12405609492988134
0.02443133951137321,0.1242358863718087
0.0244469406221723,0.1242358863718087
0.0244469406221723,0.12441567781373607
0.024524946176167742,0.12441567781373607
0.024524946176167742,0.12477526069759079
0.024618552840962277,0.12477526069759079
0.024618552840962277,0.12495505213951816
0.02469655839495772,0.12495505213951816
0.02469655839495772,0.12513484358144553
0.024805766170551344,0.12513484358144553
0.024805766170551344,0.1253146350233729
0.024821367281350433,0.1253146350233729
0.024821367281350433,0.1256742179072276
0.024836968392149522,0.1256742179072276
0.024836968392149522,0.12603380079108234
0.02485256950294861,0.12603380079108234
0.02485256950294861,0.1262135922330097
0.024914973946144964,0.1262135922330097
0.024914973946144964,0.12639338367493708
0.02497737838934132,0.12639338367493708
0.02497737838934132,0.12657317511686444
0.0250085806109395,0.12657317511686444
0.0250085806109395,0.12693275800071915
0.025070985054135856,0.12693275800071915
0.025070985054135856,0.12711254944264652
0.02508658616493494,0.12711254944264652
0.02508658616493494,0.1272923408845739
0.02513338949733221,0.1272923408845739
0.02513338949733221,0.12747213232650126
0.0254298106025149,0.12747213232650126
0.0254298106025149,0.12765192376842863
0.025507816156510342,0.12765192376842863
0.025507816156510342,0.127831715210356
0.02553901837810852,0.127831715210356
0.02553901837810852,0.12801150665228336
0.025585821710505788,0.12801150665228336
0.025585821710505788,0.1281912980942107
0.025710630596898498,0.1281912980942107
0.025710630596898498,0.12837108953613807
0.025773035040094854,0.12837108953613807
0.025788636150893943,0.12855088097806544
0.025788636150893943,0.12909025530384755
0.025804237261693033,0.12909025530384755
0.025804237261693033,0.1292700467457749
0.025913445037286653,0.1292700467457749
0.025913445037286653,0.12962962962962962
0.026007051702081188,0.12962962962962962
0.026007051702081188,0.129809421071557
0.026022652812880277,0.129809421071557
0.026022652812880277,0.12998921251348436
0.026053855034478456,0.12998921251348436
0.026053855034478456,0.1303487953973391
0.02611625947767481,0.1303487953973391
0.02611625947767481,0.13052858683926646
0.026131860588473898,0.13052858683926646
0.026131860588473898,0.1307083782811938
0.026241068364067522,0.1307083782811938
0.026241068364067522,0.13088816972312117
0.02628787169646479,0.13088816972312117
0.02628787169646479,0.13106796116504854
0.026475085026053856,0.13106796116504854
0.026475085026053856,0.1312477526069759
0.026615495023245655,0.1312477526069759
0.026615495023245655,0.13142754404890328
0.02681830946363381,0.13142754404890328
0.02681830946363381,0.13160733549083065
0.026896315017629256,0.13160733549083065
0.026896315017629256,0.13178712693275801
0.02694311835002652,0.13178712693275801
0.02694311835002652,0.13196691837468535
0.02695871946082561,0.13196691837468535
0.02695871946082561,0.13214670981661272
0.027052326125620144,0.13214670981661272
0.027052326125620144,0.1323265012585401
0.027067927236419233,0.1323265012585401
0.027067927236419233,0.13268608414239483
0.027161533901213765,0.13268608414239483
0.027161533901213765,0.1328658755843222
0.027333146120003746,0.1328658755843222
0.027333146120003746,0.13304566702624954
0.027457955006396455,0.13304566702624954
0.027457955006396455,0.1332254584681769
0.027567162781990076,0.1332254584681769
0.027567162781990076,0.13358504135203164
0.027645168335985522,0.13358504135203164
0.027645168335985522,0.13412441567781375
0.02780117944397641,0.13412441567781375
0.02780117944397641,0.1343042071197411
0.027988392773565476,0.1343042071197411
0.027988392773565476,0.13448399856166846
0.028003993884364566,0.13448399856166846
0.028003993884364566,0.13466379000359582
0.028019594995163655,0.13466379000359582
0.028019594995163655,0.1348435814455232
0.02812880277075728,0.1348435814455232
0.02812880277075728,0.13502337288745056
0.028160004992355457,0.13502337288745056
0.028160004992355457,0.13556274721323264
0.028175606103154546,0.13556274721323264
0.028175606103154546,0.13574253865516
0.02822240943555181,0.13574253865516
0.02822240943555181,0.13610212153901474
0.0282380105463509,0.13610212153901474
0.02825361165714999,0.1362819129809421
0.028284813878748167,0.1362819129809421
0.028284813878748167,0.13664149586479685
0.028316016100346345,0.13664149586479685
0.028316016100346345,0.13718087019057892
0.028331617211145434,0.13718087019057892
0.028331617211145434,0.1373606616325063
0.028394021654341788,0.1373606616325063
0.028394021654341788,0.13754045307443366
0.028409622765140877,0.13754045307443366
0.028409622765140877,0.1379000359582884
0.028425223875939966,0.1379000359582884
0.028425223875939966,0.1382596188421431
0.028472027208337233,0.1382596188421431
0.028472027208337233,0.13861920172599784
0.028487628319136322,0.13861920172599784
0.028487628319136322,0.1387989931679252
0.02855003276233268,0.1387989931679252
0.02855003276233268,0.13897878460985258
0.02856563387313177,0.13897878460985258
0.02856563387313177,0.13915857605177995
0.02862803831632812,0.13915857605177995
0.02862803831632812,0.1393383674937073
0.02864363942712721,0.1393383674937073
0.02864363942712721,0.13951815893563466
0.028815251645917188,0.13951815893563466
0.028815251645917188,0.13969795037756202
0.0289400605323099,0.13969795037756202
0.0289400605323099,0.1398777418194894
0.029018066086305343,0.1398777418194894
0.029018066086305343,0.14023732470334413
0.029158476083497146,0.14023732470334413
0.029158476083497146,0.14059690758719884
0.029189678305095324,0.14059690758719884
0.029189678305095324,0.1407766990291262
0.029205279415894413,0.1407766990291262
0.029205279415894413,0.14095649047105357
0.0292208805266935,0.14095649047105357
0.0292208805266935,0.14149586479683568
0.02951730163187619,0.14149586479683568
0.02951730163187619,0.14167565623876305
0.0296421105182689,0.14167565623876305
0.0296421105182689,0.1418554476806904
0.02979812162625979,0.1418554476806904
0.02979812162625979,0.14221503056454513
0.02981372273705888,0.14221503056454513
0.02981372273705888,0.1423948220064725
0.02993853162345159,0.1423948220064725
0.02993853162345159,0.14257461344839986
0.030016537177447036,0.14257461344839986
0.030016537177447036,0.1429341963322546
0.030032138288246125,0.1429341963322546
0.0300633405098443,0.1429341963322546
0.030172548285437924,0.1429341963322546
0.030172548285437924,0.14311398777418194
0.030203750507036102,0.14311398777418194
0.030203750507036102,0.1432937792161093
0.03023495272863428,0.1432937792161093
0.030250553839433366,0.14347357065803668
0.030250553839433366,0.14365336209996404
0.030297357171830634,0.14365336209996404
0.030297357171830634,0.14401294498381878
0.03037536272582608,0.14401294498381878
0.03037536272582608,0.14419273642574612
0.03039096383662517,0.14419273642574612
0.03039096383662517,0.1443725278676735
0.030406564947424258,0.1443725278676735
0.030406564947424258,0.14455231930960086
0.030437767169022436,0.14455231930960086
0.030437767169022436,0.14473211075152823
0.03050017161221879,0.14473211075152823
0.03050017161221879,0.1449119021934556
0.030624980498611502,0.1449119021934556
0.03065618272020968,0.1449119021934556
0.030671783831008766,0.1449119021934556
0.030671783831008766,0.14509169363538296
0.030687384941807856,0.14509169363538296
0.030687384941807856,0.14545127651923767
0.030749789385004212,0.14545127651923767
0.030749789385004212,0.14563106796116504
0.030999407157789635,0.14563106796116504
0.030999407157789635,0.1458108594030924
0.031015008268588724,0.1458108594030924
0.031015008268588724,0.14599065084501978
0.031093013822584167,0.14599065084501978
0.031093013822584167,0.14617044228694714
0.031155418265780523,0.14617044228694714
0.031155418265780523,0.14653002517080188
0.03134263159536959,0.14653002517080188
0.03134263159536959,0.14670981661272922
0.03138943492776686,0.14670981661272922
0.03138943492776686,0.1468896080546566
0.031436238260164125,0.1468896080546566
0.031436238260164125,0.14706939949658396
0.0314674404817623,0.14706939949658396
0.0314674404817623,0.14724919093851133
0.03148304159256139,0.14724919093851133
0.03148304159256139,0.1474289823804387
0.03151424381415957,0.1474289823804387
0.03151424381415957,0.14760877382236606
0.03154544603575775,0.14760877382236606
0.03154544603575775,0.14778856526429343
0.03159224936815501,0.14778856526429343
0.03159224936815501,0.14796835670622077
0.0316078504789541,0.14796835670622077
0.0316078504789541,0.1483279395900755
0.031654653811351366,0.1483279395900755
0.031654653811351366,0.14850773103200288
0.0317482604761459,0.14850773103200288
0.0317482604761459,0.14868752247393024
0.03182626603014135,0.14868752247393024
0.03182626603014135,0.14904710535778498
0.032309900464913104,0.14904710535778498
0.032309900464913104,0.1494066882416397
0.03248151268370308,0.1494066882416397
0.03248151268370308,0.14958647968356706
0.032543917126899434,0.14958647968356706
0.032543917126899434,0.14976627112549443
0.032699928234890326,0.14976627112549443
0.032699928234890326,0.1499460625674218
0.0328715404536803,0.1499460625674218
0.0328715404536803,0.15012585400934916
0.03291834378607757,0.15012585400934916
0.03291834378607757,0.15030564545127653
0.032949546007675745,0.15030564545127653
0.032949546007675745,0.15048543689320387
0.03310555711566664,0.15048543689320387
0.03310555711566664,0.15066522833513124
0.033136759337264815,0.15066522833513124
0.033136759337264815,0.1508450197770586
0.03333957377765297,0.1508450197770586
0.03333957377765297,0.15102481121898598
0.03341757933164841,0.15102481121898598
0.03341757933164841,0.15120460266091335
0.03360479266123748,0.15120460266091335
0.03360479266123748,0.1513843941028407
0.033792005990826546,0.1513843941028407
0.033792005990826546,0.15156418554476808
0.033807607101625635,0.15156418554476808
0.033807607101625635,0.15174397698669542
0.03383880932322381,0.15174397698669542
0.03383880932322381,0.1519237684286228
0.0338544104340229,0.1519237684286228
0.0338544104340229,0.15228335131247753
0.03391681487721926,0.15228335131247753
0.03391681487721926,0.1524631427544049
0.03394801709881744,0.1524631427544049
0.03394801709881744,0.15264293419633226
0.033994820431214705,0.15264293419633226
0.033994820431214705,0.15282272563825963
0.03402602265281288,0.15282272563825963
0.03402602265281288,0.15300251708018697
0.034244438204000124,0.15300251708018697
0.0342756404255983,0.15300251708018697
0.0342756404255983,0.15318230852211434
0.03432244375799557,0.15318230852211434
0.03432244375799557,0.1533620999640417
0.03433804486879466,0.1533620999640417
0.03433804486879466,0.15390147428982381
0.03446285375518737,0.15390147428982381
0.03446285375518737,0.15408126573175118
0.034478454865986455,0.15408126573175118
0.034478454865986455,0.15426105717367852
0.0345564604199819,0.15426105717367852
0.0345564604199819,0.1544408486156059
0.03461886486317826,0.1544408486156059
0.03461886486317826,0.15480043149946063
0.03471247152797279,0.15480043149946063
0.03471247152797279,0.154980222941388
0.03477487597116915,0.154980222941388
0.03477487597116915,0.15516001438331536
0.034821679303566416,0.15516001438331536
0.034821679303566416,0.15569938870909744
0.034852881525164595,0.15569938870909744
0.034852881525164595,0.15605897159295218
0.03488408374676277,0.15605897159295218
0.03488408374676277,0.15641855447680691
0.03494648818995912,0.15641855447680691
0.03494648818995912,0.15659834591873426
0.03496208930075821,0.15659834591873426
0.03496208930075821,0.156957928802589
0.0349776904115573,0.156957928802589
0.0349776904115573,0.15713772024451636
0.03514930263034728,0.15713772024451636
0.03514930263034728,0.15731751168644373
0.035352117070735434,0.15731751168644373
0.035352117070735434,0.1574973031283711
0.03555493151112359,0.1574973031283711
0.03555493151112359,0.15767709457029846
0.035695341508315395,0.15767709457029846
0.035695341508315395,0.1578568860122258
0.035742144840712656,0.1578568860122258
0.035742144840712656,0.15803667745415317
0.035773347062310834,0.15803667745415317
0.035773347062310834,0.15821646889608054
0.03580454928390901,0.15821646889608054
0.03580454928390901,0.1583962603380079
0.03588255483790446,0.1583962603380079
0.03588255483790446,0.15875584322186265
0.035929358170301726,0.15875584322186265
0.035929358170301726,0.15893563466379002
0.035960560391899904,0.15893563466379002
0.035960560391899904,0.15929521754764472
0.03597616150269899,0.15929521754764472
0.03597616150269899,0.1594750089895721
0.03606976816749353,0.1594750089895721
0.03606976816749353,0.15983459187342683
0.03613217261068988,0.15983459187342683
0.03613217261068988,0.1600143833153542
0.036194577053886234,0.1600143833153542
0.036194577053886234,0.16019417475728157
0.03627258260788168,0.16019417475728157
0.03627258260788168,0.16073354908306364
0.03631938594027895,0.16073354908306364
0.03631938594027895,0.16109313196691838
0.036366189272676215,0.16109313196691838
0.036366189272676215,0.16127292340884575
0.03639739149427439,0.16127292340884575
0.03639739149427439,0.16145271485077312
0.03641299260507348,0.16145271485077312
0.03641299260507348,0.16181229773462782
0.03642859371587257,0.16181229773462782
0.03642859371587257,0.1619920891765552
0.03645979593747075,0.1619920891765552
0.03645979593747075,0.16217188061848256
0.03647539704826984,0.16217188061848256
0.03647539704826984,0.16235167206040993
0.036584604823863456,0.16235167206040993
0.036584604823863456,0.1625314635023373
0.03669381259945708,0.1625314635023373
0.03669381259945708,0.162891046386192
0.036787419264251615,0.162891046386192
0.036787419264251615,0.16307083782811937
0.036818621485849794,0.16307083782811937
0.036818621485849794,0.16325062927004674
0.03699023370463977,0.16325062927004674
0.03699023370463977,0.16379000359582885
0.03700583481543886,0.16379000359582885
0.03700583481543886,0.16396979503775622
0.037021435926237946,0.16396979503775622
0.037021435926237946,0.16414958647968356
0.037037037037037035,0.16414958647968356
0.037037037037037035,0.1645091693635383
0.03716184592342975,0.1645091693635383
0.03716184592342975,0.16468896080546566
0.03725545258822428,0.16468896080546566
0.03725545258822428,0.16522833513124774
0.03728665480982246,0.16522833513124774
0.03728665480982246,0.16558791801510248
0.03752067147180879,0.16558791801510248
0.03752067147180879,0.16576770945702984
0.03761427813660333,0.16576770945702984
0.03761427813660333,0.1659475008989572
0.037645480358201505,0.1659475008989572
0.037645480358201505,0.16612729234088458
0.03780149146619239,0.16612729234088458
0.03780149146619239,0.16630708378281195
0.03781709257699148,0.16630708378281195
0.03781709257699148,0.1664868752247393
0.03784829479858966,0.1664868752247393
0.03784829479858966,0.16666666666666666
0.037910699241786014,0.16666666666666666
0.037910699241786014,0.16684645810859403
0.03795750257418328,0.16684645810859403
0.03795750257418328,0.1670262495505214
0.03797310368498237,0.1670262495505214
0.03797310368498237,0.1675656238763035
0.03801990701737964,0.1675656238763035
0.03801990701737964,0.16774541531823084
0.038066710349776905,0.16774541531823084
0.038066710349776905,0.16810499820208558
0.03811351368217417,0.16810499820208558
0.03811351368217417,0.1684645810859403
0.03822272145776779,0.1684645810859403
0.03822272145776779,0.16864437252786768
0.038300727011763236,0.16864437252786768
0.038300727011763236,0.16882416396979505
0.038316328122562325,0.16882416396979505
0.038316328122562325,0.16918374685364976
0.038331929233361414,0.16918374685364976
0.038331929233361414,0.16936353829557713
0.03837873256575868,0.16936353829557713
0.03837873256575868,0.1695433297375045
0.03844113700895504,0.1695433297375045
0.03844113700895504,0.16990291262135923
0.038503541452151395,0.16990291262135923
0.038503541452151395,0.1700827040632866
0.03855034478454866,0.1700827040632866
0.03855034478454866,0.17026249550521394
0.03856594589534775,0.17026249550521394
0.03856594589534775,0.1704422869471413
0.0386283503385441,0.1704422869471413
0.0386283503385441,0.17062207838906868
0.03864395144934319,0.17062207838906868
0.03864395144934319,0.17080186983099604
0.0390495803301195,0.17080186983099604
0.0390495803301195,0.1709816612729234
0.039158788105713126,0.1709816612729234
0.039158788105713126,0.17116145271485078
0.03922119254890948,0.17116145271485078
0.03922119254890948,0.17170082704063286
0.03928359699210584,0.17170082704063286
0.03928359699210584,0.17188061848256023
0.039377203656900374,0.17188061848256023
0.039377203656900374,0.1720604099244876
0.03945520921089581,0.1720604099244876
0.03945520921089581,0.17224020136641496
0.039580018097288526,0.17224020136641496
0.039580018097288526,0.17241999280834233
0.03964242254048488,0.17241999280834233
0.03964242254048488,0.1725997842502697
0.039767231426877596,0.1725997842502697
0.039767231426877596,0.17277957569219704
0.039798433648475774,0.17277957569219704
0.039798433648475774,0.1729593671341244
0.03995444475646666,0.1729593671341244
0.03995444475646666,0.17313915857605178
0.040001248088863926,0.17313915857605178
0.040001248088863926,0.17331895001797915
0.040016849199663015,0.17331895001797915
0.040016849199663015,0.1734987414599065
0.04007925364285937,0.1734987414599065
0.04007925364285937,0.17367853290183388
0.04011045586445755,0.17367853290183388
0.04011045586445755,0.1740381157856886
0.04015725919685482,0.1740381157856886
0.04015725919685482,0.17421790722761596
0.04034447252644388,0.17421790722761596
0.04034447252644388,0.1745774901114707
0.04036007363724297,0.1745774901114707
0.04036007363724297,0.17475728155339806
0.040453680302037505,0.17475728155339806
0.040453680302037505,0.17493707299532543
0.040469281412836594,0.17493707299532543
0.040469281412836594,0.1751168644372528
0.040609691410028396,0.1751168644372528
0.040609691410028396,0.17529665587918014
0.040640893631626575,0.17529665587918014
0.040640893631626575,0.1754764473211075
0.040672095853224746,0.1754764473211075
0.040672095853224746,0.17565623876303488
0.040703298074822925,0.17565623876303488
0.040703298074822925,0.17583603020496225
0.04118693250959468,0.17583603020496225
0.04118693250959468,0.17601582164688961
0.04120253362039377,0.17601582164688961
0.04120253362039377,0.17619561308881698
0.04126493806359013,0.17619561308881698
0.04126493806359013,0.17637540453074432
0.041327342506786484,0.17637540453074432
0.041327342506786484,0.1765551959726717
0.04137414583918375,0.1765551959726717
0.04137414583918375,0.17673498741459906
0.04143655028238011,0.17673498741459906
0.04143655028238011,0.17691477885652643
0.0414521513931792,0.17691477885652643
0.0414521513931792,0.17745415318230853
0.041483353614777375,0.17745415318230853
0.041483353614777375,0.17763394462423587
0.04160816250117008,0.17763394462423587
0.04160816250117008,0.17781373606616324
0.04168616805516553,0.17781373606616324
0.04168616805516553,0.1779935275080906
0.04184217916315642,0.1779935275080906
0.04184217916315642,0.17835311039194535
0.04192018471715186,0.17835311039194535
0.04192018471715186,0.17853290183387271
0.042169802489937284,0.17853290183387271
0.042169802489937284,0.17871269327580008
0.042185403600736374,0.17871269327580008
0.042185403600736374,0.17889248471772742
0.04243502137352179,0.17889248471772742
0.04243502137352179,0.1790722761596548
0.04245062248432088,0.1790722761596548
0.04245062248432088,0.17943185904350953
0.04252862803831633,0.17943185904350953
0.04252862803831633,0.1796116504854369
0.04270024025710631,0.1796116504854369
0.04273144247870449,0.1796116504854369
0.04279384692190084,0.1796116504854369
0.04279384692190084,0.17979144192736426
0.04291865580829355,0.17979144192736426
0.04291865580829355,0.17997123336929163
0.043027863583887174,0.17997123336929163
0.043027863583887174,0.18015102481121897
0.04304346469468626,0.18015102481121897
0.04304346469468626,0.18033081625314634
0.04309026802708353,0.18033081625314634
0.04309026802708353,0.1805106076950737
0.04312147024868171,0.1805106076950737
0.04312147024868171,0.18069039913700108
0.04330868357827077,0.18069039913700108
0.04330868357827077,0.18087019057892845
0.04332428468906986,0.18087019057892845
0.04332428468906986,0.18122977346278318
0.043698711348247994,0.18122977346278318
0.043698711348247994,0.18140956490471052
0.0438391213454398,0.18140956490471052
0.0438391213454398,0.18176914778856526
0.043870323567037975,0.18176914778856526
0.043870323567037975,0.18194893923049263
0.04397953134263159,0.18194893923049263
0.04397953134263159,0.18212873067242
0.04404193578582795,0.18212873067242
0.04404193578582795,0.18284789644012944
0.04415114356142157,0.18284789644012944
0.04415114356142157,0.1830276878820568
0.04422914911541702,0.1830276878820568
0.04422914911541702,0.18320747932398418
0.044275952447814286,0.18320747932398418
0.044275952447814286,0.18338727076591155
0.044291553558613375,0.18338727076591155
0.044291553558613375,0.18356706220783892
0.044307154669412464,0.18356706220783892
0.044307154669412464,0.18374685364976628
0.04433835689101064,0.18374685364976628
0.04433835689101064,0.18392664509169362
0.04436955911260882,0.18392664509169362
0.04436955911260882,0.184106436533621
0.0443851602234079,0.184106436533621
0.0443851602234079,0.18428622797554836
0.04441636244500608,0.18428622797554836
0.04441636244500608,0.18446601941747573
0.04447876688820244,0.18446601941747573
0.04447876688820244,0.1846458108594031
0.04479078910418422,0.1846458108594031
0.04479078910418422,0.18482560230133047
0.04485319354738057,0.18482560230133047
0.04485319354738057,0.18500539374325783
0.04507160909856782,0.18500539374325783
0.04507160909856782,0.18518518518518517
0.045149614652563265,0.18518518518518517
0.045149614652563265,0.18536497662711254
0.045165215763362354,0.18536497662711254
0.045165215763362354,0.1855447680690399
0.04519641798496053,0.1855447680690399
0.04519641798496053,0.18572455951096728
0.04530562576055415,0.18572455951096728
0.04530562576055415,0.18608414239482202
0.045399232425348685,0.18608414239482202
0.045399232425348685,0.18644372527867673
0.04543043464694686,0.18644372527867673
0.04543043464694686,0.18680330816253146
0.045602046865736844,0.18680330816253146
0.045602046865736844,0.1871628910463862
0.04572685575212955,0.1871628910463862
0.04572685575212955,0.18734268248831357
0.04574245686292864,0.18734268248831357
0.04574245686292864,0.18770226537216828
0.04575805797372773,0.18770226537216828
0.04575805797372773,0.18788205681409564
0.04577365908452682,0.18788205681409564
0.04577365908452682,0.18824163969795038
0.045789260195325907,0.18824163969795038
0.045789260195325907,0.18842143113987775
0.045804861306124996,0.18842143113987775
0.045804861306124996,0.18878101402373246
0.04585166463852226,0.18878101402373246
0.04585166463852226,0.18896080546565983
0.04589846797091953,0.18896080546565983
0.04589846797091953,0.18950017979144193
0.046038877968111326,0.18950017979144193
0.046038877968111326,0.1896799712333693
0.046070080189709504,0.1896799712333693
0.046070080189709504,0.18985976267529667
0.046085681300508594,0.18985976267529667
0.046085681300508594,0.190039554117224
0.04614808574370495,0.190039554117224
0.04614808574370495,0.19021934555915138
0.04628849574089675,0.19021934555915138
0.04628849574089675,0.19039913700107874
0.04631969796249493,0.19039913700107874
0.04631969796249493,0.19075871988493348
0.04633529907329402,0.19075871988493348
0.04633529907329402,0.19093851132686085
0.046475709070485816,0.19093851132686085
0.046475709070485816,0.19111830276878822
0.046506911292083994,0.19111830276878822
0.046506911292083994,0.19129809421071556
0.04652251240288308,0.19129809421071556
0.04655371462448126,0.19129809421071556
0.04655371462448126,0.19147788565264293
0.04660051795687853,0.19147788565264293
0.04660051795687853,0.19183746853649766
0.04661611906767762,0.19183746853649766
0.04661611906767762,0.19201725997842503
0.04670972573247215,0.19201725997842503
0.04670972573247215,0.1921970514203524
0.0467877312864676,0.1921970514203524
0.0467877312864676,0.19237684286227977
0.046834534618864866,0.19237684286227977
0.046834534618864866,0.1925566343042071
0.046896939062061216,0.1925566343042071
0.046896939062061216,0.19273642574613448
0.04694374239445848,0.19273642574613448
0.04694374239445848,0.19291621718806184
0.04705295017005211,0.19291621718806184
0.04705295017005211,0.1930960086299892
0.047333770164435705,0.1930960086299892
0.047333770164435705,0.19327580007191658
0.04739617460763206,0.19327580007191658
0.04739617460763206,0.19345559151384395
0.04759898904802022,0.19345559151384395
0.04759898904802022,0.19363538295577132
0.047770601266810195,0.19363538295577132
0.047770601266810195,0.19381517439769866
0.04781740459920746,0.19381517439769866
0.04781740459920746,0.1941747572815534
0.04787980904240382,0.1941747572815534
0.04787980904240382,0.19435454872348076
0.047926612374801086,0.19435454872348076
0.047926612374801086,0.19453434016540813
0.048191831258385595,0.19453434016540813
0.048191831258385595,0.1947141316073355
0.048394645698773754,0.1947141316073355
0.048394645698773754,0.19489392304926287
0.04842584792037193,0.19489392304926287
0.04842584792037193,0.1950737144911902
0.048644263471559174,0.1950737144911902
0.048644263471559174,0.19525350593311758
0.04886267902274642,0.19525350593311758
0.04886267902274642,0.19543329737504495
0.0488938812443446,0.19543329737504495
0.0488938812443446,0.1956130888169723
0.04900308901993822,0.1956130888169723
0.04900308901993822,0.19579288025889968
0.049065493463134574,0.19579288025889968
0.049065493463134574,0.19597267170082705
0.04908109457393366,0.19597267170082705
0.04908109457393366,0.19615246314275442
0.04909669568473275,0.19615246314275442
0.04909669568473275,0.19633225458468176
0.04929951012512091,0.19633225458468176
0.04929951012512091,0.19651204602660913
0.04936191456831726,0.19651204602660913
0.04936191456831726,0.19687162891046386
0.04937751567911635,0.19687162891046386
0.04937751567911635,0.1972312117943186
0.04943992012231271,0.1972312117943186
0.04943992012231271,0.19741100323624594
0.04951792567630815,0.19741100323624594
0.04951792567630815,0.1975907946781733
0.04956472900870542,0.1975907946781733
0.04956472900870542,0.19777058612010068
0.0495959312303036,0.19777058612010068
0.0495959312303036,0.19795037756202805
0.04962713345190178,0.19795037756202805
0.04962713345190178,0.19813016900395541
0.04972074011669631,0.19813016900395541
0.04972074011669631,0.19830996044588278
0.04981434678149084,0.19830996044588278
0.04981434678149084,0.1986695433297375
0.04993915566788355,0.1986695433297375
0.04993915566788355,0.19884933477166486
0.050017161221879,0.19884933477166486
0.050017161221879,0.19902912621359223
0.05014197010827171,0.19902912621359223
0.05014197010827171,0.1992089176555196
0.0501575712190708,0.1992089176555196
0.0501575712190708,0.19938870909744696
0.05017317232986988,0.19938870909744696
0.05017317232986988,0.19956850053937433
0.05020437455146806,0.19956850053937433
0.05020437455146806,0.1997482919813017
0.05021997566226715,0.1997482919813017
0.05021997566226715,0.2001078748651564
0.05046959343505258,0.2001078748651564
0.05046959343505258,0.20028766630708378
0.050516396767449845,0.20028766630708378
0.050516396767449845,0.20082704063286588
0.05054759898904802,0.20082704063286588
0.05054759898904802,0.20136641495864796
0.05070361009703891,0.20136641495864796
0.05070361009703891,0.20154620640057533
0.05079721676183344,0.20154620640057533
0.05079721676183344,0.2017259978425027
0.05082841898343162,0.2017259978425027
0.05082841898343162,0.20208558072635743
0.05087522231582889,0.20208558072635743
0.05087522231582889,0.2022653721682848
0.050922025648226156,0.2022653721682848
0.050922025648226156,0.20244516361021214
0.050937626759025245,0.20244516361021214
0.050937626759025245,0.2026249550521395
0.05106243564541795,0.2026249550521395
0.05106243564541795,0.20280474649406688
0.0512808511966052,0.20280474649406688
0.0512808511966052,0.20298453793599425
0.051405660082997906,0.20298453793599425
0.051405660082997906,0.20316432937792162
0.05146806452619426,0.20316432937792162
0.05146806452619426,0.20352391226177635
0.05149926674779244,0.20352391226177635
0.05149926674779244,0.20406328658755843
0.05157727230178789,0.20406328658755843
0.05157727230178789,0.2042430780294858
0.05163967674498424,0.2042430780294858
0.05163967674498424,0.20442286947141317
0.05174888452057787,0.20442286947141317
0.05174888452057787,0.20460266091334053
0.05190489562856875,0.20460266091334053
0.05190489562856875,0.20496224379719524
0.052045305625760555,0.20496224379719524
0.052045305625760555,0.2051420352391226
0.05217011451215327,0.2051420352391226
0.05217011451215327,0.20532182668104998
0.05224812006614871,0.20532182668104998
0.052279322287746885,0.20532182668104998
0.052279322287746885,0.20550161812297735
0.052450934506536866,0.20550161812297735
0.052450934506536866,0.20568140956490472
0.05249773783893413,0.20568140956490472
0.05249773783893413,0.20586120100683208
0.05251333894973322,0.20586120100683208
0.05251333894973322,0.20604099244875945
0.05260694561452776,0.20604099244875945
0.05260694561452776,0.2062207838906868
0.052716153390121374,0.2062207838906868
0.052716153390121374,0.20658036677454153
0.05284096227651409,0.20658036677454153
0.05284096227651409,0.2067601582164689
0.052887765608911355,0.2067601582164689
0.052887765608911355,0.20693994965839627
0.052903366719710444,0.20693994965839627
0.052903366719710444,0.20711974110032363
0.05298137227370589,0.20711974110032363
0.05298137227370589,0.207299532542251
0.05301257449530407,0.207299532542251
0.05301257449530407,0.20747932398417834
0.05302817560610316,0.20747932398417834
0.05302817560610316,0.2076591154261057
0.05318418671409404,0.2076591154261057
0.05318418671409404,0.20783890686803308
0.053558613373272175,0.20783890686803308
0.053558613373272175,0.20819848975188782
0.05358981559487035,0.20819848975188782
0.05358981559487035,0.20837828119381518
0.05360541670566944,0.20837828119381518
0.05360541670566944,0.20855807263574253
0.05371462448126307,0.20855807263574253
0.05371462448126307,0.2087378640776699
0.0538082311460576,0.2087378640776699
0.0538082311460576,0.20891765551959726
0.05385503447845487,0.20891765551959726
0.05385503447845487,0.20909744696152463
0.0539486411432494,0.20909744696152463
0.0539486411432494,0.209277238403452
0.053964242254048486,0.209277238403452
0.053964242254048486,0.20945702984537937
0.05405784891884302,0.20945702984537937
0.05405784891884302,0.20963682128730673
0.0540890511404412,0.20963682128730673
0.0540890511404412,0.20981661272923408
0.054167056694436645,0.20981661272923408
0.054167056694436645,0.2101761956130888
0.05435427002402571,0.2101761956130888
0.05435427002402571,0.21035598705501618
0.054401073356422976,0.21035598705501618
0.054401073356422976,0.21053577849694355
0.05452588224281569,0.21053577849694355
0.05452588224281569,0.21089536138079829
0.05454148335361478,0.21089536138079829
0.05454148335361478,0.21107515282272563
0.054588286686012046,0.21107515282272563
0.054588286686012046,0.211254944264653
0.054619488907610224,0.211254944264653
0.0546506911292084,0.211254944264653
0.0546506911292084,0.21143473570658036
0.05468189335080658,0.21143473570658036
0.05468189335080658,0.21161452714850773
0.05469749446160567,0.21161452714850773
0.05469749446160567,0.2117943185904351
0.05490030890199382,0.2117943185904351
0.05490030890199382,0.21197411003236247
0.054931511123592,0.21197411003236247
0.054931511123592,0.21215390147428984
0.055025117788386535,0.21215390147428984
0.055025117788386535,0.21251348435814454
0.05505632000998471,0.21251348435814454
0.05505632000998471,0.2126932758000719
0.0550719211207838,0.2126932758000719
0.0550719211207838,0.21305285868392665
0.05508752223158289,0.21305285868392665
0.05508752223158289,0.21323265012585402
0.05519673000717651,0.21323265012585402
0.05519673000717651,0.21341244156778139
0.05522793222877469,0.21341244156778139
0.05522793222877469,0.21359223300970873
0.055259134450372865,0.21359223300970873
0.055259134450372865,0.2137720244516361
0.0553527411151674,0.2137720244516361
0.0553527411151674,0.21395181589356346
0.055461948890761024,0.21395181589356346
0.055461948890761024,0.21413160733549083
0.05561795999875191,0.21413160733549083
0.05561795999875191,0.2143113987774182
0.055680364441948266,0.2143113987774182
0.055680364441948266,0.21449119021934557
0.05572716777434553,0.21449119021934557
0.05572716777434553,0.21467098166127294
0.0557739711067428,0.21467098166127294
0.0557739711067428,0.21485077310320028
0.055867577771537336,0.21485077310320028
0.055867577771537336,0.215210355987055
0.055898779993135514,0.215210355987055
0.055898779993135514,0.21539014742898238
0.055961184436331864,0.21539014742898238
0.055961184436331864,0.21556993887090975
0.05597678554713095,0.21556993887090975
0.05597678554713095,0.21574973031283712
0.05599238665793004,0.21574973031283712
0.05599238665793004,0.2159295217547645
0.05603918999032731,0.2159295217547645
0.05603918999032731,0.21610931319669183
0.0560547911011264,0.21610931319669183
0.0560547911011264,0.2162891046386192
0.05607039221192549,0.2162891046386192
0.05607039221192549,0.21664868752247393
0.05621080220911729,0.21664868752247393
0.05621080220911729,0.2168284789644013
0.056288807763112736,0.2168284789644013
0.056288807763112736,0.21700827040632867
0.056304408873911825,0.21700827040632867
0.056304408873911825,0.21718806184825604
0.056366813317108175,0.21718806184825604
0.056382414427907264,0.21736785329018338
0.05641361664950544,0.21736785329018338
0.05641361664950544,0.21754764473211075
0.0566164310898936,0.21754764473211075
0.0566164310898936,0.2177274361740381
0.056756841087085404,0.2177274361740381
0.056756841087085404,0.21790722761596548
0.05688164997347811,0.21790722761596548
0.05688164997347811,0.21808701905789285
0.05694405441667447,0.21808701905789285
0.05694405441667447,0.21826681049982022
0.057193672189459886,0.21826681049982022
0.057193672189459886,0.21844660194174756
0.057224874411058065,0.21844660194174756
0.057224874411058065,0.21862639338367493
0.057240475521857154,0.21862639338367493
0.057240475521857154,0.2188061848256023
0.05725607663265624,0.2188061848256023
0.05725607663265624,0.21898597626752966
0.05736528440824987,0.21898597626752966
0.05736528440824987,0.21916576770945703
0.057380885519048956,0.21916576770945703
0.057380885519048956,0.2193455591513844
0.057427688851446224,0.2193455591513844
0.057427688851446224,0.21952535059331177
0.05747449218384349,0.21952535059331177
0.05747449218384349,0.2197051420352391
0.057661705513432554,0.2197051420352391
0.057661705513432554,0.21988493347716648
0.05767730662423164,0.21988493347716648
0.05767730662423164,0.22006472491909385
0.05794252550781616,0.22006472491909385
0.05794252550781616,0.22024451636102121
0.058098536615807043,0.22024451636102121
0.058098536615807043,0.22042430780294858
0.05811413772660613,0.22042430780294858
0.05811413772660613,0.22060409924487595
0.05817654216980249,0.22060409924487595
0.05817654216980249,0.22078389068680332
0.058238946612998846,0.22078389068680332
0.058238946612998846,0.22096368212873066
0.05837935661019065,0.22096368212873066
0.05837935661019065,0.2213232650125854
0.058488564385784265,0.2213232650125854
0.058488564385784265,0.22150305645451276
0.05853536771818153,0.22150305645451276
0.05853536771818153,0.2218626393383675
0.05875378326936878,0.2218626393383675
0.05875378326936878,0.2222222222222222
0.05881618771256514,0.2222222222222222
0.05881618771256514,0.22240201366414958
0.05898779993135511,0.22240201366414958
0.05898779993135511,0.22258180510607695
0.05906580548535056,0.22258180510607695
0.05906580548535056,0.22330097087378642
0.05917501326094418,0.22330097087378642
0.05917501326094418,0.22348076231571376
0.05929982214733689,0.22348076231571376
0.05929982214733689,0.22366055375764113
0.05940902992293051,0.22366055375764113
0.05940902992293051,0.22402013664149587
0.0594246310337296,0.22402013664149587
0.0594246310337296,0.22419992808342323
0.05948703547692596,0.22419992808342323
0.05948703547692596,0.2243797195253506
0.05950263658772505,0.2243797195253506
0.05950263658772505,0.22455951096727797
0.059518237698524136,0.22455951096727797
0.059518237698524136,0.22491909385113268
0.059533838809323225,0.22491909385113268
0.059533838809323225,0.22509888529306005
0.05973665324971138,0.22509888529306005
0.05973665324971138,0.22527867673498742
0.059783456582108645,0.22527867673498742
0.059783456582108645,0.22545846817691478
0.059845861025305,0.22545846817691478
0.059845861025305,0.22563825961884215
0.05987706324690318,0.22563825961884215
0.05987706324690318,0.22599784250269686
0.059939467690099536,0.22599784250269686
0.059939467690099536,0.22617763394462423
0.06004867546569316,0.22617763394462423
0.06004867546569316,0.2263574253865516
0.06006427657649225,0.2263574253865516
0.06006427657649225,0.2272563825961884
0.060189085462884956,0.2272563825961884
0.060189085462884956,0.22743617403811578
0.060220287684483134,0.22743617403811578
0.060220287684483134,0.22761596548004315
0.06025148990608131,0.22761596548004315
0.06025148990608131,0.22779575692197052
0.06028269212767949,0.22779575692197052
0.06028269212767949,0.22833513124775262
0.06043870323567038,0.22833513124775262
0.06043870323567038,0.22851492268967996
0.060547911011264,0.22851492268967996
0.060547911011264,0.22869471413160733
0.060641517676058534,0.22869471413160733
0.060641517676058534,0.2288745055735347
0.06071952323005398,0.2288745055735347
0.06071952323005398,0.22905429701546207
0.06076632656245125,0.22905429701546207
0.06076632656245125,0.22923408845738943
0.06087553433804487,0.22923408845738943
0.06087553433804487,0.2294138798993168
0.061062747667633935,0.2294138798993168
0.061062747667633935,0.2297734627831715
0.06109394988923211,0.2297734627831715
0.06109394988923211,0.22995325422509888
0.061265562108022094,0.22995325422509888
0.061265562108022094,0.23013304566702625
0.06135916877281662,0.23013304566702625
0.06135916877281662,0.23049262855088098
0.06142157321601298,0.23049262855088098
0.06142157321601298,0.23067241999280835
0.0618116009859902,0.23067241999280835
0.0618116009859902,0.2308522114347357
0.06196761209398109,0.2308522114347357
0.06196761209398109,0.23103200287666306
0.062092420980373805,0.23103200287666306
0.062092420980373805,0.23121179431859043
0.06221722986676651,0.23121179431859043
0.06221722986676651,0.2313915857605178
0.06227963430996287,0.2313915857605178
0.06227963430996287,0.23175116864437253
0.062326437642360136,0.23175116864437253
0.062326437642360136,0.2319309600862999
0.062357639863958314,0.2319309600862999
0.062357639863958314,0.23211075152822724
0.06240444319635558,0.23211075152822724
0.06240444319635558,0.2322905429701546
0.062654060969141,0.2322905429701546
0.062654060969141,0.23247033441208198
0.0626696620799401,0.23247033441208198
0.0626696620799401,0.23265012585400935
0.06268526319073918,0.23265012585400935
0.06270086430153828,0.23282991729593672
0.06273206652313645,0.23282991729593672
0.06273206652313645,0.23300970873786409
0.06299728540672096,0.23300970873786409
0.06299728540672096,0.2333692916217188
0.06301288651752004,0.2333692916217188
0.06301288651752004,0.23372887450557353
0.06312209429311368,0.23372887450557353
0.06312209429311368,0.2339086659475009
0.06316889762551094,0.2339086659475009
0.06316889762551094,0.23408845738942827
0.06318449873631002,0.23408845738942827
0.06318449873631002,0.234448040273283
0.06323130206870729,0.234448040273283
0.06323130206870729,0.23462783171521034
0.06334050984430091,0.23462783171521034
0.06334050984430091,0.2348076231571377
0.06343411650909545,0.2348076231571377
0.06343411650909545,0.23498741459906508
0.06357452650628725,0.23498741459906508
0.06360572872788542,0.23498741459906508
0.06373053761427813,0.23498741459906508
0.06373053761427813,0.23516720604099245
0.06374613872507723,0.23516720604099245
0.06374613872507723,0.23534699748291982
0.06379294205747449,0.23534699748291982
0.06379294205747449,0.23570658036677455
0.06382414427907267,0.23570658036677455
0.06382414427907267,0.2358863718087019
0.06388654872226902,0.2358863718087019
0.06388654872226902,0.23606616325062926
0.06390214983306812,0.23606616325062926
0.06390214983306812,0.23624595469255663
0.06399575649786265,0.23624595469255663
0.06399575649786265,0.236425746134484
0.06404255983025992,0.236425746134484
0.06404255983025992,0.23660553757641137
0.064058160941059,0.23660553757641137
0.064058160941059,0.23678532901833874
0.06426097538144716,0.23678532901833874
0.06426097538144716,0.2369651204602661
0.0643389809354426,0.2369651204602661
0.0643389809354426,0.23714491190219344
0.06465100315142439,0.23714491190219344
0.06465100315142439,0.2373247033441208
0.06485381759181254,0.2373247033441208
0.06485381759181254,0.23750449478604818
0.06486941870261162,0.23750449478604818
0.06486941870261162,0.23768428622797555
0.06488501981341072,0.23768428622797555
0.06488501981341072,0.23786407766990292
0.06508783425379887,0.23786407766990292
0.06508783425379887,0.2380438691118303
0.0651970420293925,0.2380438691118303
0.0651970420293925,0.23822366055375765
0.06536865424818247,0.23822366055375765
0.06536865424818247,0.238403451995685
0.06544665980217791,0.238403451995685
0.06544665980217791,0.23858324343761236
0.06557146868857062,0.23858324343761236
0.06557146868857062,0.23876303487953973
0.06569627757496334,0.23876303487953973
0.06569627757496334,0.23912261776339447
0.06572747979656152,0.23912261776339447
0.06572747979656152,0.23930240920532184
0.06597709756934694,0.23930240920532184
0.06597709756934694,0.23966199208917655
0.06600829979094512,0.23966199208917655
0.06600829979094512,0.24002157497303128
0.0660395020125433,0.24002157497303128
0.06607070423414146,0.24002157497303128
0.06622671534213236,0.24002157497303128
0.06622671534213236,0.24020136641495865
0.06625791756373053,0.24020136641495865
0.06625791756373053,0.24038115785688602
0.06627351867452963,0.24038115785688602
0.06627351867452963,0.2405609492988134
0.06641392867172143,0.2405609492988134
0.06641392867172143,0.24074074074074073
0.0664607320041187,0.24074074074074073
0.0664607320041187,0.24110032362459546
0.06650753533651596,0.24110032362459546
0.06650753533651596,0.24128011506652283
0.06652313644731504,0.24128011506652283
0.06652313644731504,0.2414599065084502
0.06653873755811414,0.2414599065084502
0.06653873755811414,0.24181948939230494
0.06677275422010047,0.24181948939230494
0.06677275422010047,0.24199928083423228
0.066866360884895,0.24199928083423228
0.066866360884895,0.24217907227615965
0.06689756310649318,0.24217907227615965
0.06689756310649318,0.24235886371808701
0.06725638865487223,0.24235886371808701
0.06725638865487223,0.24253865516001438
0.06750600642765765,0.24253865516001438
0.06750600642765765,0.24271844660194175
0.06755280976005491,0.24271844660194175
0.06755280976005491,0.24289823804386912
0.06758401198165309,0.24289823804386912
0.06758401198165309,0.2430780294857965
0.06764641642484945,0.2430780294857965
0.06764641642484945,0.2434376123696512
0.06772442197884489,0.2434376123696512
0.06772442197884489,0.24379719525350593
0.06774002308964398,0.24379719525350593
0.06774002308964398,0.2439769866954333
0.0678648319760367,0.2439769866954333
0.0678648319760367,0.24415677813736067
0.06788043308683578,0.24415677813736067
0.06788043308683578,0.24451636102121538
0.06805204530562577,0.24451636102121538
0.06805204530562577,0.24469615246314275
0.06814565197042029,0.24469615246314275
0.06814565197042029,0.24487594390507011
0.06847327529720117,0.24487594390507011
0.06847327529720117,0.24505573534699748
0.06848887640800025,0.24505573534699748
0.06848887640800025,0.24523552678892485
0.06856688196199569,0.24523552678892485
0.06856688196199569,0.24541531823085222
0.06872289306998658,0.24541531823085222
0.06872289306998658,0.2455951096727796
0.06875409529158476,0.2455951096727796
0.06875409529158476,0.24577490111470693
0.06906611750756654,0.24577490111470693
0.06906611750756654,0.2459546925566343
0.0691129208399638,0.2459546925566343
0.0691129208399638,0.24613448399856167
0.06922212861555743,0.24613448399856167
0.06922212861555743,0.24631427544048903
0.06923772972635651,0.24631427544048903
0.06923772972635651,0.2464940668824164
0.06928453305875379,0.2464940668824164
0.06928453305875379,0.24667385832434377
0.06930013416955287,0.24667385832434377
0.06930013416955287,0.24703344120819848
0.06937813972354831,0.24703344120819848
0.06937813972354831,0.24721323265012585
0.06965895971793191,0.24721323265012585
0.06965895971793191,0.24739302409205322
0.06970576305032919,0.24739302409205322
0.06970576305032919,0.24757281553398058
0.06978376860432463,0.24757281553398058
0.06978376860432463,0.24775260697590795
0.06984617304752098,0.24775260697590795
0.06984617304752098,0.24793239841783532
0.06987737526911916,0.24793239841783532
0.06987737526911916,0.2481121898597627
0.07004898748790914,0.2481121898597627
0.07004898748790914,0.24829198130169003
0.07015819526350277,0.24829198130169003
0.07015819526350277,0.2484717727436174
0.07031420637149365,0.2484717727436174
0.07031420637149365,0.24865156418554477
0.07037661081469,0.24865156418554477
0.07037661081469,0.2490111470693995
0.07040781303628818,0.2490111470693995
0.07040781303628818,0.24919093851132687
0.07047021747948454,0.24919093851132687
0.07047021747948454,0.24937072995325424
0.0705326219226809,0.24937072995325424
0.0705326219226809,0.24973031283710895
0.07064182969827451,0.24973031283710895
0.07064182969827451,0.24991010427903632
0.07103185746825173,0.24991010427903632
0.07103185746825173,0.2500898957209637
0.07129707635183626,0.2500898957209637
0.07129707635183626,0.25026968716289105
0.07132827857343443,0.25026968716289105
0.07132827857343443,0.2504494786048184
0.07145308745982713,0.2504494786048184
0.07145308745982713,0.2506292700467458
0.07146868857062623,0.2506292700467458
0.07148428968142531,0.25080906148867316
0.07156229523542076,0.25080906148867316
0.07156229523542076,0.2509888529306005
0.07174950856500983,0.2509888529306005
0.07174950856500983,0.2511686443725279
0.07184311522980436,0.2511686443725279
0.07184311522980436,0.2513484358144552
0.07204592967019252,0.2513484358144552
0.07204592967019252,0.2515282272563826
0.07215513744578614,0.2515282272563826
0.07215513744578614,0.25170801869830994
0.0722175418889825,0.25170801869830994
0.0722175418889825,0.2518878101402373
0.07237355299697339,0.2518878101402373
0.07237355299697339,0.2520676015821647
0.07243595744016974,0.2520676015821647
0.07243595744016974,0.25224739302409205
0.072482760772567,0.25224739302409205
0.072482760772567,0.2524271844660194
0.07256076632656246,0.2524271844660194
0.07256076632656246,0.2526069759079468
0.07262317076975881,0.2526069759079468
0.07262317076975881,0.25278676734987415
0.07265437299135699,0.25278676734987415
0.07265437299135699,0.2529665587918015
0.07277918187774969,0.2529665587918015
0.07277918187774969,0.2531463502337289
0.0729195918749415,0.2531463502337289
0.0729195918749415,0.2535059331175836
0.07298199631813786,0.2535059331175836
0.07298199631813786,0.2538655160014383
0.07307560298293239,0.2538655160014383
0.07307560298293239,0.25422509888529304
0.07316920964772691,0.25422509888529304
0.07316920964772691,0.2544048903272204
0.07330961964491872,0.2544048903272204
0.07330961964491872,0.2545846817691478
0.07340322630971326,0.2545846817691478
0.07340322630971326,0.25476447321107515
0.07354363630690505,0.25476447321107515
0.07354363630690505,0.2549442646530025
0.07355923741770413,0.2549442646530025
0.07355923741770413,0.2551240560949299
0.07357483852850323,0.2551240560949299
0.07357483852850323,0.25530384753685725
0.07360604075010141,0.25530384753685725
0.07360604075010141,0.2554836389787846
0.07371524852569503,0.2554836389787846
0.07371524852569503,0.255663430420712
0.0737620518580923,0.255663430420712
0.0737620518580923,0.25584322186263936
0.07399606852007863,0.25584322186263936
0.07399606852007863,0.25620280474649404
0.07404287185247589,0.25620280474649404
0.07404287185247589,0.2563825961884214
0.07405847296327499,0.2563825961884214
0.07405847296327499,0.2565623876303488
0.07408967518487317,0.2565623876303488
0.07408967518487317,0.25674217907227614
0.07410527629567225,0.25674217907227614
0.07410527629567225,0.2569219705142035
0.07413647851727043,0.2569219705142035
0.07413647851727043,0.2571017619561309
0.07419888296046678,0.2571017619561309
0.07419888296046678,0.257641136281913
0.07421448407126588,0.257641136281913
0.07421448407126588,0.25782092772384035
0.07423008518206496,0.25782092772384035
0.07423008518206496,0.2580007191657677
0.07437049517925676,0.2580007191657677
0.07437049517925676,0.2581805106076951
0.07457330961964492,0.2581805106076951
0.07457330961964492,0.25836030204962246
0.074588910730444,0.25836030204962246
0.074588910730444,0.2585400934915498
0.07472932072763581,0.2585400934915498
0.07472932072763581,0.25871988493347714
0.07483852850322943,0.25871988493347714
0.07483852850322943,0.2588996763754045
0.07494773627882305,0.2588996763754045
0.07494773627882305,0.25925925925925924
0.0750101407220194,0.25925925925925924
0.0750101407220194,0.2594390507011866
0.07505694405441668,0.2594390507011866
0.07505694405441668,0.259618842143114
0.07511934849761304,0.259618842143114
0.07511934849761304,0.25979863358504135
0.0751505507192112,0.25979863358504135
0.0751505507192112,0.2599784250269687
0.0751661518300103,0.2599784250269687
0.0751661518300103,0.2601582164688961
0.07522855627320665,0.2601582164688961
0.07522855627320665,0.26033800791082345
0.0754313707135948,0.26033800791082345
0.0754313707135948,0.2605177993527508
0.07547817404599208,0.2605177993527508
0.07547817404599208,0.2606975907946782
0.07564978626478205,0.2606975907946782
0.07564978626478205,0.26123696512046024
0.07571219070797841,0.26123696512046024
0.07571219070797841,0.2614167565623876
0.07572779181877749,0.2614167565623876
0.07572779181877749,0.2619561308881697
0.07579019626197385,0.2619561308881697
0.07579019626197385,0.2621359223300971
0.07583699959437112,0.2621359223300971
0.07583699959437112,0.2624955052139518
0.0758526007051702,0.2624955052139518
0.0758526007051702,0.2626752966558792
0.0762894318075447,0.2626752966558792
0.0762894318075447,0.26285508809780656
0.07647664513713376,0.26285508809780656
0.07647664513713376,0.2630348795397339
0.0765702518019283,0.2630348795397339
0.0765702518019283,0.2632146709816613
0.07658585291272739,0.2632146709816613
0.07658585291272739,0.26339446242358866
0.07661705513432557,0.26339446242358866
0.07661705513432557,0.26357425386551603
0.07672626290991919,0.26357425386551603
0.07672626290991919,0.26375404530744334
0.07681986957471372,0.26375404530744334
0.07681986957471372,0.2639338367493707
0.07708508845829823,0.2639338367493707
0.07708508845829823,0.2641136281912981
0.07711629067989641,0.2641136281912981
0.07711629067989641,0.26429341963322545
0.07714749290149459,0.26429341963322545
0.07717869512309276,0.26429341963322545
0.07724109956628912,0.26429341963322545
0.07724109956628912,0.2646530025170802
0.0772723017878873,0.2646530025170802
0.0772723017878873,0.26483279395900755
0.07728790289868638,0.26483279395900755
0.07728790289868638,0.2650125854009349
0.07747511622827545,0.2650125854009349
0.07747511622827545,0.2651923768428623
0.07759992511466816,0.2651923768428623
0.07759992511466816,0.265551959726717
0.07772473400106088,0.265551959726717
0.07772473400106088,0.2657317511686444
0.078099160660239,0.2657317511686444
0.078099160660239,0.26591154261057176
0.0781147617710381,0.26591154261057176
0.0781147617710381,0.26627112549442644
0.07822396954663172,0.26627112549442644
0.07822396954663172,0.2664509169363538
0.07828637398982807,0.2664509169363538
0.07828637398982807,0.26681049982020855
0.07856719398421168,0.26681049982020855
0.07856719398421168,0.2669902912621359
0.07861399731660894,0.2669902912621359
0.07861399731660894,0.2671700827040633
0.07864519953820712,0.2671700827040633
0.07864519953820712,0.26734987414599065
0.07891041842179163,0.26734987414599065
0.07891041842179163,0.267529665587918
0.0789416206433898,0.267529665587918
0.0789416206433898,0.2677094570298454
0.0789572217541889,0.2677094570298454
0.0789572217541889,0.26788924847177276
0.07912883397297887,0.26788924847177276
0.07912883397297887,0.2680690399137001
0.07917563730537615,0.2680690399137001
0.07917563730537615,0.2682488313556275
0.0793784517457643,0.2682488313556275
0.0793784517457643,0.26842862279755486
0.07959686729695155,0.26842862279755486
0.07959686729695155,0.26878820568140954
0.07961246840775063,0.26878820568140954
0.07964367062934881,0.26878820568140954
0.07970607507254517,0.26878820568140954
0.07970607507254517,0.2689679971233369
0.07976847951574152,0.2689679971233369
0.07976847951574152,0.2691477885652643
0.0797840806265406,0.2691477885652643
0.0797840806265406,0.26932758000719165
0.07981528284813878,0.26932758000719165
0.07981528284813878,0.2696871628910464
0.08018970950731692,0.2696871628910464
0.08018970950731692,0.26986695433297375
0.08054853505569597,0.26986695433297375
0.08054853505569597,0.2700467457749011
0.08061093949889232,0.2700467457749011
0.08061093949889232,0.2702265372168285
0.0806421417204905,0.2702265372168285
0.0806421417204905,0.27040632865875586
0.08065774283128958,0.27040632865875586
0.08065774283128958,0.2705861201006832
0.08084495616087865,0.2705861201006832
0.08084495616087865,0.2707659115426106
0.0809229617148741,0.2707659115426106
0.0809229617148741,0.27094570298453796
0.08098536615807045,0.27094570298453796
0.08098536615807045,0.2711254944264653
0.08111017504446316,0.2711254944264653
0.08111017504446316,0.27130528586839264
0.08118818059845861,0.27130528586839264
0.08118818059845861,0.27148507731032
0.08128178726325315,0.27148507731032
0.08128178726325315,0.27184466019417475
0.08129738837405223,0.27184466019417475
0.08129738837405223,0.2720244516361021
0.0814846017036413,0.2720244516361021
0.0814846017036413,0.27238403451995685
0.08150020281444038,0.27238403451995685
0.08150020281444038,0.2725638259618842
0.08160941059003401,0.2725638259618842
0.08160941059003401,0.2727436174038116
0.08165621392243128,0.2727436174038116
0.08165621392243128,0.27292340884573896
0.08170301725482855,0.27292340884573896
0.08170301725482855,0.2731032002876663
0.08182782614122125,0.2731032002876663
0.08182782614122125,0.2732829917295937
0.0818902305844176,0.2732829917295937
0.0818902305844176,0.27346278317152106
0.08192143280601578,0.27346278317152106
0.08192143280601578,0.2736425746134484
0.08203064058160942,0.2736425746134484
0.08203064058160942,0.27382236605537574
0.0820462416924085,0.27382236605537574
0.0820462416924085,0.2740021574973031
0.08207744391400668,0.2740021574973031
0.08207744391400668,0.2741819489392305
0.08210864613560485,0.2741819489392305
0.08210864613560485,0.27436174038115785
0.08223345502199757,0.27436174038115785
0.08223345502199757,0.2745415318230852
0.08237386501918936,0.2745415318230852
0.08237386501918936,0.2747213232650126
0.082483072794783,0.2747213232650126
0.08251427501638117,0.2747213232650126
0.0826078816811757,0.2747213232650126
0.0826078816811757,0.2752606975907947
0.08262348279197479,0.2752606975907947
0.08265468501357297,0.2752606975907947
0.08267028612437205,0.2752606975907947
0.08267028612437205,0.27544048903272206
0.08268588723517115,0.27544048903272206
0.08268588723517115,0.2756202804746494
0.0827326905675684,0.2756202804746494
0.0827326905675684,0.2758000719165768
0.08299790945115292,0.2758000719165768
0.0830291116727511,0.2758000719165768
0.08310711722674655,0.2758000719165768
0.08310711722674655,0.27597986335850416
0.08318512278074199,0.27597986335850416
0.08318512278074199,0.2761596548004315
0.08320072389154108,0.2761596548004315
0.08320072389154108,0.27633944624235884
0.08323192611313926,0.27633944624235884
0.08343474055352741,0.27633944624235884
0.08343474055352741,0.2765192376842862
0.08396517832069643,0.2765192376842862
0.08396517832069643,0.2766990291262136
0.08399638054229461,0.2766990291262136
0.08399638054229461,0.27687882056814095
0.0841523916502855,0.27687882056814095
0.0841523916502855,0.2770586120100683
0.0841679927610846,0.2770586120100683
0.0841679927610846,0.2772384034519957
0.08423039720428094,0.2772384034519957
0.08423039720428094,0.27741819489392305
0.08441761053387001,0.27741819489392305
0.08441761053387001,0.2775979863358504
0.0847140316390527,0.2775979863358504
0.0847140316390527,0.2777777777777778
0.08476083497144997,0.2777777777777778
0.08476083497144997,0.2781373606616325
0.08479203719304815,0.2781373606616325
0.08479203719304815,0.2783171521035599
0.08487004274704359,0.2783171521035599
0.08487004274704359,0.2784969435454872
0.08502605385503448,0.2784969435454872
0.08502605385503448,0.2786767349874146
0.08508845829823083,0.2786767349874146
0.08508845829823083,0.27885652642934194
0.08511966051982901,0.27885652642934194
0.08511966051982901,0.2790363178712693
0.08522886829542263,0.2790363178712693
0.08522886829542263,0.2792161093131967
0.08530687384941808,0.2792161093131967
0.08530687384941808,0.27939590075512405
0.08533807607101626,0.27939590075512405
0.08533807607101626,0.2795756921970514
0.08535367718181534,0.2795756921970514
0.08535367718181534,0.2797554836389788
0.08538487940341352,0.2797554836389788
0.08538487940341352,0.27993527508090615
0.08550968828980623,0.27993527508090615
0.08550968828980623,0.2801150665228335
0.08554089051140441,0.2801150665228335
0.08554089051140441,0.2802948579647609
0.08563449717619895,0.2802948579647609
0.08563449717619895,0.2806544408486156
0.08568130050859621,0.2806544408486156
0.08568130050859621,0.2810140237324703
0.08579050828418984,0.2810140237324703
0.08582171050578802,0.2810140237324703
0.08586851383818528,0.2810140237324703
0.08586851383818528,0.2811938151743977
0.08594651939218072,0.2811938151743977
0.08594651939218072,0.28137360661632504
0.0859777216137789,0.28137360661632504
0.0859777216137789,0.2815533980582524
0.08605572716777435,0.2815533980582524
0.08605572716777435,0.2817331895001798
0.08614933383256888,0.2817331895001798
0.08614933383256888,0.28191298094210715
0.08622733938656432,0.28191298094210715
0.08622733938656432,0.2820927723840345
0.0862741427189616,0.2820927723840345
0.08630534494055976,0.2820927723840345
0.08649255827014883,0.2820927723840345
0.08649255827014883,0.2822725638259619
0.08650815938094793,0.2822725638259619
0.08650815938094793,0.28245235526788925
0.08657056382414428,0.28245235526788925
0.08657056382414428,0.2826321467098166
0.08663296826734064,0.2826321467098166
0.08663296826734064,0.28317152103559873
0.086695372710537,0.28317152103559873
0.086695372710537,0.2833513124775261
0.08672657493213516,0.2833513124775261
0.08672657493213516,0.2835311039194534
0.08683578270772879,0.2835311039194534
0.08683578270772879,0.2837108953613808
0.08689818715092515,0.2837108953613808
0.08689818715092515,0.28389068680330815
0.08694499048332241,0.28389068680330815
0.08694499048332241,0.2840704782452355
0.08697619270492059,0.2840704782452355
0.08697619270492059,0.2842502696871629
0.08702299603731786,0.2842502696871629
0.08702299603731786,0.28443006112909025
0.08721020936690692,0.28443006112909025
0.08721020936690692,0.2846098525710176
0.08730381603170145,0.2846098525710176
0.08730381603170145,0.284789644012945
0.08735061936409873,0.284789644012945
0.08735061936409873,0.28496943545487236
0.08742862491809417,0.28496943545487236
0.08742862491809417,0.2853290183387271
0.08745982713969234,0.2853290183387271
0.08745982713969234,0.28550880978065446
0.08777184935567413,0.28550880978065446
0.08777184935567413,0.28568860122258183
0.08791225935286592,0.28568860122258183
0.08791225935286592,0.2862279755483639
0.08797466379606228,0.2862279755483639
0.08797466379606228,0.2865875584322186
0.08811507379325408,0.2865875584322186
0.08811507379325408,0.286767349874146
0.08816187712565135,0.286767349874146
0.08816187712565135,0.2871269327580007
0.08838029267683858,0.2871269327580007
0.08838029267683858,0.28748651564185546
0.0885051015632313,0.28748651564185546
0.0885051015632313,0.2878460985257102
0.08872351711441855,0.2878460985257102
0.08872351711441855,0.28820568140956493
0.08873911822521764,0.28820568140956493
0.08873911822521764,0.28838547285149224
0.08880152266841398,0.28838547285149224
0.08880152266841398,0.2885652642934196
0.08891073044400762,0.2885652642934196
0.08891073044400762,0.288745055735347
0.0889263315548067,0.288745055735347
0.0889263315548067,0.28892484717727435
0.08903553933040033,0.28892484717727435
0.08903553933040033,0.2891046386192017
0.08905114044119941,0.2891046386192017
0.08905114044119941,0.2892844300611291
0.08914474710599395,0.2892844300611291
0.08914474710599395,0.28946422150305645
0.08917594932759212,0.28946422150305645
0.08917594932759212,0.2898238043869112
0.0893631626571812,0.2898238043869112
0.0893631626571812,0.29000359582883856
0.08939436487877937,0.29000359582883856
0.08948797154357391,0.29000359582883856
0.08948797154357391,0.2903631787126933
0.08956597709756935,0.2903631787126933
0.08956597709756935,0.29054297015462066
0.08961278042996661,0.29054297015462066
0.08961278042996661,0.29090255303847534
0.08989360042435021,0.29090255303847534
0.08989360042435021,0.2910823444804027
0.0900496115323411,0.2910823444804027
0.0900496115323411,0.2912621359223301
0.09015881930793472,0.2912621359223301
0.09015881930793472,0.2916217188061848
0.0901900215295329,0.2916217188061848
0.0901900215295329,0.2918015102481122
0.09033043152672471,0.2918015102481122
0.09033043152672471,0.29198130169003955
0.09040843708072015,0.29198130169003955
0.09043963930231833,0.29198130169003955
0.09056444818871104,0.29198130169003955
0.09056444818871104,0.2923408845738943
0.0906268526319074,0.2923408845738943
0.0906268526319074,0.29252067601582166
0.09070485818590283,0.29252067601582166
0.09070485818590283,0.292700467457749
0.09072045929670193,0.292700467457749
0.09072045929670193,0.2928802588996764
0.09073606040750101,0.2928802588996764
0.09073606040750101,0.29306005034160376
0.09098567818028644,0.29306005034160376
0.09098567818028644,0.29341963322545844
0.09109488595588006,0.29341963322545844
0.09109488595588006,0.2935994246673858
0.09129770039626821,0.2935994246673858
0.0913133015070673,0.2937792161093132
0.09132890261786639,0.2937792161093132
0.09132890261786639,0.29395900755124055
0.09140690817186184,0.29395900755124055
0.09140690817186184,0.2941387989931679
0.09157852039065181,0.2941387989931679
0.09157852039065181,0.2943185904350953
0.09170332927704453,0.2943185904350953
0.09170332927704453,0.29449838187702265
0.0918749414958345,0.29449838187702265
0.0918749414958345,0.29467817331895
0.09201535149302631,0.29467817331895
0.09201535149302631,0.2948579647608774
0.09206215482542357,0.2948579647608774
0.09206215482542357,0.2952175476447321
0.09228057037661082,0.2952175476447321
0.09228057037661082,0.2953973390866595
0.09242098037380261,0.2953973390866595
0.09242098037380261,0.29557713052858686
0.09262379481419077,0.29557713052858686
0.09262379481419077,0.29593671341244154
0.09267059814658804,0.29593671341244154
0.09267059814658804,0.2961165048543689
0.09284221036537801,0.2961165048543689
0.09284221036537801,0.2962962962962963
0.0929982214733689,0.2962962962962963
0.0929982214733689,0.29647608773822365
0.09312303035976162,0.29647608773822365
0.09312303035976162,0.296655879180151
0.09323223813535524,0.296655879180151
0.09326344035695341,0.296655879180151
0.09331024368935069,0.296655879180151
0.09331024368935069,0.2968356706220784
0.09343505257574339,0.2968356706220784
0.09345065368654248,0.29701546206400575
0.09346625479734157,0.29701546206400575
0.09346625479734157,0.2971952535059331
0.09362226590533246,0.2971952535059331
0.09362226590533246,0.2973750449478605
0.09370027145932791,0.2973750449478605
0.09370027145932791,0.29755483638978786
0.09373147368092608,0.29755483638978786
0.09373147368092608,0.2977346278317152
0.09377827701332335,0.2977346278317152
0.09377827701332335,0.2979144192736426
0.0938406814565197,0.2979144192736426
0.0938406814565197,0.29809421071556996
0.09385628256731879,0.29809421071556996
0.09385628256731879,0.2982740021574973
0.09390308589971606,0.2982740021574973
0.09393428812131424,0.2982740021574973
0.09419950700489875,0.2982740021574973
0.09419950700489875,0.29845379359942464
0.09429311366969328,0.29845379359942464
0.09429311366969328,0.298633585041352
0.09443352366688508,0.298633585041352
0.09443352366688508,0.2988133764832794
0.09444912477768418,0.2988133764832794
0.09444912477768418,0.29899316792520675
0.09451152922088053,0.29899316792520675
0.09451152922088053,0.2991729593671341
0.09458953477487597,0.2991729593671341
0.09458953477487597,0.2993527508090615
0.09477674810446504,0.2993527508090615
0.09477674810446504,0.29953254225098885
0.09491715810165684,0.29953254225098885
0.09491715810165684,0.2997123336929162
0.09533838809323224,0.2997123336929162
0.09533838809323224,0.2998921251348436
0.09535398920403133,0.2998921251348436
0.09535398920403133,0.30007191657677096
0.09551000031202221,0.30007191657677096
0.09551000031202221,0.3002517080186983
0.09555680364441949,0.3002517080186983
0.09555680364441949,0.3004314994606257
0.09558800586601766,0.3004314994606257
0.09558800586601766,0.3007910823444804
0.09560360697681675,0.3007910823444804
0.09560360697681675,0.30097087378640774
0.09569721364161128,0.30097087378640774
0.09572841586320946,0.30097087378640774
0.09597803363599489,0.30097087378640774
0.09597803363599489,0.3011506652283351
0.09607164030078942,0.3011506652283351
0.09607164030078942,0.3013304566702625
0.0961028425223876,0.3013304566702625
0.0961028425223876,0.30151024811218985
0.09618084807638304,0.30151024811218985
0.09618084807638304,0.3018698309960446
0.09632125807357483,0.3018698309960446
0.09632125807357483,0.30204962243797195
0.09646166807076664,0.30204962243797195
0.09646166807076664,0.3022294138798993
0.09649287029236482,0.3022294138798993
0.09649287029236482,0.3024092053218267
0.09655527473556118,0.3024092053218267
0.09655527473556118,0.30258899676375406
0.09671128584355206,0.30258899676375406
0.09671128584355206,0.3027687882056814
0.0969453025055384,0.3027687882056814
0.0969453025055384,0.3029485796476088
0.09696090361633748,0.3029485796476088
0.09696090361633748,0.30312837108953616
0.09699210583793566,0.30312837108953616
0.09699210583793566,0.3033081625314635
0.0970701113919311,0.3033081625314635
0.0970701113919311,0.30348795397339084
0.09713251583512746,0.30348795397339084
0.09713251583512746,0.3036677454153182
0.09719492027832381,0.3036677454153182
0.09719492027832381,0.3038475368572456
0.09730412805391744,0.3038475368572456
0.09730412805391744,0.3042071197411003
0.09739773471871198,0.3042071197411003
0.09739773471871198,0.3043869111830277
0.09755374582670286,0.3043869111830277
0.09755374582670286,0.30456670262495505
0.09758494804830103,0.30456670262495505
0.09758494804830103,0.3047464940668824
0.09761615026989921,0.3047464940668824
0.09761615026989921,0.3049262855088098
0.09772535804549284,0.3049262855088098
0.09774095915629193,0.30510607695073716
0.09775656026709102,0.30510607695073716
0.09775656026709102,0.30528586839266453
0.0977721613778901,0.30528586839266453
0.0977721613778901,0.30564545127651926
0.0979125713750819,0.30564545127651926
0.09794377359668008,0.30564545127651926
0.09797497581827826,0.30564545127651926
0.09797497581827826,0.3058252427184466
0.09806858248307279,0.3058252427184466
0.09806858248307279,0.30600503416037395
0.09813098692626915,0.30600503416037395
0.09813098692626915,0.3061848256023013
0.09817779025866642,0.3061848256023013
0.09817779025866642,0.3063646170442287
0.0982089924802646,0.3063646170442287
0.0982089924802646,0.30654440848615605
0.09831820025585822,0.30654440848615605
0.09831820025585822,0.3067241999280834
0.0983338013666573,0.3067241999280834
0.0983338013666573,0.3069039913700108
0.09836500358825548,0.3069039913700108
0.09836500358825548,0.3072635742538655
0.09842740803145184,0.3072635742538655
0.09842740803145184,0.3074433656957929
0.09845861025305001,0.3074433656957929
0.09845861025305001,0.30762315713772026
0.09850541358544729,0.30762315713772026
0.09850541358544729,0.30780294857964763
0.09856781802864364,0.30780294857964763
0.09856781802864364,0.307982740021575
0.0986146213610409,0.307982740021575
0.0986146213610409,0.30816253146350236
0.09867702580423726,0.30816253146350236
0.09867702580423726,0.3083423229054297
0.09878623357983088,0.3083423229054297
0.09878623357983088,0.3087019057892844
0.09892664357702269,0.3087019057892844
0.09892664357702269,0.3088816972312118
0.09894224468782177,0.3088816972312118
0.09894224468782177,0.30906148867313915
0.09908265468501358,0.30906148867313915
0.09908265468501358,0.3094210715569939
0.09916066023900902,0.3094210715569939
0.09916066023900902,0.30960086299892126
0.0991918624606072,0.30960086299892126
0.0991918624606072,0.3097806544408486
0.09930107023620081,0.3097806544408486
0.09930107023620081,0.309960445882776
0.0994570813441917,0.309960445882776
0.0994570813441917,0.31014023732470336
0.09964429467378078,0.31014023732470336
0.09964429467378078,0.3106796116504854
0.09997191800056164,0.3106796116504854
0.09997191800056164,0.3108594030924128
0.09998751911136072,0.3108594030924128
0.09998751911136072,0.31103919453434015
0.10011232799775344,0.31103919453434015
0.10011232799775344,0.3112189859762675
0.10015913133015071,0.3112189859762675
0.10015913133015071,0.3113987774181949
0.10020593466254797,0.3113987774181949
0.10020593466254797,0.31157856886012225
0.10028394021654342,0.31157856886012225
0.10028394021654342,0.3117583603020496
0.1007207713189179,0.3117583603020496
0.1007207713189179,0.311938151743977
0.100736372429717,0.311938151743977
0.100736372429717,0.31211794318590436
0.10081437798371244,0.31211794318590436
0.10081437798371244,0.3122977346278317
0.10082997909451152,0.3122977346278317
0.10082997909451152,0.3124775260697591
0.10095478798090424,0.3124775260697591
0.10095478798090424,0.31265731751168646
0.1010171924241006,0.31265731751168646
0.1010171924241006,0.31283710895361383
0.10109519797809605,0.31283710895361383
0.10109519797809605,0.3130169003955412
0.10120440575368966,0.3130169003955412
0.10120440575368966,0.3131966918374685
0.10156323130206871,0.3131966918374685
0.10156323130206871,0.3133764832793959
0.10167243907766232,0.3133764832793959
0.10167243907766232,0.31355627472132325
0.10173484352085868,0.31355627472132325
0.10173484352085868,0.3137360661632506
0.10175044463165778,0.3137360661632506
0.10175044463165778,0.313915857605178
0.10182845018565322,0.313915857605178
0.10182845018565322,0.31409564904710535
0.10184405129645231,0.31409564904710535
0.10184405129645231,0.3142754404890327
0.10206246684763955,0.3142754404890327
0.10206246684763955,0.3144552319309601
0.10209366906923772,0.3144552319309601
0.10209366906923772,0.31463502337288746
0.10221847795563044,0.31463502337288746
0.10221847795563044,0.3149946062567422
0.10231208462042497,0.3149946062567422
0.10231208462042497,0.31535418914059693
0.10239009017442043,0.31535418914059693
0.10239009017442043,0.3155339805825243
0.10246809572841586,0.3155339805825243
0.10246809572841586,0.3157137720244516
0.10248369683921495,0.3157137720244516
0.10248369683921495,0.315893563466379
0.10249929795001404,0.315893563466379
0.10249929795001404,0.31607335490830635
0.10251489906081312,0.31607335490830635
0.10251489906081312,0.3162531463502337
0.10262410683640676,0.3162531463502337
0.10262410683640676,0.3164329377921611
0.10268651127960311,0.3164329377921611
0.10268651127960311,0.31661272923408845
0.1027021123904022,0.31661272923408845
0.1027021123904022,0.3167925206760158
0.10279571905519673,0.3167925206760158
0.10279571905519673,0.31715210355987056
0.10285812349839309,0.31715210355987056
0.10285812349839309,0.3173318950017979
0.10293612905238853,0.3173318950017979
0.10293612905238853,0.3175116864437253
0.1029829323847858,0.3175116864437253
0.10301413460638398,0.3175116864437253
0.10307653904958033,0.3175116864437253
0.10307653904958033,0.31769147788565266
0.10309214016037942,0.31769147788565266
0.10309214016037942,0.31787126932758003
0.10320134793597305,0.31787126932758003
0.10320134793597305,0.3180510607695074
0.10326375237916939,0.3180510607695074
0.10326375237916939,0.3182308522114347
0.1033885612655621,0.3182308522114347
0.1033885612655621,0.31859043509528945
0.10341976348716028,0.31859043509528945
0.10341976348716028,0.3189500179791442
0.10359137570595027,0.3189500179791442
0.10359137570595027,0.31912980942107155
0.10371618459234297,0.31912980942107155
0.10371618459234297,0.3193096008629989
0.1038253923679366,0.3193096008629989
0.1038253923679366,0.3194893923049263
0.10385659458953478,0.3194893923049263
0.10385659458953478,0.31966918374685366
0.10393460014353022,0.31966918374685366
0.10393460014353022,0.319848975188781
0.10405940902992293,0.319848975188781
0.10405940902992293,0.3200287666307084
0.10407501014072201,0.3200287666307084
0.10407501014072201,0.32020855807263576
0.10413741458391837,0.32020855807263576
0.10413741458391837,0.32038834951456313
0.10421542013791382,0.32038834951456313
0.10421542013791382,0.32056814095649044
0.10435583013510562,0.32056814095649044
0.10435583013510562,0.3209277238403452
0.10443383568910107,0.3209277238403452
0.10443383568910107,0.32110751528227255
0.10462104901869013,0.32110751528227255
0.10462104901869013,0.3212873067241999
0.1046522512402883,0.3212873067241999
0.1046522512402883,0.3214670981661273
0.10499547567786827,0.3214670981661273
0.10502667789946644,0.3214670981661273
0.10502667789946644,0.32164688960805465
0.10518268900745734,0.32164688960805465
0.10518268900745734,0.321826681049982
0.10524509345065369,0.321826681049982
0.10524509345065369,0.3220064724919094
0.10535430122624731,0.3220064724919094
0.10535430122624731,0.32218626393383676
0.10536990233704639,0.32218626393383676
0.10536990233704639,0.3223660553757641
0.10540110455864457,0.3223660553757641
0.10540110455864457,0.3225458468176915
0.10552591344503728,0.3225458468176915
0.10552591344503728,0.32272563825961886
0.10561952010983182,0.32272563825961886
0.10561952010983182,0.32290542970154623
0.10572872788542544,0.32290542970154623
0.10572872788542544,0.32308522114347354
0.10580673343942089,0.32308522114347354
0.10580673343942089,0.3232650125854009
0.10582233455021997,0.3232650125854009
0.10582233455021997,0.3234448040273283
0.10586913788261725,0.3234448040273283
0.10586913788261725,0.32362459546925565
0.1059159412150145,0.32362459546925565
0.1059159412150145,0.323804386911183
0.10611875565540266,0.323804386911183
0.10611875565540266,0.3239841783531104
0.10621236232019719,0.3239841783531104
0.10621236232019719,0.32416396979503775
0.10625916565259447,0.32416396979503775
0.10625916565259447,0.3243437612369651
0.10647758120378172,0.3243437612369651
0.10647758120378172,0.3245235526788925
0.10653998564697806,0.3245235526788925
0.10653998564697806,0.3248831355627472
0.10678960341976348,0.3248831355627472
0.10678960341976348,0.3250629270046746
0.10696121563855346,0.3250629270046746
0.10696121563855346,0.32542250988852933
0.10699241786015164,0.32542250988852933
0.10699241786015164,0.32560230133045664
0.10708602452494617,0.32560230133045664
0.10708602452494617,0.325782092772384
0.10711722674654435,0.325782092772384
0.10711722674654435,0.3259618842143114
0.10713282785734345,0.3259618842143114
0.10713282785734345,0.32614167565623875
0.10725763674373616,0.32614167565623875
0.10725763674373616,0.3265012585400935
0.10742924896252613,0.3265012585400935
0.10742924896252613,0.3268608414239482
0.10758526007051702,0.3268608414239482
0.10758526007051702,0.32722042430780296
0.10767886673531156,0.32722042430780296
0.10767886673531156,0.32740021574973033
0.10800649006209243,0.32740021574973033
0.10800649006209243,0.3275800071916577
0.10802209117289151,0.3275800071916577
0.10802209117289151,0.32775979863358506
0.10825610783487784,0.32775979863358506
0.10825610783487784,0.32793959007551243
0.10828731005647602,0.32793959007551243
0.10828731005647602,0.32811938151743975
0.10836531561047147,0.32811938151743975
0.10836531561047147,0.3282991729593671
0.10852132671846236,0.3282991729593671
0.10852132671846236,0.3284789644012945
0.10856813005085962,0.3284789644012945
0.10856813005085962,0.32865875584322185
0.1087397422696496,0.32865875584322185
0.1087397422696496,0.3288385472851492
0.10875534338044869,0.3288385472851492
0.10875534338044869,0.32919813016900396
0.10878654560204687,0.32919813016900396
0.10878654560204687,0.3293779216109313
0.10892695559923866,0.3293779216109313
0.10892695559923866,0.3295577130528587
0.1090205622640332,0.3295577130528587
0.1090205622640332,0.32973750449478606
0.10906736559643046,0.32973750449478606
0.10906736559643046,0.32991729593671343
0.1093013822584168,0.32991729593671343
0.1093013822584168,0.3300970873786408
0.1094261911448095,0.3300970873786408
0.1094261911448095,0.33027687882056816
0.10961340447439857,0.33027687882056816
0.10961340447439857,0.3304566702624955
0.10983182002558582,0.3304566702624955
0.10983182002558582,0.33063646170442285
0.11001903335517489,0.33063646170442285
0.11001903335517489,0.3308162531463502
0.11020624668476396,0.3308162531463502
0.11020624668476396,0.3309960445882776
0.11029985334955848,0.3309960445882776
0.11029985334955848,0.3313556274721323
0.11040906112515211,0.3313556274721323
0.11040906112515211,0.3315354189140597
0.11067428000873662,0.3315354189140597
0.11067428000873662,0.33171521035598706
0.1108458922275266,0.33171521035598706
0.1108458922275266,0.3318950017979144
0.1109863022247184,0.3318950017979144
0.11101750444631658,0.3318950017979144
0.1111111111111111,0.3318950017979144
0.1111111111111111,0.3320747932398418
0.11123591999750382,0.3320747932398418
0.11123591999750382,0.33225458468176916
0.111267122219102,0.33225458468176916
0.111267122219102,0.33243437612369653
0.1114075322162938,0.33243437612369653
0.1114075322162938,0.3326141675656239
0.11145433554869107,0.3326141675656239
0.11145433554869107,0.33279395900755127
0.11148553777028924,0.33279395900755127
0.11148553777028924,0.3329737504494786
0.11151673999188742,0.3329737504494786
0.11151673999188742,0.33315354189140595
0.11165714998907922,0.33315354189140595
0.11165714998907922,0.3333333333333333
0.11178195887547193,0.3333333333333333
0.11178195887547193,0.3335131247752607
0.11193796998346282,0.3335131247752607
0.11193796998346282,0.33369291621718805
0.11198477331586008,0.33369291621718805
0.11198477331586008,0.3338727076591154
0.1121095822022528,0.3338727076591154
0.1121095822022528,0.33423229054297016
0.11223439108864551,0.33423229054297016
0.11223439108864551,0.3344120819848975
0.11232799775344005,0.3344120819848975
0.11232799775344005,0.3345918734268249
0.11240600330743548,0.3345918734268249
0.11240600330743548,0.33477166486875226
0.11242160441823458,0.33477166486875226
0.11242160441823458,0.33495145631067963
0.11245280663983276,0.33495145631067963
0.11245280663983276,0.335131247752607
0.11246840775063184,0.335131247752607
0.11246840775063184,0.33531103919453437
0.11264001996942183,0.33531103919453437
0.11264001996942183,0.3354908306364617
0.11268682330181909,0.3354908306364617
0.11268682330181909,0.33567062207838905
0.11271802552341727,0.33567062207838905
0.11271802552341727,0.3358504135203164
0.11273362663421635,0.3358504135203164
0.11273362663421635,0.33620999640417115
0.1127960310774127,0.33620999640417115
0.1127960310774127,0.3363897878460985
0.11282723329901088,0.3363897878460985
0.11282723329901088,0.3365695792880259
0.11285843552060906,0.3365695792880259
0.11285843552060906,0.33674937072995326
0.11290523885300634,0.33674937072995326
0.11290523885300634,0.3369291621718806
0.11292083996380542,0.3369291621718806
0.11292083996380542,0.337108953613808
0.11293644107460452,0.337108953613808
0.11293644107460452,0.33728874505573536
0.1129520421854036,0.33746853649766273
0.1129520421854036,0.3376483279395901
0.11309245218259541,0.3376483279395901
0.11309245218259541,0.33782811938151747
0.11317045773659085,0.33782811938151747
0.11317045773659085,0.33818770226537215
0.11329526662298356,0.33818770226537215
0.11329526662298356,0.3383674937072995
0.11343567662017535,0.3383674937072995
0.11343567662017535,0.3385472851492269
0.11346687884177353,0.3385472851492269
0.11346687884177353,0.33872707659115425
0.11352928328496989,0.33872707659115425
0.11352928328496989,0.33926645091693636
0.11359168772816625,0.33926645091693636
0.11359168772816625,0.3394462423588637
0.11387250772254985,0.3394462423588637
0.11387250772254985,0.33980582524271846
0.11430933882492433,0.33980582524271846
0.11430933882492433,0.33998561668464583
0.1144965521545134,0.33998561668464583
0.1144965521545134,0.3401654081265732
0.11452775437611158,0.3401654081265732
0.11452775437611158,0.34034519956850057
0.1146369621517052,0.34034519956850057
0.1146369621517052,0.3405249910104279
0.11473056881649973,0.3405249910104279
0.11473056881649973,0.34070478245235525
0.11476177103809791,0.34070478245235525
0.11476177103809791,0.3408845738942826
0.11508939436487878,0.3408845738942826
0.11508939436487878,0.34106436533621
0.11535461324846329,0.34106436533621
0.11535461324846329,0.34124415677813735
0.11540141658086056,0.34124415677813735
0.11540141658086056,0.3414239482200647
0.115479422134856,0.3414239482200647
0.115479422134856,0.3416037396619921
0.11554182657805236,0.3416037396619921
0.11554182657805236,0.3421431139877742
0.11555742768885145,0.3421431139877742
0.11555742768885145,0.34232290542970156
0.1156198321320478,0.34232290542970156
0.1156198321320478,0.34250269687162893
0.11569783768604325,0.34250269687162893
0.11569783768604325,0.3426824883135563
0.11582264657243596,0.3426824883135563
0.11582264657243596,0.3428622797554836
0.1159162532372305,0.3428622797554836
0.1159162532372305,0.343042071197411
0.11607226434522137,0.343042071197411
0.11607226434522137,0.34322186263933835
0.11621267434241318,0.34322186263933835
0.11621267434241318,0.3435814455231931
0.11625947767481044,0.3435814455231931
0.11625947767481044,0.34376123696512045
0.11630628100720772,0.34376123696512045
0.11630628100720772,0.3441208198489752
0.1163218821180068,0.3441208198489752
0.1163218821180068,0.34430061129090256
0.11654029766919405,0.34430061129090256
0.11654029766919405,0.3444804027328299
0.11664950544478767,0.3444804027328299
0.11664950544478767,0.34483998561668466
0.11671190988798402,0.34483998561668466
0.11671190988798402,0.34501977705861203
0.11672751099878312,0.34501977705861203
0.11672751099878312,0.3451995685005394
0.1167587132203813,0.3451995685005394
0.1167587132203813,0.3453793599424667
0.11678991544197947,0.3453793599424667
0.11678991544197947,0.3455591513843941
0.11694592654997035,0.3455591513843941
0.11694592654997035,0.34573894282632145
0.11696152766076945,0.34573894282632145
0.11696152766076945,0.3459187342682488
0.11703953321476489,0.3459187342682488
0.11703953321476489,0.3460985257101762
0.11724234765515305,0.3460985257101762
0.11727354987675122,0.3460985257101762
0.11728915098755031,0.3460985257101762
0.11728915098755031,0.34627831715210355
0.11763237542513028,0.34627831715210355
0.11763237542513028,0.3464581085940309
0.11764797653592936,0.3464581085940309
0.11764797653592936,0.3466379000359583
0.11778838653312115,0.3466379000359583
0.11778838653312115,0.34681769147788566
0.11783518986551843,0.34681769147788566
0.11783518986551843,0.346997482919813
0.11806920652750476,0.346997482919813
0.11806920652750476,0.34735706580366776
0.11810040874910294,0.34735706580366776
0.11810040874910294,0.34753685724559513
0.1187088520702674,0.34753685724559513
0.1187088520702674,0.3477166486875225
0.11892726762145464,0.3477166486875225
0.11892726762145464,0.3478964401294498
0.11934849761303004,0.3478964401294498
0.11936409872382914,0.3480762315713772
0.11945770538862367,0.3480762315713772
0.11945770538862367,0.34825602301330455
0.11947330649942275,0.34825602301330455
0.11947330649942275,0.3484358144552319
0.11953571094261911,0.3484358144552319
0.11953571094261911,0.3486156058971593
0.11958251427501639,0.3486156058971593
0.11958251427501639,0.34879539733908665
0.11964491871821274,0.34879539733908665
0.11964491871821274,0.348975188781014
0.11966051982901182,0.348975188781014
0.11966051982901182,0.3491549802229414
0.11987893538019907,0.3491549802229414
0.11987893538019907,0.34933477166486876
0.11991013760179725,0.34933477166486876
0.11991013760179725,0.34951456310679613
0.11992573871259633,0.34951456310679613
0.11992573871259633,0.3496943545487235
0.1201285531529845,0.3496943545487235
0.1201285531529845,0.34987414599065086
0.12015975537458266,0.34987414599065086
0.12015975537458266,0.3502337288745056
0.12022215981777902,0.3502337288745056
0.12022215981777902,0.3504135203164329
0.12028456426097538,0.3504135203164329
0.12028456426097538,0.3505933117583603
0.12031576648257356,0.3505933117583603
0.12031576648257356,0.35077310320028765
0.12036256981497083,0.35077310320028765
0.12036256981497083,0.350952894642215
0.12070579425255078,0.350952894642215
0.12070579425255078,0.3511326860841424
0.12072139536334987,0.3511326860841424
0.12072139536334987,0.3516720604099245
0.12076819869574713,0.3516720604099245
0.12076819869574713,0.35185185185185186
0.12084620424974259,0.35185185185185186
0.12084620424974259,0.35203164329377923
0.12106461980092982,0.35203164329377923
0.12106461980092982,0.3522114347357066
0.12108022091172892,0.3522114347357066
0.12108022091172892,0.35239122617763396
0.12112702424412618,0.35239122617763396
0.12112702424412618,0.35257101761956133
0.12123623201971981,0.35257101761956133
0.12123623201971981,0.35275080906148865
0.12129863646291617,0.35275080906148865
0.12129863646291617,0.352930600503416
0.12132983868451434,0.352930600503416
0.12132983868451434,0.3531103919453434
0.12134543979531343,0.3531103919453434
0.12134543979531343,0.35329018338727075
0.12164186090049611,0.35329018338727075
0.12164186090049611,0.3536497662711255
0.12168866423289339,0.3536497662711255
0.12168866423289339,0.3540093491549802
0.12217229866766514,0.3540093491549802
0.12217229866766514,0.3541891405969076
0.12243751755124965,0.3541891405969076
0.12243751755124965,0.35454872348076233
0.12265593310243689,0.35454872348076233
0.12265593310243689,0.3547285149226897
0.12313956753720864,0.3547285149226897
0.12313956753720864,0.35490830636461707
0.12318637086960592,0.35490830636461707
0.12318637086960592,0.35508809780654443
0.1232175730912041,0.35508809780654443
0.1232175730912041,0.35526788924847175
0.12329557864519954,0.35526788924847175
0.12329557864519954,0.3554476806903991
0.12342038753159225,0.3554476806903991
0.12342038753159225,0.35580726357425385
0.12387281974476583,0.35580726357425385
0.12387281974476583,0.3559870550161812
0.12401322974195762,0.3559870550161812
0.12401322974195762,0.3561668464581086
0.12434085306873849,0.3561668464581086
0.12434085306873849,0.35634663790003596
0.12438765640113576,0.35634663790003596
0.12440325751193484,0.3565264293419633
0.12455926861992574,0.3565264293419633
0.12455926861992574,0.3567062207838907
0.12463727417392119,0.3567062207838907
0.12463727417392119,0.35688601222581806
0.12473088083871571,0.35688601222581806
0.12473088083871571,0.35760517799352753
0.12480888639271116,0.35760517799352753
0.12480888639271116,0.3579647608773822
0.12487129083590752,0.3579647608773822
0.12487129083590752,0.3581445523193096
0.1248868919467066,0.3581445523193096
0.1248868919467066,0.35832434376123695
0.12498049861150114,0.35832434376123695
0.12498049861150114,0.3585041352031643
0.12527691971668384,0.3585041352031643
0.12527691971668384,0.3586839266450917
0.125308121938282,0.3586839266450917
0.125308121938282,0.35886371808701906
0.12541732971387562,0.35886371808701906
0.12541732971387562,0.3590435095289464
0.12549533526787107,0.3590435095289464
0.12549533526787107,0.3592233009708738
0.12568254859746014,0.3592233009708738
0.12568254859746014,0.35958288385472853
0.12577615526225466,0.35958288385472853
0.12577615526225466,0.3597626752966559
0.12579175637305376,0.3597626752966559
0.12579175637305376,0.35994246673858327
0.12582295859465195,0.35994246673858327
0.12585416081625012,0.35994246673858327
0.12585416081625012,0.36012225818051063
0.12596336859184373,0.36012225818051063
0.12596336859184373,0.36030204962243795
0.12607257636743735,0.36030204962243795
0.12607257636743735,0.3604818410643653
0.12632219414022278,0.3604818410643653
0.12632219414022278,0.3606616325062927
0.12641580080501733,0.3606616325062927
0.12641580080501733,0.36084142394822005
0.12654060969141004,0.36084142394822005
0.12654060969141004,0.3610212153901474
0.1267122219102,0.3610212153901474
0.1267122219102,0.3612010068320748
0.12679022746419544,0.3612010068320748
0.12679022746419544,0.36138079827400216
0.1268682330181909,0.36138079827400216
0.1268682330181909,0.3615605897159295
0.1269930419045836,0.3615605897159295
0.1269930419045836,0.3617403811578569
0.1270242441261818,0.3617403811578569
0.12705544634777996,0.3617403811578569
0.1272738618989672,0.3617403811578569
0.1272738618989672,0.36192017259978426
0.1272894630097663,0.36192017259978426
0.1272894630097663,0.36209996404171163
0.12738306967456084,0.36209996404171163
0.12738306967456084,0.36245954692556637
0.12752347967175262,0.36245954692556637
0.12752347967175262,0.36281912980942105
0.12789790633093076,0.36281912980942105
0.12789790633093076,0.3629989212513484
0.12792910855252895,0.3629989212513484
0.12792910855252895,0.3631787126932758
0.1279759118849262,0.3631787126932758
0.1279759118849262,0.36335850413520315
0.12802271521732347,0.36335850413520315
0.12802271521732347,0.3635382955771305
0.12803831632812257,0.3635382955771305
0.12803831632812257,0.36389787846098526
0.12816312521451528,0.36389787846098526
0.12816312521451528,0.3640776699029126
0.12817872632531435,0.3640776699029126
0.12817872632531435,0.36425746134484
0.12831913632250616,0.36425746134484
0.12831913632250616,0.36443725278676736
0.12835033854410435,0.36443725278676736
0.12835033854410435,0.3647968356706221
0.12838154076570252,0.3647968356706221
0.12838154076570252,0.36497662711254947
0.12849074854129613,0.36497662711254947
0.12850634965209523,0.3651564185544768
0.12852195076289433,0.3651564185544768
0.12852195076289433,0.36533620999640415
0.12861555742768885,0.36533620999640415
0.12861555742768885,0.3655160014383315
0.12863115853848794,0.3655160014383315
0.12863115853848794,0.3656957928802589
0.1286935629816843,0.3656957928802589
0.1286935629816843,0.36587558432218625
0.12872476520328247,0.36587558432218625
0.12872476520328247,0.3660553757641136
0.12874036631408156,0.3660553757641136
0.12874036631408156,0.366235167206041
0.12878716964647882,0.366235167206041
0.12878716964647882,0.36641495864796836
0.12892757964367063,0.36641495864796836
0.12892757964367063,0.3665947500898957
0.128989984086867,0.3665947500898957
0.128989984086867,0.3667745415318231
0.1293956129676433,0.3667745415318231
0.1293956129676433,0.36713412441567783
0.12948921963243784,0.36713412441567783
0.12948921963243784,0.3673139158576052
0.129520421854036,0.3673139158576052
0.129520421854036,0.36749370729953257
0.12987924740241505,0.36749370729953257
0.12987924740241505,0.3680330816253146
0.1299260507348123,0.3680330816253146
0.1299260507348123,0.368212873067242
0.1299572529564105,0.368212873067242
0.12998845517800867,0.368212873067242
0.12998845517800867,0.36839266450916935
0.13006646073200412,0.36839266450916935
0.13006646073200412,0.3685724559510967
0.13016006739679864,0.3685724559510967
0.13016006739679864,0.3687522473930241
0.13020687072919593,0.3687522473930241
0.13020687072919593,0.3692916217188062
0.1302536740615932,0.3692916217188062
0.1302536740615932,0.36947141316073356
0.13026927517239228,0.36947141316073356
0.13026927517239228,0.3698309960445883
0.13028487628319135,0.3698309960445883
0.13028487628319135,0.37001078748651567
0.13030047739399045,0.37001078748651567
0.13030047739399045,0.3705501618122977
0.13031607850478955,0.3705501618122977
0.13031607850478955,0.3707299532542251
0.13044088739118226,0.3707299532542251
0.13044088739118226,0.37090974469615245
0.13048769072357952,0.37090974469615245
0.13048769072357952,0.3710895361380798
0.13050329183437862,0.3710895361380798
0.13050329183437862,0.3712693275800072
0.1306749040531686,0.3712693275800072
0.1306749040531686,0.3718087019057893
0.13069050516396769,0.3718087019057893
0.13070610627476675,0.37198849334771666
0.1307997129395613,0.37198849334771666
0.1307997129395613,0.37216828478964403
0.1308153140503604,0.37216828478964403
0.1308153140503604,0.3725278676734987
0.13083091516115947,0.3725278676734987
0.13083091516115947,0.3730672419992808
0.13090892071515492,0.3730672419992808
0.13090892071515492,0.37342682488313556
0.13098692626915037,0.37342682488313556
0.13098692626915037,0.3737864077669903
0.131096134044744,0.3737864077669903
0.13112733626634215,0.3737864077669903
0.13114293737714125,0.3737864077669903
0.13114293737714125,0.37396619920891766
0.1312209429311367,0.37396619920891766
0.1312209429311367,0.37414599065084503
0.13129894848513213,0.37414599065084503
0.13129894848513213,0.3743257820927724
0.13133015070673032,0.3743257820927724
0.13133015070673032,0.37468536497662713
0.13136135292832848,0.37468536497662713
0.13136135292832848,0.3748651564185545
0.13143935848232394,0.3748651564185545
0.13143935848232394,0.3750449478604818
0.13154856625791755,0.3750449478604818
0.13154856625791755,0.3752247393024092
0.13156416736871665,0.3752247393024092
0.13156416736871665,0.37540453074433655
0.13159536959031484,0.37540453074433655
0.13159536959031484,0.3755843221862639
0.13186058847389934,0.3755843221862639
0.13186058847389934,0.3757641136281913
0.1320478018034884,0.3757641136281913
0.1320478018034884,0.37594390507011866
0.13217261068988112,0.37594390507011866
0.13217261068988112,0.376123696512046
0.1323598240194702,0.376123696512046
0.1323598240194702,0.3763034879539734
0.13242222846266655,0.3763034879539734
0.13242222846266655,0.37666307083782813
0.13243782957346564,0.37666307083782813
0.13243782957346564,0.3768428622797555
0.13251583512746107,0.3768428622797555
0.13251583512746107,0.37702265372168287
0.13256263845985833,0.37702265372168287
0.13256263845985833,0.37720244516361023
0.13285905956504104,0.37720244516361023
0.13285905956504104,0.3773822366055376
0.13298386845143373,0.3773822366055376
0.13298386845143373,0.3777418194893923
0.13306187400542918,0.3777418194893923
0.13306187400542918,0.37792161093131965
0.1333270928890137,0.37792161093131965
0.1333270928890137,0.378101402373247
0.1333426939998128,0.378101402373247
0.1333426939998128,0.3782811938151744
0.13346750288620549,0.3782811938151744
0.13346750288620549,0.37846098525710176
0.13356110955100003,0.37846098525710176
0.13356110955100003,0.3788205681409565
0.13381072732378546,0.3788205681409565
0.13381072732378546,0.37900035958288386
0.13384192954538363,0.37900035958288386
0.13384192954538363,0.37918015102481123
0.13388873287778089,0.37918015102481123
0.13388873287778089,0.3793599424667386
0.13420075509376267,0.3793599424667386
0.13420075509376267,0.37953973390866597
0.13421635620456177,0.37953973390866597
0.13421635620456177,0.37971952535059333
0.13424755842615993,0.37971952535059333
0.13424755842615993,0.3798993167925207
0.13454397953134264,0.3798993167925207
0.13454397953134264,0.380079108234448
0.1345907828637399,0.380079108234448
0.1345907828637399,0.3802588996763754
0.13465318730693626,0.3802588996763754
0.13465318730693626,0.3806184825602301
0.1348560017473244,0.3806184825602301
0.1348560017473244,0.38097806544408486
0.1348872039689226,0.38097806544408486
0.1348872039689226,0.3811578568860122
0.13524602951730164,0.3811578568860122
0.13524602951730164,0.3813376483279396
0.13548004617928797,0.3813376483279396
0.13548004617928797,0.38151743976986696
0.13552684951168523,0.38151743976986696
0.13552684951168523,0.38169723121179433
0.13554245062248432,0.38169723121179433
0.13554245062248432,0.3818770226537217
0.13563605728727884,0.3818770226537217
0.13563605728727884,0.38205681409564907
0.1357296639520734,0.38205681409564907
0.1357296639520734,0.38223660553757643
0.13576086617367156,0.38223660553757643
0.13576086617367156,0.3824163969795038
0.1358544728384661,0.3824163969795038
0.1358544728384661,0.3825961884214311
0.1362601017192424,0.3825961884214311
0.1362601017192424,0.3827759798633585
0.13649411838122874,0.3827759798633585
0.13649411838122874,0.38295577130528585
0.13650971949202784,0.38295577130528585
0.13650971949202784,0.3831355627472132
0.1365565228244251,0.3831355627472132
0.1365565228244251,0.3833153541891406
0.13661892726762145,0.3833153541891406
0.13661892726762145,0.38349514563106796
0.1366969328216169,0.38349514563106796
0.1366969328216169,0.3836749370729953
0.1368373428188087,0.3836749370729953
0.1368373428188087,0.3838547285149227
0.1369621517052014,0.3838547285149227
0.1369621517052014,0.38403451995685006
0.13705575836999595,0.38403451995685006
0.13708696059159411,0.38403451995685006
0.13708696059159411,0.38421431139877743
0.1371181628131923,0.38421431139877743
0.1371181628131923,0.3843941028407048
0.13730537614278138,0.3843941028407048
0.13730537614278138,0.38457389428263217
0.13732097725358045,0.38457389428263217
0.13732097725358045,0.38475368572455954
0.13735217947517864,0.38475368572455954
0.13735217947517864,0.38493347716648685
0.1373989828075759,0.38493347716648685
0.1373989828075759,0.3851132686084142
0.13744578613997316,0.3851132686084142
0.13744578613997316,0.3852930600503416
0.1375237916939686,0.3852930600503416
0.1375237916939686,0.38547285149226895
0.13763299946956223,0.38547285149226895
0.13763299946956223,0.3856526429341963
0.13771100502355768,0.3856526429341963
0.13771100502355768,0.3858324343761237
0.137945021685544,0.3858324343761237
0.137945021685544,0.38601222581805106
0.13813223501513308,0.38601222581805106
0.13813223501513308,0.3861920172599784
0.13816343723673125,0.3861920172599784
0.13816343723673125,0.3863718087019058
0.1382258416799276,0.3863718087019058
0.1382258416799276,0.38655160014383316
0.13830384723392306,0.38655160014383316
0.13830384723392306,0.38673139158576053
0.1383818527879185,0.38673139158576053
0.1383818527879185,0.3869111830276879
0.13839745389871758,0.3869111830276879
0.13839745389871758,0.38727076591154264
0.13844425723111486,0.38727076591154264
0.13844425723111486,0.38745055735346995
0.13858466722830665,0.38745055735346995
0.13858466722830665,0.3876303487953973
0.13863147056070393,0.3876303487953973
0.13863147056070393,0.3878101402373247
0.13874067833629755,0.3878101402373247
0.13874067833629755,0.38798993167925205
0.13900589721988205,0.38798993167925205
0.13900589721988205,0.3881697231211794
0.13903709944148024,0.3881697231211794
0.13903709944148024,0.3883495145631068
0.1390839027738775,0.3883495145631068
0.1390839027738775,0.38852930600503416
0.13919311054947112,0.38852930600503416
0.1392243127710693,0.38852930600503416
0.13934912165746202,0.38852930600503416
0.13934912165746202,0.3887090974469615
0.13939592498985928,0.3887090974469615
0.13939592498985928,0.3888888888888889
0.1395051327654529,0.3888888888888889
0.1395051327654529,0.38906868033081626
0.1395363349870511,0.38906868033081626
0.1395363349870511,0.38924847177274363
0.13969234609504197,0.38924847177274363
0.13969234609504197,0.389428263214671
0.13972354831664013,0.389428263214671
0.13973914942743923,0.389428263214671
0.13973914942743923,0.38960805465659837
0.13977035164903742,0.38960805465659837
0.13977035164903742,0.38978784609852574
0.13984835720303285,0.38978784609852574
0.13984835720303285,0.38996763754045305
0.14008237386501918,0.38996763754045305
0.14008237386501918,0.3901474289823804
0.14009797497581827,0.3901474289823804
0.14009797497581827,0.3903272204243078
0.14011357608661737,0.3903272204243078
0.14011357608661737,0.39050701186623515
0.140222783862211,0.39050701186623515
0.140222783862211,0.3908665947500899
0.14042559830259915,0.3908665947500899
0.14042559830259915,0.39104638619201726
0.14053480607819277,0.39104638619201726
0.14053480607819277,0.3912261776339446
0.14058160941059003,0.3912261776339446
0.14058160941059003,0.39176555195972673
0.1407844238509782,0.39176555195972673
0.1407844238509782,0.3919453434016541
0.14095603606976817,0.3919453434016541
0.14095603606976817,0.39212513484358147
0.14098723829136633,0.39212513484358147
0.14098723829136633,0.39248471772743615
0.14125245717495086,0.39248471772743615
0.14125245717495086,0.39302409205321825
0.14129926050734812,0.39302409205321825
0.14129926050734812,0.3932038834951456
0.14142406939374083,0.3932038834951456
0.14142406939374083,0.393383674937073
0.14186090049611533,0.393383674937073
0.14186090049611533,0.39374325782092773
0.14207931604730256,0.39374325782092773
0.14207931604730256,0.39410284070478246
0.1421729227120971,0.39410284070478246
0.1421729227120971,0.3944624235886372
0.1423133327092889,0.3944624235886372
0.1423133327092889,0.39464221503056457
0.14239133826328434,0.39464221503056457
0.14239133826328434,0.39500179791441925
0.14242254048488254,0.39500179791441925
0.14242254048488254,0.3951815893563466
0.14284377047645794,0.3951815893563466
0.14284377047645794,0.395361380798274
0.14306218602764517,0.395361380798274
0.14306218602764517,0.39554117224020136
0.14323379824643515,0.39554117224020136
0.14323379824643515,0.3957209636821287
0.1432962026896315,0.3957209636821287
0.1432962026896315,0.3959007551240561
0.14376423601360416,0.3959007551240561
0.14376423601360416,0.39608054656598346
0.14377983712440326,0.39608054656598346
0.14377983712440326,0.39626033800791083
0.14381103934600142,0.39626033800791083
0.14381103934600142,0.3964401294498382
0.14384224156759962,0.3964401294498382
0.14384224156759962,0.39661992089176556
0.1438578426783987,0.39661992089176556
0.1438578426783987,0.39679971233369293
0.1441074604511841,0.39679971233369293
0.1441074604511841,0.3969795037756203
0.14416986489438047,0.3969795037756203
0.14416986489438047,0.39715929521754767
0.14418546600517956,0.39715929521754767
0.14418546600517956,0.397339086659475
0.144435083777965,0.397339086659475
0.144435083777965,0.39751887810140235
0.14446628599956318,0.39751887810140235
0.14446628599956318,0.3976986695433297
0.14480951043714313,0.3976986695433297
0.14480951043714313,0.3978784609852571
0.144965521545134,0.3978784609852571
0.144965521545134,0.39805825242718446
0.14515273487472308,0.39805825242718446
0.14515273487472308,0.3982380438691118
0.14516833598552217,0.3982380438691118
0.14516833598552217,0.3984178353110392
0.1454023526475085,0.3984178353110392
0.1454023526475085,0.39877741819489393
0.14560516708789667,0.39877741819489393
0.14560516708789667,0.3989572096368213
0.1456831726418921,0.3989572096368213
0.1456831726418921,0.39913700107874867
0.14574557708508845,0.39913700107874867
0.14574557708508845,0.39931679252067603
0.1458079815282848,0.39931679252067603
0.1458079815282848,0.3994965839626034
0.14591718930387843,0.3994965839626034
0.14591718930387843,0.39967637540453077
0.14597959374707478,0.39967637540453077
0.14597959374707478,0.3998561668464581
0.14599519485787388,0.3998561668464581
0.14599519485787388,0.40003595828838545
0.14605759930107023,0.40003595828838545
0.14605759930107023,0.4002157497303128
0.14608880152266843,0.4002157497303128
0.14608880152266843,0.4003955411722402
0.14619800929826204,0.4003955411722402
0.14619800929826204,0.40057533261416756
0.14629161596305656,0.40057533261416756
0.14629161596305656,0.4007551240560949
0.14658803706823925,0.4007551240560949
0.14661923928983744,0.4007551240560949
0.1466660426222347,0.4007551240560949
0.1466660426222347,0.4009349154980223
0.1466816437330338,0.4009349154980223
0.1466816437330338,0.40129449838187703
0.14674404817623016,0.40129449838187703
0.14674404817623016,0.4014742898238044
0.14677525039782832,0.4014742898238044
0.14680645261942651,0.4014742898238044
0.14690005928422104,0.4014742898238044
0.14693126150581923,0.4014742898238044
0.147071671503011,0.4014742898238044
0.147071671503011,0.40165408126573177
0.14711847483540827,0.40165408126573177
0.14711847483540827,0.40183387270765913
0.14725888483260008,0.40183387270765913
0.14725888483260008,0.4023732470334412
0.1474773003837873,0.4023732470334412
0.1474773003837873,0.40255303847536855
0.1474929014945864,0.40255303847536855
0.1474929014945864,0.4027328299172959
0.14758650815938096,0.4027328299172959
0.14758650815938096,0.4029126213592233
0.14766451371337638,0.4029126213592233
0.14766451371337638,0.403272204243078
0.14785172704296545,0.403272204243078
0.14785172704296545,0.4034519956850054
0.1478985303753627,0.4034519956850054
0.1478985303753627,0.40363178712693276
0.14794533370776,0.40363178712693276
0.14794533370776,0.40381157856886013
0.14799213704015726,0.40381157856886013
0.14799213704015726,0.4039913700107875
0.14800773815095636,0.4039913700107875
0.14800773815095636,0.40417116145271487
0.1482105525913445,0.40417116145271487
0.1482105525913445,0.40435095289464223
0.14850697369652718,0.40435095289464223
0.14850697369652718,0.4045307443365696
0.14855377702892447,0.4045307443365696
0.14855377702892447,0.4047105357784969
0.1486629848045181,0.4047105357784969
0.1486629848045181,0.4048903272204243
0.14870978813691535,0.4048903272204243
0.14870978813691535,0.40507011866235165
0.14888140035570532,0.40507011866235165
0.14891260257730352,0.40507011866235165
0.14892820368810258,0.40507011866235165
0.14892820368810258,0.405249910104279
0.14897500702049987,0.405249910104279
0.14897500702049987,0.4054297015462064
0.1490686136852944,0.4054297015462064
0.1490686136852944,0.40560949298813376
0.14911541701769165,0.40560949298813376
0.14911541701769165,0.4057892844300611
0.14922462479328527,0.4057892844300611
0.14922462479328527,0.4059690758719885
0.14931823145807982,0.4059690758719885
0.14931823145807982,0.40614886731391586
0.14933383256887892,0.40614886731391586
0.14933383256887892,0.40632865875584323
0.14934943367967798,0.40632865875584323
0.14934943367967798,0.4065084501977706
0.1494742425660707,0.4065084501977706
0.1494742425660707,0.40668824163969797
0.1494898436768698,0.40668824163969797
0.1494898436768698,0.40686803308162534
0.1495054447876689,0.40686803308162534
0.1495054447876689,0.4070478245235527
0.14955224812006615,0.4070478245235527
0.14955224812006615,0.40722761596548
0.14977066367125338,0.40722761596548
0.14977066367125338,0.4074074074074074
0.14978626478205248,0.4074074074074074
0.14978626478205248,0.4077669902912621
0.14983306811444974,0.4077669902912621
0.14983306811444974,0.4079467817331895
0.1499110736684452,0.4079467817331895
0.1499110736684452,0.40812657317511686
0.14998907922244065,0.40812657317511686
0.14998907922244065,0.4083063646170442
0.1500202814440388,0.4083063646170442
0.1500202814440388,0.4084861560589716
0.15016069144123062,0.4084861560589716
0.15019189366282878,0.4084861560589716
0.15019189366282878,0.40866594750089896
0.15028550032762333,0.40866594750089896
0.15028550032762333,0.40884573894282633
0.15042591032481512,0.40884573894282633
0.15042591032481512,0.4090255303847537
0.15062872476520328,0.4090255303847537
0.15062872476520328,0.40920532182668107
0.15070673031919873,0.40920532182668107
0.15070673031919873,0.4095649047105358
0.15095634809198416,0.4095649047105358
0.15095634809198416,0.4097446961524631
0.15100315142438142,0.4097446961524631
0.15100315142438142,0.41010427903631785
0.15106555586757778,0.41010427903631785
0.15106555586757778,0.4102840704782452
0.1511435614215732,0.4102840704782452
0.1511435614215732,0.4108234448040273
0.1512995725295641,0.4108234448040273
0.1512995725295641,0.4110032362459547
0.15145558363755499,0.4110032362459547
0.15148678585915318,0.4110032362459547
0.15151798808075134,0.4110032362459547
0.15151798808075134,0.41118302768788206
0.1515959936347468,0.41118302768788206
0.1515959936347468,0.41136281912980943
0.15167399918874225,0.41136281912980943
0.15167399918874225,0.41172240201366417
0.15176760585353677,0.41172240201366417
0.15176760585353677,0.41190219345559154
0.15181440918593403,0.41190219345559154
0.15181440918593403,0.4120819848975189
0.15192361696152767,0.4120819848975189
0.15192361696152767,0.4122617763394462
0.1520328247371213,0.4122617763394462
0.1520328247371213,0.4124415677813736
0.15204842584792036,0.4124415677813736
0.15204842584792036,0.41262135922330095
0.15209522918031765,0.41262135922330095
0.15209522918031765,0.4129809421071557
0.1521264314019158,0.4129809421071557
0.152157633623514,0.4129809421071557
0.15237604917470124,0.4129809421071557
0.15237604917470124,0.41316073354908306
0.1524072513962994,0.41316073354908306
0.1524072513962994,0.4133405249910104
0.1524228525070985,0.4133405249910104
0.1524228525070985,0.4135203164329378
0.15262566694748667,0.4135203164329378
0.15262566694748667,0.41370010787486516
0.15270367250148212,0.41370010787486516
0.15270367250148212,0.41387989931679253
0.15273487472308028,0.41387989931679253
0.15273487472308028,0.4140596907587199
0.15279727916627664,0.4140596907587199
0.15279727916627664,0.41423948220064727
0.1528284813878748,0.41423948220064727
0.1528284813878748,0.41441927364257464
0.15289088583107116,0.41441927364257464
0.15289088583107116,0.414599065084502
0.15317170582545478,0.414599065084502
0.15317170582545478,0.4149586479683567
0.15343692470903927,0.4149586479683567
0.15343692470903927,0.41567781373606616
0.15359293581703018,0.41567781373606616
0.15359293581703018,0.41585760517799353
0.1537021435926238,0.41585760517799353
0.1537021435926238,0.4160373966199209
0.15379575025741832,0.4160373966199209
0.15379575025741832,0.41621718806184826
0.1538269524790165,0.41621718806184826
0.15385815470061467,0.41621718806184826
0.15387375581141377,0.41639697950377563
0.15399856469780648,0.41639697950377563
0.15399856469780648,0.416576770945703
0.1541389746949983,0.416576770945703
0.1541389746949983,0.41675656238763037
0.15445099691098005,0.41675656238763037
0.15445099691098005,0.41693635382955774
0.15448219913257824,0.41693635382955774
0.15448219913257824,0.4172959367134124
0.15457580579737276,0.4172959367134124
0.15457580579737276,0.4174757281553398
0.15476301912696183,0.4174757281553398
0.15476301912696183,0.4178353110391945
0.15516864800773816,0.4178353110391945
0.15516864800773816,0.4180151024811219
0.15518424911853723,0.4180151024811219
0.15518424911853723,0.41837468536497663
0.1552466535617336,0.41837468536497663
0.1552466535617336,0.418554476806904
0.15543386689132266,0.418554476806904
0.15543386689132266,0.41873426824883136
0.15548067022371992,0.41873426824883136
0.15548067022371992,0.41927364257461347
0.15560547911011263,0.41927364257461347
0.15560547911011263,0.41945343401654084
0.155667883553309,0.41945343401654084
0.155667883553309,0.41963322545846815
0.15583949577209896,0.41963322545846815
0.15583949577209896,0.4198130169003955
0.1559487035476926,0.4198130169003955
0.1559487035476926,0.4199928083423229
0.15596430465849168,0.4199928083423229
0.15596430465849168,0.42017259978425026
0.15599550688008987,0.42017259978425026
0.15605791132328622,0.42017259978425026
0.15605791132328622,0.420532182668105
0.15618272020967894,0.420532182668105
0.15618272020967894,0.42071197411003236
0.156369933539268,0.42071197411003236
0.156369933539268,0.4210715569938871
0.15638553465006708,0.4210715569938871
0.15638553465006708,0.4216109313196692
0.15658834909045524,0.4216109313196692
0.15658834909045524,0.42179072276159657
0.15669755686604886,0.42179072276159657
0.15669755686604886,0.42197051420352394
0.1570563824144279,0.42197051420352394
0.1570563824144279,0.42215030564545125
0.157071983525227,0.42215030564545125
0.157071983525227,0.422509888529306
0.15711878685762426,0.422509888529306
0.15711878685762426,0.42268967997123336
0.15732160129801243,0.42268967997123336
0.1573372024088115,0.4228694714131607
0.1573684046304097,0.4228694714131607
0.1573684046304097,0.4230492628550881
0.1574620112952042,0.4230492628550881
0.1574620112952042,0.42322905429701546
0.15755561795999876,0.42322905429701546
0.15755561795999876,0.42376842862279757
0.15766482573559237,0.42376842862279757
0.15766482573559237,0.42394822006472493
0.1577584324003869,0.42394822006472493
0.1577584324003869,0.4241280115066523
0.15782083684358325,0.4241280115066523
0.15782083684358325,0.42430780294857967
0.15783643795438235,0.42430780294857967
0.15783643795438235,0.42448759439050704
0.15786764017598054,0.42448759439050704
0.1578988423975787,0.42448759439050704
0.1579144435083778,0.42448759439050704
0.1579144435083778,0.42466738583243435
0.1579300446191769,0.42466738583243435
0.1579300446191769,0.4248471772743617
0.15799244906237325,0.4248471772743617
0.15799244906237325,0.42520676015821646
0.15802365128397142,0.42520676015821646
0.15802365128397142,0.4255663430420712
0.15811725794876597,0.4255663430420712
0.15811725794876597,0.42574613448399856
0.1582108646135605,0.42574613448399856
0.1582108646135605,0.42592592592592593
0.15825766794595775,0.42592592592592593
0.15825766794595775,0.4261057173678533
0.15844488127554682,0.4261057173678533
0.15844488127554682,0.42628550880978067
0.1584604823863459,0.42628550880978067
0.1584604823863459,0.42646530025170803
0.1588973134887204,0.42646530025170803
0.1588973134887204,0.4266450916936354
0.15897531904271583,0.4266450916936354
0.15897531904271583,0.4270046745774901
0.1591469312615058,0.4270046745774901
0.1591469312615058,0.42718446601941745
0.15920933570470217,0.42718446601941745
0.15920933570470217,0.4273642574613448
0.15938094792349214,0.4273642574613448
0.15938094792349214,0.4275440489032722
0.15942775125588943,0.4275440489032722
0.15942775125588943,0.42772384034519956
0.1595681612530812,0.42772384034519956
0.1595681612530812,0.4279036317871269
0.15967736902867485,0.4279036317871269
0.15967736902867485,0.4280834232290543
0.16023900901744204,0.4280834232290543
0.16023900901744204,0.42826321467098166
0.1602858123498393,0.42826321467098166
0.1602858123498393,0.42844300611290903
0.16033261568223658,0.42844300611290903
0.16033261568223658,0.42880258899676377
0.1604418234578302,0.42880258899676377
0.1604418234578302,0.42934196332254587
0.16047302567942837,0.42934196332254587
0.16047302567942837,0.4295217547644732
0.16066023900901744,0.4295217547644732
0.16066023900901744,0.42970154620640055
0.16069144123061563,0.42970154620640055
0.1607226434522138,0.42970154620640055
0.16078504789541015,0.42970154620640055
0.16078504789541015,0.4298813376483279
0.16090985678180286,0.4298813376483279
0.16090985678180286,0.4300611290902553
0.16094105900340105,0.4300611290902553
0.16094105900340105,0.43024092053218266
0.16098786233579832,0.43024092053218266
0.16098786233579832,0.43042071197411
0.16134668788417736,0.43042071197411
0.16134668788417736,0.4306005034160374
0.16136228899497645,0.4306005034160374
0.16136228899497645,0.43078029485796476
0.16148709788136914,0.43078029485796476
0.16148709788136914,0.4311398777418195
0.16150269899216824,0.4311398777418195
0.16150269899216824,0.4316792520676016
0.1615651034353646,0.4316792520676016
0.16159630565696279,0.4316792520676016
0.16159630565696279,0.431859043509529
0.16164310898936005,0.431859043509529
0.16164310898936005,0.43221862639338365
0.16176791787575276,0.43221862639338365
0.16179912009735092,0.43221862639338365
0.1618459234297482,0.43221862639338365
0.1618459234297482,0.432398417835311
0.1620955412025336,0.432398417835311
0.1620955412025336,0.4325782092772384
0.16225155231052452,0.4325782092772384
0.16228275453212268,0.4325782092772384
0.16228275453212268,0.43275800071916576
0.16232955786451994,0.43275800071916576
0.16232955786451994,0.4329377921610931
0.16243876564011359,0.4329377921610931
0.16243876564011359,0.4331175836030205
0.16246996786171175,0.4331175836030205
0.16246996786171175,0.43329737504494786
0.16264158008050172,0.43329737504494786
0.16264158008050172,0.43347716648687523
0.16265718119130082,0.43347716648687523
0.16265718119130082,0.4336569579288026
0.16276638896689444,0.4336569579288026
0.16276638896689444,0.43383674937072997
0.1628443945208899,0.43383674937072997
0.1628443945208899,0.4341963322545847
0.162859995631689,0.4341963322545847
0.162859995631689,0.4345559151384394
0.1629848045180817,0.4345559151384394
0.1629848045180817,0.43473570658036675
0.16349964117445162,0.43473570658036675
0.16349964117445162,0.4349154980222941
0.16356204561764798,0.4349154980222941
0.16359324783924614,0.4349154980222941
0.16360884895004524,0.4349154980222941
0.16360884895004524,0.4350952894642215
0.16374925894723705,0.4350952894642215
0.16374925894723705,0.43527508090614886
0.1638272645012325,0.43527508090614886
0.16384286561203157,0.4354548723480762
0.16398327560922338,0.4354548723480762
0.16398327560922338,0.43581445523193096
0.16404568005241973,0.43581445523193096
0.16404568005241973,0.43599424667385833
0.1640768822740179,0.43599424667385833
0.1640768822740179,0.4361740381157857
0.16437330337920059,0.4361740381157857
0.16437330337920059,0.43635382955771307
0.16457611781958875,0.43635382955771307
0.16457611781958875,0.43653362099964044
0.16460732004118694,0.43653362099964044
0.16460732004118694,0.4367134124415678
0.164794533370776,0.4367134124415678
0.164794533370776,0.4368932038834951
0.16482573559237418,0.4368932038834951
0.16482573559237418,0.4370729953254225
0.16485693781397234,0.4370729953254225
0.16498174670036506,0.4370729953254225
0.16498174670036506,0.43725278676734985
0.1650441511435614,0.43725278676734985
0.1650441511435614,0.4374325782092772
0.16527816780554774,0.4374325782092772
0.16527816780554774,0.4376123696512046
0.16530937002714594,0.4376123696512046
0.16530937002714594,0.43779216109313196
0.16541857780273955,0.43779216109313196
0.16544978002433774,0.43779216109313196
0.1654653811351368,0.43779216109313196
0.1654653811351368,0.43797195253505933
0.16585540890511405,0.43797195253505933
0.16585540890511405,0.4381517439769867
0.1659334144591095,0.4381517439769867
0.1659334144591095,0.43833153541891406
0.16596461668070767,0.43833153541891406
0.16596461668070767,0.43851132686084143
0.16602702112390402,0.43851132686084143
0.16602702112390402,0.43887090974469617
0.16612062778869854,0.43887090974469617
0.16612062778869854,0.43905070118662354
0.16637024556148397,0.43905070118662354
0.16637024556148397,0.4392304926285509
0.16643265000468033,0.4392304926285509
0.16643265000468033,0.4394102840704782
0.16685387999625573,0.4394102840704782
0.16685387999625573,0.4395900755124056
0.16693188555025118,0.4395900755124056
0.16693188555025118,0.43976986695433296
0.1670254922150457,0.43976986695433296
0.1670254922150457,0.4399496583962603
0.16708789665824206,0.4399496583962603
0.16708789665824206,0.4401294498381877
0.16713469999063935,0.4401294498381877
0.16713469999063935,0.44030924128011506
0.16733751443102748,0.44030924128011506
0.16733751443102748,0.44048903272204243
0.16736871665262568,0.44048903272204243
0.16736871665262568,0.44102840704782453
0.16739991887422384,0.44102840704782453
0.16739991887422384,0.4412081984897519
0.1678679521981965,0.4412081984897519
0.1678679521981965,0.44138798993167927
0.16794595775219195,0.44138798993167927
0.16794595775219195,0.44156778137360664
0.16799276108458921,0.44156778137360664
0.16799276108458921,0.441747572815534
0.1680239633061874,0.441747572815534
0.1680239633061874,0.4419273642574613
0.16821117663577648,0.4419273642574613
0.16824237885737464,0.4421071556993887
0.16824237885737464,0.44228694714131606
0.1684451932977628,0.44228694714131606
0.1684451932977628,0.4424667385832434
0.16846079440856188,0.4424667385832434
0.16846079440856188,0.4426465300251708
0.16888202440013728,0.4426465300251708
0.16888202440013728,0.44282632146709816
0.16920964772691816,0.44282632146709816
0.16920964772691816,0.44300611290902553
0.1692876532809136,0.44300611290902553
0.1692876532809136,0.4431859043509529
0.16941246216730632,0.4431859043509529
0.16941246216730632,0.44336569579288027
0.16944366438890449,0.44336569579288027
0.16944366438890449,0.44354548723480763
0.1695840743860963,0.44354548723480763
0.1695840743860963,0.443725278676735
0.16963087771849356,0.443725278676735
0.16963087771849356,0.44390507011866237
0.16967768105089082,0.44390507011866237
0.16967768105089082,0.44408486156058974
0.169708883272489,0.44408486156058974
0.169708883272489,0.4442646530025171
0.16972448438328808,0.4442646530025171
0.16972448438328808,0.4444444444444444
0.1698492932696808,0.4444444444444444
0.1698492932696808,0.4446242358863718
0.16989609660207808,0.4446242358863718
0.16989609660207808,0.44480402732829916
0.1700209054884708,0.44480402732829916
0.1700209054884708,0.4449838187702265
0.17016131548566257,0.4449838187702265
0.17016131548566257,0.4451636102121539
0.1702705232612562,0.4451636102121539
0.17030172548285438,0.4451636102121539
0.17037973103684984,0.4451636102121539
0.17037973103684984,0.44534340165408126
0.170410933258448,0.44534340165408126
0.170410933258448,0.44552319309600863
0.17105057880121063,0.44552319309600863
0.17105057880121063,0.44588277597986337
0.1711285843552061,0.44588277597986337
0.1711285843552061,0.44606256742179073
0.17114418546600518,0.44606256742179073
0.17114418546600518,0.4462423588637181
0.17117538768760335,0.4462423588637181
0.17117538768760335,0.44642215030564547
0.17131579768479516,0.44642215030564547
0.17136260101719242,0.44642215030564547
0.17156541545758058,0.44642215030564547
0.17156541545758058,0.44660194174757284
0.17161221878997784,0.44660194174757284
0.17161221878997784,0.4467817331895002
0.17172142656557146,0.4467817331895002
0.17172142656557146,0.4469615246314275
0.17173702767637056,0.4469615246314275
0.17173702767637056,0.4471413160733549
0.1717994321195669,0.4471413160733549
0.1717994321195669,0.4475008989572096
0.17231426877593684,0.4475008989572096
0.17231426877593684,0.447680690399137
0.17256388654872226,0.447680690399137
0.17256388654872226,0.44786048184106436
0.17257948765952136,0.44786048184106436
0.17261068988111952,0.44786048184106436
0.17264189210271771,0.44786048184106436
0.17264189210271771,0.4482200647249191
0.17267309432431588,0.4482200647249191
0.17267309432431588,0.44839985616684647
0.17275109987831133,0.44839985616684647
0.17275109987831133,0.4487594390507012
0.17278230209990952,0.4487594390507012
0.17278230209990952,0.44893923049262857
0.1727979032107086,0.44893923049262857
0.1727979032107086,0.44911902193455594
0.17309432431589128,0.44911902193455594
0.17309432431589128,0.44929881337648325
0.1733751443102749,0.44929881337648325
0.17340634653187306,0.44929881337648325
0.17348435208586852,0.44929881337648325
0.17348435208586852,0.4494786048184106
0.1737807731910512,0.4494786048184106
0.1737807731910512,0.449658396260338
0.17385877874504665,0.449658396260338
0.17388998096664482,0.449658396260338
0.17390558207744392,0.449658396260338
0.17390558207744392,0.44983818770226536
0.17412399762863115,0.44983818770226536
0.17412399762863115,0.4500179791441927
0.17415519985022934,0.4500179791441927
0.1741864020718275,0.4500179791441927
0.1742020031826266,0.4500179791441927
0.1742020031826266,0.4501977705861201
0.1743424131798184,0.4501977705861201
0.1743424131798184,0.45037756202804746
0.17443601984461293,0.45037756202804746
0.17443601984461293,0.45055735346997483
0.17446722206621113,0.45055735346997483
0.17446722206621113,0.4507371449119022
0.1744828231770102,0.4507371449119022
0.1744828231770102,0.45091693635382957
0.17451402539860839,0.45091693635382957
0.17454522762020655,0.45091693635382957
0.17474804206059472,0.45091693635382957
0.17474804206059472,0.45109672779575694
0.17496645761178195,0.45109672779575694
0.17496645761178195,0.4512765192376843
0.17499765983338014,0.4512765192376843
0.1750288620549783,0.4512765192376843
0.17507566538737557,0.4512765192376843
0.17507566538737557,0.45145631067961167
0.17512246871977286,0.45145631067961167
0.17512246871977286,0.45181589356346635
0.17523167649536647,0.45181589356346635
0.17523167649536647,0.4521754764473211
0.1754500920465537,0.4521754764473211
0.1754500920465537,0.45235526788924846
0.1754812942681519,0.45235526788924846
0.1754812942681519,0.4525350593311758
0.17549689537895097,0.4525350593311758
0.17549689537895097,0.4527148507731032
0.17562170426534368,0.4527148507731032
0.17562170426534368,0.45289464221503056
0.17566850759774097,0.45289464221503056
0.17566850759774097,0.45307443365695793
0.17569970981933913,0.45307443365695793
0.17569970981933913,0.4532542250988853
0.17593372648132546,0.4532542250988853
0.17593372648132546,0.45343401654081267
0.17601173203532092,0.45343401654081267
0.17601173203532092,0.45361380798274004
0.17612093981091453,0.45361380798274004
0.17612093981091453,0.4537935994246674
0.1761833442541109,0.4537935994246674
0.1761833442541109,0.4539733908665948
0.17627695091890544,0.4539733908665948
0.17627695091890544,0.45433297375044945
0.17638615869449906,0.45433297375044945
0.17638615869449906,0.4545127651923768
0.17649536647009267,0.4545127651923768
0.17649536647009267,0.45487234807623156
0.17665137757808355,0.45487234807623156
0.17665137757808355,0.4550521395181589
0.17697900090486443,0.4550521395181589
0.17697900090486443,0.4552319309600863
0.17732222534244438,0.4552319309600863
0.17732222534244438,0.45541172240201366
0.17764984866922526,0.45541172240201366
0.17764984866922526,0.45559151384394103
0.17771225311242161,0.45559151384394103
0.17771225311242161,0.4557713052858684
0.17793066866360885,0.4557713052858684
0.17793066866360885,0.45595109672779577
0.17835189865518425,0.45595109672779577
0.17835189865518425,0.45613088816972314
0.1787263253143624,0.45613088816972314
0.1787263253143624,0.4563106796116505
0.1788199319791569,0.4563106796116505
0.1788199319791569,0.4564904710535779
0.17889793753315236,0.4564904710535779
0.17889793753315236,0.45667026249550524
0.17899154419794688,0.45667026249550524
0.17899154419794688,0.45685005393743255
0.17938157196792412,0.45685005393743255
0.17938157196792412,0.4570298453793599
0.17941277418952228,0.4570298453793599
0.17941277418952228,0.4572096368212873
0.17950638085431683,0.4572096368212873
0.17950638085431683,0.45738942826321466
0.1796935941839059,0.45738942826321466
0.17972479640550407,0.45738942826321466
0.17986520640269588,0.45738942826321466
0.17986520640269588,0.457569219705142
0.18003681862148585,0.457569219705142
0.18003681862148585,0.4577490111470694
0.1801148241754813,0.4577490111470694
0.1801148241754813,0.45792880258899676
0.18023963306187402,0.45792880258899676
0.18023963306187402,0.45810859403092413
0.18069206527504758,0.45810859403092413
0.18069206527504758,0.4582883854728515
0.18072326749664577,0.4582883854728515
0.18072326749664577,0.45846817691477887
0.18075446971824394,0.45846817691477887
0.18075446971824394,0.45864796835670624
0.18103528971262753,0.45864796835670624
0.18103528971262753,0.4588277597986336
0.18111329526662298,0.4588277597986336
0.18111329526662298,0.459007551240561
0.18126930637461386,0.459007551240561
0.18126930637461386,0.4591873426824883
0.1813473119286093,0.4591873426824883
0.1813473119286093,0.45936713412441565
0.1813785141502075,0.45936713412441565
0.18142531748260476,0.45936713412441565
0.18142531748260476,0.459546925566343
0.1816593341445911,0.459546925566343
0.18169053636618926,0.459546925566343
0.18173733969858655,0.459546925566343
0.18173733969858655,0.4597267170082704
0.18197135636057288,0.4597267170082704
0.18197135636057288,0.45990650845019776
0.18203376080376923,0.45990650845019776
0.18203376080376923,0.46008629989212513
0.18204936191456833,0.46008629989212513
0.18204936191456833,0.4602660913340525
0.1820961652469656,0.4602660913340525
0.1820961652469656,0.46044588277597986
0.18223657524415737,0.46044588277597986
0.18223657524415737,0.46062567421790723
0.18228337857655466,0.46062567421790723
0.18228337857655466,0.4608054656598346
0.18233018190895192,0.4608054656598346
0.18233018190895192,0.46098525710176197
0.18234578301975102,0.46098525710176197
0.18234578301975102,0.46116504854368934
0.1825017941277419,0.46116504854368934
0.1825017941277419,0.4613448399856167
0.18253299634934006,0.4613448399856167
0.18253299634934006,0.4617044228694714
0.18279821523292458,0.4617044228694714
0.18279821523292458,0.46188421431139876
0.18301663078411182,0.46188421431139876
0.18301663078411182,0.4620640057533261
0.18304783300571,0.4620640057533261
0.18304783300571,0.4622437971952535
0.18328184966769634,0.4622437971952535
0.18328184966769634,0.46242358863718086
0.1833598552216918,0.46242358863718086
0.1833598552216918,0.46260338007910823
0.18340665855408905,0.46260338007910823
0.18340665855408905,0.46296296296296297
0.18343786077568722,0.46296296296296297
0.18343786077568722,0.46314275440489033
0.18350026521888357,0.46314275440489033
0.18350026521888357,0.4633225458468177
0.18371868077007084,0.4633225458468177
0.18371868077007084,0.46350233728874507
0.1837654841024681,0.46350233728874507
0.1837654841024681,0.4638619201725998
0.18384348965646355,0.4638619201725998
0.18384348965646355,0.4640417116145272
0.1838746918780617,0.4640417116145272
0.1838746918780617,0.4642215030564545
0.18423351742644076,0.4642215030564545
0.18423351742644076,0.46440129449838186
0.18442073075602983,0.46440129449838186
0.18442073075602983,0.4645810859403092
0.18451433742082438,0.4645810859403092
0.18451433742082438,0.4647608773822366
0.184623545196418,0.4647608773822366
0.184623545196418,0.46494066882416396
0.18527879184997972,0.46494066882416396
0.18527879184997972,0.46512046026609133
0.18540360073637244,0.46512046026609133
0.18540360073637244,0.4653002517080187
0.18570002184155512,0.4653002517080187
0.18570002184155512,0.46548004314994607
0.18571562295235422,0.46548004314994607
0.18571562295235422,0.46565983459187343
0.18574682517395238,0.46565983459187343
0.18577802739555058,0.46565983459187343
0.18579362850634965,0.46565983459187343
0.18579362850634965,0.46601941747572817
0.1858716340603451,0.46601941747572817
0.1858716340603451,0.46619920891765554
0.1858872351711442,0.46619920891765554
0.1858872351711442,0.4663790003595829
0.18594963961434055,0.4663790003595829
0.18594963961434055,0.4665587918015103
0.1860120440575369,0.4665587918015103
0.1860120440575369,0.4667385832434376
0.18604324627913507,0.4667385832434376
0.18604324627913507,0.46691837468536496
0.18609004961153233,0.46691837468536496
0.18609004961153233,0.4670981661272923
0.18638647071671502,0.4670981661272923
0.18638647071671502,0.4672779575692197
0.18649567849230866,0.4672779575692197
0.18649567849230866,0.46745774901114706
0.18651127960310773,0.46745774901114706
0.18651127960310773,0.46763754045307443
0.1868389029298886,0.46763754045307443
0.1868389029298886,0.4678173318950018
0.18691690848388406,0.4678173318950018
0.18691690848388406,0.46799712333692917
0.18704171737027675,0.46799712333692917
0.18704171737027675,0.46817691477885653
0.18705731848107585,0.46817691477885653
0.18705731848107585,0.4683567062207839
0.1875721551374458,0.4683567062207839
0.18758775624824486,0.46853649766271127
0.18758775624824486,0.46871628910463864
0.18761895846984306,0.46871628910463864
0.18761895846984306,0.468896080546566
0.1876969640238385,0.468896080546566
0.1876969640238385,0.4690758719884933
0.1879465817966239,0.4690758719884933
0.1879465817966239,0.4692556634304207
0.18804018846141846,0.4692556634304207
0.18807139068301662,0.4692556634304207
0.18822740179100753,0.4692556634304207
0.18822740179100753,0.46943545487234806
0.1883990140097975,0.46943545487234806
0.1883990140097975,0.4696152463142754
0.18844581734219476,0.4696152463142754
0.18844581734219476,0.4697950377562028
0.1887890417797747,0.4697950377562028
0.1887890417797747,0.46997482919813016
0.18891385066616742,0.46997482919813016
0.18891385066616742,0.47015462064005753
0.18899185622016287,0.47015462064005753
0.18900745733096197,0.4703344120819849
0.18900745733096197,0.47069399496583963
0.18903865955256013,0.47069399496583963
0.18903865955256013,0.470873786407767
0.18906986177415833,0.470873786407767
0.18906986177415833,0.47105357784969437
0.18927267621454646,0.47105357784969437
0.18930387843614466,0.47105357784969437
0.18945988954413553,0.47105357784969437
0.18945988954413553,0.47123336929162174
0.18961590065212644,0.47123336929162174
0.18961590065212644,0.4714131607335491
0.1896315017629255,0.4714131607335491
0.1896627039845237,0.4714131607335491
0.18969390620612187,0.4714131607335491
0.18969390620612187,0.4715929521754764
0.18970950731692096,0.4715929521754764
0.18970950731692096,0.4717727436174038
0.19002152953290274,0.4717727436174038
0.19002152953290274,0.47195253505933116
0.1903803550812818,0.47195253505933116
0.1903803550812818,0.4721323265012585
0.19056756841087086,0.4721323265012585
0.19056756841087086,0.47249190938511326
0.19059877063246902,0.47249190938511326
0.19059877063246902,0.47267170082704063
0.19062997285406721,0.47267170082704063
0.19062997285406721,0.472851492268968
0.19072357951886174,0.472851492268968
0.19072357951886174,0.47303128371089537
0.19098879840244626,0.47303128371089537
0.19098879840244626,0.47321107515282274
0.1910668039564417,0.47321107515282274
0.19109800617803988,0.47321107515282274
0.19111360728883897,0.47321107515282274
0.19111360728883897,0.4733908665947501
0.1911916128428344,0.4733908665947501
0.1911916128428344,0.47357065803667747
0.19145683172641892,0.47357065803667747
0.19145683172641892,0.47375044947860484
0.19147243283721802,0.47375044947860484
0.19147243283721802,0.4739302409205322
0.19153483728041437,0.4739302409205322
0.19153483728041437,0.4742898238043869
0.1917532528316016,0.4742898238043869
0.1917532528316016,0.47446961524631426
0.1919092639395925,0.47446961524631426
0.1919092639395925,0.4746494066882416
0.19195606727198977,0.4746494066882416
0.19195606727198977,0.474829198130169
0.19222128615557427,0.474829198130169
0.19222128615557427,0.47500898957209636
0.1924553028175606,0.47500898957209636
0.1924553028175606,0.47518878101402373
0.19268931947954696,0.47518878101402373
0.19272052170114512,0.47518878101402373
0.19276732503354238,0.47518878101402373
0.19276732503354238,0.4753685724559511
0.19281412836593967,0.4753685724559511
0.19281412836593967,0.47554836389787847
0.19295453836313145,0.47554836389787847
0.19295453836313145,0.47572815533980584
0.19307934724952416,0.47572815533980584
0.19307934724952416,0.4759079467817332
0.1932977628007114,0.4759079467817332
0.1932977628007114,0.4760877382236606
0.1933133639115105,0.4760877382236606
0.1933133639115105,0.47626752966558794
0.1933289650223096,0.47626752966558794
0.1933289650223096,0.4764473211075153
0.1933445661331087,0.4764473211075153
0.1933445661331087,0.4766271125494426
0.1934225716871041,0.4766271125494426
0.1934225716871041,0.47680690399137
0.19350057724109956,0.47680690399137
0.19350057724109956,0.47698669543329736
0.19354738057349682,0.47698669543329736
0.19354738057349682,0.4771664868752247
0.1937657961246841,0.4771664868752247
0.1937657961246841,0.4773462783171521
0.1938594027894786,0.4773462783171521
0.1938594027894786,0.47752606975907946
0.19404661611906768,0.47752606975907946
0.19404661611906768,0.4778856526429342
0.19412462167306313,0.4778856526429342
0.19412462167306313,0.47806544408486157
0.19432743611345127,0.47806544408486157
0.19432743611345127,0.47824523552678894
0.1950138849886112,0.47824523552678894
0.1950138849886112,0.4786048184106437
0.19526350276139662,0.4786048184106437
0.19526350276139662,0.47878460985257104
0.19535710942619114,0.47878460985257104
0.19535710942619114,0.47896440129449835
0.19551312053418204,0.47896440129449835
0.1955443227557802,0.47896440129449835
0.19570033386377111,0.47896440129449835
0.19570033386377111,0.4791441927364257
0.19571593497457018,0.4791441927364257
0.19571593497457018,0.47950377562028046
0.1958251427501638,0.47950377562028046
0.1958251427501638,0.4796835670622078
0.19601235607975287,0.4796835670622078
0.19601235607975287,0.4798633585041352
0.19610596274454742,0.4798633585041352
0.19610596274454742,0.48004314994606256
0.19613716496614558,0.48004314994606256
0.19613716496614558,0.48022294138798993
0.19618396829854284,0.48022294138798993
0.19618396829854284,0.4804027328299173
0.19621517052014104,0.4804027328299173
0.19621517052014104,0.48058252427184467
0.19649599051452463,0.48058252427184467
0.19649599051452463,0.48076231571377204
0.19655839495772098,0.48076231571377204
0.19655839495772098,0.4811218985976268
0.19660519829011824,0.4811218985976268
0.19660519829011824,0.48130169003955414
0.1966988049549128,0.48130169003955414
0.1966988049549128,0.48148148148148145
0.19674560828731005,0.48148148148148145
0.19674560828731005,0.4818410643653362
0.1968392149521046,0.4818410643653362
0.1968392149521046,0.48202085580726356
0.19685481606290367,0.48202085580726356
0.19685481606290367,0.48220064724919093
0.19691722050610003,0.48220064724919093
0.19691722050610003,0.4823804386911183
0.19718243938968455,0.4823804386911183
0.19718243938968455,0.48274002157497303
0.19726044494368,0.48274002157497303
0.19726044494368,0.4829198130169004
0.19727604605447907,0.4829198130169004
0.19727604605447907,0.48309960445882777
0.19743205716246998,0.48309960445882777
0.19746325938406814,0.48309960445882777
0.1975256638272645,0.48309960445882777
0.1975256638272645,0.48327939590075514
0.19758806827046085,0.48327939590075514
0.19758806827046085,0.4834591873426825
0.19761927049205905,0.4834591873426825
0.19761927049205905,0.4836389787846099
0.19771287715685357,0.4836389787846099
0.19771287715685357,0.48381877022653724
0.19788448937564354,0.48381877022653724
0.19788448937564354,0.48399856166846456
0.19829011825641985,0.48399856166846456
0.19829011825641985,0.4841783531103919
0.19844612936441075,0.4841783531103919
0.19844612936441075,0.4843581445523193
0.19886735935598615,0.4843581445523193
0.19886735935598615,0.48453793599424666
0.19899216824237886,0.48453793599424666
0.19902337046397703,0.48453793599424666
0.19902337046397703,0.4848975188781014
0.19910137601797248,0.4848975188781014
0.19910137601797248,0.48525710176195613
0.19914817935036974,0.48525710176195613
0.19914817935036974,0.4854368932038835
0.19938219601235607,0.4854368932038835
0.19938219601235607,0.48579647608773824
0.19947580267715062,0.48579647608773824
0.19947580267715062,0.4859762675296656
0.19952260600954788,0.4859762675296656
0.19952260600954788,0.486156058971593
0.19967861711753876,0.486156058971593
0.19967861711753876,0.48633585041352034
0.19995943711192238,0.48633585041352034
0.19995943711192238,0.48651564185544766
0.20000624044431964,0.48651564185544766
0.20000624044431964,0.486695433297375
0.2000374426659178,0.486695433297375
0.2000374426659178,0.48705501618122976
0.200068644887516,0.48705501618122976
0.200068644887516,0.48723480762315713
0.2003338637711005,0.48723480762315713
0.2003338637711005,0.4874145990650845
0.20034946488189959,0.4874145990650845
0.20034946488189959,0.48759439050701187
0.20052107710068956,0.48759439050701187
0.20052107710068956,0.48777418194893923
0.20056788043308685,0.48777418194893923
0.20056788043308685,0.4879539733908666
0.20080189709507318,0.4879539733908666
0.20080189709507318,0.48813376483279397
0.2008799026490686,0.48813376483279397
0.2008799026490686,0.48831355627472134
0.2009111048706668,0.48831355627472134
0.2009111048706668,0.4884933477166487
0.20098911042466225,0.4884933477166487
0.20098911042466225,0.4886731391585761
0.20100471153546132,0.4886731391585761
0.20100471153546132,0.48885293060050344
0.20112952042185403,0.48885293060050344
0.20112952042185403,0.48903272204243076
0.20123872819744765,0.48903272204243076
0.20123872819744765,0.4892125134843581
0.2013479359730413,0.4892125134843581
0.2013479359730413,0.4893923049262855
0.20139473930543855,0.4893923049262855
0.20139473930543855,0.48975188781014023
0.2014415426378358,0.48975188781014023
0.201472744859434,0.48975188781014023
0.20148834597023307,0.48975188781014023
0.20148834597023307,0.4899316792520676
0.20156635152422853,0.4899316792520676
0.20156635152422853,0.49011147069399497
0.2015975537458267,0.49011147069399497
0.2015975537458267,0.49029126213592233
0.20194077818340667,0.49029126213592233
0.20194077818340667,0.4904710535778497
0.20233080595338387,0.4904710535778497
0.20233080595338387,0.49065084501977707
0.2026116259477675,0.49065084501977707
0.2026116259477675,0.49083063646170444
0.20273643483416018,0.49083063646170444
0.20273643483416018,0.4910104279036318
0.20290804705295018,0.4910104279036318
0.20290804705295018,0.4911902193455592
0.20292364816374925,0.4911902193455592
0.20292364816374925,0.4913700107874865
0.20293924927454834,0.4913700107874865
0.20293924927454834,0.49154980222941386
0.20323567037973103,0.49154980222941386
0.20323567037973103,0.4917295936713412
0.20326687260132922,0.4917295936713412
0.20326687260132922,0.4919093851132686
0.20337608037692284,0.4919093851132686
0.20337608037692284,0.49208917655519596
0.20339168148772194,0.49208917655519596
0.20339168148772194,0.49226896799712333
0.20362569814970827,0.49226896799712333
0.20362569814970827,0.4924487594390507
0.20364129926050734,0.4924487594390507
0.20364129926050734,0.49262855088097807
0.2037037037037037,0.49262855088097807
0.2037037037037037,0.49280834232290543
0.20373490592530188,0.49280834232290543
0.20373490592530188,0.4929881337648328
0.20376610814690005,0.4929881337648328
0.20376610814690005,0.49334771664868754
0.2038753159224937,0.49334771664868754
0.2038753159224937,0.4935275080906149
0.20390651814409186,0.4935275080906149
0.20390651814409186,0.4937072995325423
0.20407813036288183,0.4937072995325423
0.20407813036288183,0.4938870909744696
0.20435895035726545,0.4938870909744696
0.20435895035726545,0.49406688241639696
0.20437455146806452,0.49406688241639696
0.20437455146806452,0.4942466738583243
0.20449936035445723,0.4942466738583243
0.20449936035445723,0.4944264653002517
0.2045461636868545,0.4944264653002517
0.2045461636868545,0.49460625674217906
0.20457736590845269,0.49460625674217906
0.20460856813005085,0.49460625674217906
0.20465537146244814,0.49460625674217906
0.20465537146244814,0.49478604818410643
0.2046865736840463,0.49478604818410643
0.2046865736840463,0.4949658396260338
0.20479578145963992,0.4949658396260338
0.2048269836812381,0.4949658396260338
0.20488938812443447,0.4949658396260338
0.20488938812443447,0.49514563106796117
0.20490498923523354,0.49514563106796117
0.20490498923523354,0.49532542250988854
0.20535742144840713,0.49532542250988854
0.20535742144840713,0.4955052139518159
0.2053886236700053,0.4955052139518159
0.2053886236700053,0.49568500539374327
0.20574744921838434,0.49568500539374327
0.20574744921838434,0.49586479683567064
0.20590346032637524,0.49586479683567064
0.20590346032637524,0.496044588277598
0.2059814658803707,0.496044588277598
0.2059814658803707,0.4962243797195254
0.20615307809916067,0.4962243797195254
0.20615307809916067,0.4964041711614527
0.20616867920995974,0.4964041711614527
0.20616867920995974,0.49658396260338006
0.20630908920715155,0.49658396260338006
0.20630908920715155,0.4967637540453074
0.20643389809354426,0.4967637540453074
0.20643389809354426,0.4969435454872348
0.20690193141751692,0.4969435454872348
0.20690193141751692,0.49712333692916216
0.20694873474991418,0.49712333692916216
0.20694873474991418,0.49730312837108953
0.20701113919311054,0.49730312837108953
0.20701113919311054,0.4974829198130169
0.20712034696870418,0.4974829198130169
0.20712034696870418,0.49766271125494427
0.20716715030110144,0.49766271125494427
0.20716715030110144,0.49784250269687164
0.2071983525226996,0.49784250269687164
0.2071983525226996,0.498022294138799
0.2073543636306905,0.498022294138799
0.2073543636306905,0.4982020855807264
0.20740116696308777,0.4982020855807264
0.20740116696308777,0.49838187702265374
0.20741676807388687,0.49838187702265374
0.20741676807388687,0.4985616684645811
0.20772879028986863,0.4985616684645811
0.20772879028986863,0.4987414599065085
0.20782239695466317,0.4987414599065085
0.20782239695466317,0.4989212513484358
0.20783799806546227,0.4989212513484358
0.20783799806546227,0.49910104279036316
0.20790040250865863,0.49910104279036316
0.2079316047302568,0.49910104279036316
0.20797840806265405,0.49910104279036316
0.20797840806265405,0.4994606256742179
0.20802521139505134,0.4994606256742179
0.20802521139505134,0.49964041711614526
0.2080720147274486,0.49964041711614526
0.2080720147274486,0.49982020855807263
0.20810321694904677,0.49982020855807263
0.20815002028144403,0.49982020855807263
0.20815002028144403,0.5
0.20819682361384131,0.5
0.20819682361384131,0.5001797914419274
0.20821242472464038,0.5001797914419274
0.20821242472464038,0.5003595828838547
0.20830603138943493,0.5003595828838547
0.2083372336110331,0.5003595828838547
0.2083528347218322,0.5003595828838547
0.2083528347218322,0.5005393743257821
0.20852444694062217,0.5005393743257821
0.20852444694062217,0.5007191657677095
0.20872726138101033,0.5007191657677095
0.20872726138101033,0.5010787486515642
0.20883646915660395,0.5010787486515642
0.20883646915660395,0.5012585400934916
0.2088988735998003,0.5012585400934916
0.2088988735998003,0.5016181229773463
0.20894567693219757,0.5016181229773463
0.20897687915379576,0.5016181229773463
0.20908608692938938,0.5016181229773463
0.20911728915098754,0.5016181229773463
0.20922649692658118,0.5016181229773463
0.20922649692658118,0.5017979144192737
0.2093201035913757,0.5017979144192737
0.2093201035913757,0.501977705861201
0.20938250803457206,0.501977705861201
0.20938250803457206,0.5021574973031284
0.20950731692096478,0.5021574973031284
0.20950731692096478,0.5023372887450558
0.20958532247496023,0.5023372887450558
0.2096165246965584,0.5023372887450558
0.2096321258073575,0.5023372887450558
0.2096321258073575,0.502517080186983
0.20964772691815659,0.502517080186983
0.20964772691815659,0.5026968716289104
0.2097413335829511,0.5026968716289104
0.2097413335829511,0.5028766630708378
0.2100221535773347,0.5028766630708378
0.2100221535773347,0.5030564545127651
0.21031857468251738,0.5030564545127651
0.21031857468251738,0.5032362459546925
0.21036537801491467,0.5032362459546925
0.21036537801491467,0.5034160373966199
0.21038097912571374,0.5034160373966199
0.21038097912571374,0.5035958288385473
0.21039658023651284,0.5035958288385473
0.21039658023651284,0.5037756202804746
0.21042778245811103,0.5037756202804746
0.2104433835689101,0.5037756202804746
0.2104433835689101,0.503955411722402
0.21078660800649007,0.503955411722402
0.21078660800649007,0.5041352031643294
0.21103622577927547,0.5041352031643294
0.21103622577927547,0.5043149946062567
0.21105182689007457,0.5043149946062567
0.21105182689007457,0.5044947860481841
0.21117663577646728,0.5044947860481841
0.21117663577646728,0.5046745774901115
0.21123904021966364,0.5046745774901115
0.21123904021966364,0.5048543689320388
0.21159786576804268,0.5048543689320388
0.21159786576804268,0.5050341603739662
0.2117070735436363,0.5050341603739662
0.2117070735436363,0.5052139518158936
0.2117382757652345,0.5052139518158936
0.2117382757652345,0.5053937432578209
0.21192548909482356,0.5053937432578209
0.21192548909482356,0.5055735346997483
0.21219070797840806,0.5055735346997483
0.21219070797840806,0.5057533261416757
0.2125963368591844,0.5057533261416757
0.2125963368591844,0.505933117583603
0.2126743424131798,0.505933117583603
0.2126743424131798,0.5061129090255304
0.21273674685637617,0.5061129090255304
0.21275234796717526,0.5062927004674578
0.21275234796717526,0.5064724919093851
0.21323598240194702,0.5064724919093851
0.21323598240194702,0.5066522833513125
0.2132671846235452,0.5066522833513125
0.2132671846235452,0.5068320747932399
0.21329838684514338,0.5068320747932399
0.21329838684514338,0.5070118662351673
0.21332958906674154,0.5070118662351673
0.21364161128272333,0.5070118662351673
0.21364161128272333,0.5071916576770946
0.2138132235015133,0.5071916576770946
0.2138132235015133,0.507371449119022
0.2139692346095042,0.507371449119022
0.2139692346095042,0.5075512405609492
0.21400043683110237,0.5075512405609492
0.214109644606696,0.5075512405609492
0.214109644606696,0.5077310320028766
0.21420325127149054,0.5077310320028766
0.21420325127149054,0.507910823444804
0.214281256825486,0.507910823444804
0.21431245904708415,0.507910823444804
0.21434366126868232,0.507910823444804
0.21434366126868232,0.5080906148867314
0.2143592623794814,0.5082704063286587
0.21484289681425317,0.5082704063286587
0.21484289681425317,0.5084501977705861
0.21504571125464134,0.5084501977705861
0.21504571125464134,0.5086299892125135
0.21517052014103405,0.5086299892125135
0.21517052014103405,0.5088097806544408
0.21524852569502947,0.5088097806544408
0.21524852569502947,0.5091693635382956
0.21526412680582857,0.5091693635382956
0.21526412680582857,0.5093491549802229
0.21532653124902493,0.5093491549802229
0.21532653124902493,0.5095289464221503
0.2153733345814222,0.5095289464221503
0.2153733345814222,0.5097087378640777
0.215513744578614,0.5097087378640777
0.215513744578614,0.509888529306005
0.21581016568379668,0.509888529306005
0.21581016568379668,0.5100683207479324
0.21585696901619394,0.5100683207479324
0.21585696901619394,0.5102481121898598
0.21632500234016663,0.5102481121898598
0.21632500234016663,0.5104279036317871
0.2164810134481575,0.5104279036317871
0.2164810134481575,0.5107874865156419
0.21669942899934475,0.5107874865156419
0.21669942899934475,0.5109672779575692
0.21680863677493836,0.5109672779575692
0.21680863677493836,0.5111470693994966
0.21698024899372836,0.5111470693994966
0.21698024899372836,0.5115066522833513
0.21699585010452743,0.5115066522833513
0.21699585010452743,0.5116864437252787
0.21707385565852289,0.5116864437252787
0.21707385565852289,0.5118662351672061
0.21708945676932198,0.5118662351672061
0.21708945676932198,0.5120460266091335
0.21740147898530376,0.5120460266091335
0.21740147898530376,0.5122258180510608
0.21741708009610283,0.5122258180510608
0.21743268120690193,0.5124056094929881
0.2174794845392992,0.5124056094929881
0.2174794845392992,0.5125854009349154
0.21749508565009829,0.5125854009349154
0.21749508565009829,0.5129449838187702
0.21758869231489283,0.5129449838187702
0.21758869231489283,0.5131247752606976
0.21780710786608007,0.5131247752606976
0.21780710786608007,0.5133045667026249
0.21783831008767823,0.5133045667026249
0.2179007145308746,0.5133045667026249
0.2179007145308746,0.5134843581445523
0.2180255234172673,0.5134843581445523
0.2180255234172673,0.5136641495864797
0.21822833785765547,0.5136641495864797
0.21822833785765547,0.513843941028407
0.2184467534088427,0.513843941028407
0.2184467534088427,0.5140237324703344
0.21871197229242723,0.5140237324703344
0.21871197229242723,0.5142035239122618
0.21880557895722175,0.5142035239122618
0.21880557895722175,0.5143833153541891
0.21894598895441356,0.5143833153541891
0.21894598895441356,0.5145631067961165
0.2191800056163999,0.5145631067961165
0.2191800056163999,0.5147428982380439
0.21922680894879715,0.5147428982380439
0.21922680894879715,0.5149226896799712
0.2192736122811944,0.5149226896799712
0.2192736122811944,0.515282272563826
0.21938282005678805,0.515282272563826
0.21938282005678805,0.5154620640057533
0.21967924116197074,0.5154620640057533
0.21967924116197074,0.5156418554476807
0.21980405004836345,0.5156418554476807
0.21980405004836345,0.5158216468896081
0.22019407781834066,0.5158216468896081
0.22019407781834066,0.5160014383315354
0.22025648226153702,0.5160014383315354
0.22025648226153702,0.5163610212153902
0.22039689225872883,0.5163610212153902
0.22039689225872883,0.5167206040992449
0.2204436955911261,0.5167206040992449
0.2204436955911261,0.5169003955411723
0.2205529033667197,0.5169003955411723
0.2205529033667197,0.517259978425027
0.22061530780991606,0.517259978425027
0.22061530780991606,0.5176195613088816
0.2208493244719024,0.5176195613088816
0.2208493244719024,0.517799352750809
0.22088052669350058,0.517799352750809
0.22088052669350058,0.5179791441927364
0.22091172891509875,0.5179791441927364
0.22091172891509875,0.5181589356346638
0.22103653780149146,0.5181589356346638
0.22106774002308965,0.5181589356346638
0.22114574557708508,0.5181589356346638
0.22114574557708508,0.5183387270765911
0.22125495335267872,0.5183387270765911
0.2212861555742769,0.5183387270765911
0.22131735779587505,0.5183387270765911
0.22131735779587505,0.5185185185185185
0.2213953633498705,0.5185185185185185
0.2213953633498705,0.5186983099604459
0.22148897001466505,0.5186983099604459
0.22148897001466505,0.5188781014023732
0.22173858778745045,0.5188781014023732
0.22176979000904865,0.5188781014023732
0.22186339667384317,0.5188781014023732
0.22186339667384317,0.5190578928443006
0.22192580111703952,0.5190578928443006
0.22192580111703952,0.519237684286228
0.22208181222503043,0.519237684286228
0.2221130144466286,0.519237684286228
0.222534244438204,0.519237684286228
0.222534244438204,0.5194174757281553
0.22262785110299854,0.5194174757281553
0.22262785110299854,0.5195972671700827
0.2226746544353958,0.5195972671700827
0.2226746544353958,0.5197770586120101
0.22272145776779306,0.5197770586120101
0.22272145776779306,0.5199568500539374
0.22278386221098942,0.5199568500539374
0.22278386221098942,0.5201366414958648
0.22279946332178852,0.5201366414958648
0.2228150644325876,0.5203164329377922
0.22286186776498487,0.5203164329377922
0.22286186776498487,0.5204962243797195
0.22329869886735937,0.5204962243797195
0.22329869886735937,0.5210355987055016
0.22362632219414022,0.5210355987055016
0.22362632219414022,0.521215390147429
0.22375113108053293,0.521215390147429
0.22375113108053293,0.5213951815893564
0.22398514774251926,0.5213951815893564
0.22398514774251926,0.5215749730312838
0.22428156884770195,0.5215749730312838
0.22428156884770195,0.5217547644732111
0.22440637773409466,0.5217547644732111
0.22440637773409466,0.5219345559151385
0.22442197884489376,0.5219345559151385
0.22442197884489376,0.5221143473570659
0.22471839995007645,0.5221143473570659
0.22471839995007645,0.5222941387989931
0.22487441105806732,0.5222941387989931
0.22487441105806732,0.5226537216828478
0.22534244438204,0.5226537216828478
0.22534244438204,0.5228335131247752
0.2254984554900309,0.5228335131247752
0.2254984554900309,0.5230133045667026
0.2256076632656245,0.5230133045667026
0.2256076632656245,0.52319309600863
0.22568566881961996,0.52319309600863
0.22568566881961996,0.5233728874505573
0.22582607881681177,0.5233728874505573
0.22582607881681177,0.5235526788924847
0.22584167992761084,0.5235526788924847
0.22584167992761084,0.5237324703344121
0.22587288214920903,0.5237324703344121
0.22587288214920903,0.5239122617763394
0.22599769103560174,0.5239122617763394
0.22599769103560174,0.5240920532182668
0.2260132921464008,0.5240920532182668
0.2260132921464008,0.5242718446601942
0.22615370214359262,0.5242718446601942
0.22618490436519081,0.5242718446601942
0.22618490436519081,0.5244516361021215
0.2263565165839808,0.5244516361021215
0.2263565165839808,0.5246314275440489
0.22638771880557895,0.5246314275440489
0.22638771880557895,0.5248112189859763
0.2264657243595744,0.5248112189859763
0.2264657243595744,0.5249910104279036
0.22654372991356986,0.5249910104279036
0.22654372991356986,0.525170801869831
0.22660613435676621,0.525170801869831
0.22660613435676621,0.5253505933117584
0.22693375768354707,0.5253505933117584
0.22693375768354707,0.5255303847536857
0.22705856656993978,0.5255303847536857
0.22705856656993978,0.5257101761956131
0.2271833754563325,0.5257101761956131
0.2271833754563325,0.5260697590794678
0.227276982121127,0.5260697590794678
0.2273081843427252,0.5260697590794678
0.22752659989391244,0.5260697590794678
0.22754220100471154,0.5262495505213952
0.22754220100471154,0.5264293419633226
0.22769821211270241,0.5264293419633226
0.22769821211270241,0.52660913340525
0.22788542544229148,0.52660913340525
0.22788542544229148,0.5267889248471773
0.22793222877468874,0.5267889248471773
0.22793222877468874,0.5269687162891047
0.22822864987987146,0.5269687162891047
0.22822864987987146,0.5273282991729593
0.22840026209866143,0.5273282991729593
0.22840026209866143,0.5275080906148867
0.22847826765265686,0.5275080906148867
0.22847826765265686,0.527687882056814
0.22849386876345595,0.527687882056814
0.22849386876345595,0.5278676734987414
0.22871228431464322,0.5278676734987414
0.22871228431464322,0.5280474649406688
0.2288682954226341,0.5280474649406688
0.2288682954226341,0.5282272563825962
0.2289775031982277,0.5282272563825962
0.2289775031982277,0.5284070478245235
0.22914911541701768,0.5284070478245235
0.22914911541701768,0.5285868392664509
0.22919591874941495,0.5285868392664509
0.22919591874941495,0.5287666307083783
0.22955474429779402,0.5287666307083783
0.22955474429779402,0.5289464221503056
0.22964835096258854,0.5289464221503056
0.22964835096258854,0.529126213592233
0.2298199631813785,0.529126213592233
0.2298511654029767,0.529126213592233
0.22988236762457487,0.529126213592233
0.22988236762457487,0.5293060050341604
0.22991356984617306,0.5293060050341604
0.22996037317857032,0.5293060050341604
0.22996037317857032,0.5294857964760877
0.2301163842865612,0.5294857964760877
0.2301163842865612,0.5296655879180151
0.2303972042809448,0.5296655879180151
0.2303972042809448,0.5298453793599425
0.2306624231645293,0.5298453793599425
0.2306624231645293,0.5303847536857246
0.23075602982932386,0.5303847536857246
0.23075602982932386,0.5305645451276519
0.23092764204811383,0.5305645451276519
0.23092764204811383,0.5307443365695793
0.23127086648569378,0.5307443365695793
0.23127086648569378,0.5309241280115067
0.2315360853692783,0.5309241280115067
0.2315360853692783,0.531103919453434
0.23203532091484913,0.531103919453434
0.23203532091484913,0.5314635023372888
0.23214452869044275,0.5314635023372888
0.23214452869044275,0.5316432937792162
0.2322069331336391,0.5316432937792162
0.2322069331336391,0.5320028766630709
0.2322381353552373,0.5320028766630709
0.2322381353552373,0.5321826681049981
0.2323473431308309,0.5321826681049981
0.2323473431308309,0.5323624595469255
0.23255015757121908,0.5323624595469255
0.23255015757121908,0.5325422509888529
0.23286217978720086,0.5325422509888529
0.23286217978720086,0.5327220424307803
0.23290898311959812,0.5327220424307803
0.2329401853411963,0.5327220424307803
0.233064994227589,0.5327220424307803
0.233064994227589,0.5329018338727076
0.23315860089238355,0.5329018338727076
0.23315860089238355,0.533081625314635
0.2334706231083653,0.533081625314635
0.2334706231083653,0.5332614167565624
0.23357983088395895,0.5332614167565624
0.23357983088395895,0.5334412081984897
0.23382944865674435,0.5334412081984897
0.23382944865674435,0.5336209996404171
0.23396985865393616,0.5336209996404171
0.23396985865393616,0.5338007910823445
0.23415707198352523,0.5338007910823445
0.23415707198352523,0.5339805825242718
0.2342038753159225,0.5339805825242718
0.2342038753159225,0.5341603739661992
0.23423507753752068,0.5341603739661992
0.23423507753752068,0.5343401654081266
0.2343442853131143,0.5343401654081266
0.2343442853131143,0.5345199568500539
0.2344846953103061,0.5345199568500539
0.2344846953103061,0.5346997482919813
0.23468750975069425,0.5346997482919813
0.23468750975069425,0.5348795397339087
0.23471871197229244,0.5348795397339087
0.23471871197229244,0.5352391226177634
0.2347343130830915,0.5352391226177634
0.2347343130830915,0.5354189140596908
0.2347499141938906,0.5354189140596908
0.2347499141938906,0.5355987055016181
0.2348903241910824,0.5355987055016181
0.2348903241910824,0.5357784969435455
0.23509313863147055,0.5357784969435455
0.23509313863147055,0.5359582883854729
0.23523354862866236,0.5359582883854729
0.23523354862866236,0.5361380798274002
0.23538955973665324,0.5361380798274002
0.23538955973665324,0.5363178712693276
0.2355923741770414,0.5363178712693276
0.2356235763986396,0.5363178712693276
0.23568598084183595,0.5363178712693276
0.23568598084183595,0.536497662711255
0.23581078972822864,0.536497662711255
0.23581078972822864,0.5366774541531824
0.23584199194982683,0.5366774541531824
0.23584199194982683,0.5370370370370371
0.23590439639302319,0.5370370370370371
0.23590439639302319,0.5372168284789643
0.23593559861462135,0.5372168284789643
0.23593559861462135,0.5373966199208917
0.23609160972261226,0.5373966199208917
0.23609160972261226,0.5375764113628191
0.23612281194421042,0.5375764113628191
0.23612281194421042,0.5377562028047465
0.23620081749820587,0.5377562028047465
0.23620081749820587,0.5379359942466738
0.23637242971699585,0.5379359942466738
0.23637242971699585,0.5381157856886012
0.23640363193859404,0.5381157856886012
0.23640363193859404,0.5384753685724559
0.236746856376174,0.5384753685724559
0.236746856376174,0.5388349514563107
0.2368872663733658,0.5388349514563107
0.2368872663733658,0.539014742898238
0.23691846859496396,0.539014742898238
0.23691846859496396,0.5391945343401654
0.23696527192736122,0.5391945343401654
0.23696527192736122,0.5393743257820928
0.23698087303816032,0.5393743257820928
0.23698087303816032,0.5395541172240201
0.23723049081094574,0.5395541172240201
0.23723049081094574,0.5397339086659475
0.23735529969733846,0.5397339086659475
0.23735529969733846,0.5399137001078749
0.2375737152485257,0.5399137001078749
0.2375737152485257,0.5400934915498022
0.23788573746450747,0.5400934915498022
0.23790133857530657,0.5402732829917296
0.23790133857530657,0.540453074433657
0.2382601641236856,0.540453074433657
0.2382601641236856,0.5406328658755843
0.23838497301007833,0.5406328658755843
0.23838497301007833,0.5408126573175117
0.2385409841180692,0.5408126573175117
0.2385409841180692,0.5409924487594391
0.2385721863396674,0.5409924487594391
0.2385721863396674,0.5411722402013665
0.23875939966925644,0.5411722402013665
0.23875939966925644,0.5413520316432938
0.23880620300165373,0.5413520316432938
0.23880620300165373,0.5415318230852212
0.23953945520921088,0.5415318230852212
0.23957065743080908,0.5415318230852212
0.2396798652064027,0.5415318230852212
0.2396798652064027,0.5417116145271486
0.2398358763143936,0.5417116145271486
0.2398358763143936,0.5418914059690759
0.24005429186558083,0.5418914059690759
0.24005429186558083,0.5420711974110033
0.24006989297637993,0.5420711974110033
0.24006989297637993,0.5422509888529305
0.24031951074916533,0.5422509888529305
0.24031951074916533,0.5424307802948579
0.24036631408156262,0.5424307802948579
0.24036631408156262,0.5426105717367853
0.24060033074354895,0.5426105717367853
0.24060033074354895,0.5427903631787127
0.24061593185434804,0.5427903631787127
0.24061593185434804,0.5431499460625674
0.24072513962994166,0.5431499460625674
0.24072513962994166,0.5433297375044948
0.2410683640675216,0.5433297375044948
0.2410683640675216,0.5435095289464221
0.24125557739711068,0.5435095289464221
0.24125557739711068,0.5436893203883495
0.24130238072950794,0.5436893203883495
0.24130238072950794,0.5438691118302769
0.2413491840619052,0.5438691118302769
0.2413803862835034,0.5438691118302769
0.24142718961590065,0.5438691118302769
0.24142718961590065,0.5440489032722042
0.24161440294548972,0.5440489032722042
0.24161440294548972,0.5442286947141316
0.24164560516708788,0.5442286947141316
0.24164560516708788,0.544408486156059
0.24170800961028424,0.544408486156059
0.24170800961028424,0.5445882775979863
0.24172361072108334,0.5445882775979863
0.24172361072108334,0.5447680690399137
0.24173921183188243,0.5447680690399137
0.24173921183188243,0.5449478604818411
0.242191644045056,0.5449478604818411
0.242191644045056,0.5451276519237684
0.24259727292583233,0.5451276519237684
0.24259727292583233,0.5453074433656958
0.2426440762582296,0.5453074433656958
0.2426440762582296,0.5454872348076232
0.24280008736622047,0.5454872348076232
0.24280008736622047,0.5456670262495505
0.24281568847701956,0.5456670262495505
0.24281568847701956,0.5458468176914779
0.2436113451277731,0.5458468176914779
0.2436113451277731,0.5460266091334053
0.24381415956816124,0.5460266091334053
0.24381415956816124,0.5462064005753327
0.24386096290055853,0.5462064005753327
0.24386096290055853,0.54638619201726
0.24393896845455396,0.54638619201726
0.24393896845455396,0.5465659834591874
0.24412618178414303,0.5465659834591874
0.24412618178414303,0.5467457749011148
0.24421978844893757,0.5467457749011148
0.24421978844893757,0.5469255663430421
0.244297794002933,0.5469255663430421
0.244297794002933,0.5471053577849694
0.24436019844612936,0.5471053577849694
0.24436019844612936,0.5472851492268967
0.24439140066772755,0.5472851492268967
0.24439140066772755,0.5476447321107515
0.24446940622172297,0.5476447321107515
0.24446940622172297,0.5478245235526789
0.24457861399731662,0.5478245235526789
0.24457861399731662,0.5480043149946062
0.2447658273269057,0.5480043149946062
0.2447658273269057,0.5481841064365336
0.24496864176729383,0.5481841064365336
0.24496864176729383,0.548363897878461
0.24509345065368654,0.548363897878461
0.24509345065368654,0.5485436893203883
0.24534306842647197,0.5485436893203883
0.24534306842647197,0.5487234807623157
0.24538987175886923,0.5487234807623157
0.24538987175886923,0.5489032722042431
0.24548347842366378,0.5489032722042431
0.24548347842366378,0.5490830636461704
0.2455614839776592,0.5490830636461704
0.2455926861992574,0.5490830636461704
0.2457174950856501,0.5490830636461704
0.2457174950856501,0.5492628550880978
0.24573309619644917,0.5492628550880978
0.24573309619644917,0.5498022294138799
0.24581110175044463,0.5498022294138799
0.24581110175044463,0.5499820208558073
0.24596711285843553,0.5499820208558073
0.24596711285843553,0.5501618122977346
0.24604511841243096,0.5501618122977346
0.24604511841243096,0.5505213951815894
0.24610752285562731,0.5505213951815894
0.24610752285562731,0.5507011866235167
0.24646634840400636,0.5507011866235167
0.24646634840400636,0.5508809780654441
0.24651315173640362,0.5508809780654441
0.2465443539580018,0.5508809780654441
0.24657555617959998,0.5508809780654441
0.24657555617959998,0.5512405609492989
0.24679397173078724,0.5512405609492989
0.24679397173078724,0.5514203523912262
0.24699678617117538,0.5514203523912262
0.24699678617117538,0.5516001438331536
0.24715279727916628,0.5516001438331536
0.24715279727916628,0.551779935275081
0.2472464039439608,0.551779935275081
0.247277606165559,0.551779935275081
0.2472932072763581,0.551779935275081
0.2472932072763581,0.5519597267170083
0.24779244282192892,0.5519597267170083
0.24779244282192892,0.5521395181589356
0.24802645948391525,0.5521395181589356
0.24802645948391525,0.5524991010427903
0.24804206059471434,0.5524991010427903
0.24804206059471434,0.5526788924847177
0.24805766170551344,0.5526788924847177
0.24805766170551344,0.5528586839266451
0.2482448750351025,0.5528586839266451
0.2482448750351025,0.5530384753685724
0.24840088614309339,0.5530384753685724
0.24840088614309339,0.5532182668104998
0.24844768947549065,0.5532182668104998
0.24844768947549065,0.5535778496943545
0.2488065150238697,0.5535778496943545
0.2488065150238697,0.5537576411362819
0.24886891946706605,0.5537576411362819
0.24886891946706605,0.5539374325782093
0.24902493057505695,0.5539374325782093
0.24902493057505695,0.5541172240201366
0.24925894723704328,0.5541172240201366
0.24925894723704328,0.5546565983459187
0.2497893850042123,0.5546565983459187
0.2497893850042123,0.5550161812297735
0.24994539611220318,0.5550161812297735
0.24994539611220318,0.5551959726717008
0.24997659833380137,0.5551959726717008
0.24997659833380137,0.5553757641136282
0.2500702049985959,0.5553757641136282
0.2500702049985959,0.5555555555555556
0.2501014072201941,0.5555555555555556
0.2501014072201941,0.555735346997483
0.2501326094417923,0.555735346997483
0.2501326094417923,0.5559151384394103
0.25017941277418954,0.5559151384394103
0.25017941277418954,0.5560949298813377
0.25024181721738586,0.5560949298813377
0.25024181721738586,0.556274721323265
0.2503354238821804,0.556274721323265
0.2503354238821804,0.5566343042071198
0.2507410527629567,0.5566343042071198
0.2507566538737558,0.5568140956490472
0.2508814627601485,0.5568140956490472
0.2508814627601485,0.5569938870909744
0.2509282660925458,0.5569938870909744
0.2509282660925458,0.5571736785329018
0.2512090860869294,0.5571736785329018
0.2512090860869294,0.5573534699748292
0.2513494960841212,0.5573534699748292
0.2513494960841212,0.5575332614167565
0.25150550719211207,0.5575332614167565
0.25150550719211207,0.5577130528586839
0.25167711941090204,0.5577130528586839
0.25167711941090204,0.5578928443006113
0.251848731629692,0.5578928443006113
0.251848731629692,0.5580726357425386
0.25192673718368747,0.5580726357425386
0.25195793940528566,0.5580726357425386
0.252020343848482,0.5580726357425386
0.252020343848482,0.558252427184466
0.2520359449592811,0.558252427184466
0.2520359449592811,0.5586120100683207
0.2521451527348747,0.5586120100683207
0.2521451527348747,0.5587918015102481
0.2522387593996693,0.5587918015102481
0.2522387593996693,0.5589715929521755
0.2523947705076601,0.5589715929521755
0.2523947705076601,0.5591513843941028
0.25253518050485196,0.5591513843941028
0.25253518050485196,0.5593311758360302
0.25292520827482917,0.5593311758360302
0.25295641049642736,0.5593311758360302
0.25325283160161005,0.5593311758360302
0.25325283160161005,0.5595109672779576
0.2533308371556055,0.5595109672779576
0.2533308371556055,0.5596907587198849
0.25337764048800276,0.5596907587198849
0.25337764048800276,0.5598705501618123
0.2534556460419982,0.5598705501618123
0.2534556460419982,0.5600503416037397
0.2536584604823863,0.5600503416037397
0.2536584604823863,0.560230133045667
0.2540016849199663,0.560230133045667
0.2540016849199663,0.5604099244875944
0.25406408936316266,0.5604099244875944
0.25406408936316266,0.5605897159295218
0.2541732971387563,0.5605897159295218
0.2541732971387563,0.5607695073714491
0.2542669038035508,0.5607695073714491
0.2542669038035508,0.5611290902553039
0.254298106025149,0.5611290902553039
0.25432930824674715,0.5611290902553039
0.25432930824674715,0.5613088816972313
0.2543449093575463,0.5614886731391586
0.25436051046834535,0.5614886731391586
0.25436051046834535,0.561668464581086
0.25439171268994354,0.561668464581086
0.25439171268994354,0.5618482560230134
0.25450092046553713,0.5618482560230134
0.25450092046553713,0.5620280474649406
0.254828543792318,0.5620280474649406
0.254828543792318,0.562207838906868
0.2550157571219071,0.562207838906868
0.2550157571219071,0.5623876303487954
0.2552497737838934,0.5623876303487954
0.2552809760054916,0.5623876303487954
0.2553121782270898,0.5623876303487954
0.2553121782270898,0.5625674217907227
0.2556710037754688,0.5625674217907227
0.2556710037754688,0.5627472132326501
0.25574900932946426,0.5627472132326501
0.25574900932946426,0.5629270046745775
0.25578021155106245,0.5629270046745775
0.25578021155106245,0.5631067961165048
0.2558426159942588,0.5631067961165048
0.2558426159942588,0.5632865875584322
0.2559362226590533,0.5632865875584322
0.2559362226590533,0.5634663790003596
0.256232643764236,0.5634663790003596
0.256232643764236,0.5636461704422869
0.25634185153982963,0.5636461704422869
0.25634185153982963,0.5638259618842143
0.2564198570938251,0.5638259618842143
0.2564198570938251,0.5640057533261417
0.25643545820462416,0.5640057533261417
0.25643545820462416,0.564185544768069
0.2564510593154233,0.564185544768069
0.2564510593154233,0.5643653362099964
0.25701269930419046,0.5643653362099964
0.25701269930419046,0.5645451276519238
0.2570595026365877,0.5645451276519238
0.2570595026365877,0.5647249190938511
0.2570751037473868,0.5647249190938511
0.2570751037473868,0.5649047105357785
0.25716871041218137,0.5649047105357785
0.25718431152298044,0.5650845019777059
0.2572155137445786,0.5650845019777059
0.25727791818777496,0.5650845019777059
0.25727791818777496,0.5652642934196332
0.2574183281849668,0.5652642934196332
0.2574183281849668,0.5654440848615606
0.25743392929576586,0.5654440848615606
0.25743392929576586,0.565623876303488
0.25744953040656493,0.565623876303488
0.25744953040656493,0.5659834591873427
0.2575275359605604,0.5659834591873427
0.2575275359605604,0.5661632506292701
0.25757433929295764,0.5661632506292701
0.25757433929295764,0.5663430420711975
0.25758994040375677,0.5663430420711975
0.2576211426253549,0.5663430420711975
0.25776155262254674,0.5663430420711975
0.2577927548441449,0.5663430420711975
0.2579331648413367,0.5663430420711975
0.2579331648413367,0.5665228335131248
0.25824518705731847,0.5665228335131248
0.25824518705731847,0.5667026249550522
0.25827638927891666,0.5667026249550522
0.25827638927891666,0.5668824163969794
0.2583231926113139,0.5668824163969794
0.2583231926113139,0.5670622078389068
0.258338793722113,0.5670622078389068
0.258338793722113,0.5672419992808342
0.2585260070517021,0.5672419992808342
0.2585260070517021,0.5674217907227616
0.25854160816250116,0.5674217907227616
0.25854160816250116,0.5676015821646889
0.2586352148272957,0.5676015821646889
0.2586352148272957,0.5677813736066163
0.258682018159693,0.5677813736066163
0.258682018159693,0.5679611650485437
0.2587444226028893,0.5679611650485437
0.2587444226028893,0.568140956490471
0.2588224281568848,0.568140956490471
0.25885363037848297,0.568140956490471
0.2590720459296702,0.568140956490471
0.2590720459296702,0.5683207479323984
0.25911884926206746,0.5683207479323984
0.25911884926206746,0.5685005393743258
0.2593996692564511,0.5685005393743258
0.2593996692564511,0.5686803308162531
0.2594776748104465,0.5686803308162531
0.2594776748104465,0.5688601222581805
0.25980529813722736,0.5688601222581805
0.25980529813722736,0.5690399137001079
0.2598521014696246,0.5690399137001079
0.2598521014696246,0.5692197051420352
0.25993010702362007,0.5692197051420352
0.25993010702362007,0.5693994965839626
0.2600081125776155,0.5693994965839626
0.2600081125776155,0.56957928802589
0.26011732035320917,0.56957928802589
0.26011732035320917,0.5697590794678173
0.26055415145558364,0.5697590794678173
0.26055415145558364,0.5699388709097447
0.2606009547879809,0.5699388709097447
0.2606009547879809,0.5701186623516721
0.2608505725607663,0.5701186623516721
0.2608505725607663,0.5702984537935994
0.26095978033635997,0.5702984537935994
0.26095978033635997,0.5704782452355268
0.26149021810352896,0.5704782452355268
0.26149021810352896,0.5708378281193816
0.2617554369871135,0.5708378281193816
0.2617554369871135,0.5710176195613089
0.2621142625354925,0.5710176195613089
0.2621142625354925,0.5711974110032363
0.26248868919467067,0.5711974110032363
0.26248868919467067,0.5713772024451637
0.2626134980810634,0.5713772024451637
0.2626134980810634,0.571556993887091
0.2628319136322506,0.571556993887091
0.2628319136322506,0.5717367853290184
0.26290991918624607,0.5717367853290184
0.26290991918624607,0.5719165767709457
0.2630347280726388,0.5719165767709457
0.2630347280726388,0.572096368212873
0.2635183625074105,0.572096368212873
0.2635183625074105,0.5722761596548004
0.26365877250460235,0.5722761596548004
0.26365877250460235,0.5724559510967278
0.2636743736154014,0.5724559510967278
0.2636743736154014,0.5726357425386551
0.2638459858341914,0.5726357425386551
0.2638459858341914,0.5728155339805825
0.26389278916658865,0.5728155339805825
0.26389278916658865,0.5729953254225099
0.26392399138818684,0.5729953254225099
0.26392399138818684,0.5731751168644372
0.26401759805298136,0.5731751168644372
0.26401759805298136,0.5733549083063646
0.264126805828575,0.5733549083063646
0.264126805828575,0.573534699748292
0.2641580080501732,0.573534699748292
0.2641580080501732,0.5737144911902193
0.26418921027177134,0.5737144911902193
0.26418921027177134,0.5738942826321467
0.26443882804455676,0.5738942826321467
0.26443882804455676,0.5740740740740741
0.2645324347093513,0.5740740740740741
0.2645324347093513,0.5742538655160014
0.26462604137414586,0.5742538655160014
0.26462604137414586,0.5744336569579288
0.2647508502605386,0.5744336569579288
0.2647508502605386,0.5746134483998562
0.2648756591469313,0.5746134483998562
0.2648756591469313,0.5747932398417835
0.2652032824737121,0.5747932398417835
0.2652032824737121,0.5749730312837109
0.2652344846953103,0.5749730312837109
0.2652344846953103,0.5753326141675656
0.26525008580610937,0.5753326141675656
0.26525008580610937,0.575512405609493
0.2654060969141003,0.575512405609493
0.2654060969141003,0.5756921970514204
0.2655153046896939,0.5756921970514204
0.2655153046896939,0.5760517799352751
0.26573372024088115,0.5760517799352751
0.26573372024088115,0.5762315713772025
0.2657493213516802,0.5762315713772025
0.2657493213516802,0.5764113628191299
0.2657805235732784,0.5764113628191299
0.2657805235732784,0.5765911542610572
0.2657961246840775,0.5765911542610572
0.2657961246840775,0.5769507371449119
0.2662485568972511,0.5769507371449119
0.2662485568972511,0.5771305285868392
0.2662641580080502,0.5771305285868392
0.26629536022964834,0.5771305285868392
0.26632656245124653,0.5771305285868392
0.26632656245124653,0.5773103200287666
0.2666229835564292,0.5773103200287666
0.2666229835564292,0.577490111470694
0.2666385846672283,0.577490111470694
0.2666385846672283,0.5776699029126213
0.266763393553621,0.5776699029126213
0.266763393553621,0.5778496943545487
0.2667789946644201,0.5778496943545487
0.2667789946644201,0.5782092772384034
0.2669818091048083,0.5782092772384034
0.2669818091048083,0.5783890686803308
0.2670130113264064,0.5783890686803308
0.2670130113264064,0.5785688601222582
0.2670598146588037,0.5785688601222582
0.2670598146588037,0.5787486515641855
0.2670754157696028,0.5787486515641855
0.2670754157696028,0.5789284430061129
0.26713782021279914,0.5789284430061129
0.26713782021279914,0.5791082344480403
0.26716902243439733,0.5791082344480403
0.2672002246559955,0.5791082344480403
0.2672470279883928,0.5791082344480403
0.2672470279883928,0.5792880258899676
0.26735623576398637,0.5792880258899676
0.26738743798558456,0.5792880258899676
0.2674342413179818,0.5792880258899676
0.26746544353958,0.5792880258899676
0.2676994602015664,0.5792880258899676
0.2676994602015664,0.579467817331895
0.26798028019594994,0.579467817331895
0.26798028019594994,0.5796476087738224
0.2680582857499454,0.5796476087738224
0.2680894879715436,0.5796476087738224
0.2680894879715436,0.5798274002157497
0.26810508908234265,0.5798274002157497
0.26810508908234265,0.5800071916576771
0.268339105744329,0.5800071916576771
0.268339105744329,0.5801869830996045
0.26841711129832446,0.5801869830996045
0.26841711129832446,0.5803667745415318
0.26852631907391805,0.5803667745415318
0.26852631907391805,0.5805465659834592
0.26858872351711444,0.5805465659834592
0.26858872351711444,0.5807263574253866
0.2689631501762926,0.5807263574253866
0.2689631501762926,0.580906148867314
0.2690567568410871,0.580906148867314
0.2690567568410871,0.5810859403092413
0.26913476239508255,0.5810859403092413
0.26913476239508255,0.5812657317511687
0.2691503635058816,0.5812657317511687
0.2691503635058816,0.5814455231930961
0.2693063746138725,0.5814455231930961
0.26933757683547066,0.5814455231930961
0.2694467846110643,0.5814455231930961
0.2694467846110643,0.5816253146350234
0.2694623857218634,0.5816253146350234
0.2694623857218634,0.5818051060769507
0.26969640238384973,0.5818051060769507
0.26969640238384973,0.581984897518878
0.2698836157134388,0.581984897518878
0.2698836157134388,0.5821646889608054
0.26994602015663516,0.5821646889608054
0.26994602015663516,0.5823444804027328
0.2703204468158133,0.5823444804027328
0.2703204468158133,0.5825242718446602
0.27033604792661237,0.5825242718446602
0.27033604792661237,0.5827040632865875
0.2704296545914069,0.5827040632865875
0.2704608568130051,0.5827040632865875
0.2705856656993978,0.5827040632865875
0.2705856656993978,0.5828838547285149
0.27063246903179505,0.5828838547285149
0.27063246903179505,0.5830636461704423
0.2706480701425942,0.5830636461704423
0.2706480701425942,0.5832434376123696
0.2707728790289869,0.5832434376123696
0.2707728790289869,0.583423229054297
0.270975693469375,0.583423229054297
0.2710068956909732,0.583423229054297
0.27120971013136136,0.583423229054297
0.27124091235295955,0.583423229054297
0.27131891790695495,0.583423229054297
0.27131891790695495,0.5836030204962244
0.27136572123935226,0.5836030204962244
0.27136572123935226,0.5837828119381517
0.271490530125745,0.5837828119381517
0.271490530125745,0.5839626033800791
0.271677743455334,0.5839626033800791
0.2717089456769322,0.5839626033800791
0.2717557490093295,0.5839626033800791
0.2717557490093295,0.5841423948220065
0.27206777122531123,0.5841423948220065
0.27206777122531123,0.5843221862639338
0.2720989734469094,0.5843221862639338
0.2720989734469094,0.5845019777058612
0.2721457767793067,0.5845019777058612
0.2721457767793067,0.5846817691477886
0.2722705856656994,0.5846817691477886
0.2722705856656994,0.584861560589716
0.2723329901088958,0.584861560589716
0.2723329901088958,0.5850413520316433
0.27247340010608756,0.5850413520316433
0.27247340010608756,0.5852211434735707
0.27276982121127025,0.5852211434735707
0.27276982121127025,0.585400934915498
0.2728166245436675,0.585400934915498
0.2728166245436675,0.5855807263574254
0.27286342787606477,0.5855807263574254
0.27286342787606477,0.5857605177993528
0.27291023120846203,0.5857605177993528
0.27291023120846203,0.5859403092412802
0.27292583231926115,0.5859403092412802
0.27292583231926115,0.5861201006832075
0.2729726356516584,0.5861201006832075
0.2729726356516584,0.5862998921251349
0.27333146120003743,0.5862998921251349
0.2733626634216356,0.5862998921251349
0.27354987675122466,0.5862998921251349
0.27354987675122466,0.5864796835670623
0.2738618989672065,0.5864796835670623
0.2738618989672065,0.5866594750089895
0.2739867078535992,0.5866594750089895
0.2739867078535992,0.5868392664509169
0.2740959156291928,0.5868392664509169
0.2740959156291928,0.5870190578928443
0.2742363256263846,0.5870190578928443
0.2742363256263846,0.5871988493347716
0.27448594339917004,0.5871988493347716
0.27448594339917004,0.587378640776699
0.27457955006396456,0.587378640776699
0.27457955006396456,0.5875584322186264
0.27461075228556275,0.5875584322186264
0.27461075228556275,0.5877382236605537
0.27484476894754906,0.5877382236605537
0.27484476894754906,0.5879180151024811
0.27501638116633903,0.5879180151024811
0.2750475833879372,0.5879180151024811
0.27532840338232084,0.5879180151024811
0.27532840338232084,0.5880978065444085
0.27568722893069986,0.5880978065444085
0.27568722893069986,0.5882775979863358
0.2757340322630971,0.5882775979863358
0.2757340322630971,0.5884573894282632
0.27584324003869076,0.5884573894282632
0.27585884114948983,0.5886371808701906
0.27617086336547164,0.5886371808701906
0.27617086336547164,0.5888169723121179
0.2762176666978689,0.5888169723121179
0.2762176666978689,0.5889967637540453
0.2763580766950607,0.5889967637540453
0.2763580766950607,0.5891765551959727
0.27642048113825707,0.5891765551959727
0.27642048113825707,0.5893563466379
0.27659209335704704,0.5893563466379
0.27659209335704704,0.5897159295217548
0.27667009891104244,0.5897159295217548
0.27667009891104244,0.5898957209636821
0.27670130113264063,0.5898957209636821
0.2767793066866361,0.5898957209636821
0.2767793066866361,0.5900755124056095
0.27691971668382787,0.5900755124056095
0.27691971668382787,0.5902553038475369
0.2770601266810197,0.5902553038475369
0.2770601266810197,0.5904350952894643
0.27727854223220694,0.5904350952894643
0.27727854223220694,0.5906148867313916
0.27740335111859965,0.5906148867313916
0.2774189522293987,0.590794678173319
0.27743455334019784,0.590794678173319
0.27743455334019784,0.5909744696152464
0.27752816000499236,0.5909744696152464
0.27752816000499236,0.5911542610571737
0.27755936222659056,0.5911542610571737
0.27755936222659056,0.5913340524991011
0.2775905644481887,0.5913340524991011
0.2776217666697869,0.5913340524991011
0.2776217666697869,0.5915138439410285
0.27779337888857686,0.5915138439410285
0.27782458111017505,0.5915138439410285
0.27798059221816596,0.5915138439410285
0.27798059221816596,0.5916936353829557
0.2780741988829605,0.5916936353829557
0.2780741988829605,0.5918734268248831
0.2781366033261568,0.5918734268248831
0.278167805547755,0.5918734268248831
0.2782302099909514,0.5918734268248831
0.2782302099909514,0.5920532182668105
0.27882305220131676,0.5920532182668105
0.27882305220131676,0.5922330097087378
0.2792598833036912,0.5922330097087378
0.2792598833036912,0.5924128011506652
0.2794314955224812,0.5924128011506652
0.2794314955224812,0.5925925925925926
0.27947829885487846,0.5925925925925926
0.27947829885487846,0.5927723840345199
0.2796031077412712,0.5927723840345199
0.2796031077412712,0.5929521754764473
0.2797123155168648,0.5929521754764473
0.2797123155168648,0.5931319669183747
0.27979032107086027,0.5931319669183747
0.27979032107086027,0.593311758360302
0.27983712440325753,0.593311758360302
0.27983712440325753,0.5934915498022294
0.28007114106524383,0.5934915498022294
0.28007114106524383,0.5936713412441568
0.28019594995163655,0.5936713412441568
0.28022715217323474,0.5936713412441568
0.28064838216481014,0.5936713412441568
0.28064838216481014,0.5938511326860841
0.2807575899404038,0.5938511326860841
0.2807575899404038,0.5940309241280115
0.2807887921620019,0.5940309241280115
0.2808199943836001,0.5940309241280115
0.2808199943836001,0.5942107155699389
0.2808355954943992,0.5942107155699389
0.2808355954943992,0.5943905070118662
0.28175606103154544,0.5943905070118662
0.28175606103154544,0.5945702984537936
0.2818028643639427,0.5945702984537936
0.2818028643639427,0.594750089895721
0.2818652688071391,0.594750089895721
0.28189647102873727,0.594750089895721
0.28203688102592905,0.594750089895721
0.28203688102592905,0.5949298813376483
0.2821148865799245,0.5949298813376483
0.2821148865799245,0.5951096727795757
0.2822240943555181,0.5951096727795757
0.2822240943555181,0.5952894642215031
0.28230209990951355,0.5952894642215031
0.28233330213111174,0.5952894642215031
0.28248931323910265,0.5952894642215031
0.28248931323910265,0.5954692556634305
0.2825049143499017,0.5954692556634305
0.2825205154607008,0.5956490471053578
0.2825361165714999,0.5956490471053578
0.2825361165714999,0.5958288385472852
0.2826609254578926,0.5958288385472852
0.2826609254578926,0.5960086299892126
0.28269212767949076,0.5960086299892126
0.28269212767949076,0.5961884214311399
0.28275453212268714,0.5961884214311399
0.28278573434428533,0.5961884214311399
0.28291054323067805,0.5961884214311399
0.28291054323067805,0.5963682128730673
0.2831601610034635,0.5963682128730673
0.2831601610034635,0.5965480043149946
0.28317576211426254,0.5965480043149946
0.28317576211426254,0.5967277957569219
0.283784205435427,0.5967277957569219
0.283784205435427,0.5969075871988493
0.28384660987862337,0.5969075871988493
0.28384660987862337,0.5970873786407767
0.28408062654060967,0.5970873786407767
0.28408062654060967,0.597267170082704
0.2840962276514088,0.597267170082704
0.2840962276514088,0.5974469615246314
0.28431464320259603,0.5974469615246314
0.28431464320259603,0.5976267529665588
0.2848138787481669,0.5976267529665588
0.2848450809697651,0.5976267529665588
0.28492308652376047,0.5976267529665588
0.28492308652376047,0.5978065444084861
0.285188305407345,0.5978065444084861
0.285188305407345,0.5979863358504135
0.2852351087397423,0.5979863358504135
0.2852351087397423,0.5981661272923409
0.28540672095853226,0.5981661272923409
0.28543792318013045,0.5981661272923409
0.28543792318013045,0.5983459187342682
0.2854847265125277,0.5983459187342682
0.2854847265125277,0.5985257101761956
0.2856875409529159,0.5985257101761956
0.2856875409529159,0.598705501618123
0.28570314206371494,0.598705501618123
0.28570314206371494,0.5988852930600503
0.28593715872570125,0.5988852930600503
0.28593715872570125,0.5990650845019777
0.2860775687228931,0.5990650845019777
0.2860775687228931,0.5992448759439051
0.28615557427688854,0.5992448759439051
0.28615557427688854,0.5994246673858324
0.2861711753876876,0.5994246673858324
0.2861711753876876,0.5996044588277598
0.28707603981403473,0.5996044588277598
0.28707603981403473,0.5997842502696872
0.2871852475896284,0.5997842502696872
0.2871852475896284,0.5999640417116145
0.28721644981122657,0.5999640417116145
0.28721644981122657,0.6001438331535419
0.2875752753596056,0.6001438331535419
0.2875752753596056,0.6003236245954693
0.2876064775812038,0.6003236245954693
0.2876064775812038,0.600683207479324
0.2877156853567974,0.600683207479324
0.2877156853567974,0.6008629989212514
0.28774688757839556,0.6008629989212514
0.2877936909107928,0.6008629989212514
0.2877936909107928,0.6012225818051061
0.28780929202159194,0.6012225818051061
0.28780929202159194,0.6014023732470335
0.287996505351181,0.6014023732470335
0.287996505351181,0.6015821646889608
0.2880121064619801,0.6015821646889608
0.2880121064619801,0.6017619561308881
0.2882149209023682,0.6017619561308881
0.2882149209023682,0.6019417475728155
0.2884177353427564,0.6019417475728155
0.2884177353427564,0.6021215390147429
0.28852694311835003,0.6021215390147429
0.28852694311835003,0.6023013304566702
0.2885425442291491,0.6023013304566702
0.2885425442291491,0.6024811218985976
0.28894817310992543,0.6024811218985976
0.28894817310992543,0.602660913340525
0.28907298199631815,0.602660913340525
0.28907298199631815,0.6028407047824523
0.2892133919935099,0.6028407047824523
0.28922899310430905,0.6030204962243797
0.2895098130986926,0.6030204962243797
0.2895098130986926,0.6032002876663071
0.28958781865268807,0.6032002876663071
0.28958781865268807,0.6033800791082344
0.2897126275390808,0.6033800791082344
0.2897126275390808,0.6035598705501618
0.28975943087147804,0.6035598705501618
0.28975943087147804,0.6037396619920892
0.29019626197385257,0.6037396619920892
0.29019626197385257,0.6039194534340165
0.2902898686386471,0.6039194534340165
0.2902898686386471,0.6040992448759439
0.29036787419264254,0.6040992448759439
0.29036787419264254,0.6042790363178713
0.2904146775250398,0.6042790363178713
0.2904146775250398,0.6044588277597986
0.29049268307903525,0.6044588277597986
0.29049268307903525,0.6049982020855807
0.29060189085462884,0.6049982020855807
0.29060189085462884,0.6051779935275081
0.2907423008518206,0.6051779935275081
0.2907423008518206,0.6053577849694355
0.29086710973821334,0.6053577849694355
0.29086710973821334,0.6055375764113629
0.29091391307061065,0.6055375764113629
0.29091391307061065,0.6057173678532902
0.2909607164030079,0.6057173678532902
0.2909607164030079,0.6058971592952176
0.290976317513807,0.6058971592952176
0.290976317513807,0.606076950737145
0.29102312084620424,0.606076950737145
0.29102312084620424,0.6062567421790723
0.2912259352865924,0.6062567421790723
0.2912571375081906,0.6062567421790723
0.29127273861898967,0.6062567421790723
0.29127273861898967,0.6064365336209996
0.291506755280976,0.6064365336209996
0.29153795750257416,0.6064365336209996
0.291678367499766,0.6064365336209996
0.29170956972136414,0.6064365336209996
0.29172517083216326,0.6064365336209996
0.29175637305376145,0.6064365336209996
0.29189678305095323,0.6064365336209996
0.29189678305095323,0.606616325062927
0.29214640082373866,0.606616325062927
0.29217760304533685,0.606616325062927
0.29217760304533685,0.6067961165048543
0.29225560859933225,0.6067961165048543
0.29225560859933225,0.6069759079467817
0.29230241193172957,0.6069759079467817
0.29230241193172957,0.6071556993887091
0.2927548441449031,0.6071556993887091
0.2927548441449031,0.6073354908306364
0.2927704452557022,0.6073354908306364
0.29280164747730036,0.6073354908306364
0.29283284969889856,0.6073354908306364
0.29283284969889856,0.6075152822725638
0.2929420574744922,0.6075152822725638
0.2929420574744922,0.6076950737144912
0.29297325969609034,0.6076950737144912
0.2930668663608849,0.6076950737144912
0.2930668663608849,0.6078748651564185
0.2934568941308621,0.6078748651564185
0.2934568941308621,0.6080546565983459
0.2935348996848576,0.6080546565983459
0.2935348996848576,0.6082344480402733
0.2937533152360448,0.6082344480402733
0.2937533152360448,0.6084142394822006
0.2937689163468439,0.6084142394822006
0.2937689163468439,0.608594030924128
0.293784517457643,0.608594030924128
0.293784517457643,0.6087738223660554
0.2938781241224375,0.6087738223660554
0.2938781241224375,0.6089536138079827
0.2938937252332366,0.6089536138079827
0.2939249274548348,0.6089536138079827
0.29397173078723204,0.6089536138079827
0.29397173078723204,0.6093131966918375
0.2941121407844238,0.6093131966918375
0.2941121407844238,0.6094929881337648
0.2941901463384193,0.6094929881337648
0.2941901463384193,0.6096727795756922
0.294314955224812,0.6096727795756922
0.294314955224812,0.6098525710176196
0.29436175855720925,0.6098525710176196
0.29436175855720925,0.610032362459547
0.29451776966520016,0.610032362459547
0.29451776966520016,0.6102121539014743
0.29458017410839654,0.6102121539014743
0.2946113763299947,0.6102121539014743
0.2947361852163874,0.6102121539014743
0.2947361852163874,0.6103919453434017
0.2949546007675746,0.6103919453434017
0.2949546007675746,0.6105717367853291
0.2950482074323692,0.6105717367853291
0.2950482074323692,0.6107515282272564
0.2951730163187619,0.6107515282272564
0.2951730163187619,0.6109313196691838
0.29526662298355644,0.6109313196691838
0.29526662298355644,0.6111111111111112
0.2952822240943555,0.6111111111111112
0.2952822240943555,0.6112909025530385
0.29536022964835096,0.6112909025530385
0.29536022964835096,0.6114706939949658
0.29537583075915,0.6114706939949658
0.29539143186994915,0.6116504854368932
0.29539143186994915,0.6118302768788205
0.29565665075353365,0.6118302768788205
0.29565665075353365,0.6120100683207479
0.2958594651939218,0.6120100683207479
0.2958594651939218,0.6123696512046026
0.29617148740990357,0.6123696512046026
0.29617148740990357,0.6127292340884574
0.29623389185309995,0.6127292340884574
0.29626509407469814,0.6127292340884574
0.29634309962869354,0.6127292340884574
0.29634309962869354,0.6129090255303847
0.29646790851508625,0.6129090255303847
0.29646790851508625,0.6130888169723121
0.2964835096258854,0.6130888169723121
0.2964835096258854,0.6132686084142395
0.2965459140690817,0.6132686084142395
0.2965459140690817,0.6134483998561668
0.29656151517988083,0.6134483998561668
0.29656151517988083,0.6136281912980942
0.2966083185122781,0.6136281912980942
0.2966083185122781,0.6138079827400216
0.2971387562794471,0.6138079827400216
0.2971387562794471,0.6139877741819489
0.2973259696090362,0.6139877741819489
0.2973259696090362,0.6141675656238763
0.2979344129302006,0.6141675656238763
0.2979344129302006,0.6143473570658037
0.29805922181659333,0.6143473570658037
0.29805922181659333,0.614527148507731
0.2981060251489906,0.614527148507731
0.2981060251489906,0.6147069399496584
0.2981372273705888,0.6147069399496584
0.2981372273705888,0.6148867313915858
0.298168429592187,0.6148867313915858
0.2987768729133514,0.6148867313915858
0.2987768729133514,0.6150665228335132
0.29916690068332863,0.6150665228335132
0.29916690068332863,0.6152463142754405
0.29930731068052047,0.6152463142754405
0.29930731068052047,0.6154261057173679
0.2995257262317077,0.6154261057173679
0.2995257262317077,0.6156058971592953
0.2998533495584886,0.6156058971592953
0.2998533495584886,0.6157856886012226
0.3002121751068676,0.6157856886012226
0.3002121751068676,0.61596548004315
0.30035258510405943,0.61596548004315
0.30035258510405943,0.6161452714850774
0.30041498954725576,0.6161452714850774
0.30041498954725576,0.6163250629270047
0.300461792879653,0.6163250629270047
0.300461792879653,0.616504854368932
0.3004929951012512,0.616504854368932
0.3004929951012512,0.6166846458108594
0.3007582139848357,0.6166846458108594
0.3007582139848357,0.6168644372527867
0.3010858373116166,0.6168644372527867
0.3010858373116166,0.6170442286947141
0.30122624730880837,0.6170442286947141
0.30122624730880837,0.6172240201366415
0.30141346063839747,0.6172240201366415
0.30141346063839747,0.6174038115785688
0.3015382695247902,0.6174038115785688
0.3015382695247902,0.6175836030204962
0.3019126961839683,0.6175836030204962
0.3019126961839683,0.6177633944624236
0.30213111173515556,0.6177633944624236
0.30213111173515556,0.6179431859043509
0.30236512839714186,0.6179431859043509
0.30236512839714186,0.6181229773462783
0.3024119317295391,0.6181229773462783
0.3024119317295391,0.6183027687882057
0.30242753284033824,0.6183027687882057
0.30245873506193643,0.6183027687882057
0.30256794283753,0.6183027687882057
0.30256794283753,0.618482560230133
0.3026303472807264,0.618482560230133
0.3026303472807264,0.6186623516720604
0.30278635838871726,0.6186623516720604
0.30281756061031545,0.6186623516720604
0.30281756061031545,0.6190219345559151
0.30320758838029266,0.6190219345559151
0.30320758838029266,0.6192017259978425
0.30326999282348904,0.6192017259978425
0.30330119504508724,0.6192017259978425
0.30350400948547535,0.6192017259978425
0.30350400948547535,0.6193815174397699
0.30353521170707354,0.6193815174397699
0.3035820150394708,0.6193815174397699
0.303613217261069,0.6193815174397699
0.30375362725826077,0.6193815174397699
0.30375362725826077,0.6195613088816972
0.3038940372554526,0.6195613088816972
0.3038940372554526,0.6197411003236246
0.3040968516958407,0.6197411003236246
0.3040968516958407,0.619920891765552
0.3045492839090143,0.619920891765552
0.3045492839090143,0.6201006832074794
0.3045804861306125,0.6201006832074794
0.3045804861306125,0.6204602660913341
0.30476769946020155,0.6204602660913341
0.30479890168179974,0.6204602660913341
0.30479890168179974,0.6206400575332615
0.304845705014197,0.6206400575332615
0.3048769072357952,0.6206400575332615
0.3051733283409779,0.6206400575332615
0.3051733283409779,0.6208198489751888
0.3055945583325533,0.6208198489751888
0.3055945583325533,0.6209996404171162
0.30562576055415147,0.6209996404171162
0.30562576055415147,0.6211794318590436
0.30589097943773597,0.6211794318590436
0.30589097943773597,0.6213592233009708
0.30592218165933416,0.6213592233009708
0.3063590127617086,0.6213592233009708
0.3063590127617086,0.6215390147428982
0.306421417204905,0.6215390147428982
0.306421417204905,0.6217188061848256
0.3066554338668913,0.6217188061848256
0.3066554338668913,0.6220783890686803
0.3069206527504758,0.6220783890686803
0.3069206527504758,0.622437971952535
0.3070454616368685,0.622437971952535
0.3070454616368685,0.6226177633944624
0.3074978938500421,0.6226177633944624
0.3074978938500421,0.6227975548363898
0.30751349496084124,0.6227975548363898
0.30751349496084124,0.6229773462783171
0.3076695060688321,0.6229773462783171
0.3076695060688321,0.6231571377202445
0.3077943149552248,0.6231571377202445
0.307825517176823,0.6231571377202445
0.30790352273081845,0.6231571377202445
0.30790352273081845,0.6233369291621719
0.30802833161721116,0.6233369291621719
0.30802833161721116,0.6235167206040992
0.3080907360604075,0.6235167206040992
0.3080907360604075,0.6236965120460266
0.30832475272239385,0.6236965120460266
0.30832475272239385,0.623876303487954
0.3087303816031701,0.623876303487954
0.3087303816031701,0.6240560949298813
0.3091204093731474,0.6240560949298813
0.3091204093731474,0.6242358863718087
0.30916721270554465,0.6242358863718087
0.30916721270554465,0.6244156778137361
0.309229617148741,0.6244156778137361
0.309229617148741,0.6245954692556634
0.3093388249243346,0.6245954692556634
0.3093388249243346,0.6247752606975908
0.30946363381072733,0.6247752606975908
0.30946363381072733,0.6249550521395182
0.30958844269712005,0.6249550521395182
0.30958844269712005,0.6251348435814456
0.30972885269431183,0.6251348435814456
0.30972885269431183,0.6254944264653003
0.30976005491591,0.6254944264653003
0.30976005491591,0.6256742179072277
0.3099940715778963,0.6256742179072277
0.3099940715778963,0.625854009349155
0.3100252737994945,0.625854009349155
0.3100252737994945,0.6260338007910824
0.3100876782426909,0.6260338007910824
0.3100876782426909,0.6262135922330098
0.3103528971262754,0.6262135922330098
0.3103528971262754,0.626393383674937
0.3105869137882617,0.626393383674937
0.3105869137882617,0.6267529665587918
0.311164154887828,0.6267529665587918
0.311164154887828,0.6269327580007191
0.31156978376860434,0.6269327580007191
0.31156978376860434,0.6271125494426465
0.31160098599020253,0.6271125494426465
0.31160098599020253,0.6272923408845739
0.3117413959873943,0.6272923408845739
0.3117413959873943,0.6274721323265012
0.3117725982089925,0.6274721323265012
0.3117725982089925,0.6276519237684286
0.31195981153858154,0.6276519237684286
0.31202221598177793,0.6276519237684286
0.3121782270897688,0.6276519237684286
0.3121782270897688,0.627831715210356
0.31225623264376423,0.627831715210356
0.31225623264376423,0.6280115066522833
0.3127554681893351,0.6280115066522833
0.3127554681893351,0.6281912980942107
0.3129894848513214,0.6281912980942107
0.3129894848513214,0.6283710895361381
0.3130362881837187,0.6283710895361381
0.3130362881837187,0.6285508809780654
0.3131766981809105,0.6285508809780654
0.3131766981809105,0.6287306724199928
0.3135667259508877,0.6287306724199928
0.3135667259508877,0.6289104638619202
0.3138163437236731,0.6289104638619202
0.3138163437236731,0.6290902553038475
0.3138787481668695,0.6290902553038475
0.31394115261006583,0.6290902553038475
0.31409716371805674,0.6290902553038475
0.31409716371805674,0.6292700467457749
0.31422197260444945,0.6292700467457749
0.31422197260444945,0.6294498381877023
0.3142531748260476,0.6294498381877023
0.3142843770476458,0.6294498381877023
0.3142999781584449,0.6294498381877023
0.3142999781584449,0.6296296296296297
0.3145651970420294,0.6296296296296297
0.3145651970420294,0.629809421071557
0.3145963992636276,0.629809421071557
0.3146276014852257,0.629809421071557
0.3146276014852257,0.6299892125134844
0.31464320259602485,0.6299892125134844
0.31464320259602485,0.6301690039554118
0.3147992137040157,0.6301690039554118
0.3147992137040157,0.6305285868392665
0.3149864270336048,0.6305285868392665
0.3149864270336048,0.6307083782811939
0.31500202814440387,0.6307083782811939
0.31500202814440387,0.6308881697231212
0.31532965147118475,0.6308881697231212
0.31532965147118475,0.6310679611650486
0.3155636681331711,0.6310679611650486
0.3155636681331711,0.6312477526069759
0.31559487035476924,0.6312477526069759
0.31559487035476924,0.6314275440489032
0.31575088146276015,0.6314275440489032
0.31578208368435834,0.6314275440489032
0.31581328590595653,0.6314275440489032
0.31581328590595653,0.6316073354908306
0.3158288870167556,0.6316073354908306
0.3158288870167556,0.631787126932758
0.3160629036787419,0.631787126932758
0.3160629036787419,0.6319669183746853
0.3163437236731255,0.6319669183746853
0.3163437236731255,0.6321467098166127
0.3167025492215046,0.6321467098166127
0.3167025492215046,0.6323265012585401
0.3168273581078973,0.6323265012585401
0.3168273581078973,0.6325062927004674
0.3169365658834909,0.6325062927004674
0.3169365658834909,0.6326860841423948
0.3169677681050891,0.6326860841423948
0.31698336921588816,0.6328658755843222
0.31701457143748635,0.6328658755843222
0.31707697588068273,0.6328658755843222
0.31707697588068273,0.6330456670262495
0.31710817810228087,0.6330456670262495
0.31710817810228087,0.6332254584681769
0.3172329869886736,0.6332254584681769
0.3172329869886736,0.6334052499101043
0.3177478236450435,0.6334052499101043
0.3177478236450435,0.6335850413520316
0.3177790258666417,0.6335850413520316
0.3177790258666417,0.633764832793959
0.3178726325314362,0.633764832793959
0.3178726325314362,0.6339446242358864
0.3182314580798153,0.6339446242358864
0.3182314580798153,0.6341244156778137
0.31830946363381074,0.6341244156778137
0.31830946363381074,0.6343042071197411
0.31855908140659617,0.6343042071197411
0.31855908140659617,0.6344839985616685
0.31860588473899343,0.6344839985616685
0.3186370869605916,0.6344839985616685
0.3189491091765734,0.6344839985616685
0.3189491091765734,0.6346637900035959
0.3190115136197697,0.6346637900035959
0.3190115136197697,0.6348435814455232
0.3197291647165278,0.6348435814455232
0.3197291647165278,0.6350233728874506
0.31996318137851415,0.6350233728874506
0.31996318137851415,0.635203164329378
0.3199787824893132,0.635203164329378
0.3200099847109114,0.635203164329378
0.32005678804330867,0.635203164329378
0.32005678804330867,0.6353829557713053
0.32010359137570593,0.6353829557713053
0.32010359137570593,0.6355627472132327
0.32022840026209864,0.6355627472132327
0.32022840026209864,0.6357425386551601
0.3202752035944959,0.6357425386551601
0.3203064058160941,0.6357425386551601
0.32041561359168774,0.6357425386551601
0.32041561359168774,0.6359223300970874
0.3205716246996786,0.6359223300970874
0.3206028269212768,0.6359223300970874
0.32096165246965586,0.6359223300970874
0.32096165246965586,0.6361021215390148
0.3211176635776467,0.6361021215390148
0.3211176635776467,0.6364617044228694
0.32138288246123126,0.6364617044228694
0.3214140846828294,0.6364617044228694
0.32150769134762397,0.6364617044228694
0.32150769134762397,0.6366414958647968
0.32152329245842304,0.6366414958647968
0.32152329245842304,0.6368212873067242
0.32164810134481575,0.6368212873067242
0.32164810134481575,0.6370010787486515
0.32167930356641394,0.6370010787486515
0.32167930356641394,0.6371808701905789
0.3217105057880121,0.6371808701905789
0.32174170800961027,0.6371808701905789
0.3218509157852039,0.6371808701905789
0.3218509157852039,0.6373606616325063
0.3225061624387656,0.6373606616325063
0.3225373646603638,0.6373606616325063
0.3226621735467565,0.6373606616325063
0.3226621735467565,0.6375404530744336
0.32275578021155105,0.6375404530744336
0.32275578021155105,0.637720244516361
0.32291179131954195,0.637720244516361
0.32291179131954195,0.6379000359582884
0.32303660020593467,0.6379000359582884
0.32303660020593467,0.6380798274002157
0.32305220131673373,0.6380798274002157
0.32305220131673373,0.6382596188421431
0.3230834035383319,0.6382596188421431
0.3230834035383319,0.6384394102840705
0.32411307685107177,0.6384394102840705
0.32411307685107177,0.6386192017259978
0.3241910824050672,0.6386192017259978
0.3241910824050672,0.6387989931679252
0.3242846890698618,0.6387989931679252
0.32431589129145993,0.6387989931679252
0.3247995257262317,0.6387989931679252
0.3247995257262317,0.6389787846098526
0.324846329058629,0.6389787846098526
0.32486193016942805,0.63915857605178
0.3251271490530126,0.63915857605178
0.32515835127461074,0.63915857605178
0.325205154607008,0.63915857605178
0.3252363568286062,0.63915857605178
0.3255171768229898,0.63915857605178
0.3255171768229898,0.6393383674937073
0.3256887890417798,0.6393383674937073
0.3256887890417798,0.6395181589356347
0.32586040126056975,0.6395181589356347
0.32586040126056975,0.639697950377562
0.325907204592967,0.639697950377562
0.325907204592967,0.6398777418194894
0.3259384068145652,0.6398777418194894
0.3259696090361634,0.6398777418194894
0.32603201347935973,0.6398777418194894
0.32603201347935973,0.6400575332614168
0.3261724234765515,0.6400575332614168
0.3261724234765515,0.6402373247033442
0.3262660301413461,0.6402373247033442
0.3262660301413461,0.6404171161452715
0.32628163125214515,0.6404171161452715
0.32631283347374335,0.6405969075871989
0.32631283347374335,0.6407766990291263
0.32645324347093513,0.6407766990291263
0.3264844456925333,0.6407766990291263
0.3266248556897251,0.6407766990291263
0.3266248556897251,0.6409564904710536
0.3271708945676932,0.6409564904710536
0.3271708945676932,0.6411362819129809
0.3273737090080814,0.6411362819129809
0.3273737090080814,0.6413160733549083
0.3274673156728759,0.6413160733549083
0.3274673156728759,0.6414958647968356
0.32781054011045585,0.6414958647968356
0.32781054011045585,0.641675656238763
0.327826141221255,0.641675656238763
0.3278573434428531,0.641675656238763
0.3280601578832413,0.641675656238763
0.3280601578832413,0.6418554476806904
0.32826297232362944,0.6418554476806904
0.32826297232362944,0.6422150305645451
0.32829417454522763,0.6422150305645451
0.32832537676682577,0.6422150305645451
0.32841898343162035,0.6422150305645451
0.32841898343162035,0.6423948220064725
0.3286217978720085,0.6423948220064725
0.3286217978720085,0.6425746134483998
0.32877780897999936,0.6425746134483998
0.32877780897999936,0.6427544048903272
0.3288558145339948,0.6427544048903272
0.3288558145339948,0.6429341963322546
0.3289962245311866,0.6429341963322546
0.3289962245311866,0.6431139877741819
0.3290430278635839,0.6431139877741819
0.3290430278635839,0.6432937792161093
0.329245842303972,0.6432937792161093
0.329245842303972,0.6434735706580367
0.32926144341477115,0.6434735706580367
0.32926144341477115,0.643653362099964
0.3294798589659584,0.643653362099964
0.3294798589659584,0.6438331535418914
0.32965147118474836,0.6438331535418914
0.32965147118474836,0.6440129449838188
0.32968267340634655,0.6440129449838188
0.33022871228431466,0.6440129449838188
0.3302599145059128,0.6440129449838188
0.3303223189491092,0.6440129449838188
0.3303223189491092,0.6441927364257461
0.33036912228150644,0.6441927364257461
0.33036912228150644,0.6443725278676735
0.3303847233923055,0.6443725278676735
0.3304159256139037,0.6443725278676735
0.3305095322786982,0.6443725278676735
0.3305095322786982,0.6445523193096009
0.3306031389434928,0.6445523193096009
0.33063434116509094,0.6445523193096009
0.3306811444974882,0.6445523193096009
0.3306811444974882,0.6447321107515283
0.3307435489406846,0.6447321107515283
0.3307435489406846,0.6449119021934556
0.33088395893787637,0.6449119021934556
0.33088395893787637,0.645091693635383
0.3311335767106618,0.645091693635383
0.3311335767106618,0.6452714850773104
0.3315392055914381,0.6452714850773104
0.3315548067022372,0.6454512765192377
0.33157040781303626,0.6454512765192377
0.33157040781303626,0.6456310679611651
0.3315860089238354,0.6456310679611651
0.3315860089238354,0.6458108594030925
0.3316484133670317,0.6458108594030925
0.3316796155886299,0.6458108594030925
0.33172641892102717,0.6458108594030925
0.33172641892102717,0.6459906508450198
0.33244407001778525,0.6459906508450198
0.33247527223938345,0.6459906508450198
0.3327248900121689,0.6459906508450198
0.33275609223376706,0.6459906508450198
0.33275609223376706,0.6463502337288745
0.33277169334456613,0.6463502337288745
0.33277169334456613,0.6465300251708018
0.3328028955661643,0.6465300251708018
0.3328028955661643,0.6467098166127292
0.3328809011201598,0.6467098166127292
0.3328809011201598,0.6468896080546566
0.3330681144497488,0.6468896080546566
0.3330681144497488,0.6470693994965839
0.3331461200037443,0.6470693994965839
0.3331461200037443,0.6474289823804387
0.3333645355549315,0.6474289823804387
0.3333645355549315,0.647608773822366
0.3335205466629224,0.647608773822366
0.3335205466629224,0.6477885652642934
0.3337233611033106,0.6477885652642934
0.3337233611033106,0.6479683567062208
0.3339105744328996,0.6479683567062208
0.3339105744328996,0.6481481481481481
0.33401978220849327,0.6481481481481481
0.33401978220849327,0.6483279395900755
0.3344722144216668,0.6483279395900755
0.334503416643265,0.6483279395900755
0.33455021997566226,0.6483279395900755
0.33455021997566226,0.6485077310320029
0.3349090455240413,0.6485077310320029
0.33494024774563946,0.6485077310320029
0.3352522699616213,0.6485077310320029
0.3352522699616213,0.6486875224739302
0.33526787107242034,0.6486875224739302
0.33526787107242034,0.6488673139158576
0.33587631439358484,0.6488673139158576
0.33587631439358484,0.649047105357785
0.33598552216917843,0.649047105357785
0.3360167243907766,0.649047105357785
0.33614153327716934,0.649047105357785
0.33614153327716934,0.6492268967997123
0.33629754438516024,0.6492268967997123
0.3363287466067584,0.6492268967997123
0.3364535554931511,0.6492268967997123
0.3364535554931511,0.6494066882416397
0.3364691566039502,0.6494066882416397
0.3364691566039502,0.6495864796835671
0.33659396549034293,0.6495864796835671
0.33659396549034293,0.6497662711254945
0.336609566601142,0.6497662711254945
0.3366407688227402,0.6497662711254945
0.33671877437673564,0.6497662711254945
0.33671877437673564,0.6499460625674218
0.33682798215232923,0.6499460625674218
0.33682798215232923,0.6501258540093492
0.3371244032575119,0.6501258540093492
0.3371244032575119,0.6503056454512766
0.33714000436831104,0.6503056454512766
0.33714000436831104,0.6504854368932039
0.3371868077007083,0.6504854368932039
0.3371868077007083,0.6506652283351313
0.33756123435988644,0.6506652283351313
0.33756123435988644,0.6508450197770587
0.33768604324627916,0.6508450197770587
0.33768604324627916,0.6510248112189859
0.3377484476894755,0.6510248112189859
0.3377484476894755,0.6512046026609133
0.33795126212986365,0.6512046026609133
0.33795126212986365,0.6513843941028407
0.33801366657306,0.6513843941028407
0.33801366657306,0.651564185544768
0.33804486879465817,0.651564185544768
0.33804486879465817,0.6517439769866954
0.33840369434303724,0.6517439769866954
0.33840369434303724,0.6519237684286228
0.3384504976754345,0.6519237684286228
0.3384504976754345,0.6521035598705501
0.33860650878342535,0.6521035598705501
0.33860650878342535,0.6522833513124775
0.3387781210022154,0.6522833513124775
0.3387781210022154,0.6526429341963322
0.3389029298886081,0.6526429341963322
0.3389029298886081,0.6528227256382596
0.33912134543979533,0.6528227256382596
0.33912134543979533,0.653002517080187
0.33935536210178163,0.653002517080187
0.3393865643233798,0.653002517080187
0.3393865643233798,0.6531823085221143
0.3396517832069643,0.6531823085221143
0.3396517832069643,0.6533620999640417
0.3397453898717589,0.6533620999640417
0.3397453898717589,0.6535418914059691
0.340119816530937,0.6535418914059691
0.340119816530937,0.6537216828478964
0.34021342319573156,0.6537216828478964
0.34021342319573156,0.6539014742898238
0.340463040968517,0.6539014742898238
0.340463040968517,0.6540812657317512
0.34047864207931605,0.6540812657317512
0.34047864207931605,0.6542610571736786
0.3410090798464851,0.6542610571736786
0.3410090798464851,0.6544408486156059
0.3411026865112796,0.6544408486156059
0.3411026865112796,0.6546206400575333
0.34118069206527507,0.6546206400575333
0.34118069206527507,0.6548004314994607
0.3412118942868732,0.6548004314994607
0.3412118942868732,0.654980222941388
0.3414303098380605,0.654980222941388
0.3414303098380605,0.6551600143833154
0.3416643265000468,0.6551600143833154
0.3416643265000468,0.6553398058252428
0.34171112983244406,0.6553398058252428
0.34171112983244406,0.6555195972671701
0.3418203376080377,0.6555195972671701
0.3418203376080377,0.6556993887090975
0.34188274205123403,0.6556993887090975
0.34188274205123403,0.6558791801510249
0.34189834316203316,0.6558791801510249
0.34189834316203316,0.6560589715929521
0.3422571687104122,0.6560589715929521
0.3422571687104122,0.6562387630348795
0.34242878092920215,0.6562387630348795
0.34242878092920215,0.6564185544768069
0.3424755842615994,0.6564185544768069
0.3424755842615994,0.6565983459187342
0.3425379887047958,0.6565983459187342
0.3425379887047958,0.6567781373606616
0.3426471964803894,0.6567781373606616
0.3426471964803894,0.656957928802589
0.3429904209179694,0.656957928802589
0.3429904209179694,0.6573175116864437
0.34303722425036665,0.6573175116864437
0.34303722425036665,0.6576770945702984
0.3430528253611657,0.6576770945702984
0.3430528253611657,0.6578568860122258
0.3432244375799557,0.6578568860122258
0.3432244375799557,0.6580366774541532
0.3433492464663484,0.6580366774541532
0.3433492464663484,0.6582164688960805
0.3434896564635402,0.6582164688960805
0.3434896564635402,0.6583962603380079
0.34369247090392835,0.6583962603380079
0.34369247090392835,0.6585760517799353
0.34395768978751284,0.6585760517799353
0.34395768978751284,0.6587558432218626
0.34398889200911104,0.6587558432218626
0.34398889200911104,0.65893563466379
0.3440668975631065,0.65893563466379
0.3440668975631065,0.6591154261057174
0.34408249867390556,0.6591154261057174
0.34408249867390556,0.6594750089895721
0.34414490311710194,0.6594750089895721
0.34414490311710194,0.6596548004314995
0.34441012200068644,0.6596548004314995
0.34441012200068644,0.6598345918734269
0.3444881275546819,0.6598345918734269
0.3444881275546819,0.6600143833153542
0.344675340884271,0.6600143833153542
0.344675340884271,0.6601941747572816
0.3447065431058691,0.6601941747572816
0.3447377453274673,0.6601941747572816
0.3448937564354582,0.6601941747572816
0.3448937564354582,0.660373966199209
0.3451901775406409,0.660373966199209
0.3451901775406409,0.6605537576411363
0.3454865986458236,0.6605537576411363
0.3454865986458236,0.6607335490830637
0.34576741864020716,0.6607335490830637
0.34576741864020716,0.660913340524991
0.34582982308340354,0.660913340524991
0.34582982308340354,0.6610931319669183
0.3460326375237917,0.6610931319669183
0.3460326375237917,0.6612729234088457
0.34606383974538985,0.6612729234088457
0.34606383974538985,0.6614527148507731
0.34621985085338075,0.6614527148507731
0.34621985085338075,0.6616325062927004
0.346266654185778,0.6616325062927004
0.346266654185778,0.6618122977346278
0.34628225529657713,0.6618122977346278
0.34628225529657713,0.6619920891765552
0.3467190863989516,0.6619920891765552
0.3467190863989516,0.6621718806184825
0.34682829417454525,0.6621718806184825
0.34682829417454525,0.6623516720604099
0.3468438952853443,0.6623516720604099
0.3468438952853443,0.6625314635023373
0.3470779119473307,0.6625314635023373
0.3470779119473307,0.6627112549442646
0.3472339230553215,0.6627112549442646
0.3472339230553215,0.662891046386192
0.34735873194171424,0.662891046386192
0.34735873194171424,0.6630708378281194
0.3476239508252988,0.6630708378281194
0.3476239508252988,0.6632506292700467
0.34774875971169145,0.6632506292700467
0.34774875971169145,0.6634304207119741
0.3478891697088833,0.6634304207119741
0.3478891697088833,0.6636102121539015
0.3482635963680614,0.6636102121539015
0.3482635963680614,0.6637900035958288
0.3483416019220569,0.6637900035958288
0.3483416019220569,0.6641495864796836
0.3486692252488377,0.6641495864796836
0.3486692252488377,0.664329377921611
0.34877843302443134,0.664329377921611
0.34877843302443134,0.6645091693635383
0.34880963524602954,0.6645091693635383
0.34880963524602954,0.6646889608054657
0.3491060563512122,0.6646889608054657
0.3491060563512122,0.6648687522473931
0.3491528596836095,0.6648687522473931
0.3491528596836095,0.6652283351312478
0.34923086523760494,0.6652283351312478
0.34923086523760494,0.6655879180151025
0.3493400730131985,0.6655879180151025
0.3493400730131985,0.6657677094570299
0.349418078567194,0.6657677094570299
0.349418078567194,0.6659475008989572
0.34977690411557305,0.6659475008989572
0.34977690411557305,0.6661272923408845
0.35004212299915755,0.6661272923408845
0.35004212299915755,0.6663070837828119
0.3505257574339293,0.6663070837828119
0.3505257574339293,0.6664868752247393
0.35075977409591563,0.6664868752247393
0.35075977409591563,0.666846458108594
0.3509625885363038,0.666846458108594
0.3509625885363038,0.6670262495505214
0.3515086274142719,0.6670262495505214
0.3515086274142719,0.6672060409924487
0.35172704296545915,0.6672060409924487
0.35172704296545915,0.6673858324343761
0.35205466629224,0.6673858324343761
0.35211707073543635,0.6673858324343761
0.3522106774002309,0.6673858324343761
0.3522106774002309,0.6675656238763035
0.35225748073262814,0.6675656238763035
0.35225748073262814,0.6677454153182308
0.35239789072982,0.6677454153182308
0.35239789072982,0.6679252067601582
0.3524758962838154,0.6679252067601582
0.3524758962838154,0.6681049982020856
0.35253830072701176,0.6681049982020856
0.35253830072701176,0.6682847896440129
0.3530531373833817,0.6682847896440129
0.3530531373833817,0.6684645810859403
0.3532091484913726,0.6684645810859403
0.3532091484913726,0.6686443725278677
0.35322474960217165,0.6686443725278677
0.35322474960217165,0.668824163969795
0.35327155293456897,0.668824163969795
0.3533027551561671,0.668824163969795
0.3535835751505507,0.668824163969795
0.3536147773721489,0.668824163969795
0.35367718181534524,0.668824163969795
0.35370838403694344,0.668824163969795
0.35397360292052793,0.668824163969795
0.35397360292052793,0.6690039554117224
0.3541452151393179,0.6690039554117224
0.3541764173609161,0.6691837468536498
0.3542388218041125,0.6691837468536498
0.3542388218041125,0.6693635382955772
0.354332428468907,0.6693635382955772
0.354332428468907,0.6697231211794319
0.35434802957970607,0.6697231211794319
0.35434802957970607,0.6699029126213593
0.35439483291210333,0.6699029126213593
0.35439483291210333,0.6700827040632866
0.3551436862304596,0.6700827040632866
0.3551436862304596,0.670262495505214
0.35522169178445506,0.670262495505214
0.35522169178445506,0.6704422869471414
0.35523729289525413,0.6704422869471414
0.35523729289525413,0.6706220783890687
0.35561171955443227,0.6706220783890687
0.35561171955443227,0.670801869830996
0.3558925395488159,0.670801869830996
0.3558925395488159,0.6709816612729234
0.3563761739835876,0.6709816612729234
0.3564073762051858,0.6709816612729234
0.356610190645574,0.6709816612729234
0.356610190645574,0.6711614527148507
0.35693781397235486,0.6711614527148507
0.35693781397235486,0.6715210355987055
0.35706262285874757,0.6715210355987055
0.35706262285874757,0.6717008270406328
0.3571250273019439,0.6717008270406328
0.3571250273019439,0.6718806184825602
0.3574058472963275,0.6718806184825602
0.35743704951792565,0.6718806184825602
0.35756185840431837,0.6718806184825602
0.35756185840431837,0.6720604099244876
0.35788948173109925,0.6720604099244876
0.35788948173109925,0.6724199928083423
0.35840431838746917,0.6724199928083423
0.35840431838746917,0.6725997842502697
0.35849792505226374,0.6725997842502697
0.35849792505226374,0.6729593671341244
0.3585603294954601,0.6729593671341244
0.3585603294954601,0.6733189500179791
0.35870073949265185,0.6733189500179791
0.35870073949265185,0.6734987414599065
0.35873194171425005,0.6734987414599065
0.35873194171425005,0.6736785329018339
0.3587787450466473,0.6736785329018339
0.3587787450466473,0.6738583243437613
0.35904396393023186,0.6738583243437613
0.35907516615183,0.6738583243437613
0.3594027894786109,0.6738583243437613
0.3594027894786109,0.6740381157856886
0.35966800836219537,0.6740381157856886
0.35969921058379356,0.6740381157856886
0.3598084183593872,0.6740381157856886
0.3598084183593872,0.674217907227616
0.3599800305781772,0.674217907227616
0.36001123279977537,0.674217907227616
0.3602296483509626,0.674217907227616
0.3602296483509626,0.6743976986695434
0.36026085057256074,0.6743976986695434
0.36029205279415893,0.6743976986695434
0.36041686168055165,0.6743976986695434
0.36041686168055165,0.6745774901114707
0.36060407501014075,0.6745774901114707
0.3606352772317389,0.6745774901114707
0.3609160972261225,0.6745774901114707
0.3609160972261225,0.6747572815533981
0.36093169833692157,0.6747572815533981
0.36096290055851976,0.6747572815533981
0.3612749227745015,0.6747572815533981
0.3613061249960997,0.6747572815533981
0.36138413055009516,0.6747572815533981
0.36138413055009516,0.6749370729953255
0.3614621361040906,0.6749370729953255
0.3614621361040906,0.6751168644372528
0.3614933383256888,0.6751168644372528
0.3614933383256888,0.6752966558791802
0.36152454054728694,0.6752966558791802
0.36154014165808607,0.6752966558791802
0.36154014165808607,0.6754764473211076
0.36157134387968426,0.6754764473211076
0.36157134387968426,0.6756562387630349
0.36164934943367966,0.6756562387630349
0.36164934943367966,0.6760158216468896
0.36168055165527785,0.6760158216468896
0.36168055165527785,0.6761956130888169
0.3621797872008487,0.6761956130888169
0.3621797872008487,0.6763754045307443
0.3627258260788168,0.6763754045307443
0.3627258260788168,0.6765551959726717
0.3629598427408031,0.6765551959726717
0.3629598427408031,0.676734987414599
0.363287466067584,0.676734987414599
0.363287466067584,0.6769147788565264
0.3633810727323785,0.6769147788565264
0.3634122749539767,0.6769147788565264
0.36405192049673935,0.6769147788565264
0.36405192049673935,0.6770945702984538
0.36408312271833754,0.6770945702984538
0.3641299260507348,0.6770945702984538
0.3641299260507348,0.6772743617403811
0.3642859371587257,0.6772743617403811
0.3642859371587257,0.6774541531823085
0.3644263471559175,0.6774541531823085
0.3644263471559175,0.6776339446242359
0.36447315048831475,0.6776339446242359
0.36447315048831475,0.6778137360661632
0.36448875159911387,0.6779935275080906
0.36450435270991294,0.6779935275080906
0.36453555493151113,0.6779935275080906
0.36466036381790384,0.6779935275080906
0.36469156603950204,0.6779935275080906
0.36495678492308653,0.6779935275080906
0.36495678492308653,0.678173318950018
0.3649879871446847,0.678173318950018
0.3649879871446847,0.6783531103919453
0.3655808293550501,0.6783531103919453
0.3655808293550501,0.6787126932758001
0.36561203157664823,0.6787126932758001
0.36561203157664823,0.6788924847177275
0.3657212393522419,0.6788924847177275
0.36575244157384007,0.6788924847177275
0.36576804268463914,0.6788924847177275
0.36576804268463914,0.6790722761596548
0.36601766045742457,0.6790722761596548
0.36601766045742457,0.6792520676015822
0.36609566601142,0.6792520676015822
0.36609566601142,0.6794318590435096
0.36661050266778994,0.6794318590435096
0.36661050266778994,0.6796116504854369
0.36664170488938813,0.6796116504854369
0.36664170488938813,0.6797914419273643
0.3666885082217854,0.6797914419273643
0.3666885082217854,0.6799712333692917
0.36742176042934255,0.6799712333692917
0.36742176042934255,0.680151024811219
0.3675309682049362,0.680151024811219
0.3675621704265344,0.680151024811219
0.3675933726481325,0.680151024811219
0.3676245748697307,0.680151024811219
0.36764017598052984,0.680151024811219
0.36764017598052984,0.6803308162531464
0.3677493837561234,0.6803308162531464
0.3677493837561234,0.6805106076950738
0.36790539486411433,0.6805106076950738
0.36790539486411433,0.6806903991370011
0.3679521981965116,0.6806903991370011
0.3679521981965116,0.6808701905789284
0.36796779930731066,0.6808701905789284
0.36796779930731066,0.6810499820208558
0.368201815969297,0.6810499820208558
0.368201815969297,0.6812297734627831
0.36857624262847516,0.6812297734627831
0.36857624262847516,0.6814095649047105
0.3686230459608724,0.6814095649047105
0.3686230459608724,0.6815893563466379
0.36881025929046146,0.6815893563466379
0.36881025929046146,0.6817691477885652
0.36884146151205965,0.6817691477885652
0.36884146151205965,0.6819489392304926
0.3689350681768542,0.6819489392304926
0.3689350681768542,0.68212873067242
0.36901307373084963,0.68212873067242
0.36901307373084963,0.6823085221143473
0.36923148928203686,0.6823085221143473
0.36923148928203686,0.6824883135562747
0.36944990483322415,0.6824883135562747
0.36944990483322415,0.6826681049982021
0.36959031483041593,0.6826681049982021
0.36959031483041593,0.6828478964401294
0.3699179381571968,0.6828478964401294
0.3699179381571968,0.6830276878820568
0.37010515148678585,0.6830276878820568
0.37010515148678585,0.6832074793239842
0.3701987581515804,0.6832074793239842
0.3701987581515804,0.6833872707659115
0.3703547692595713,0.6833872707659115
0.3703547692595713,0.6835670622078389
0.3704639770351649,0.6835670622078389
0.3704639770351649,0.6837468536497663
0.37049517925676306,0.6837468536497663
0.3705107803675622,0.6839266450916937
0.37069799369715123,0.6839266450916937
0.37071359480795035,0.684106436533621
0.37094761146993666,0.684106436533621
0.37097881369153485,0.684106436533621
0.3713064370183157,0.684106436533621
0.37133763923991386,0.684106436533621
0.3714468470155075,0.684106436533621
0.3714468470155075,0.6842862279755484
0.3715716559019002,0.6842862279755484
0.3715716559019002,0.6844660194174758
0.37205529033667195,0.6844660194174758
0.37205529033667195,0.6848256023013305
0.3720708914474711,0.6848256023013305
0.3720708914474711,0.6850053937432579
0.37208649255827014,0.6850053937432579
0.37208649255827014,0.6851851851851852
0.37227370588785924,0.6851851851851852
0.3723049081094574,0.6851851851851852
0.37236731255265376,0.6851851851851852
0.37239851477425195,0.6851851851851852
0.37247652032824735,0.6851851851851852
0.37250772254984554,0.6851851851851852
0.3725545258822428,0.6851851851851852
0.3725545258822428,0.6853649766271126
0.3727105369902337,0.6853649766271126
0.3727105369902337,0.68554476806904
0.37281974476582735,0.68554476806904
0.37281974476582735,0.6857245595109672
0.3729757558738182,0.6857245595109672
0.3729757558738182,0.6859043509528946
0.3730693625386127,0.6859043509528946
0.3730693625386127,0.6862639338367493
0.37320977253580456,0.6862639338367493
0.37320977253580456,0.6864437252786767
0.37344378919779087,0.6864437252786767
0.37344378919779087,0.6866235167206041
0.3734905925301881,0.6866235167206041
0.3735217947517863,0.6866235167206041
0.37364660363817903,0.6866235167206041
0.37364660363817903,0.6868033081625314
0.373989828075759,0.6868033081625314
0.37402103029735717,0.6868033081625314
0.37422384473774534,0.6868033081625314
0.37422384473774534,0.6869830996044588
0.3744266591781335,0.6869830996044588
0.3744266591781335,0.6871628910463862
0.3748166869481107,0.6871628910463862
0.3748166869481107,0.6873426824883135
0.375050703610097,0.6873426824883135
0.375050703610097,0.6875224739302409
0.37506630472089614,0.6875224739302409
0.37509750694249433,0.6875224739302409
0.375393928047677,0.6875224739302409
0.375393928047677,0.6877022653721683
0.3758307591500515,0.6877022653721683
0.3758619613716497,0.6877022653721683
0.37593996692564513,0.6877022653721683
0.37593996692564513,0.6878820568140956
0.3759867702580424,0.6878820568140956
0.3759867702580424,0.688061848256023
0.37614278136603324,0.688061848256023
0.37614278136603324,0.6882416396979504
0.3762363880308278,0.6882416396979504
0.3762363880308278,0.6884214311398777
0.37629879247402415,0.6884214311398777
0.37629879247402415,0.6886012225818051
0.37645480358201505,0.6886012225818051
0.37645480358201505,0.6887810140237325
0.37684483135199226,0.6887810140237325
0.37684483135199226,0.6889608054656599
0.37687603357359045,0.6889608054656599
0.37687603357359045,0.6891405969075872
0.3769384380167868,0.6891405969075872
0.3769384380167868,0.6893203883495146
0.3770788480139786,0.6893203883495146
0.3770788480139786,0.689500179791442
0.3773440668975631,0.689500179791442
0.3773440668975631,0.6896799712333693
0.377500078005554,0.6896799712333693
0.377500078005554,0.6898597626752967
0.37756248244875035,0.6898597626752967
0.37759368467034854,0.6898597626752967
0.37768729133514306,0.6898597626752967
0.37771849355674125,0.6898597626752967
0.37782770133233484,0.6898597626752967
0.37782770133233484,0.6900395541172241
0.3782333302131112,0.6900395541172241
0.3782333302131112,0.6902193455591514
0.37824893132391024,0.6902193455591514
0.37824893132391024,0.6903991370010788
0.37828013354550843,0.6903991370010788
0.37828013354550843,0.6907587198849334
0.3783269368779057,0.6907587198849334
0.3783269368779057,0.6909385113268608
0.37854535242909293,0.6909385113268608
0.37854535242909293,0.6911183027687882
0.37859215576149025,0.6911183027687882
0.3786233579830884,0.6911183027687882
0.3787481668694811,0.6911183027687882
0.3787481668694811,0.6914778856526429
0.37879497020187836,0.6914778856526429
0.37879497020187836,0.6916576770945703
0.3788105713126775,0.6916576770945703
0.3788105713126775,0.6918374685364976
0.3790445879746638,0.6918374685364976
0.3790601890854629,0.692017259978425
0.37909139130706104,0.692017259978425
0.37909139130706104,0.6921970514203524
0.37910699241786017,0.6921970514203524
0.37910699241786017,0.6923768428622797
0.37921620019345376,0.6923768428622797
0.37921620019345376,0.6925566343042071
0.37924740241505195,0.6925566343042071
0.379263003525851,0.6925566343042071
0.379263003525851,0.6927364257461345
0.37930980685824833,0.6927364257461345
0.37930980685824833,0.6929162171880618
0.3795750257418328,0.6929162171880618
0.3795750257418328,0.6930960086299892
0.37994945240101097,0.6930960086299892
0.3799806546226091,0.6930960086299892
0.3799806546226091,0.6932758000719166
0.3801054635090018,0.6932758000719166
0.3801054635090018,0.693455591513844
0.3805890979437736,0.693455591513844
0.3805890979437736,0.6936353829557713
0.38096352460295174,0.6936353829557713
0.38096352460295174,0.6938151743976987
0.38107273237854533,0.6938151743976987
0.38107273237854533,0.693994965839626
0.3811039346001435,0.693994965839626
0.3811039346001435,0.6941747572815534
0.381181940154139,0.6941747572815534
0.38121314237573717,0.6941747572815534
0.3812443445973353,0.6941747572815534
0.3812443445973353,0.6943545487234808
0.38135355237292895,0.6943545487234808
0.38135355237292895,0.6945343401654082
0.38161877125651344,0.6945343401654082
0.38161877125651344,0.6947141316073355
0.3816655745889107,0.6947141316073355
0.3816967768105089,0.6947141316073355
0.3819463945832943,0.6947141316073355
0.3819463945832943,0.6948939230492629
0.38205560235888797,0.6948939230492629
0.3820868045804861,0.6948939230492629
0.38216481013448156,0.6948939230492629
0.38216481013448156,0.6950737144911903
0.3822116134668788,0.6950737144911903
0.3822116134668788,0.6952535059331176
0.3823988267964679,0.6952535059331176
0.3824300290180661,0.6952535059331176
0.3824300290180661,0.695433297375045
0.3827888545664451,0.695433297375045
0.3827888545664451,0.6956130888169723
0.3828512590096415,0.6956130888169723
0.38288246123123965,0.6956130888169723
0.3830540734500296,0.6956130888169723
0.3830540734500296,0.6957928802588996
0.38319448344722146,0.6957928802588996
0.38319448344722146,0.695972671700827
0.3832256856688196,0.695972671700827
0.3832256856688196,0.6961524631427544
0.383475303441605,0.6961524631427544
0.383475303441605,0.6963322545846817
0.3835377078848014,0.6963322545846817
0.3835377078848014,0.6965120460266091
0.38360011232799773,0.6965120460266091
0.38360011232799773,0.6966918374685365
0.3836781178819932,0.6966918374685365
0.3836781178819932,0.6968716289104638
0.38374052232518957,0.6968716289104638
0.3837717245467877,0.6968716289104638
0.38394333676557774,0.6968716289104638
0.3839745389871759,0.6968716289104638
0.38417735342756404,0.6968716289104638
0.38417735342756404,0.6970514203523912
0.38436456675715314,0.6970514203523912
0.38436456675715314,0.6972312117943186
0.38444257231114853,0.6972312117943186
0.38444257231114853,0.6974110032362459
0.3845517800867422,0.6974110032362459
0.3845517800867422,0.6977705861201007
0.3848169989703267,0.6977705861201007
0.3848169989703267,0.697950377562028
0.3848326000811258,0.697950377562028
0.3848326000811258,0.6981301690039554
0.3848950045243221,0.6981301690039554
0.3848950045243221,0.6983099604458828
0.3850354145215139,0.6983099604458828
0.3850354145215139,0.6984897518878102
0.38530063340509846,0.6984897518878102
0.3853318356266966,0.6984897518878102
0.38598708228025835,0.6984897518878102
0.38598708228025835,0.6988493347716649
0.3860026833910574,0.6988493347716649
0.38601828450185655,0.6990291262135923
0.3862054978314456,0.6990291262135923
0.3862054978314456,0.6992089176555196
0.3863927111610347,0.6992089176555196
0.3863927111610347,0.699388709097447
0.3864239133826328,0.699388709097447
0.386455115604231,0.699388709097447
0.38682954226340915,0.699388709097447
0.38682954226340915,0.6995685005393744
0.3870479578145964,0.6995685005393744
0.3870479578145964,0.6997482919813017
0.3874847889169709,0.6997482919813017
0.3874847889169709,0.6999280834232291
0.3875627944709663,0.6999280834232291
0.3875627944709663,0.7002876663070838
0.3876564011357609,0.7002876663070838
0.387687603357359,0.7002876663070838
0.387859215576149,0.7002876663070838
0.387859215576149,0.7004674577490112
0.3881088333489344,0.7004674577490112
0.3881088333489344,0.7006472491909385
0.3881868389029299,0.7006472491909385
0.3881868389029299,0.7008270406328658
0.3889512933320852,0.7008270406328658
0.3889824955536834,0.7010068320747932
0.3897313488720397,0.7010068320747932
0.3897313488720397,0.7013664149586479
0.38974694998283876,0.7013664149586479
0.38974694998283876,0.7015462064005753
0.38980935442603515,0.7015462064005753
0.38980935442603515,0.7017259978425027
0.3902617866392087,0.7017259978425027
0.3902617866392087,0.70190578928443
0.39032419108240507,0.70190578928443
0.39032419108240507,0.7020855807263574
0.3904021966364005,0.7020855807263574
0.3904021966364005,0.7022653721682848
0.39058940996598956,0.7022653721682848
0.39058940996598956,0.7024451636102121
0.3906050110767887,0.7024451636102121
0.3906362132983868,0.7024451636102121
0.39094823551436864,0.7024451636102121
0.39094823551436864,0.7026249550521395
0.3909950388467659,0.7026249550521395
0.3909950388467659,0.7028047464940669
0.3912602577303504,0.7028047464940669
0.3912914599519486,0.7028047464940669
0.39158788105713127,0.7028047464940669
0.39158788105713127,0.7031643293779216
0.3925083465942775,0.7031643293779216
0.3925083465942775,0.703344120819849
0.3925395488158757,0.703344120819849
0.3925395488158757,0.7037037037037037
0.3929607788074511,0.7037037037037037
0.3929607788074511,0.7038834951456311
0.39299198102904925,0.7038834951456311
0.39299198102904925,0.7040632865875585
0.3932415988018347,0.7040632865875585
0.3932415988018347,0.7042430780294858
0.39330400324503106,0.7042430780294858
0.39330400324503106,0.7044228694714132
0.39347561546382104,0.7044228694714132
0.39347561546382104,0.7046026609133406
0.3935068176854192,0.7046026609133406
0.3935068176854192,0.7047824523552679
0.3935848232394146,0.7047824523552679
0.3935848232394146,0.7049622437971953
0.39386564323379825,0.7049622437971953
0.39386564323379825,0.7051420352391227
0.39413086211738274,0.7051420352391227
0.39416206433898093,0.7051420352391227
0.3942400698929764,0.7051420352391227
0.3942400698929764,0.70532182668105
0.39455209210895814,0.70532182668105
0.39455209210895814,0.7056814095649047
0.3946456987737527,0.7056814095649047
0.39467690099535085,0.7056814095649047
0.3949265187681363,0.7056814095649047
0.3949577209897345,0.7056814095649047
0.39498892321133267,0.7056814095649047
0.39498892321133267,0.7060409924487594
0.39516053543012264,0.7060409924487594
0.3951917376517208,0.7060409924487594
0.39528534431651535,0.7060409924487594
0.39528534431651535,0.7062207838906868
0.39541015320290807,0.7062207838906868
0.39541015320290807,0.7064005753326141
0.3954725576461044,0.7064005753326141
0.3954725576461044,0.7065803667745415
0.39555056320009985,0.7065803667745415
0.39555056320009985,0.7069399496583962
0.3956285687540953,0.7069399496583962
0.39567537208649256,0.7069399496583962
0.395924989859278,0.7069399496583962
0.3959561920808762,0.7069399496583962
0.3960497987456707,0.7069399496583962
0.3960497987456707,0.7071197411003236
0.39681425317482605,0.7071197411003236
0.39681425317482605,0.707299532542251
0.3970482698368124,0.707299532542251
0.3970482698368124,0.7074793239841783
0.39711067428000874,0.7074793239841783
0.39711067428000874,0.7076591154261057
0.3971418765016069,0.7076591154261057
0.3971730787232051,0.7076591154261057
0.3973446909419951,0.7076591154261057
0.3973446909419951,0.7078389068680331
0.3974538987175887,0.7078389068680331
0.3974538987175887,0.7080186983099604
0.3977191176011732,0.7080186983099604
0.3977191176011732,0.7081984897518878
0.397859527598365,0.7081984897518878
0.397859527598365,0.7083782811938152
0.3978751287091641,0.7083782811938152
0.3978751287091641,0.7085580726357426
0.398031139817155,0.7085580726357426
0.398031139817155,0.7087378640776699
0.3982651564791413,0.7087378640776699
0.3982651564791413,0.7094570298453794
0.39846797091952946,0.7094570298453794
0.39846797091952946,0.7096368212873068
0.398561577584324,0.7096368212873068
0.398561577584324,0.7098166127292341
0.3987019875815158,0.7098166127292341
0.3987019875815158,0.7099964041711615
0.39892040313270305,0.7099964041711615
0.39892040313270305,0.7101761956130889
0.3991076164622921,0.7101761956130889
0.3991076164622921,0.7103559870550162
0.3991388186838903,0.7103559870550162
0.3991388186838903,0.7105357784969435
0.3992324253486848,0.7105357784969435
0.3992324253486848,0.7107155699388709
0.3993884364566757,0.7107155699388709
0.3993884364566757,0.7108953613807982
0.3997784642266529,0.7108953613807982
0.3997784642266529,0.7110751528227256
0.39979406533745204,0.7110751528227256
0.39979406533745204,0.711254944264653
0.39990327311304563,0.711254944264653
0.39990327311304563,0.7114347357065803
0.399965677556242,0.7114347357065803
0.399965677556242,0.7116145271485077
0.3999968797778402,0.7116145271485077
0.3999968797778402,0.7117943185904351
0.4002620986614247,0.7117943185904351
0.4002620986614247,0.7119741100323624
0.4003869075478174,0.7119741100323624
0.4003869075478174,0.7121539014742898
0.40063652532060284,0.7121539014742898
0.400667727542201,0.7121539014742898
0.400667727542201,0.7125134843581445
0.40132297419576274,0.7125134843581445
0.40132297419576274,0.7126932758000719
0.40136977752816,0.7126932758000719
0.40136977752816,0.7128730672419993
0.4015101875253518,0.7128730672419993
0.4015101875253518,0.7130528586839266
0.4021810352897126,0.7130528586839266
0.4022122375113108,0.7130528586839266
0.40229024306530625,0.7130528586839266
0.40232144528690444,0.7130528586839266
0.40232144528690444,0.713232650125854
0.4023526475085026,0.713232650125854
0.4023526475085026,0.7134124415677814
0.40255546194889075,0.7134124415677814
0.40255546194889075,0.7135922330097088
0.4030546974944616,0.7135922330097088
0.4030546974944616,0.7137720244516361
0.40355393304003245,0.7137720244516361
0.40355393304003245,0.7139518158935635
0.40367874192642517,0.7139518158935635
0.40367874192642517,0.7141316073354909
0.4037567474804206,0.7141316073354909
0.4037567474804206,0.7143113987774182
0.40383475303441607,0.7143113987774182
0.4038659552560142,0.7143113987774182
0.40433398857998687,0.7143113987774182
0.40433398857998687,0.7144911902193456
0.4044587974663796,0.7144911902193456
0.4044587974663796,0.714670981661273
0.4044899996879778,0.714670981661273
0.4044899996879778,0.7148507731032003
0.4045056007987769,0.7148507731032003
0.4045056007987769,0.7150305645451277
0.40463040968516956,0.7150305645451277
0.40463040968516956,0.7153901474289823
0.40472401634996413,0.7153901474289823
0.40472401634996413,0.7155699388709097
0.40475521857156227,0.7155699388709097
0.40478642079316046,0.7155699388709097
0.40478642079316046,0.7157497303128371
0.4052544541171331,0.7157497303128371
0.4052544541171331,0.7159295217547644
0.4053324596711286,0.7159295217547644
0.4053324596711286,0.7161093131966918
0.40556647633311493,0.7161093131966918
0.40556647633311493,0.7162891046386192
0.4060969141002839,0.7162891046386192
0.4060969141002839,0.7164688960805465
0.40620612187587757,0.7164688960805465
0.40620612187587757,0.7166486875224739
0.40625292520827483,0.7166486875224739
0.406284127429873,0.7166486875224739
0.4063621329838685,0.7166486875224739
0.4063621329838685,0.7170082704063286
0.40637773409466754,0.7170082704063286
0.40637773409466754,0.717188061848256
0.40662735186745297,0.717188061848256
0.40662735186745297,0.7173678532901834
0.4067053574214484,0.7173678532901834
0.4067053574214484,0.7175476447321107
0.4067521607538457,0.7175476447321107
0.4067521607538457,0.7177274361740381
0.4068457674186402,0.7177274361740381
0.4068457674186402,0.7179072276159655
0.4072045929670193,0.7179072276159655
0.4072045929670193,0.7180870190578929
0.40737620518580925,0.7180870190578929
0.40737620518580925,0.7182668104998202
0.4074386096290056,0.7182668104998202
0.4074386096290056,0.7184466019417476
0.4075634185153983,0.7184466019417476
0.4075634185153983,0.718626393383675
0.40815626072576366,0.718626393383675
0.40815626072576366,0.7188061848256023
0.4081718618365628,0.7188061848256023
0.4081718618365628,0.7189859762675297
0.40818746294736186,0.7189859762675297
0.40818746294736186,0.7193455591513844
0.4082966707229555,0.7193455591513844
0.40832787294455364,0.7193455591513844
0.40834347405535276,0.7193455591513844
0.40834347405535276,0.7195253505933118
0.40856188960654,0.7195253505933118
0.40856188960654,0.7197051420352392
0.4090143218197136,0.7197051420352392
0.4090143218197136,0.7200647249190939
0.40918593403850356,0.7200647249190939
0.4092171362601017,0.7200647249190939
0.4094043495896908,0.7200647249190939
0.409435551811289,0.7200647249190939
0.40977877624886894,0.7200647249190939
0.40977877624886894,0.7202445163610213
0.409794377359668,0.7202445163610213
0.409794377359668,0.7204243078029485
0.4099347873568598,0.7204243078029485
0.4099347873568598,0.7206040992448759
0.4099815906892571,0.7206040992448759
0.4099815906892571,0.7207838906868033
0.41020000624044434,0.7207838906868033
0.41020000624044434,0.7209636821287306
0.4104028206808325,0.7209636821287306
0.4104028206808325,0.721143473570658
0.4105432306780243,0.721143473570658
0.4105432306780243,0.7213232650125854
0.4106056351212206,0.7213232650125854
0.4106056351212206,0.7215030564545127
0.4106992417860152,0.7215030564545127
0.4107616462292115,0.7215030564545127
0.41087085400480516,0.7215030564545127
0.41087085400480516,0.7216828478964401
0.4109956628911979,0.7216828478964401
0.4109956628911979,0.7218626393383675
0.4111204717775906,0.7218626393383675
0.4111204717775906,0.7220424307802948
0.4114948984367687,0.7220424307802948
0.41152610065836687,0.7222222222222222
0.41158850510156325,0.7222222222222222
0.41158850510156325,0.7224020136641496
0.4116197073231614,0.7224020136641496
0.4116197073231614,0.722581805106077
0.41171331398795596,0.722581805106077
0.41171331398795596,0.7227615965480043
0.41194733064994227,0.7227615965480043
0.41197853287154046,0.7227615965480043
0.4119941339823395,0.7227615965480043
0.4119941339823395,0.7229413879899317
0.4124621673063122,0.7229413879899317
0.4124933695279104,0.7229413879899317
0.4124933695279104,0.723121179431859
0.41266498174670035,0.723121179431859
0.41269618396829855,0.723121179431859
0.41311741395987395,0.723121179431859
0.41311741395987395,0.7233009708737864
0.41369465505944025,0.7233009708737864
0.41369465505944025,0.7234807623157138
0.4140690817186184,0.7234807623157138
0.4140690817186184,0.7236605537576412
0.41424069393740837,0.7236605537576412
0.41424069393740837,0.7238403451995685
0.4143030983806047,0.7238403451995685
0.4143030983806047,0.7240201366414959
0.4144279072669974,0.7240201366414959
0.4144435083777965,0.7241999280834233
0.41452151393179193,0.7241999280834233
0.41452151393179193,0.7243797195253506
0.41466192392898377,0.7243797195253506
0.41466192392898377,0.724559510967278
0.4151143561421573,0.724559510967278
0.4151299572529564,0.7247393024092054
0.4151455583637555,0.7247393024092054
0.4151455583637555,0.7249190938511327
0.41516115947455456,0.7249190938511327
0.41516115947455456,0.7250988852930601
0.4152079628069519,0.7250988852930601
0.4152079628069519,0.7252786767349874
0.4153951761365409,0.7252786767349874
0.4153951761365409,0.7254584681769147
0.41548878280133544,0.7254584681769147
0.41548878280133544,0.7256382596188421
0.41578520390651813,0.7256382596188421
0.41578520390651813,0.7258180510607695
0.41592561390370997,0.7258180510607695
0.41592561390370997,0.7261776339446242
0.4159568161253081,0.7261776339446242
0.4159568161253081,0.7263574253865516
0.41622203500889265,0.7263574253865516
0.41622203500889265,0.7265372168284789
0.4163156416736872,0.7265372168284789
0.41634684389528537,0.7265372168284789
0.41648725389247715,0.7265372168284789
0.4165028550032762,0.7267170082704063
0.41661206277886986,0.7267170082704063
0.41661206277886986,0.7268967997123337
0.4166900683328653,0.7268967997123337
0.4166900683328653,0.727076591154261
0.4167056694436644,0.727076591154261
0.4167056694436644,0.7272563825961884
0.41676807388686077,0.7272563825961884
0.41676807388686077,0.7274361740381158
0.4172829105432307,0.7274361740381158
0.4172829105432307,0.7276159654800431
0.41745452276202066,0.7276159654800431
0.41745452276202066,0.7279755483638979
0.41759493275921244,0.7279755483638979
0.41759493275921244,0.7281553398058253
0.41768853942400697,0.7281553398058253
0.41768853942400697,0.7283351312477526
0.4181565727479797,0.7283351312477526
0.4181565727479797,0.72851492268968
0.4188430216231396,0.72851492268968
0.41887422384473777,0.72851492268968
0.41904583606352774,0.72851492268968
0.4190770382851259,0.72851492268968
0.4190770382851259,0.7286947141316074
0.41931105494711224,0.7286947141316074
0.41934225716871043,0.7286947141316074
0.41946706605510314,0.7286947141316074
0.41946706605510314,0.7288745055735347
0.4194982682767013,0.7288745055735347
0.4194982682767013,0.7290542970154621
0.4195294704982995,0.7290542970154621
0.4195294704982995,0.7292340884573895
0.41970108271708945,0.7292340884573895
0.41970108271708945,0.7294138798993168
0.41996630160067394,0.7294138798993168
0.41999750382227213,0.7294138798993168
0.4204655371462448,0.7294138798993168
0.4204655371462448,0.7295936713412442
0.4206527504758339,0.7295936713412442
0.4206527504758339,0.7297734627831716
0.42112078379980655,0.7297734627831716
0.42115198602140475,0.7297734627831716
0.4212923960185965,0.7297734627831716
0.4212923960185965,0.7299532542250989
0.4213235982401947,0.7299532542250989
0.4213391993509938,0.7299532542250989
0.4213391993509938,0.7301330456670263
0.421370401572592,0.7301330456670263
0.42193204156135916,0.7301330456670263
0.42193204156135916,0.7303128371089536
0.4221816593341446,0.7303128371089536
0.4221816593341446,0.7304926285508809
0.42219726044494366,0.7304926285508809
0.42219726044494366,0.7306724199928083
0.4224624793285282,0.7306724199928083
0.4224624793285282,0.7308522114347357
0.4228837093201036,0.7308522114347357
0.4228837093201036,0.731032002876663
0.4230865237604918,0.731032002876663
0.4231177259820899,0.731032002876663
0.4234141470872726,0.731032002876663
0.4234141470872726,0.7312117943185904
0.4234297481980717,0.7312117943185904
0.4234453493088708,0.7313915857605178
0.423476551530469,0.7313915857605178
0.423476551530469,0.7315713772024451
0.4235077537520672,0.7315713772024451
0.4235077537520672,0.7317511686443725
0.42358575930606257,0.7317511686443725
0.42358575930606257,0.7319309600862999
0.4238509781896471,0.7319309600862999
0.4238509781896471,0.7321107515282272
0.42394458485444164,0.7321107515282272
0.42397578707603983,0.7321107515282272
0.4243190115136198,0.7321107515282272
0.4243190115136198,0.7322905429701546
0.42436581484601704,0.7322905429701546
0.42436581484601704,0.732470334412082
0.42445942151081156,0.732470334412082
0.42445942151081156,0.7326501258540093
0.4248650503915879,0.7326501258540093
0.42489625261318603,0.7326501258540093
0.4249898592779806,0.7326501258540093
0.4249898592779806,0.7328299172959367
0.42520827482916784,0.7328299172959367
0.42520827482916784,0.7330097087378641
0.42527067927236417,0.7330097087378641
0.42527067927236417,0.7331895001797915
0.42531748260476143,0.7331895001797915
0.42531748260476143,0.7333692916217188
0.4255358981559487,0.7333692916217188
0.4255358981559487,0.7335490830636462
0.4256763081531405,0.7335490830636462
0.4257075103747387,0.7335490830636462
0.4258323192611314,0.7335490830636462
0.42586352148272955,0.7335490830636462
0.42608193703391684,0.7335490830636462
0.42608193703391684,0.7337288745055736
0.42614434147711316,0.7337288745055736
0.42617554369871136,0.7337288745055736
0.4263627570283004,0.7337288745055736
0.4263627570283004,0.7339086659475009
0.42640956036069766,0.7339086659475009
0.42640956036069766,0.7340884573894283
0.42647196480389404,0.7340884573894283
0.4264875659146931,0.7342682488313557
0.4265343692470904,0.7342682488313557
0.4265343692470904,0.734448040273283
0.42676838590907673,0.734448040273283
0.42676838590907673,0.7346278317152104
0.4267995881306749,0.7346278317152104
0.4267995881306749,0.7348076231571378
0.4269399981278667,0.7348076231571378
0.4269712003494649,0.7348076231571378
0.42742363256263843,0.7348076231571378
0.4274548347842366,0.7348076231571378
0.42782926144341477,0.7348076231571378
0.42782926144341477,0.7351672060409924
0.4281412836593966,0.7351672060409924
0.4281412836593966,0.7353469974829198
0.4283284969889856,0.7353469974829198
0.4283284969889856,0.7355267889248471
0.42845330587537833,0.7355267889248471
0.42845330587537833,0.7357065803667745
0.428921339199351,0.7357065803667745
0.428921339199351,0.7358863718087019
0.42909295141814097,0.7358863718087019
0.42909295141814097,0.7360661632506292
0.4293737714125246,0.7360661632506292
0.4293737714125246,0.7362459546925566
0.42945177696652004,0.7362459546925566
0.4294985802989173,0.7362459546925566
0.42954538363131456,0.7362459546925566
0.42954538363131456,0.736425746134484
0.4295609847421136,0.736425746134484
0.4295609847421136,0.7366055375764113
0.42987300695809544,0.7366055375764113
0.42987300695809544,0.7367853290183387
0.4303098380604699,0.7367853290183387
0.4303098380604699,0.7369651204602661
0.43037224250366624,0.7369651204602661
0.43037224250366624,0.7371449119021934
0.4305750569440544,0.7371449119021934
0.4305750569440544,0.7373247033441208
0.4306062591656526,0.7373247033441208
0.4306062591656526,0.7375044947860482
0.4307310680520453,0.7375044947860482
0.4307310680520453,0.7376842862279755
0.4311210958220225,0.7376842862279755
0.4311210958220225,0.7378640776699029
0.4311522980436207,0.7378640776699029
0.4311522980436207,0.7380438691118303
0.43146432025960246,0.7380438691118303
0.43146432025960246,0.7382236605537577
0.4316047302567943,0.7382236605537577
0.43163593247839244,0.7382236605537577
0.43180754469718247,0.7382236605537577
0.4318543480295797,0.7382236605537577
0.4318543480295797,0.7385832434376124
0.43191675247277606,0.7385832434376124
0.43194795469437425,0.7385832434376124
0.43230678024275326,0.7385832434376124
0.43233798246435146,0.7385832434376124
0.43246279135074417,0.7385832434376124
0.43246279135074417,0.7387630348795398
0.4325407969047396,0.7387630348795398
0.4325407969047396,0.7389428263214671
0.43266560579113233,0.7389428263214671
0.4326968080127305,0.7389428263214671
0.4330400324503105,0.7389428263214671
0.4330400324503105,0.7391226177633945
0.43305563356110954,0.7391226177633945
0.43308683578270774,0.7391226177633945
0.433133639115105,0.7391226177633945
0.43321164466910045,0.7391226177633945
0.43321164466910045,0.7393024092053219
0.4334300602202877,0.7393024092053219
0.4334300602202877,0.7394822006472492
0.43349246466348407,0.7394822006472492
0.43349246466348407,0.7396619920891766
0.43350806577428314,0.7396619920891766
0.43350806577428314,0.739841783531104
0.4335860713282786,0.739841783531104
0.4335860713282786,0.7400215749730313
0.4336484757714749,0.7400215749730313
0.43366407688227404,0.7402013664149586
0.4338824924334613,0.7402013664149586
0.4338824924334613,0.740381157856886
0.4341009079846485,0.740381157856886
0.4341009079846485,0.7405609492988133
0.4343037224250367,0.7405609492988133
0.43433492464663487,0.7405609492988133
0.4348809635246029,0.7405609492988133
0.4348809635246029,0.7407407407407407
0.4350837779649911,0.7407407407407407
0.4350837779649911,0.7409205321826681
0.43516178351898654,0.7409205321826681
0.43516178351898654,0.7411003236245954
0.4352085868513838,0.7411003236245954
0.435239789072982,0.7411003236245954
0.43528659240537926,0.7411003236245954
0.43528659240537926,0.7412801150665228
0.4353021935161783,0.7412801150665228
0.4353021935161783,0.7414599065084502
0.4353645979593747,0.7414599065084502
0.4353645979593747,0.7416396979503775
0.43547380573496836,0.7416396979503775
0.43547380573496836,0.7419992808342323
0.4360198446129364,0.7419992808342323
0.4360198446129364,0.7421790722761596
0.436113451277731,0.7421790722761596
0.436113451277731,0.742358863718087
0.43616025461012825,0.742358863718087
0.43619145683172644,0.742358863718087
0.4362382601641237,0.742358863718087
0.4362382601641237,0.7425386551600144
0.4363786701613155,0.7425386551600144
0.4364098723829137,0.7425386551600144
0.4365034790477082,0.7425386551600144
0.4365034790477082,0.7427184466019418
0.4372523323660645,0.7427184466019418
0.4372835345876626,0.7427184466019418
0.43733033792005993,0.7427184466019418
0.43736154014165807,0.7427184466019418
0.4376735623576399,0.7427184466019418
0.437704764579238,0.7427184466019418
0.43772036569003714,0.7427184466019418
0.43772036569003714,0.7428982380438691
0.4377359668008362,0.7428982380438691
0.4377359668008362,0.7430780294857965
0.4380947923492153,0.7430780294857965
0.4380947923492153,0.7432578209277239
0.43811039346001435,0.7432578209277239
0.43811039346001435,0.7436174038115786
0.43837561234359884,0.7436174038115786
0.43837561234359884,0.7439769866954333
0.43850042122999155,0.7439769866954333
0.43850042122999155,0.7441567781373607
0.43914006677275425,0.7441567781373607
0.4391712689943524,0.7441567781373607
0.43951449343193233,0.7441567781373607
0.4395456956535305,0.7441567781373607
0.43956129676432965,0.7441567781373607
0.43956129676432965,0.7443365695792881
0.43979531342631595,0.7443365695792881
0.43979531342631595,0.7445163610212154
0.43995132453430685,0.7445163610212154
0.43995132453430685,0.7448759439050702
0.44010733564229776,0.7448759439050702
0.44010733564229776,0.7450557353469974
0.4405441667446722,0.7450557353469974
0.4405753689662704,0.7450557353469974
0.4405909700770695,0.7450557353469974
0.44060657118786856,0.7452355267889248
0.44082498673905585,0.7452355267889248
0.44082498673905585,0.7454153182308522
0.4408405878498549,0.7454153182308522
0.4408717900714531,0.7454153182308522
0.44090299229305124,0.7454153182308522
0.44090299229305124,0.7455951096727795
0.44115261006583667,0.7455951096727795
0.44115261006583667,0.7457749011147069
0.4412774189522294,0.7457749011147069
0.4412774189522294,0.7459546925566343
0.441558238946613,0.7459546925566343
0.4415894411682112,0.7459546925566343
0.4415894411682112,0.746314275440489
0.44160504227901026,0.746314275440489
0.44160504227901026,0.7464940668824164
0.4416518456114075,0.7464940668824164
0.4416518456114075,0.7466738583243437
0.4417142500546039,0.7466738583243437
0.4417142500546039,0.7468536497662711
0.44193266560579114,0.7468536497662711
0.4419482667165902,0.7470334412081985
0.4419482667165902,0.7472132326501258
0.44218228337857657,0.7472132326501258
0.44218228337857657,0.7473930240920532
0.442260288932572,0.7473930240920532
0.442260288932572,0.7475728155339806
0.44238509781896473,0.7475728155339806
0.44238509781896473,0.747752606975908
0.4425255078161565,0.747752606975908
0.4425255078161565,0.7479323984178353
0.44261911448095104,0.7479323984178353
0.44261911448095104,0.7481121898597627
0.4426659178133483,0.7481121898597627
0.4426659178133483,0.7482919813016901
0.442790726699741,0.7482919813016901
0.4428219289213392,0.7482919813016901
0.442962338918531,0.7482919813016901
0.4429935411401292,0.7482919813016901
0.4430559455833255,0.7482919813016901
0.4430559455833255,0.7484717727436174
0.44313395113732096,0.7484717727436174
0.44313395113732096,0.7486515641855448
0.4432431589129146,0.7486515641855448
0.4432431589129146,0.7488313556274722
0.44343037224250365,0.7488313556274722
0.44343037224250365,0.7490111470693995
0.4434771755749009,0.7490111470693995
0.4434771755749009,0.7493707299532543
0.44391400667727543,0.7493707299532543
0.44391400667727543,0.7495505213951816
0.44416362445006086,0.7495505213951816
0.44416362445006086,0.749730312837109
0.44458485444163626,0.749730312837109
0.44458485444163626,0.7499101042790364
0.4447408655496271,0.7499101042790364
0.4447720677712253,0.7499101042790364
0.4450996910980062,0.7499101042790364
0.4450996910980062,0.7500898957209636
0.44533370775999254,0.7500898957209636
0.44533370775999254,0.750269687162891
0.44542731442478706,0.750269687162891
0.44545851664638525,0.750269687162891
0.4455209210895816,0.750269687162891
0.44555212331117977,0.750269687162891
0.44581734219476427,0.750269687162891
0.44581734219476427,0.7504494786048184
0.4462073699647415,0.7504494786048184
0.4462073699647415,0.7506292700467457
0.4462853755187369,0.7506292700467457
0.4462853755187369,0.7508090614886731
0.44641018440512964,0.7508090614886731
0.4464569877375269,0.7508090614886731
0.44681581328590597,0.7508090614886731
0.44681581328590597,0.7509888529306005
0.44692502106149956,0.7509888529306005
0.44695622328309775,0.7509888529306005
0.44701862772629414,0.7509888529306005
0.44701862772629414,0.7513484358144552
0.44737745327467315,0.7513484358144552
0.44737745327467315,0.7517080186983099
0.44751786327186494,0.7517080186983099
0.44751786327186494,0.7518878101402373
0.4475958688258604,0.7518878101402373
0.4475958688258604,0.7520676015821647
0.4479078910418422,0.7520676015821647
0.44793909326344034,0.7520676015821647
0.44793909326344034,0.752247393024092
0.44818871103622576,0.752247393024092
0.44821991325782395,0.752247393024092
0.4485631376954039,0.752247393024092
0.4485631376954039,0.7524271844660194
0.44878155324659114,0.7524271844660194
0.44878155324659114,0.7526069759079468
0.4490467721301757,0.7526069759079468
0.4490467721301757,0.7527867673498742
0.4495304065649474,0.7527867673498742
0.4495304065649474,0.7529665587918015
0.44962401322974194,0.7529665587918015
0.44962401322974194,0.7531463502337289
0.44963961434054106,0.7531463502337289
0.44963961434054106,0.7533261416756563
0.44965521545134013,0.7535059331175836
0.4497020187837374,0.7535059331175836
0.4497332210053356,0.7535059331175836
0.44974882211613465,0.7535059331175836
0.44974882211613465,0.753685724559511
0.44978002433773284,0.753685724559511
0.44978002433773284,0.7538655160014384
0.4499516365565228,0.7538655160014384
0.4499516365565228,0.7540453074433657
0.4500920465537146,0.7540453074433657
0.4500920465537146,0.7542250988852931
0.45049767543449093,0.7542250988852931
0.4505288776560891,0.7542250988852931
0.4506068832100846,0.7542250988852931
0.4506068832100846,0.7544048903272205
0.4507004898748791,0.7544048903272205
0.4507004898748791,0.7545846817691478
0.4509345065368654,0.7545846817691478
0.4509345065368654,0.7547644732110752
0.4514805454148335,0.7547644732110752
0.4514805454148335,0.7549442646530026
0.4515429498580299,0.7549442646530026
0.4515429498580299,0.7551240560949298
0.4516989609660208,0.7551240560949298
0.45173016318761894,0.7551240560949298
0.4522293987331898,0.7551240560949298
0.4522293987331898,0.7553038475368572
0.4524166120627789,0.7553038475368572
0.4524166120627789,0.7554836389787846
0.4524790165059752,0.7554836389787846
0.4524790165059752,0.7556634304207119
0.4528690442759524,0.7556634304207119
0.4528690442759524,0.7558432218626393
0.453134263159537,0.7558432218626393
0.4531654653811351,0.7558432218626393
0.453321476489126,0.7558432218626393
0.453321476489126,0.7560230133045667
0.45341508315392054,0.7560230133045667
0.45341508315392054,0.756202804746494
0.45366470092670597,0.756202804746494
0.45366470092670597,0.7563825961884214
0.4538051109238978,0.7563825961884214
0.4538051109238978,0.7565623876303488
0.45385191425629506,0.7565623876303488
0.45385191425629506,0.7567421790722761
0.4538831164778932,0.7567421790722761
0.4538831164778932,0.7569219705142035
0.4540391275858841,0.7569219705142035
0.4540391275858841,0.7571017619561309
0.4544915597990577,0.7571017619561309
0.4545227620206559,0.7571017619561309
0.4545851664638522,0.7571017619561309
0.4546163686854504,0.7571017619561309
0.45539642422540483,0.7571017619561309
0.45539642422540483,0.7572815533980582
0.4559892664357702,0.7572815533980582
0.4559892664357702,0.7574613448399856
0.45616087865456023,0.7574613448399856
0.45616087865456023,0.757641136281913
0.4564260975381447,0.757641136281913
0.4564572997597429,0.757641136281913
0.4565977097569347,0.757641136281913
0.4565977097569347,0.7578209277238404
0.4567381197541265,0.7578209277238404
0.4567381197541265,0.7580007191657677
0.4569877375269119,0.7580007191657677
0.4569877375269119,0.7581805106076951
0.457174950856501,0.7581805106076951
0.457174950856501,0.7583603020496225
0.45722175418889827,0.7583603020496225
0.45722175418889827,0.7585400934915498
0.4572685575212955,0.7585400934915498
0.4572685575212955,0.7587198849334772
0.4572997597428937,0.7587198849334772
0.4572997597428937,0.7588996763754046
0.45751817529408095,0.7588996763754046
0.45751817529408095,0.7590794678173319
0.4576741864020718,0.7590794678173319
0.4576741864020718,0.7592592592592593
0.4576897875128709,0.7592592592592593
0.4576897875128709,0.7594390507011867
0.45787700084245997,0.7594390507011867
0.45787700084245997,0.759618842143114
0.4588130674904053,0.759618842143114
0.4588130674904053,0.7599784250269687
0.4588598708228026,0.7599784250269687
0.4588598708228026,0.760158216468896
0.4588754719336017,0.760158216468896
0.45890667415519987,0.760158216468896
0.45895347748759713,0.760158216468896
0.45895347748759713,0.7605177993527508
0.45901588193079346,0.7605177993527508
0.45904708415239165,0.7605177993527508
0.46001435302193516,0.7605177993527508
0.46001435302193516,0.7606975907946781
0.4601079596867297,0.7606975907946781
0.4601079596867297,0.7608773822366055
0.4601391619083279,0.7608773822366055
0.4601391619083279,0.7610571736785329
0.4602639707947206,0.7610571736785329
0.4602639707947206,0.761596548004315
0.46127804299666136,0.761596548004315
0.46127804299666136,0.7617763394462423
0.46129364410746043,0.7617763394462423
0.46129364410746043,0.7619561308881697
0.46144965521545134,0.7619561308881697
0.46144965521545134,0.7621359223300971
0.46173047520983496,0.7621359223300971
0.4617616774314331,0.7621359223300971
0.4617772785422322,0.7621359223300971
0.4618084807638304,0.7621359223300971
0.4620112952042185,0.7621359223300971
0.4620112952042185,0.7623157137720245
0.46244812630659304,0.7623157137720245
0.4624793285281912,0.7623157137720245
0.46283815407657025,0.7623157137720245
0.46283815407657025,0.7624955052139518
0.4629005585197666,0.7624955052139518
0.4629005585197666,0.7626752966558792
0.4629473618521639,0.7626752966558792
0.4629473618521639,0.7628550880978066
0.46297856407376203,0.7628550880978066
0.46297856407376203,0.7630348795397339
0.4630409685169584,0.7630348795397339
0.4630409685169584,0.7632146709816613
0.4633685918437393,0.7632146709816613
0.46339979406533743,0.7632146709816613
0.46371181628131924,0.7632146709816613
0.46371181628131924,0.7633944624235887
0.464195450716091,0.7633944624235887
0.464195450716091,0.7637540453074434
0.46425785515928736,0.7637540453074434
0.46425785515928736,0.7639338367493708
0.46438266404568007,0.7639338367493708
0.46438266404568007,0.7641136281912981
0.46449187182127366,0.7641136281912981
0.46449187182127366,0.7642934196332255
0.4645854784860682,0.7642934196332255
0.4645854784860682,0.7644732110751529
0.4646946862616618,0.7644732110751529
0.4646946862616618,0.7646530025170802
0.4647102873724609,0.7646530025170802
0.4647102873724609,0.7648327939590076
0.46481949514805454,0.7648327939590076
0.46481949514805454,0.7650125854009349
0.46489750070205,0.7650125854009349
0.4649287029236482,0.7650125854009349
0.46497550625604545,0.7650125854009349
0.4649911073668445,0.7650125854009349
0.4649911073668445,0.7651923768428622
0.4651471184748354,0.7651923768428622
0.4651471184748354,0.765551959726717
0.46522512402883087,0.765551959726717
0.465256326250429,0.765551959726717
0.4658959717931917,0.765551959726717
0.4658959717931917,0.7657317511686443
0.4664576117819589,0.7657317511686443
0.4664888140035571,0.7657317511686443
0.46653561733595433,0.7657317511686443
0.46653561733595433,0.7659115426105717
0.4666136228899498,0.7659115426105717
0.4666448251115479,0.7659115426105717
0.4673936784299042,0.7659115426105717
0.4673936784299042,0.7660913340524991
0.46744048176230146,0.7660913340524991
0.46744048176230146,0.7664509169363538
0.46750288620549785,0.7664509169363538
0.46750288620549785,0.7666307083782812
0.4675184873162969,0.7666307083782812
0.4675496895378951,0.7666307083782812
0.46783050953227867,0.7666307083782812
0.46786171175387686,0.7666307083782812
0.4679865206402696,0.7666307083782812
0.46801772286186777,0.7666307083782812
0.46815813285905955,0.7666307083782812
0.46815813285905955,0.7668104998202085
0.46825173952385407,0.7668104998202085
0.46825173952385407,0.7669902912621359
0.468407750631845,0.7669902912621359
0.468407750631845,0.7671700827040633
0.46906299728540674,0.7671700827040633
0.46906299728540674,0.7673498741459907
0.4696246372741739,0.7673498741459907
0.4696246372741739,0.767529665587918
0.46999906393335206,0.767529665587918
0.46999906393335206,0.7677094570298454
0.4706075072545165,0.7677094570298454
0.4706075072545165,0.7678892484717728
0.4706387094761147,0.7678892484717728
0.4706387094761147,0.7680690399137001
0.4707011139193111,0.7680690399137001
0.4707323161409092,0.7680690399137001
0.4708571250273019,0.7680690399137001
0.4708571250273019,0.7682488313556275
0.471044338356891,0.7682488313556275
0.471044338356891,0.7684286227975549
0.47152797279166275,0.7684286227975549
0.47152797279166275,0.7687882056814096
0.4717931916752473,0.7687882056814096
0.4717931916752473,0.768967997123337
0.47182439389684544,0.768967997123337
0.47182439389684544,0.7691477885652643
0.4719336016724391,0.7691477885652643
0.4719336016724391,0.7693275800071917
0.4720428094480327,0.7693275800071917
0.47207401166963087,0.7693275800071917
0.4724172361072108,0.7693275800071917
0.4724172361072108,0.7695073714491191
0.4728072638771881,0.7695073714491191
0.4728072638771881,0.7696871628910464
0.47310368498237076,0.7696871628910464
0.47310368498237076,0.7698669543329737
0.47311928609316983,0.7698669543329737
0.47311928609316983,0.7700467457749011
0.4733064994227589,0.7700467457749011
0.4733064994227589,0.7702265372168284
0.47338450497675433,0.7702265372168284
0.47338450497675433,0.7704063286587558
0.47354051608474523,0.7704063286587558
0.4735717183063434,0.7704063286587558
0.47369652719273614,0.7704063286587558
0.47369652719273614,0.7705861201006832
0.47375893163593247,0.7705861201006832
0.47375893163593247,0.7707659115426105
0.4738369371899279,0.7707659115426105
0.4738681394115261,0.7707659115426105
0.4751786327186496,0.7707659115426105
0.4751786327186496,0.7709457029845379
0.47519423382944864,0.7709457029845379
0.47519423382944864,0.7711254944264653
0.47531904271584136,0.7711254944264653
0.47531904271584136,0.7713052858683926
0.47535024493743955,0.7713052858683926
0.475428250491435,0.7713052858683926
0.475428250491435,0.77148507731032
0.4761771038097913,0.77148507731032
0.4761771038097913,0.7716648687522474
0.4762707104745858,0.7716648687522474
0.476301912696184,0.7716648687522474
0.4765047271365721,0.7716648687522474
0.4765047271365721,0.7718446601941747
0.4765983338013667,0.7718446601941747
0.4765983338013667,0.7720244516361021
0.4768479515741521,0.7720244516361021
0.4768479515741521,0.7722042430780295
0.47687915379575024,0.7722042430780295
0.47691035601734844,0.7722042430780295
0.4770975693469375,0.7722042430780295
0.4770975693469375,0.7723840345199569
0.47712877156853567,0.7723840345199569
0.47712877156853567,0.7725638259618842
0.4771443726793348,0.7725638259618842
0.47717557490093293,0.7725638259618842
0.47731598489812477,0.7725638259618842
0.4773471871197229,0.7725638259618842
0.4780804393272801,0.7725638259618842
0.4781116415488783,0.7725638259618842
0.4781896471028737,0.7725638259618842
0.4781896471028737,0.7727436174038116
0.47823645043527097,0.7727436174038116
0.4782832537676683,0.7727436174038116
0.4786420793160473,0.7727436174038116
0.4786420793160473,0.772923408845739
0.4786732815376455,0.772923408845739
0.4786732815376455,0.7731032002876663
0.4787824893132391,0.7731032002876663
0.4787824893132391,0.7732829917295937
0.47895410153202905,0.7732829917295937
0.47895410153202905,0.7734627831715211
0.4789697026428282,0.7734627831715211
0.4789697026428282,0.7736425746134484
0.47900090486442637,0.7736425746134484
0.47901650597522544,0.7738223660553758
0.4791569159724172,0.7738223660553758
0.4791881181940154,0.7738223660553758
0.4792505226372118,0.7738223660553758
0.47928172485880993,0.7738223660553758
0.47940653374520265,0.7738223660553758
0.47940653374520265,0.7740021574973032
0.47985896595837624,0.7740021574973032
0.47985896595837624,0.7741819489392305
0.4798745670691753,0.7741819489392305
0.4798745670691753,0.7743617403811579
0.47995257262317076,0.7743617403811579
0.47995257262317076,0.7745415318230853
0.48028019594995164,0.7745415318230853
0.48028019594995164,0.7747213232650126
0.4806234203875316,0.7747213232650126
0.4806234203875316,0.7749011147069399
0.48067022371992885,0.7749011147069399
0.48067022371992885,0.7750809061488673
0.48070142594152704,0.7750809061488673
0.48070142594152704,0.7752606975907946
0.4809042403819152,0.7752606975907946
0.4809354426035134,0.7752606975907946
0.4815594870354769,0.7752606975907946
0.4815594870354769,0.775440489032722
0.4817154981434678,0.775440489032722
0.4817154981434678,0.7756202804746494
0.48180910480826233,0.7756202804746494
0.48180910480826233,0.7758000719165767
0.48202752035944957,0.7758000719165767
0.48202752035944957,0.7759798633585041
0.4820431214702487,0.7759798633585041
0.4820431214702487,0.7761596548004315
0.48224593591063686,0.7761596548004315
0.4822615370214359,0.7763394462423588
0.4825579581266186,0.7763394462423588
0.4825579581266186,0.7765192376842862
0.4827139692346095,0.7765192376842862
0.4827139692346095,0.7766990291262136
0.48293238478579675,0.7766990291262136
0.48293238478579675,0.776878820568141
0.4830259914505913,0.776878820568141
0.4830259914505913,0.7770586120100683
0.48319760366938125,0.7770586120100683
0.48319760366938125,0.7772384034519957
0.48322880589097944,0.7772384034519957
0.48326000811257763,0.7772384034519957
0.4834004181097694,0.7772384034519957
0.4834316203313676,0.7772384034519957
0.48389965365534027,0.7772384034519957
0.48389965365534027,0.7775979863358504
0.4846797091952947,0.7775979863358504
0.4846797091952947,0.7777777777777778
0.48472651252769194,0.7777777777777778
0.48475771474929014,0.7777777777777778
0.48477331586008926,0.7777777777777778
0.4848045180816874,0.7777777777777778
0.4848045180816874,0.7779575692197052
0.48527255140566006,0.7779575692197052
0.48527255140566006,0.7781373606616325
0.4860838091672127,0.7781373606616325
0.4860994102780118,0.7783171521035599
0.4861618147212082,0.7783171521035599
0.4861618147212082,0.7784969435454873
0.4862554213860027,0.7784969435454873
0.4862554213860027,0.7786767349874146
0.48662984804518084,0.7786767349874146
0.48662984804518084,0.778856526429342
0.4870978813691535,0.778856526429342
0.4870978813691535,0.7790363178712694
0.4872382913663453,0.7790363178712694
0.4872382913663453,0.7792161093131967
0.48728509469874254,0.7792161093131967
0.48728509469874254,0.7793959007551241
0.4873318980311398,0.7793959007551241
0.4873318980311398,0.7795756921970515
0.4876595213579207,0.7795756921970515
0.4876595213579207,0.7797554836389787
0.4877843302443134,0.7797554836389787
0.4877843302443134,0.7799352750809061
0.48814315579269246,0.7799352750809061
0.4881743580142906,0.7799352750809061
0.48831476801148244,0.7799352750809061
0.4883459702330806,0.7799352750809061
0.488423975787076,0.7799352750809061
0.488423975787076,0.7801150665228335
0.4885019813410715,0.7801150665228335
0.48853318356266967,0.7801150665228335
0.4886111891166651,0.7801150665228335
0.48864239133826326,0.7801150665228335
0.4888140035570533,0.7801150665228335
0.4888140035570533,0.7802948579647608
0.4890480202190396,0.7802948579647608
0.4890480202190396,0.7804746494066882
0.48936004243502135,0.7804746494066882
0.48936004243502135,0.7806544408486156
0.48939124465661954,0.7806544408486156
0.48942244687821773,0.7806544408486156
0.48951605354301225,0.7806544408486156
0.48951605354301225,0.7808342322905429
0.48964086242940497,0.7808342322905429
0.48964086242940497,0.7810140237324703
0.48981247464819494,0.7810140237324703
0.48981247464819494,0.7811938151743977
0.49006209242098037,0.7811938151743977
0.49006209242098037,0.781373606616325
0.49035851352616305,0.781373606616325
0.49035851352616305,0.7815533980582524
0.4904365190801585,0.7815533980582524
0.4904365190801585,0.7817331895001798
0.49093575462572936,0.7817331895001798
0.49093575462572936,0.7819129809421071
0.4913101812849075,0.7819129809421071
0.4913101812849075,0.7820927723840345
0.49151299572529566,0.7820927723840345
0.49151299572529566,0.7822725638259619
0.49159100127929106,0.7822725638259619
0.49159100127929106,0.7824523552678893
0.4917158101656838,0.7824523552678893
0.4917158101656838,0.7826321467098166
0.4917314112764829,0.7826321467098166
0.49176261349808104,0.7826321467098166
0.492277450154451,0.7826321467098166
0.492277450154451,0.782811938151744
0.4926830790352273,0.782811938151744
0.4926830790352273,0.7829917295936714
0.4932291179131954,0.7829917295936714
0.4932291179131954,0.7831715210355987
0.49333832568878905,0.7831715210355987
0.49333832568878905,0.7833513124775261
0.49343193235358357,0.7833513124775261
0.49343193235358357,0.7835311039194535
0.49344753346438264,0.7835311039194535
0.49344753346438264,0.7838906868033082
0.4935255390183781,0.7838906868033082
0.4935255390183781,0.7840704782452356
0.4935879434615745,0.7840704782452356
0.4935879434615745,0.7842502696871629
0.49361914568317267,0.7842502696871629
0.49361914568317267,0.7844300611290903
0.49363474679397173,0.7844300611290903
0.4936659490155699,0.7844300611290903
0.493681550126369,0.7844300611290903
0.4937127523479672,0.7844300611290903
0.4937439545695654,0.7844300611290903
0.4937751567911635,0.7844300611290903
0.4938063590127617,0.7844300611290903
0.4938375612343599,0.7844300611290903
0.49430559455833256,0.7844300611290903
0.49430559455833256,0.7846098525710177
0.494383600112328,0.7846098525710177
0.494383600112328,0.7847896440129449
0.4946488189959125,0.7847896440129449
0.4946800212175107,0.7847896440129449
0.49528846453867514,0.7847896440129449
0.49528846453867514,0.7849694354548723
0.4953664700926706,0.7849694354548723
0.4953664700926706,0.7851492268967997
0.4955068800898624,0.7851492268967997
0.4955068800898624,0.785329018338727
0.4956316889762551,0.785329018338727
0.4956316889762551,0.7856886012225818
0.49580330119504507,0.7856886012225818
0.49583450341664326,0.7856886012225818
0.49602171674623236,0.7856886012225818
0.49602171674623236,0.7858683926645091
0.4962089300758214,0.7858683926645091
0.4962089300758214,0.7860481841064365
0.4962401322974196,0.7860481841064365
0.4962401322974196,0.7862279755483639
0.49638054229461137,0.7862279755483639
0.49641174451620956,0.7862279755483639
0.49641174451620956,0.7864077669902912
0.4964741489594059,0.7864077669902912
0.4964741489594059,0.7865875584322186
0.49686417672938316,0.7865875584322186
0.4968953789509813,0.7865875584322186
0.4969109800617804,0.7865875584322186
0.49694218228337855,0.7865875584322186
0.497020187837374,0.7865875584322186
0.4970513900589722,0.7865875584322186
0.4974726200505476,0.7865875584322186
0.4974726200505476,0.786767349874146
0.4976286311585385,0.786767349874146
0.4976286311585385,0.7869471413160734
0.49770663671253396,0.7869471413160734
0.49770663671253396,0.7871269327580007
0.49778464226652935,0.7871269327580007
0.49778464226652935,0.7873067241999281
0.49820587225810475,0.7873067241999281
0.49823707447970295,0.7873067241999281
0.49875191113607287,0.7873067241999281
0.49875191113607287,0.7874865156418555
0.49881431557926925,0.7874865156418555
0.49881431557926925,0.7876663070837828
0.49892352335486284,0.7876663070837828
0.49892352335486284,0.7878460985257102
0.49893912446566197,0.7880258899676376
0.4994383600112328,0.7880258899676376
0.4994383600112328,0.7882056814095649
0.49951636556522827,0.7882056814095649
0.49951636556522827,0.7883854728514923
0.4996099722300228,0.7883854728514923
0.4996099722300228,0.7885652642934197
0.49978158444881277,0.7885652642934197
0.49978158444881277,0.788745055735347
0.5000936066647945,0.788745055735347
0.5000936066647945,0.7889248471772744
0.5001092077755936,0.7889248471772744
0.5001404099971918,0.7889248471772744
0.50017161221879,0.7889248471772744
0.50017161221879,0.7891046386192018
0.5002964211051827,0.7891046386192018
0.5002964211051827,0.7892844300611291
0.5006864488751599,0.7892844300611291
0.5006864488751599,0.7894642215030565
0.5007956566507535,0.7894642215030565
0.5007956566507535,0.7896440129449838
0.5011388810883335,0.7896440129449838
0.5011388810883335,0.7898238043869111
0.5012480888639271,0.7898238043869111
0.5012480888639271,0.7900035958288385
0.501404099971918,0.7900035958288385
0.5014353021935162,0.7900035958288385
0.5014821055259134,0.7900035958288385
0.5015445099691098,0.7900035958288385
0.5018877344066898,0.7900035958288385
0.5018877344066898,0.7901833872707659
0.5022621610658679,0.7901833872707659
0.5022621610658679,0.7903631787126932
0.5023557677306624,0.7903631787126932
0.5023557677306624,0.7905429701546206
0.5026989921682424,0.7905429701546206
0.5026989921682424,0.790722761596548
0.5028394021654342,0.790722761596548
0.5028394021654342,0.7909025530384753
0.5031514243814159,0.7909025530384753
0.5031826266030142,0.7909025530384753
0.5032606321570096,0.7909025530384753
0.5032918343786078,0.7909025530384753
0.5034010421542013,0.7909025530384753
0.5034322443757996,0.7909025530384753
0.503510249929795,0.7909025530384753
0.5035414521513932,0.7909025530384753
0.5038222721457768,0.7909025530384753
0.5038222721457768,0.7910823444804027
0.5038378732565759,0.7910823444804027
0.5038378732565759,0.7912621359223301
0.5043371088021467,0.7912621359223301
0.5043371088021467,0.7914419273642574
0.5043527099129458,0.7914419273642574
0.5043527099129458,0.7916217188061848
0.504742737682923,0.7916217188061848
0.504742737682923,0.7918015102481122
0.5049299510125121,0.7918015102481122
0.5049299510125121,0.7919813016900396
0.5049611532341103,0.7919813016900396
0.5049611532341103,0.7921610931319669
0.5050235576773067,0.7921610931319669
0.5050235576773067,0.7923408845738943
0.5054135854472839,0.7923408845738943
0.5054135854472839,0.7925206760158217
0.5054291865580829,0.7925206760158217
0.5054291865580829,0.7928802588996764
0.5056007987768729,0.7928802588996764
0.5056007987768729,0.7930600503416038
0.5056788043308683,0.7930600503416038
0.5056788043308683,0.7932398417835311
0.5058192143280602,0.7932398417835311
0.5058192143280602,0.7934196332254585
0.5062716465412337,0.7934196332254585
0.5062716465412337,0.7935994246673859
0.5071765109675809,0.7935994246673859
0.5072077131891791,0.7935994246673859
0.5072545165215764,0.7935994246673859
0.5072545165215764,0.7939590075512406
0.5073481231863709,0.7939590075512406
0.5073481231863709,0.794138798993168
0.5078161565103435,0.794138798993168
0.5078161565103435,0.7943185904350953
0.5078317576211426,0.7943185904350953
0.5078317576211426,0.7944983818770227
0.507894162064339,0.7944983818770227
0.5079253642859372,0.7944983818770227
0.5080969765047272,0.7944983818770227
0.5080969765047272,0.79467817331895
0.5082061842803207,0.79467817331895
0.508237386501919,0.79467817331895
0.508767824269088,0.79467817331895
0.508767824269088,0.7948579647608773
0.5088146276014852,0.7948579647608773
0.5088146276014852,0.7950377562028047
0.509142250928266,0.7950377562028047
0.509142250928266,0.7952175476447321
0.5097662953602297,0.7952175476447321
0.5097974975818278,0.7952175476447321
0.5101095197978096,0.7952175476447321
0.5101407220194077,0.7952175476447321
0.5103279353489969,0.7952175476447321
0.510359137570595,0.7952175476447321
0.5103903397921932,0.7952175476447321
0.5103903397921932,0.7955771305285868
0.5106555586757777,0.7955771305285868
0.5106555586757777,0.7957569219705142
0.510889575337764,0.7957569219705142
0.5109207775593623,0.7957569219705142
0.5109519797809604,0.7957569219705142
0.5109831820025585,0.7957569219705142
0.5110143842241568,0.7957569219705142
0.5110143842241568,0.7959367134124415
0.5112015975537458,0.7959367134124415
0.5112484008861431,0.7959367134124415
0.5113264064401385,0.7959367134124415
0.5113264064401385,0.7961165048543689
0.5114356142157321,0.7961165048543689
0.5114356142157321,0.7962962962962963
0.5117008330993167,0.7962962962962963
0.5117320353209148,0.7962962962962963
0.5117632375425131,0.7962962962962963
0.5117944397641112,0.7962962962962963
0.5118256419857093,0.7962962962962963
0.5118724453181066,0.7962962962962963
0.512122063090892,0.7962962962962963
0.512122063090892,0.7964760877382236
0.5123092764204812,0.7964760877382236
0.5123092764204812,0.796655879180151
0.5127617086336547,0.796655879180151
0.5127617086336547,0.7968356706220784
0.5129021186308466,0.7968356706220784
0.5129021186308466,0.7970154620640058
0.5129333208524447,0.7970154620640058
0.5130425286280383,0.7970154620640058
0.5130425286280383,0.7971952535059331
0.5131361352928329,0.7971952535059331
0.5131361352928329,0.7973750449478605
0.5133857530656183,0.7973750449478605
0.5133857530656183,0.7975548363897879
0.5134169552872164,0.7975548363897879
0.5134481575088147,0.7975548363897879
0.5136041686168055,0.7975548363897879
0.5136041686168055,0.7977346278317152
0.5136977752816001,0.7977346278317152
0.5136977752816001,0.7979144192736426
0.5137289775031982,0.7979144192736426
0.5137601797247964,0.7979144192736426
0.5137757808355955,0.7979144192736426
0.5137757808355955,0.79809421071557
0.5143686230459609,0.79809421071557
0.5143686230459609,0.7982740021574973
0.5144154263783581,0.7982740021574973
0.5144154263783581,0.7984537935994247
0.5144466285999563,0.7984537935994247
0.5144466285999563,0.7986335850413521
0.5144622297107554,0.7986335850413521
0.5144622297107554,0.7988133764832794
0.514571437486349,0.7988133764832794
0.5146026397079472,0.7988133764832794
0.5147742519267372,0.7988133764832794
0.5147742519267372,0.7989931679252068
0.5150238696995226,0.7989931679252068
0.5150238696995226,0.7991729593671342
0.5153202908047053,0.7991729593671342
0.5153202908047053,0.7993527508090615
0.5153670941371026,0.7993527508090615
0.5153670941371026,0.7995325422509888
0.5155699085774907,0.7995325422509888
0.5155699085774907,0.7997123336929162
0.5157571219070798,0.7997123336929162
0.5157571219070798,0.7998921251348435
0.5161315485662579,0.7998921251348435
0.5161315485662579,0.8000719165767709
0.5164591718930388,0.8000719165767709
0.5164591718930388,0.8002517080186983
0.5167867952198196,0.8002517080186983
0.5168179974414179,0.8002517080186983
0.5168648007738151,0.8002517080186983
0.5168648007738151,0.8004314994606256
0.5175044463165778,0.8004314994606256
0.5175044463165778,0.800611290902553
0.517722861867765,0.800611290902553
0.517722861867765,0.8007910823444804
0.5178008674217605,0.8007910823444804
0.5178164685325595,0.8009708737864077
0.5178788729757559,0.8009708737864077
0.5178788729757559,0.8011506652283351
0.517894474086555,0.8011506652283351
0.517894474086555,0.8013304566702625
0.5179100751973541,0.8013304566702625
0.5179100751973541,0.8015102481121898
0.5179724796405504,0.8015102481121898
0.5179724796405504,0.8016900395541172
0.5184093107429248,0.8016900395541172
0.5184717151861212,0.8016900395541172
0.5185809229617149,0.8016900395541172
0.5185809229617149,0.802049622437972
0.5186433274049113,0.802049622437972
0.5186433274049113,0.8022294138798993
0.519298574058473,0.8022294138798993
0.519298574058473,0.8025889967637541
0.5194077818340666,0.8025889967637541
0.5194077818340666,0.8027687882056814
0.5194857873880621,0.8027687882056814
0.5194857873880621,0.8029485796476088
0.5195949951636557,0.8029485796476088
0.5196261973852538,0.8029485796476088
0.5198758151580393,0.8029485796476088
0.5198758151580393,0.8031283710895362
0.5202502418172174,0.8031283710895362
0.5202502418172174,0.8033081625314635
0.5202658429280165,0.8033081625314635
0.5202970451496146,0.8033081625314635
0.5203282473712129,0.8033081625314635
0.5203282473712129,0.8034879539733909
0.5203750507036101,0.8034879539733909
0.5203750507036101,0.8038475368572456
0.5204062529252083,0.8038475368572456
0.5204062529252083,0.804027328299173
0.5205778651439983,0.804027328299173
0.5205778651439983,0.8042071197411004
0.5206870729195918,0.8042071197411004
0.5206870729195918,0.8043869111830277
0.5208274829167837,0.8043869111830277
0.5208274829167837,0.804566702624955
0.52106149957877,0.804566702624955
0.52106149957877,0.8047464940668824
0.5211239040219664,0.8047464940668824
0.5211239040219664,0.8049262855088097
0.5212643140191582,0.8049262855088097
0.5212643140191582,0.8052858683926645
0.5212799151299573,0.8052858683926645
0.5212799151299573,0.8054656598345918
0.5213891229055508,0.8054656598345918
0.5214203251271491,0.8054656598345918
0.521591937345939,0.8054656598345918
0.521591937345939,0.8056454512765192
0.5216699428999345,0.8056454512765192
0.5217011451215327,0.8056454512765192
0.521935161783519,0.8056454512765192
0.5219663640051172,0.8056454512765192
0.5220599706699117,0.8056454512765192
0.5220911728915099,0.8056454512765192
0.5224031951074917,0.8056454512765192
0.5224031951074917,0.8058252427184466
0.523152048425848,0.8058252427184466
0.523152048425848,0.8061848256023013
0.523167649536647,0.8061848256023013
0.523167649536647,0.8063646170442287
0.5233548628662361,0.8063646170442287
0.5233548628662361,0.806544408486156
0.523510873974227,0.806544408486156
0.523510873974227,0.8067241999280834
0.5236200817498206,0.8067241999280834
0.5236200817498206,0.8069039913700108
0.5240257106305969,0.8069039913700108
0.5240257106305969,0.8070837828119382
0.5241973228493869,0.8070837828119382
0.5241973228493869,0.8072635742538655
0.5246029517301631,0.8072635742538655
0.5246029517301631,0.8074433656957929
0.5246965583949578,0.8074433656957929
0.5246965583949578,0.8076231571377203
0.5247277606165559,0.8076231571377203
0.5247745639489532,0.8076231571377203
0.5247745639489532,0.8078029485796476
0.5252269961621268,0.8078029485796476
0.5252269961621268,0.807982740021575
0.5252425972729259,0.807982740021575
0.5252425972729259,0.8081625314635024
0.5254610128241131,0.8081625314635024
0.5254610128241131,0.8085221143473571
0.5255234172673094,0.8085221143473571
0.5255234172673094,0.8087019057892845
0.5255390183781086,0.8087019057892845
0.5255390183781086,0.8088816972312118
0.5257106305968985,0.8088816972312118
0.5257106305968985,0.8090614886731392
0.5258354394832913,0.8090614886731392
0.5258354394832913,0.8092412801150666
0.5258978439264875,0.8092412801150666
0.5259290461480858,0.8092412801150666
0.5262566694748666,0.8092412801150666
0.5262566694748666,0.8094210715569938
0.5265374894692502,0.8094210715569938
0.5265374894692502,0.8096008629989212
0.5266310961340448,0.8096008629989212
0.5266310961340448,0.8097806544408486
0.5266466972448438,0.8097806544408486
0.5266466972448438,0.8099604458827759
0.5266622983556429,0.8099604458827759
0.5266622983556429,0.8101402373247033
0.5271927361228119,0.8101402373247033
0.5272239383444102,0.8101402373247033
0.5273175450092047,0.8101402373247033
0.5273487472308028,0.8101402373247033
0.527364348341602,0.8101402373247033
0.527364348341602,0.8103200287666307
0.5274111516739992,0.8103200287666307
0.5274267527847982,0.810499820208558
0.5279259883303691,0.810499820208558
0.5279259883303691,0.8106796116504854
0.5280195949951637,0.8106796116504854
0.5280195949951637,0.8110391945343401
0.52825361165715,0.8110391945343401
0.52825361165715,0.8112189859762675
0.5285500327623327,0.8112189859762675
0.5285500327623327,0.8113987774181949
0.5288932571999126,0.8113987774181949
0.5288932571999126,0.8115785688601223
0.528971262753908,0.8115785688601223
0.528971262753908,0.8117583603020496
0.5291740771942962,0.8117583603020496
0.5291740771942962,0.8121179431859044
0.5295797060750725,0.8121179431859044
0.5295797060750725,0.8122977346278317
0.5297981216262598,0.8122977346278317
0.529829323847858,0.8122977346278317
0.5301257449530407,0.8122977346278317
0.5301257449530407,0.8124775260697591
0.5303129582826297,0.8124775260697591
0.5303129582826297,0.8126573175116865
0.5309682049361915,0.8126573175116865
0.5309682049361915,0.8128371089536138
0.5311866204873787,0.8128371089536138
0.5311866204873787,0.8130169003955412
0.5312022215981778,0.8130169003955412
0.5312022215981778,0.8131966918374686
0.5316078504789541,0.8131966918374686
0.5316390527005522,0.8131966918374686
0.5318418671409404,0.8131966918374686
0.5318418671409404,0.8133764832793959
0.5320134793597304,0.8133764832793959
0.5320134793597304,0.8135562747213233
0.5322474960217167,0.8135562747213233
0.5322474960217167,0.8137360661632507
0.5323567037973104,0.8137360661632507
0.5323567037973104,0.813915857605178
0.5324503104621049,0.813915857605178
0.5324503104621049,0.8140956490471054
0.5327467315672876,0.8140956490471054
0.5327467315672876,0.8142754404890328
0.5329183437860776,0.8142754404890328
0.5329183437860776,0.81445523193096
0.5329495460076757,0.81445523193096
0.5329495460076757,0.8146350233728874
0.5334955848856439,0.8146350233728874
0.5334955848856439,0.8148148148148148
0.533526787107242,0.8148148148148148
0.533526787107242,0.8149946062567421
0.533698399326032,0.8149946062567421
0.533698399326032,0.8151743976986695
0.5337296015476302,0.8151743976986695
0.5340104215420138,0.8151743976986695
0.5340104215420138,0.8153541891405969
0.5342756404255983,0.8153541891405969
0.5343068426471965,0.8153541891405969
0.5346656681955755,0.8153541891405969
0.5346656681955755,0.8155339805825242
0.5346968704171737,0.8155339805825242
0.5347280726387719,0.8155339805825242
0.5349620893007582,0.8155339805825242
0.5349620893007582,0.8157137720244516
0.5350712970763518,0.8157137720244516
0.5350712970763518,0.815893563466379
0.5353209148491372,0.815893563466379
0.5353521170707355,0.815893563466379
0.5356953415083154,0.815893563466379
0.5356953415083154,0.8160733549083063
0.5358513526163062,0.8160733549083063
0.5358513526163062,0.8162531463502337
0.5359293581703017,0.8162531463502337
0.5359293581703017,0.8164329377921611
0.5359917626134981,0.8164329377921611
0.5359917626134981,0.8166127292340885
0.536319385940279,0.8166127292340885
0.536319385940279,0.8167925206760158
0.5363505881618771,0.8167925206760158
0.536678211488658,0.8167925206760158
0.536678211488658,0.8169723121179432
0.5369278292614434,0.8169723121179432
0.5369278292614434,0.8171521035598706
0.5370058348154388,0.8171521035598706
0.5370058348154388,0.8173318950017979
0.5375830759150051,0.8173318950017979
0.5375830759150051,0.8175116864437253
0.5383631314549596,0.8175116864437253
0.5383631314549596,0.8176914778856527
0.5385191425629505,0.8176914778856527
0.5385503447845487,0.8176914778856527
0.5387219570033387,0.8176914778856527
0.5387219570033387,0.81787126932758
0.5387999625573341,0.81787126932758
0.5388623670005305,0.81787126932758
0.5390183781085214,0.81787126932758
0.5390183781085214,0.8180510607695074
0.5392991981029049,0.8180510607695074
0.5393304003245031,0.8180510607695074
0.539486411432494,0.8180510607695074
0.5395176136540921,0.8180510607695074
0.5395800180972885,0.8180510607695074
0.5395800180972885,0.8182308522114348
0.539673624762083,0.8182308522114348
0.539673624762083,0.8184106436533621
0.5397828325376767,0.8184106436533621
0.5397828325376767,0.8185904350952895
0.5397984336484758,0.8185904350952895
0.5397984336484758,0.8187702265372169
0.540001248088864,0.8187702265372169
0.540001248088864,0.8189500179791442
0.5401104558644575,0.8189500179791442
0.5401104558644575,0.8191298094210716
0.540188461418453,0.8191298094210716
0.5402196636400511,0.8191298094210716
0.5411869325095947,0.8191298094210716
0.5411869325095947,0.8193096008629989
0.5414989547255764,0.8193096008629989
0.5415145558363755,0.8194893923049262
0.541592561390371,0.8194893923049262
0.5416237636119692,0.8194893923049262
0.5417797747199601,0.8194893923049262
0.5417797747199601,0.8196691837468536
0.5421854036007364,0.8196691837468536
0.5421854036007364,0.819848975188781
0.5426066335923118,0.819848975188781
0.5426066335923118,0.8200287666307083
0.5429498580298917,0.8200287666307083
0.54298106025149,0.8200287666307083
0.5431370713594807,0.8200287666307083
0.5431370713594807,0.8202085580726357
0.5432462791350744,0.8202085580726357
0.5432462791350744,0.8203883495145631
0.5433398857998689,0.8203883495145631
0.5433398857998689,0.8205681409564904
0.5434958969078598,0.8205681409564904
0.5434958969078598,0.8207479323984178
0.5435895035726543,0.8207479323984178
0.5435895035726543,0.8209277238403452
0.5438235202346408,0.8209277238403452
0.5438547224562389,0.8209277238403452
0.5439951324534307,0.8209277238403452
0.5439951324534307,0.8211075152822725
0.5441667446722207,0.8211075152822725
0.5441979468938188,0.8211075152822725
0.5442447502262161,0.8211075152822725
0.5442447502262161,0.8212873067241999
0.5444475646666043,0.8212873067241999
0.5444475646666043,0.8214670981661273
0.5444631657774034,0.8214670981661273
0.5444631657774034,0.8216468896080547
0.5446035757745952,0.8216468896080547
0.5446347779961933,0.8216468896080547
0.5449780024337733,0.8216468896080547
0.5449780024337733,0.821826681049982
0.5449936035445724,0.821826681049982
0.5449936035445724,0.8220064724919094
0.5450404068769696,0.8220064724919094
0.5450404068769696,0.8221862639338368
0.545102811320166,0.8221862639338368
0.545102811320166,0.8223660553757641
0.545118412430965,0.8223660553757641
0.545118412430965,0.8225458468176915
0.5453836313145496,0.8225458468176915
0.5453836313145496,0.8227256382596189
0.545804861306125,0.8227256382596189
0.545804861306125,0.8229054297015462
0.5465381135136822,0.8229054297015462
0.5465381135136822,0.8230852211434736
0.5465537146244812,0.8230852211434736
0.5465537146244812,0.823265012585401
0.546865736840463,0.823265012585401
0.546865736840463,0.8234448040273283
0.5469281412836594,0.8234448040273283
0.5469281412836594,0.8236245954692557
0.5475989890480202,0.8236245954692557
0.5476301912696184,0.8236245954692557
0.5476769946020157,0.8236245954692557
0.5476769946020157,0.8238043869111831
0.5478018034884083,0.8238043869111831
0.5478018034884083,0.8239841783531104
0.5478954101532029,0.8239841783531104
0.5479266123748011,0.8239841783531104
0.548425847920372,0.8239841783531104
0.548425847920372,0.8241639697950378
0.5485350556959655,0.8241639697950378
0.5485974601391619,0.8241639697950378
0.5485974601391619,0.8243437612369651
0.5488470779119473,0.8243437612369651
0.5488782801335456,0.8243437612369651
0.5489406845767418,0.8243437612369651
0.5489718867983401,0.8243437612369651
0.5490498923523355,0.8243437612369651
0.5490498923523355,0.8245235526788924
0.5493619145683173,0.8245235526788924
0.5493619145683173,0.8247033441208198
0.5494399201223127,0.8247033441208198
0.5494399201223127,0.8248831355627472
0.5494555212331118,0.8248831355627472
0.5494555212331118,0.8250629270046745
0.5495647290087055,0.8250629270046745
0.5495647290087055,0.8252427184466019
0.5496115323411027,0.8252427184466019
0.5496115323411027,0.8254225098885293
0.5497987456706918,0.8254225098885293
0.5497987456706918,0.8256023013304566
0.5501731723298698,0.8256023013304566
0.5502043745514681,0.8256023013304566
0.5503915878810571,0.8256023013304566
0.5503915878810571,0.825782092772384
0.5506256045430434,0.825782092772384
0.5506568067646417,0.825782092772384
0.5506568067646417,0.8259618842143114
0.550719211207838,0.8259618842143114
0.5507504134294362,0.8259618842143114
0.5508596212050298,0.8259618842143114
0.5508596212050298,0.8261416756562387
0.5509688289806234,0.8261416756562387
0.5510000312022216,0.8261416756562387
0.5511248400886143,0.8261416756562387
0.5511560423102125,0.8261416756562387
0.5513588567506006,0.8261416756562387
0.5513588567506006,0.8263214670981661
0.5515148678585915,0.8263214670981661
0.5515148678585915,0.8265012585400935
0.5516396767449843,0.8265012585400935
0.5516396767449843,0.8266810499820209
0.5518268900745733,0.8266810499820209
0.5518268900745733,0.8268608414239482
0.5520453056257606,0.8268608414239482
0.5520453056257606,0.8270406328658756
0.5521701145121533,0.8270406328658756
0.5522013167337514,0.8270406328658756
0.5527161533901214,0.8270406328658756
0.5527473556117195,0.8270406328658756
0.5529501700521077,0.8270406328658756
0.5529813722737059,0.8270406328658756
0.5531373833816968,0.8270406328658756
0.5531373833816968,0.827220424307803
0.5531997878248931,0.827220424307803
0.5532309900464913,0.827220424307803
0.5532465911572904,0.827220424307803
0.5532465911572904,0.8274002157497303
0.5534650067084776,0.8274002157497303
0.5534962089300758,0.8274002157497303
0.5534962089300758,0.8275800071916577
0.553699023370464,0.8275800071916577
0.5537302255920622,0.8275800071916577
0.5545102811320166,0.8275800071916577
0.5545102811320166,0.8277597986335851
0.5545258822428157,0.8277597986335851
0.5545258822428157,0.8279395900755124
0.5546350900184093,0.8279395900755124
0.5546350900184093,0.8281193815174398
0.554759898904802,0.8281193815174398
0.554759898904802,0.8282991729593672
0.5551343255639801,0.8282991729593672
0.5551343255639801,0.8284789644012945
0.5552279322287746,0.8284789644012945
0.5552279322287746,0.8286587558432219
0.5553215388935693,0.8286587558432219
0.5553527411151674,0.8286587558432219
0.5557115666635465,0.8286587558432219
0.5557115666635465,0.8288385472851493
0.55599238665793,0.8288385472851493
0.55599238665793,0.8290183387270766
0.5560547911011264,0.8290183387270766
0.5560547911011264,0.829198130169004
0.5562264033199164,0.829198130169004
0.5562264033199164,0.8293779216109313
0.5563980155387064,0.8293779216109313
0.5563980155387064,0.8295577130528586
0.5570220599706699,0.8295577130528586
0.5570220599706699,0.829737504494786
0.5571624699678617,0.829737504494786
0.5571624699678617,0.8299172959367134
0.5572248744110581,0.8299172959367134
0.5572560766326562,0.8299172959367134
0.5575056944054416,0.8299172959367134
0.5575056944054416,0.8300970873786407
0.5575368966270399,0.8300970873786407
0.5575368966270399,0.8302768788205681
0.5579893288402135,0.8302768788205681
0.5579893288402135,0.8304566702624955
0.5583949577209897,0.8304566702624955
0.5583949577209897,0.8306364617044228
0.5585821710505788,0.8306364617044228
0.5585821710505788,0.8308162531463502
0.558784985490967,0.8308162531463502
0.558784985490967,0.8309960445882776
0.5589253954881588,0.8309960445882776
0.5589253954881588,0.8313556274721323
0.5590034010421542,0.8313556274721323
0.5590346032637524,0.8313556274721323
0.5592374177041405,0.8313556274721323
0.5592998221473369,0.8313556274721323
0.5593934288121314,0.8313556274721323
0.5593934288121314,0.8315354189140597
0.5595182376985242,0.8315354189140597
0.5595182376985242,0.8317152103559871
0.5595338388093232,0.8317152103559871
0.5595338388093232,0.8318950017979144
0.5596430465849168,0.8318950017979144
0.5596430465849168,0.8320747932398418
0.5597522543605105,0.8320747932398418
0.5597522543605105,0.8322545846817692
0.5600018721332959,0.8322545846817692
0.5600018721332959,0.8324343761236965
0.5601110799088895,0.8324343761236965
0.5601110799088895,0.8326141675656239
0.5604855065680676,0.8326141675656239
0.5605167087896659,0.8326141675656239
0.5606571187868576,0.8326141675656239
0.5606571187868576,0.8327939590075513
0.5609223376704421,0.8327939590075513
0.5609535398920403,0.8327939590075513
0.5610315454460357,0.8327939590075513
0.561062747667634,0.8327939590075513
0.5611095510000312,0.8327939590075513
0.5611095510000312,0.8329737504494786
0.5614527754376112,0.8329737504494786
0.5614527754376112,0.833153541891406
0.5614995787700084,0.833153541891406
0.5614995787700084,0.8333333333333334
0.5615619832132048,0.8333333333333334
0.5615619832132048,0.8335131247752607
0.5618272020967893,0.8335131247752607
0.5618272020967893,0.8336929162171881
0.5618584043183875,0.8336929162171881
0.5618584043183875,0.8338727076591155
0.5620300165371774,0.8338727076591155
0.5620300165371774,0.8340524991010428
0.5621392243127711,0.8340524991010428
0.5621704265343692,0.8340524991010428
0.5625448531935474,0.8340524991010428
0.5625604543043464,0.8342322905429701
0.5627164654123373,0.8342322905429701
0.5627164654123373,0.8344120819848975
0.5627320665231365,0.8344120819848975
0.5627320665231365,0.8345918734268248
0.5629660831851228,0.8345918734268248
0.562997285406721,0.8345918734268248
0.5632313020687073,0.8345918734268248
0.5632313020687073,0.8347716648687522
0.5634341165090955,0.8347716648687522
0.5634341165090955,0.8349514563106796
0.5634497176198945,0.8349514563106796
0.5634497176198945,0.8351312477526069
0.5634809198414927,0.8351312477526069
0.5639333520546663,0.8351312477526069
0.5639333520546663,0.8353110391945343
0.5640425598302599,0.8353110391945343
0.5640737620518581,0.8353110391945343
0.5643077787138444,0.8353110391945343
0.5643077787138444,0.8354908306364617
0.5644013853786389,0.8354908306364617
0.5644013853786389,0.835670622078389
0.5644325876002372,0.835670622078389
0.5644637898218353,0.835670622078389
0.5646354020406253,0.835670622078389
0.5646666042622235,0.835670622078389
0.5647134075946207,0.835670622078389
0.5647134075946207,0.8358504135203164
0.5649942275890043,0.8358504135203164
0.5649942275890043,0.8360302049622438
0.5650722331429998,0.8360302049622438
0.5650722331429998,0.8362099964041712
0.5660395020125433,0.8362099964041712
0.5660707042341415,0.8362099964041712
0.5662267153421323,0.8362099964041712
0.5662267153421323,0.8363897878460985
0.5666479453337078,0.8363897878460985
0.5666479453337078,0.8365695792880259
0.5666635464445069,0.8365695792880259
0.5666635464445069,0.8367493707299533
0.5666791475553059,0.8367493707299533
0.5666791475553059,0.8369291621718806
0.5667103497769042,0.8369291621718806
0.5667415519985023,0.8369291621718806
0.5676152142032512,0.8369291621718806
0.5676152142032512,0.837108953613808
0.5676464164248495,0.837108953613808
0.5676464164248495,0.8372887450557354
0.5676776186464476,0.8372887450557354
0.5676776186464476,0.8374685364976627
0.5680520453056258,0.8374685364976627
0.5680520453056258,0.8376483279395901
0.568442073075603,0.8376483279395901
0.568442073075603,0.8378281193815175
0.5685512808511965,0.8378281193815175
0.5685824830727948,0.8378281193815175
0.5689881119535711,0.8378281193815175
0.5689881119535711,0.8380079108234448
0.5690817186183657,0.8380079108234448
0.5690817186183657,0.8381877022653722
0.5692533308371556,0.8381877022653722
0.5692533308371556,0.8383674937072996
0.5694405441667447,0.8383674937072996
0.5694717463883429,0.8383674937072996
0.5697681674935255,0.8383674937072996
0.5697681674935255,0.8385472851492269
0.5698305719367219,0.8385472851492269
0.5698305719367219,0.8387270765911543
0.5700489874879091,0.8387270765911543
0.5700489874879091,0.8389068680330817
0.5700957908203064,0.8389068680330817
0.5700957908203064,0.839086659475009
0.5702674030390964,0.839086659475009
0.5702674030390964,0.8392664509169363
0.5705794252550782,0.8392664509169363
0.5705794252550782,0.8394462423588637
0.5705950263658772,0.8394462423588637
0.5706574308090736,0.8394462423588637
0.5708914474710599,0.8394462423588637
0.5709226496926582,0.8394462423588637
0.5711254641330463,0.8394462423588637
0.5711566663546445,0.8394462423588637
0.5712658741302381,0.8394462423588637
0.5712658741302381,0.839626033800791
0.5713594807950326,0.839626033800791
0.5713594807950326,0.8398058252427184
0.5715310930138225,0.8398058252427184
0.5715310930138225,0.8399856166846458
0.5720927330025898,0.8399856166846458
0.5721239352241879,0.8399856166846458
0.5724515585509689,0.8399856166846458
0.5724515585509689,0.8401654081265731
0.5725295641049643,0.8401654081265731
0.5725295641049643,0.8405249910104279
0.5725607663265625,0.8405249910104279
0.5725919685481606,0.8405249910104279
0.573013198539736,0.8405249910104279
0.573013198539736,0.8407047824523552
0.5730287996505351,0.8407047824523552
0.5730287996505351,0.8408845738942826
0.5733252207557178,0.8408845738942826
0.5733252207557178,0.84106436533621
0.5734344285313114,0.84106436533621
0.5734344285313114,0.8412441567781374
0.573528035196106,0.8412441567781374
0.573528035196106,0.8414239482200647
0.5738400574120878,0.8414239482200647
0.5738712596336859,0.8414239482200647
0.5745109051764485,0.8414239482200647
0.5745421073980468,0.8414239482200647
0.5747449218384348,0.8414239482200647
0.5747761240600331,0.8414239482200647
0.5752597584948048,0.8414239482200647
0.5752597584948048,0.8416037396619921
0.5754001684919966,0.8416037396619921
0.5754001684919966,0.8417835311039195
0.5756965895971793,0.8417835311039195
0.5756965895971793,0.8421431139877742
0.5758057973727729,0.8421431139877742
0.5758057973727729,0.8425026968716289
0.5759150051483666,0.8425026968716289
0.5759150051483666,0.8426824883135563
0.5759618084807638,0.8426824883135563
0.5759618084807638,0.8428622797554837
0.5760242129239602,0.8428622797554837
0.5760242129239602,0.843042071197411
0.5763674373615402,0.843042071197411
0.5763674373615402,0.8432218626393384
0.5763830384723392,0.8432218626393384
0.5763830384723392,0.8434016540812658
0.5766638584667229,0.8434016540812658
0.5766638584667229,0.8435814455231931
0.5770070829043028,0.8435814455231931
0.5770070829043028,0.8437612369651205
0.5770382851259009,0.8437612369651205
0.5770538862367001,0.8439410284070479
0.5771162906798964,0.8439410284070479
0.5771162906798964,0.8441208198489751
0.5772410995662891,0.8441208198489751
0.5772410995662891,0.8443006112909025
0.5773035040094855,0.8443006112909025
0.5773347062310836,0.8443006112909025
0.5775063184498737,0.8443006112909025
0.5775063184498737,0.8444804027328299
0.5778963462198509,0.8444804027328299
0.5778963462198509,0.8446601941747572
0.5781927673250336,0.8446601941747572
0.5781927673250336,0.8448399856166846
0.578442385097819,0.8448399856166846
0.578442385097819,0.845019777058612
0.578629598427408,0.845019777058612
0.578629598427408,0.8451995685005393
0.5786451995382071,0.8451995685005393
0.5786451995382071,0.8453793599424667
0.5790040250865862,0.8453793599424667
0.5790040250865862,0.8455591513843941
0.5793004461917689,0.8455591513843941
0.579331648413367,0.8455591513843941
0.5793784517457643,0.8455591513843941
0.5794096539673624,0.8455591513843941
0.5795188617429561,0.8455591513843941
0.5795188617429561,0.8457389428263214
0.5797528784049424,0.8457389428263214
0.5797528784049424,0.8459187342682488
0.5798152828481388,0.8459187342682488
0.5798152828481388,0.8460985257101762
0.5800492995101251,0.8460985257101762
0.5800492995101251,0.8462783171521036
0.580189709507317,0.8462783171521036
0.580189709507317,0.8464581085940309
0.5802521139505132,0.8464581085940309
0.5802833161721115,0.8464581085940309
0.5802989172829105,0.8464581085940309
0.5802989172829105,0.8466379000359583
0.5807357483852851,0.8466379000359583
0.5807669506068832,0.8466379000359583
0.581422197260445,0.8466379000359583
0.581422197260445,0.8468176914778857
0.5816406128116322,0.8468176914778857
0.5816406128116322,0.846997482919813
0.5817030172548285,0.846997482919813
0.5817342194764267,0.846997482919813
0.5818902305844176,0.846997482919813
0.5819214328060158,0.846997482919813
0.5819370339168148,0.846997482919813
0.5819370339168148,0.8471772743617404
0.5820306405816094,0.8471772743617404
0.5820618428032076,0.8471772743617404
0.5823738650191894,0.8471772743617404
0.5824050672407876,0.8471772743617404
0.5825766794595775,0.8471772743617404
0.5825766794595775,0.8473570658036678
0.5827326905675684,0.8473570658036678
0.5827638927891666,0.8473570658036678
0.5829043027863584,0.8473570658036678
0.5829355050079565,0.8473570658036678
0.5832475272239384,0.8473570658036678
0.5832787294455365,0.8473570658036678
0.5836531561047147,0.8473570658036678
0.5836531561047147,0.8475368572455951
0.5839963805422946,0.8475368572455951
0.5839963805422946,0.8477166486875225
0.58407438609629,0.8477166486875225
0.5841055883178883,0.8477166486875225
0.5842615994258791,0.8477166486875225
0.5842615994258791,0.8478964401294499
0.5845580205310618,0.8478964401294499
0.5845580205310618,0.8480762315713772
0.5848232394146463,0.8480762315713772
0.5848232394146463,0.8482560230133046
0.5848544416362444,0.8482560230133046
0.5848544416362444,0.848435814455232
0.5849168460794408,0.848435814455232
0.5849480483010391,0.848435814455232
0.5849480483010391,0.8486156058971593
0.5852132671846235,0.8486156058971593
0.5852132671846235,0.8487953973390867
0.5854784860682081,0.8487953973390867
0.5854784860682081,0.8489751887810141
0.5856969016193952,0.8489751887810141
0.5856969016193952,0.8491549802229413
0.5857437049517926,0.8491549802229413
0.5857437049517926,0.8493347716648687
0.5858685138381853,0.8493347716648687
0.5858997160597834,0.8493347716648687
0.5862429404973634,0.8493347716648687
0.5862429404973634,0.8495145631067961
0.586539361602546,0.8495145631067961
0.5865705638241443,0.8495145631067961
0.5868981871509251,0.8495145631067961
0.5868981871509251,0.8496943545487234
0.5870697993697152,0.8496943545487234
0.5870697993697152,0.8498741459906508
0.5873194171425006,0.8498741459906508
0.5873506193640987,0.8498741459906508
0.5873662204748978,0.8498741459906508
0.587397422696496,0.8498741459906508
0.5878966582420668,0.8498741459906508
0.5878966582420668,0.8500539374325782
0.5881930793472495,0.8500539374325782
0.5882242815688477,0.8500539374325782
0.5885987082280258,0.8500539374325782
0.588629910449624,0.8500539374325782
0.5891291459951948,0.8500539374325782
0.5891603482167931,0.8500539374325782
0.5892383537707885,0.8500539374325782
0.5892695559923866,0.8500539374325782
0.5894879715435739,0.8500539374325782
0.589519173765172,0.8500539374325782
0.5895503759867703,0.8500539374325782
0.5895503759867703,0.8502337288745055
0.5897219882055602,0.8502337288745055
0.5897531904271585,0.8502337288745055
0.5902992293051266,0.8502337288745055
0.5902992293051266,0.8504135203164329
0.5904864426347156,0.8504135203164329
0.5905176448563138,0.8504135203164329
0.5905800492995101,0.8504135203164329
0.5905800492995101,0.8505933117583603
0.5908608692938937,0.8505933117583603
0.5908608692938937,0.8507731032002877
0.5909544759586882,0.8507731032002877
0.5909856781802865,0.8507731032002877
0.5913445037286654,0.8507731032002877
0.5913757059502637,0.8507731032002877
0.5916565259446472,0.8507731032002877
0.5916565259446472,0.850952894642215
0.5920153514930263,0.850952894642215
0.5920309526038254,0.8511326860841424
0.5922337670442136,0.8511326860841424
0.5922337670442136,0.8513124775260698
0.5924365814846017,0.8513124775260698
0.5924365814846017,0.8514922689679971
0.5929670192517708,0.8514922689679971
0.5929982214733689,0.8514922689679971
0.5932478392461543,0.8514922689679971
0.5932478392461543,0.8516720604099245
0.5936066647945334,0.8516720604099245
0.5936066647945334,0.8518518518518519
0.5942931136696933,0.8518518518518519
0.5943243158912914,0.8518518518518519
0.5944803269992823,0.8518518518518519
0.5944803269992823,0.8520316432937792
0.594589534774876,0.8520316432937792
0.594589534774876,0.8522114347357066
0.5947143436612686,0.8522114347357066
0.5947455458828669,0.8522114347357066
0.5951823769852413,0.8522114347357066
0.5951823769852413,0.852391226177634
0.5954163936472276,0.852391226177634
0.5954163936472276,0.8525710176195613
0.5955256014228213,0.8525710176195613
0.5955256014228213,0.8527508090614887
0.5956192080876158,0.8527508090614887
0.5956504103092141,0.8527508090614887
0.5956972136416113,0.8527508090614887
0.5956972136416113,0.8529306005034161
0.5962744547411776,0.8529306005034161
0.5963056569627757,0.8529306005034161
0.5963992636275702,0.8529306005034161
0.5963992636275702,0.8531103919453434
0.5964772691815657,0.8531103919453434
0.5964772691815657,0.8532901833872708
0.5966176791787575,0.8532901833872708
0.5966488814003557,0.8532901833872708
0.5968828980623421,0.8532901833872708
0.5968828980623421,0.8534699748291982
0.5969609036163375,0.8534699748291982
0.5969609036163375,0.8536497662711255
0.5971325158351275,0.8536497662711255
0.5971325158351275,0.8538295577130529
0.5971793191675248,0.8538295577130529
0.5971793191675248,0.8540093491549802
0.5972729258323193,0.8540093491549802
0.5972729258323193,0.8541891405969075
0.5973197291647165,0.8541891405969075
0.5973197291647165,0.8543689320388349
0.5975381447159037,0.8543689320388349
0.597569346937502,0.8543689320388349
0.5977409591562919,0.8543689320388349
0.5977409591562919,0.8545487234807623
0.5979125713750819,0.8545487234807623
0.5979125713750819,0.8547285149226896
0.5986614246934382,0.8547285149226896
0.5986770258042373,0.854908306364617
0.5987394302474336,0.854908306364617
0.5987706324690318,0.854908306364617
0.5990670535742145,0.854908306364617
0.5990670535742145,0.8550880978065444
0.5998159068925708,0.8550880978065444
0.5998159068925708,0.8552678892484717
0.5999407157789635,0.8552678892484717
0.5999407157789635,0.8554476806903991
0.6000655246653561,0.8554476806903991
0.6000655246653561,0.8556274721323265
0.6001279291085525,0.8556274721323265
0.6001279291085525,0.8558072635742539
0.600205934662548,0.8558072635742539
0.600205934662548,0.8559870550161812
0.6007987768729134,0.8559870550161812
0.6007987768729134,0.8561668464581086
0.6008455802053106,0.8561668464581086
0.6008455802053106,0.856346637900036
0.6010951979780961,0.856346637900036
0.6011264001996942,0.856346637900036
0.6012044057536896,0.856346637900036
0.6012044057536896,0.8567062207838907
0.6015632313020687,0.8567062207838907
0.6015632313020687,0.8568860122258181
0.6017192424100596,0.8568860122258181
0.6017504446316577,0.8568860122258181
0.6020156635152423,0.8568860122258181
0.6020156635152423,0.8570658036677454
0.6023432868420232,0.8570658036677454
0.6023432868420232,0.8572455951096728
0.6023588879528222,0.8572455951096728
0.6023588879528222,0.8574253865516002
0.6027333146120004,0.8574253865516002
0.6027645168335986,0.8574253865516002
0.6028113201659958,0.8574253865516002
0.6028269212767949,0.8576051779935275
0.6034509657087584,0.8576051779935275
0.6034665668195576,0.8577849694354549
0.6035133701519548,0.8577849694354549
0.6035133701519548,0.8579647608773823
0.603528971262754,0.8579647608773823
0.6035601734843521,0.8579647608773823
0.6036069768167494,0.8579647608773823
0.6036069768167494,0.8581445523193096
0.6039658023651284,0.8581445523193096
0.6039658023651284,0.858324343761237
0.6040750101407221,0.858324343761237
0.6041062123623202,0.858324343761237
0.6044494367999002,0.858324343761237
0.6044494367999002,0.8585041352031644
0.6045274423538955,0.8585041352031644
0.6045274423538955,0.8586839266450917
0.6045898467970919,0.8586839266450917
0.6045898467970919,0.8588637180870191
0.6051514867858592,0.8588637180870191
0.6051826890074573,0.8588637180870191
0.6051826890074573,0.8590435095289464
0.6051982901182564,0.8590435095289464
0.6052294923398546,0.8590435095289464
0.6052294923398546,0.8592233009708737
0.6054167056694436,0.8592233009708737
0.6054167056694436,0.8595828838547285
0.605463509001841,0.8595828838547285
0.6054947112234391,0.8595828838547285
0.6056195201098318,0.8595828838547285
0.6056195201098318,0.8597626752966558
0.6056819245530282,0.8597626752966558
0.6056819245530282,0.8599424667385832
0.6057911323286218,0.8599424667385832
0.6057911323286218,0.8601222581805106
0.6059783456582108,0.8601222581805106
0.6059783456582108,0.860302049622438
0.60599394676901,0.860302049622438
0.60599394676901,0.8604818410643653
0.606352772317389,0.8604818410643653
0.606352772317389,0.8606616325062927
0.6073044400761334,0.8606616325062927
0.6073356422977316,0.8606616325062927
0.6077724734001061,0.8606616325062927
0.6077724734001061,0.86084142394822
0.6077880745109052,0.86084142394822
0.6078192767325034,0.86084142394822
0.6084277200536679,0.86084142394822
0.6084277200536679,0.8610212153901474
0.6085525289400605,0.8610212153901474
0.6085525289400605,0.8612010068320748
0.6086773378264533,0.8612010068320748
0.6087085400480514,0.8612010068320748
0.6093637867016132,0.8612010068320748
0.6093949889232113,0.8612010068320748
0.609691410028394,0.8612010068320748
0.609691410028394,0.8613807982740022
0.6098474211363849,0.8613807982740022
0.6098474211363849,0.8615605897159295
0.609878623357983,0.8615605897159295
0.6099098255795813,0.8615605897159295
0.6103310555711566,0.8615605897159295
0.6103310555711566,0.8617403811578569
0.6107522855627321,0.8617403811578569
0.6107522855627321,0.8619201725997843
0.6110175044463165,0.8619201725997843
0.6110175044463165,0.8620999640417116
0.6129676432962027,0.8620999640417116
0.6129676432962027,0.862279755483639
0.6133888732877781,0.862279755483639
0.6133888732877781,0.8624595469255664
0.6134044743985771,0.8624595469255664
0.6134356766201754,0.8624595469255664
0.6134824799525727,0.8624595469255664
0.6135136821741708,0.8624595469255664
0.6136228899497644,0.8624595469255664
0.6136228899497644,0.8626393383674937
0.6137476988361571,0.8626393383674937
0.6137476988361571,0.8628191298094211
0.6138413055009516,0.8628191298094211
0.6138413055009516,0.8629989212513485
0.6141377266061343,0.8629989212513485
0.6141377266061343,0.8631787126932758
0.6142781366033262,0.8631787126932758
0.6143093388249243,0.8631787126932758
0.6145901588193079,0.8631787126932758
0.6145901588193079,0.8633585041352032
0.615120596586477,0.8633585041352032
0.615120596586477,0.8635382955771306
0.6154326188024587,0.8635382955771306
0.6154326188024587,0.863718087019058
0.615479422134856,0.863718087019058
0.615479422134856,0.8638978784609852
0.6156666354644451,0.8638978784609852
0.6156666354644451,0.8640776699029126
0.6157134387968424,0.8640776699029126
0.6157134387968424,0.8642574613448399
0.6159006521264314,0.8642574613448399
0.6159318543480296,0.8642574613448399
0.6160722643452213,0.8642574613448399
0.6160722643452213,0.8644372527867673
0.6162126743424132,0.8644372527867673
0.6162126743424132,0.8646170442286947
0.6162282754532122,0.8646170442286947
0.6162594776748105,0.8646170442286947
0.6166807076663858,0.8646170442286947
0.6166807076663858,0.864796835670622
0.6169303254391713,0.864796835670622
0.6169615276607694,0.864796835670622
0.6171799432119567,0.864796835670622
0.6172111454335548,0.864796835670622
0.617413959873943,0.864796835670622
0.617413959873943,0.8649766271125494
0.6176011732035321,0.8649766271125494
0.6176011732035321,0.8653362099964041
0.6178195887547193,0.8653362099964041
0.6178195887547193,0.8655160014383315
0.6180224031951075,0.8655160014383315
0.6180224031951075,0.8656957928802589
0.6181316109707011,0.8656957928802589
0.6181784143030984,0.8656957928802589
0.6183188243002902,0.8656957928802589
0.6183188243002902,0.8658755843221863
0.6184904365190802,0.8658755843221863
0.6184904365190802,0.866235167206041
0.618989672064651,0.866235167206041
0.618989672064651,0.8664149586479684
0.6191768853942401,0.8664149586479684
0.6191768853942401,0.8665947500898957
0.6196137164966146,0.8665947500898957
0.6196449187182127,0.8665947500898957
0.6201441542637836,0.8665947500898957
0.6201441542637836,0.8667745415318231
0.6203001653717745,0.8667745415318231
0.6203001653717745,0.8669543329737505
0.620393772036569,0.8669543329737505
0.620393772036569,0.8671341244156778
0.6209554120253362,0.8671341244156778
0.6209554120253362,0.8674937072995326
0.6214702486817061,0.8674937072995326
0.6214702486817061,0.8676734987414599
0.6218758775624824,0.8676734987414599
0.6218758775624824,0.8678532901833873
0.622141096446067,0.8678532901833873
0.622141096446067,0.8680330816253147
0.6222815064432587,0.8680330816253147
0.6222815064432587,0.8683926645091694
0.6225467253268433,0.8683926645091694
0.6225779275484414,0.8683926645091694
0.622671534213236,0.8683926645091694
0.622671534213236,0.8685724559510968
0.6230459608724142,0.8685724559510968
0.6230459608724142,0.8687522473930241
0.6232175730912041,0.8687522473930241
0.6232175730912041,0.8689320388349514
0.6232643764236013,0.8689320388349514
0.6232643764236013,0.8691118302768788
0.623373584199195,0.8691118302768788
0.6234047864207931,0.8691118302768788
0.623560797528784,0.8691118302768788
0.6235919997503823,0.8691118302768788
0.6238104153015694,0.8691118302768788
0.6238104153015694,0.8692916217188061
0.6240600330743549,0.8692916217188061
0.6240912352959531,0.8692916217188061
0.6242004430715467,0.8692916217188061
0.6242316452931449,0.8692916217188061
0.6243876564011358,0.8692916217188061
0.6243876564011358,0.8694714131607335
0.6247152797279166,0.8694714131607335
0.6247464819495148,0.8694714131607335
0.6249024930575057,0.8694714131607335
0.6249024930575057,0.8696512046026609
0.6249492963899029,0.8696512046026609
0.6249492963899029,0.8700107874865156
0.6250741052762957,0.8700107874865156
0.6251053074978938,0.8700107874865156
0.6255109363786702,0.8700107874865156
0.6255421386002683,0.8700107874865156
0.6256357452650628,0.8700107874865156
0.6256357452650628,0.870190578928443
0.6257137508190583,0.870190578928443
0.6257137508190583,0.8703703703703703
0.6260257730350401,0.8703703703703703
0.6260257730350401,0.8705501618122977
0.6260569752566383,0.8705501618122977
0.6261037785890355,0.8705501618122977
0.6261037785890355,0.8707299532542251
0.6264626041374146,0.8707299532542251
0.6264938063590128,0.8707299532542251
0.6266030141346064,0.8707299532542251
0.6266030141346064,0.8709097446961525
0.6268370307965927,0.8709097446961525
0.6268370307965927,0.8710895361380798
0.6269618396829855,0.8710895361380798
0.6269930419045836,0.8710895361380798
0.6270398452369809,0.8710895361380798
0.627071047458579,0.8710895361380798
0.6273362663421636,0.8710895361380798
0.6273362663421636,0.8712693275800072
0.6275702830041499,0.8712693275800072
0.6275702830041499,0.8716289104638619
0.6276014852257481,0.8716289104638619
0.6276014852257481,0.8718087019057893
0.6277418952229399,0.8718087019057893
0.627773097444538,0.8718087019057893
0.6280227152173234,0.8718087019057893
0.6280227152173234,0.8719884933477167
0.6283035352117071,0.8719884933477167
0.6283035352117071,0.8723480762315714
0.6293800118568442,0.8723480762315714
0.6294112140784424,0.8723480762315714
0.6294424163000406,0.8723480762315714
0.6294424163000406,0.8725278676734988
0.6296608318512278,0.8725278676734988
0.6296608318512278,0.8727076591154261
0.629692034072826,0.8727076591154261
0.6297232362944242,0.8727076591154261
0.6302068707291959,0.8727076591154261
0.6302068707291959,0.8728874505573535
0.6308309151611595,0.8728874505573535
0.6308309151611595,0.8730672419992809
0.6321414084682829,0.8730672419992809
0.6321414084682829,0.8732470334412082
0.632328621797872,0.8732470334412082
0.632328621797872,0.8734268248831356
0.6324690317950639,0.8734268248831356
0.632500234016662,0.8734268248831356
0.6327342506786483,0.8734268248831356
0.6327654529002465,0.8734268248831356
0.6329214640082373,0.8734268248831356
0.6329370651190365,0.873606616325063
0.6329838684514337,0.873606616325063
0.6330150706730319,0.873606616325063
0.633030671783831,0.873606616325063
0.633030671783831,0.8737864077669902
0.6332646884458173,0.8737864077669902
0.6332646884458173,0.8739661992089176
0.6333738962214109,0.8739661992089176
0.6334050984430092,0.8739661992089176
0.6335143062186027,0.8739661992089176
0.633545508440201,0.8739661992089176
0.6343879684233518,0.8739661992089176
0.6344191706449499,0.8739661992089176
0.6344659739773472,0.8739661992089176
0.6344971761989454,0.8739661992089176
0.634777996193329,0.8739661992089176
0.634777996193329,0.874145990650845
0.635136821741708,0.874145990650845
0.6351680239633062,0.874145990650845
0.6351992261849043,0.874145990650845
0.6351992261849043,0.8743257820927723
0.6354176417360916,0.8743257820927723
0.6354176417360916,0.8745055735346997
0.6355892539548816,0.8745055735346997
0.6355892539548816,0.8746853649766271
0.6361196917220506,0.8746853649766271
0.6361196917220506,0.8748651564185544
0.6363849106056351,0.8748651564185544
0.6363849106056351,0.8750449478604818
0.6364941183812287,0.8750449478604818
0.6364941183812287,0.8752247393024092
0.6366657306000187,0.8752247393024092
0.6366969328216169,0.8752247393024092
0.6367593372648133,0.8752247393024092
0.6367905394864114,0.8752247393024092
0.6371181628131923,0.8752247393024092
0.6371493650347905,0.8752247393024092
0.6373053761427814,0.8752247393024092
0.6373053761427814,0.8754045307443366
0.6375861961371649,0.8754045307443366
0.6375861961371649,0.8755843221862639
0.6376798028019595,0.8755843221862639
0.6376798028019595,0.8757641136281913
0.6377266061343567,0.8757641136281913
0.6377266061343567,0.8759439050701187
0.6378202127991514,0.8759439050701187
0.6378358139099504,0.876123696512046
0.6379606227963431,0.876123696512046
0.6379606227963431,0.8763034879539734
0.6380698305719367,0.8763034879539734
0.6380698305719367,0.8764832793959008
0.6380854316827358,0.8764832793959008
0.638116633904334,0.8764832793959008
0.6384442572311149,0.8764832793959008
0.6384442572311149,0.8766630708378281
0.638475459452713,0.8766630708378281
0.6385066616743112,0.8766630708378281
0.6386002683391058,0.8766630708378281
0.6386002683391058,0.8768428622797555
0.6386314705607039,0.8768428622797555
0.6386314705607039,0.8770226537216829
0.6389122905550875,0.8770226537216829
0.6389434927766857,0.8770226537216829
0.6394115261006583,0.8770226537216829
0.6394427283222566,0.8770226537216829
0.6400667727542201,0.8770226537216829
0.6400823738650192,0.8772024451636102
0.6402851883054074,0.8772024451636102
0.6402851883054074,0.8773822366055376
0.6404411994133983,0.8773822366055376
0.6404411994133983,0.877562028047465
0.6404724016349964,0.877562028047465
0.6405036038565945,0.877562028047465
0.6405192049673937,0.877562028047465
0.6405192049673937,0.8777418194893923
0.6405816094105901,0.8777418194893923
0.6406440138537864,0.8777418194893923
0.6408624294049736,0.8777418194893923
0.6408780305157727,0.8779216109313197
0.6410964460669599,0.8779216109313197
0.6411276482885582,0.8779216109313197
0.6411276482885582,0.8781014023732471
0.641626883834129,0.8781014023732471
0.6416580860557272,0.8781014023732471
0.6417360916097226,0.8781014023732471
0.6417360916097226,0.8782811938151744
0.6418140971637181,0.8782811938151744
0.6418140971637181,0.8786407766990292
0.6422041249336953,0.8786407766990292
0.6422041249336953,0.8788205681409564
0.6423913382632843,0.8788205681409564
0.6424225404848826,0.8788205681409564
0.6424381415956816,0.8788205681409564
0.6424381415956816,0.8790003595828838
0.6427189615900653,0.8790003595828838
0.6427189615900653,0.8791801510248112
0.6429685793628507,0.8791801510248112
0.6429997815844488,0.8791801510248112
0.643202596024837,0.8791801510248112
0.643202596024837,0.8793599424667385
0.6432806015788324,0.8793599424667385
0.6432806015788324,0.8795397339086659
0.6433118038004306,0.8795397339086659
0.6433430060220288,0.8795397339086659
0.6434678149084215,0.8795397339086659
0.6434678149084215,0.8797195253505933
0.643561421573216,0.8797195253505933
0.643561421573216,0.8798993167925206
0.6439670504539923,0.8798993167925206
0.6439670504539923,0.880079108234448
0.6440450560079878,0.880079108234448
0.6440762582295859,0.880079108234448
0.6444506848887641,0.880079108234448
0.6444506848887641,0.8802588996763754
0.6445442915535586,0.8802588996763754
0.6445442915535586,0.8804386911183028
0.6447627071047458,0.8804386911183028
0.6447627071047458,0.8806184825602301
0.6454023526475084,0.8806184825602301
0.6454023526475084,0.8807982740021575
0.6454959593123031,0.8807982740021575
0.6455271615339012,0.8807982740021575
0.6456207681986957,0.8807982740021575
0.6456207681986957,0.8809780654440849
0.6456987737526912,0.8809780654440849
0.6456987737526912,0.8811578568860122
0.6459639926362757,0.8811578568860122
0.6459639926362757,0.8813376483279396
0.6460419981902712,0.8813376483279396
0.6460888015226685,0.8813376483279396
0.6461668070766639,0.8813376483279396
0.646198009298262,0.8813376483279396
0.6462448126306592,0.8813376483279396
0.6462448126306592,0.881517439769867
0.6471028737246092,0.881517439769867
0.6471340759462074,0.881517439769867
0.6471964803894037,0.881517439769867
0.6471964803894037,0.8816972312117943
0.6473836937189928,0.8816972312117943
0.647414895940591,0.8816972312117943
0.6478049237105682,0.8816972312117943
0.6478049237105682,0.8818770226537217
0.6478985303753627,0.8818770226537217
0.6479141314861618,0.8820568140956491
0.6479297325969609,0.8820568140956491
0.6479609348185591,0.8820568140956491
0.6479921370401572,0.8820568140956491
0.6480233392617555,0.8820568140956491
0.6480857437049518,0.8820568140956491
0.64811694592655,0.8820568140956491
0.6485225748073263,0.8820568140956491
0.6485537770289245,0.8820568140956491
0.6488970014665044,0.8820568140956491
0.6489126025773035,0.8822366055375764
0.6490686136852943,0.8822366055375764
0.6490686136852943,0.8824163969795038
0.6490998159068926,0.8824163969795038
0.6492714281256825,0.8824163969795038
0.6492714281256825,0.8825961884214312
0.6493338325688789,0.8825961884214312
0.6493338325688789,0.8827759798633585
0.649349433679678,0.8827759798633585
0.649349433679678,0.8829557713052859
0.6494742425660707,0.8829557713052859
0.6494742425660707,0.8831355627472133
0.6495054447876689,0.8831355627472133
0.649536647009267,0.8831355627472133
0.649536647009267,0.8833153541891406
0.6497238603388561,0.8833153541891406
0.6497238603388561,0.883495145631068
0.6497550625604543,0.883495145631068
0.6497862647820525,0.883495145631068
0.6501138881088333,0.883495145631068
0.6501138881088333,0.8836749370729953
0.6501762925520297,0.8836749370729953
0.6502074947736279,0.8836749370729953
0.6503011014384225,0.8836749370729953
0.6503011014384225,0.8838547285149226
0.6504415114356142,0.8838547285149226
0.6504727136572124,0.8838547285149226
0.6506287247652033,0.8838547285149226
0.6506599269868014,0.8838547285149226
0.6508003369839933,0.8838547285149226
0.6508003369839933,0.88403451995685
0.6512215669755687,0.88403451995685
0.6512215669755687,0.8842143113987774
0.6512371680863678,0.8842143113987774
0.6512371680863678,0.8843941028407047
0.6512683703079659,0.8843941028407047
0.651299572529564,0.8843941028407047
0.6519392180723268,0.8843941028407047
0.6519392180723268,0.8845738942826321
0.6524384536178975,0.8845738942826321
0.6524384536178975,0.8847536857245595
0.6524540547286967,0.8847536857245595
0.6524852569502949,0.8847536857245595
0.652516459171893,0.8847536857245595
0.652516459171893,0.8849334771664868
0.6529064869418703,0.8849334771664868
0.6529376891634684,0.8849334771664868
0.6532497113794502,0.8849334771664868
0.6532809136010483,0.8849334771664868
0.6533433180442447,0.8849334771664868
0.6533433180442447,0.8851132686084142
0.6533589191550438,0.8851132686084142
0.653390121376642,0.8851132686084142
0.6534057224874411,0.8851132686084142
0.6534057224874411,0.8852930600503416
0.6534525258198384,0.8852930600503416
0.6534525258198384,0.885472851492269
0.6535149302630348,0.885472851492269
0.6535461324846329,0.885472851492269
0.6537177447034229,0.885472851492269
0.6537177447034229,0.8856526429341963
0.6545290024649755,0.8856526429341963
0.6545290024649755,0.8858324343761237
0.6545602046865737,0.8858324343761237
0.6545758057973727,0.8858324343761237
0.6545758057973727,0.8860122258180511
0.65462260912977,0.8860122258180511
0.6546538113513682,0.8860122258180511
0.6546694124621673,0.8861920172599784
0.6547162157945646,0.8861920172599784
0.6547162157945646,0.8863718087019058
0.6548098224593591,0.8863718087019058
0.6548098224593591,0.8865516001438332
0.6551842491185372,0.8865516001438332
0.6552154513401354,0.8865516001438332
0.655324659115729,0.8865516001438332
0.655324659115729,0.8867313915857605
0.6554494680021218,0.8867313915857605
0.6554806702237199,0.8867313915857605
0.655496271334519,0.8867313915857605
0.655496271334519,0.8869111830276879
0.65565228244251,0.8869111830276879
0.65565228244251,0.8870909744696153
0.655839495772099,0.8870909744696153
0.6558706979936971,0.8870909744696153
0.6559175013260944,0.8870909744696153
0.6559175013260944,0.8872707659115426
0.6562763268744735,0.8872707659115426
0.6562763268744735,0.88745055735347
0.6563855346500671,0.88745055735347
0.6563855346500671,0.8876303487953974
0.6564323379824644,0.8876303487953974
0.6564635402040625,0.8876303487953974
0.656557146868857,0.8876303487953974
0.656557146868857,0.8878101402373247
0.6569315735280352,0.8878101402373247
0.6569315735280352,0.8879899316792521
0.6570407813036289,0.8879899316792521
0.6570407813036289,0.8881697231211795
0.6571967924116197,0.8881697231211795
0.6571967924116197,0.8883495145631068
0.657243595744017,0.8883495145631068
0.657243595744017,0.8885293060050342
0.6573060001872133,0.8885293060050342
0.6573372024088115,0.8885293060050342
0.6574620112952042,0.8885293060050342
0.6574620112952042,0.8887090974469615
0.6583356734999531,0.8887090974469615
0.6583356734999531,0.8888888888888888
0.6583512746107523,0.8888888888888888
0.6583512746107523,0.8890686803308162
0.658476083497145,0.8890686803308162
0.658476083497145,0.8894282632146709
0.6585228868295423,0.8894282632146709
0.6585228868295423,0.8896080546565983
0.6585852912727386,0.8896080546565983
0.6585852912727386,0.8897878460985257
0.6587257012699305,0.8897878460985257
0.6587569034915286,0.8897878460985257
0.658834909045524,0.8897878460985257
0.658834909045524,0.889967637540453
0.6590377234859122,0.889967637540453
0.6590377234859122,0.8901474289823804
0.6591625323723049,0.8901474289823804
0.6591625323723049,0.8903272204243078
0.659178133483104,0.8903272204243078
0.659178133483104,0.8905070118662352
0.6593185434802958,0.8905070118662352
0.6593185434802958,0.8906868033081625
0.6594433523666885,0.8906868033081625
0.6594433523666885,0.8908665947500899
0.6594589534774876,0.8908665947500899
0.6594589534774876,0.8910463861920173
0.6594745545882866,0.8912261776339446
0.6594745545882866,0.891405969075872
0.6598333801366657,0.891405969075872
0.6598333801366657,0.8915857605177994
0.6599893912446566,0.8915857605177994
0.6600205934662547,0.8915857605177994
0.6602858123498393,0.8915857605177994
0.6603170145714374,0.8915857605177994
0.6604262223470311,0.8915857605177994
0.6604574245686293,0.8915857605177994
0.6608318512278074,0.8915857605177994
0.6608474523386065,0.8917655519597267
0.6609722612249992,0.8917655519597267
0.6610034634465974,0.8917655519597267
0.6614870978813692,0.8917655519597267
0.6614870978813692,0.8919453434016541
0.661627507878561,0.8919453434016541
0.6616587101001591,0.8919453434016541
0.6619395300945428,0.8919453434016541
0.6619707323161409,0.8919453434016541
0.6622827545321227,0.8919453434016541
0.6623139567537208,0.8919453434016541
0.6623451589753191,0.8919453434016541
0.6623451589753191,0.8921251348435815
0.6624855689725109,0.8921251348435815
0.6624855689725109,0.8923049262855088
0.6626415800805018,0.8923049262855088
0.6626727823020999,0.8923049262855088
0.6630784111828762,0.8923049262855088
0.6630784111828762,0.8924847177274362
0.6631564167368716,0.8924847177274362
0.6631876189584699,0.8924847177274362
0.6634372367312553,0.8924847177274362
0.6634372367312553,0.8926645091693636
0.6637648600580361,0.8926645091693636
0.6637648600580361,0.8928443006112909
0.6638740678336298,0.8928443006112909
0.6638740678336298,0.8930240920532183
0.6639832756092233,0.8930240920532183
0.6639832756092233,0.8932038834951457
0.664264095603607,0.8932038834951457
0.664264095603607,0.893383674937073
0.664794533370776,0.893383674937073
0.6648257355923741,0.893383674937073
0.664966145589566,0.893383674937073
0.6649973478111642,0.893383674937073
0.6652937689163468,0.893383674937073
0.6652937689163468,0.8935634663790004
0.6660738244563013,0.8935634663790004
0.6661050266778995,0.8935634663790004
0.6661518300102968,0.8935634663790004
0.6661518300102968,0.8937432578209277
0.6661830322318949,0.8937432578209277
0.6663546444506849,0.8937432578209277
0.6663546444506849,0.893923049262855
0.6663702455614839,0.893923049262855
0.6664014477830822,0.893923049262855
0.6665262566694748,0.893923049262855
0.6665262566694748,0.8941028407047824
0.6665574588910731,0.8941028407047824
0.6665886611126712,0.8941028407047824
0.6666198633342694,0.8941028407047824
0.6666198633342694,0.8942826321467098
0.6669630877718493,0.8942826321467098
0.6669630877718493,0.8944624235886371
0.6672751099878311,0.8944624235886371
0.6673063122094293,0.8944624235886371
0.6673687166526256,0.8944624235886371
0.6673687166526256,0.8946422150305645
0.6674623233174202,0.8946422150305645
0.6674935255390184,0.8946422150305645
0.6675715310930138,0.8946422150305645
0.6675715310930138,0.8948220064724919
0.6679147555305938,0.8948220064724919
0.667945957752192,0.8948220064724919
0.6681019688601828,0.8948220064724919
0.6681019688601828,0.8950017979144193
0.6681799744141783,0.8950017979144193
0.6681799744141783,0.8951815893563466
0.6689132266217355,0.8951815893563466
0.6689132266217355,0.895361380798274
0.6689288277325346,0.895361380798274
0.6689600299541327,0.895361380798274
0.670052107710069,0.895361380798274
0.670052107710069,0.8955411722402014
0.6702861243720553,0.8955411722402014
0.6702861243720553,0.8957209636821287
0.6703017254828544,0.8959007551240561
0.6704421354800462,0.8959007551240561
0.6704421354800462,0.8960805465659835
0.6706293488096352,0.8960805465659835
0.6706605510312335,0.8960805465659835
0.6706761521420325,0.8960805465659835
0.6706761521420325,0.8962603380079108
0.6707385565852289,0.8962603380079108
0.6708009610284252,0.8962603380079108
0.6708945676932198,0.8962603380079108
0.6708945676932198,0.8964401294498382
0.6712377921307997,0.8964401294498382
0.6712689943523978,0.8964401294498382
0.6713001965739961,0.8964401294498382
0.6713001965739961,0.8966199208917656
0.6714874099035851,0.8966199208917656
0.6714874099035851,0.8967997123336929
0.6715810165683797,0.8967997123336929
0.6716122187899779,0.8967997123336929
0.6717682298979687,0.8967997123336929
0.6717682298979687,0.8969795037756203
0.6720334487815532,0.8969795037756203
0.6720646510031514,0.8969795037756203
0.6722518643327405,0.8969795037756203
0.6722518643327405,0.8971592952175477
0.6722674654435395,0.8971592952175477
0.6722986676651378,0.8971592952175477
0.6725482854379232,0.8971592952175477
0.6725482854379232,0.897339086659475
0.6730631220942931,0.897339086659475
0.6730631220942931,0.8976986695433298
0.6733595431994758,0.8976986695433298
0.6733751443102749,0.8978784609852571
0.673390745421074,0.8978784609852571
0.673390745421074,0.8980582524271845
0.6741395987394303,0.8980582524271845
0.6741708009610284,0.8980582524271845
0.6741708009610284,0.8982380438691119
0.674436019844613,0.8982380438691119
0.674436019844613,0.8984178353110392
0.674451620955412,0.8984178353110392
0.6744828231770102,0.8984178353110392
0.6747324409497957,0.8984178353110392
0.6747636431713938,0.8984178353110392
0.6750132609441792,0.8984178353110392
0.6750132609441792,0.8985976267529665
0.6750756653873756,0.8985976267529665
0.6750756653873756,0.8987774181948939
0.6756529064869419,0.8987774181948939
0.67568410870854,0.8987774181948939
0.676011732035321,0.8987774181948939
0.676011732035321,0.8989572096368212
0.6760585353677182,0.8989572096368212
0.6760585353677182,0.8991370010787486
0.6767917875752754,0.8991370010787486
0.6768229897968735,0.8991370010787486
0.6768541920184717,0.8991370010787486
0.6768853942400699,0.8991370010787486
0.6769633997940654,0.8991370010787486
0.6769633997940654,0.899316792520676
0.6771350120128553,0.899316792520676
0.6771350120128553,0.8994965839626033
0.6772598208992481,0.8994965839626033
0.6772598208992481,0.8996763754045307
0.6772754220100471,0.8996763754045307
0.6772754220100471,0.8998561668464581
0.6777278542232207,0.8998561668464581
0.6777902586664171,0.8998561668464581
0.6777902586664171,0.9000359582883855
0.6778994664420107,0.9000359582883855
0.6779306686636088,0.9000359582883855
0.6779306686636088,0.9002157497303128
0.6780710786608006,0.9002157497303128
0.6781022808823989,0.9002157497303128
0.6781802864363943,0.9002157497303128
0.6781802864363943,0.9003955411722402
0.6782114886579924,0.9003955411722402
0.6782426908795907,0.9003955411722402
0.6783050953227869,0.9003955411722402
0.6783050953227869,0.9005753326141676
0.6783518986551843,0.9005753326141676
0.6783518986551843,0.9007551240560949
0.6787263253143624,0.9007551240560949
0.6787263253143624,0.9009349154980223
0.6795063808543168,0.9009349154980223
0.679537583075915,0.9009349154980223
0.6796311897407096,0.9009349154980223
0.6796311897407096,0.9011147069399497
0.6797715997379014,0.9011147069399497
0.6797715997379014,0.901294498381877
0.6800368186214858,0.901294498381877
0.680068020843084,0.901294498381877
0.6801460263970794,0.901294498381877
0.6801460263970794,0.9014742898238044
0.6806140597210522,0.9014742898238044
0.6806452619426503,0.9014742898238044
0.6812069019314175,0.9014742898238044
0.6812069019314175,0.9016540812657318
0.6813317108178102,0.9016540812657318
0.6813317108178102,0.9018338727076591
0.6815969297013947,0.9018338727076591
0.6816281319229929,0.9018338727076591
0.6822521763549565,0.9018338727076591
0.6822833785765546,0.9018338727076591
0.6824393896845455,0.9018338727076591
0.6824393896845455,0.9020136641495865
0.682689007457331,0.9020136641495865
0.6827202096789291,0.9020136641495865
0.6827358107897282,0.9020136641495865
0.6827358107897282,0.9021934555915139
0.6827514119005273,0.9021934555915139
0.6827826141221255,0.9021934555915139
0.6832818496676963,0.9021934555915139
0.6832818496676963,0.9023732470334412
0.6833130518892945,0.9023732470334412
0.6833130518892945,0.9025530384753686
0.6835158663296826,0.9025530384753686
0.6835158663296826,0.902732829917296
0.6835938718836782,0.902732829917296
0.6835938718836782,0.9029126213592233
0.6840307029860526,0.9029126213592233
0.6840307029860526,0.9030924128011507
0.6840619052076508,0.9030924128011507
0.6840619052076508,0.9032722042430781
0.684093107429249,0.9032722042430781
0.684093107429249,0.9034519956850054
0.6843271240912353,0.9034519956850054
0.6843583263128334,0.9034519956850054
0.6845299385316235,0.9034519956850054
0.6845611407532216,0.9034519956850054
0.6846703485288153,0.9034519956850054
0.6847015507504134,0.9034519956850054
0.6849667696339979,0.9034519956850054
0.6849667696339979,0.9036317871269327
0.6849823707447971,0.9036317871269327
0.6849823707447971,0.9038115785688601
0.6851851851851852,0.9038115785688601
0.6852163874067834,0.9038115785688601
0.685325595182377,0.9038115785688601
0.685325595182377,0.9039913700107874
0.6855596118443633,0.9039913700107874
0.6855908140659615,0.9039913700107874
0.685668819619957,0.9039913700107874
0.6856844207307561,0.9041711614527148
0.6858404318387469,0.9041711614527148
0.6858716340603451,0.9041711614527148
0.6863240662735187,0.9041711614527148
0.6863552684951169,0.9041711614527148
0.6864020718275141,0.9041711614527148
0.6864020718275141,0.9043509528946422
0.6866984929326968,0.9043509528946422
0.6867296951542949,0.9043509528946422
0.6868389029298886,0.9043509528946422
0.6868701051514868,0.9043509528946422
0.6870573184810759,0.9043509528946422
0.6870729195918749,0.9045307443365695
0.6870729195918749,0.9047105357784969
0.687088520702674,0.9047105357784969
0.687088520702674,0.9050701186623517
0.6871977284782677,0.9050701186623517
0.6871977284782677,0.905249910104279
0.6877125651346376,0.905249910104279
0.6877125651346376,0.9054297015462064
0.6878373740210303,0.9054297015462064
0.6878529751318294,0.9056094929881338
0.6881805984586102,0.9056094929881338
0.6881805984586102,0.9057892844300611
0.6882118006802085,0.9057892844300611
0.688492620674592,0.9057892844300611
0.688492620674592,0.9059690758719885
0.6888514462229711,0.9059690758719885
0.6888826484445693,0.9059690758719885
0.6890542606633593,0.9059690758719885
0.6890854628849574,0.9059690758719885
0.6891166651065556,0.9059690758719885
0.6891166651065556,0.9063286587558432
0.6893038784361446,0.9063286587558432
0.6893038784361446,0.9065084501977706
0.6893350806577428,0.9065084501977706
0.6893350806577428,0.906688241639698
0.6896471028737247,0.906688241639698
0.6896471028737247,0.9068680330816253
0.6898187150925146,0.9068680330816253
0.6898187150925146,0.9070478245235527
0.6899435239789073,0.9070478245235527
0.6899435239789073,0.9072276159654801
0.6899591250897064,0.9072276159654801
0.6899591250897064,0.9074074074074074
0.6899903273113046,0.9074074074074074
0.6900215295329027,0.9074074074074074
0.6906455739648663,0.9074074074074074
0.6906455739648663,0.9075871988493348
0.6907079784080626,0.9075871988493348
0.6907079784080626,0.9079467817331895
0.6909731972916472,0.9079467817331895
0.6910043995132453,0.9079467817331895
0.691113607288839,0.9079467817331895
0.691113607288839,0.9081265731751169
0.6913164217292271,0.9081265731751169
0.6913164217292271,0.9083063646170443
0.6914568317264189,0.9083063646170443
0.6914880339480171,0.9083063646170443
0.6915348372804143,0.9083063646170443
0.6915348372804143,0.9084861560589715
0.6917688539424007,0.9084861560589715
0.6917688539424007,0.9086659475008989
0.6917844550531997,0.9086659475008989
0.691815657274798,0.9086659475008989
0.6920652750475834,0.9086659475008989
0.6920652750475834,0.9090255303847536
0.6922368872663733,0.9090255303847536
0.6922680894879716,0.9090255303847536
0.6924084994851634,0.9090255303847536
0.6924084994851634,0.909205321826681
0.6924397017067615,0.909205321826681
0.6925801117039533,0.909205321826681
0.6926113139255515,0.909205321826681
0.6926581172579488,0.909205321826681
0.6926581172579488,0.9093851132686084
0.6926893194795469,0.9093851132686084
0.6926893194795469,0.9095649047105357
0.6928921339199351,0.9095649047105357
0.6929233361415332,0.9095649047105357
0.6932665605791132,0.9095649047105357
0.6932665605791132,0.9097446961524631
0.6933757683547068,0.9097446961524631
0.6933757683547068,0.9099244875943905
0.6934849761303005,0.9099244875943905
0.6935161783518986,0.9099244875943905
0.693562981684296,0.9099244875943905
0.693562981684296,0.9101042790363179
0.6939842116758713,0.9101042790363179
0.6939842116758713,0.9102840704782452
0.6942026272270586,0.9102840704782452
0.6942338294486567,0.9102840704782452
0.6943274361134513,0.9102840704782452
0.6943586383350494,0.9102840704782452
0.6944366438890449,0.9102840704782452
0.6944366438890449,0.9104638619201726
0.694467846110643,0.9104638619201726
0.6944990483322413,0.9104638619201726
0.6947798683266249,0.9104638619201726
0.694811070548223,0.9104638619201726
0.6951230927642048,0.9104638619201726
0.6951230927642048,0.9106436533621
0.6954039127585884,0.9106436533621
0.6954039127585884,0.9108234448040273
0.6954351149801866,0.9108234448040273
0.6954663172017848,0.9108234448040273
0.6957315360853693,0.9108234448040273
0.6957315360853693,0.9111830276878821
0.69674560828731,0.9111830276878821
0.69674560828731,0.9113628191298094
0.6968860182845018,0.9113628191298094
0.6968860182845018,0.9115426105717368
0.6969328216168992,0.9115426105717368
0.6969328216168992,0.9117224020136642
0.69708883272489,0.9117224020136642
0.69708883272489,0.9119021934555915
0.69726044494368,0.9119021934555915
0.6972916471652781,0.9119021934555915
0.6973540516084745,0.9119021934555915
0.6973852538300727,0.9119021934555915
0.6975100627164654,0.9119021934555915
0.6975412649380636,0.9119021934555915
0.6975568660488627,0.9119021934555915
0.6975568660488627,0.9120819848975189
0.6975880682704608,0.9120819848975189
0.6976192704920591,0.9120819848975189
0.6977128771568536,0.9120819848975189
0.6977440793784517,0.9120819848975189
0.6987425504695934,0.9120819848975189
0.6987425504695934,0.9124415677813736
0.6989141626883835,0.9124415677813736
0.6989453649099816,0.9124415677813736
0.6989765671315797,0.9124415677813736
0.6989765671315797,0.912621359223301
0.6993821960123561,0.912621359223301
0.6993821960123561,0.9128011506652284
0.6994133982339542,0.9128011506652284
0.6994133982339542,0.9129809421071557
0.6999750382227214,0.9129809421071557
0.6999750382227214,0.9131607335490831
0.7001310493307124,0.9131607335490831
0.7001622515523105,0.9131607335490831
0.7003182626603014,0.9131607335490831
0.7003182626603014,0.9135203164329377
0.7003650659926987,0.9135203164329377
0.7003962682142969,0.9135203164329377
0.7010827170894568,0.9135203164329377
0.7010827170894568,0.9137001078748651
0.7012387281974477,0.9137001078748651
0.7012543293082467,0.9138798993167925
0.7013323348622422,0.9138798993167925
0.7013635370838404,0.9138798993167925
0.7016911604106212,0.9138798993167925
0.7016911604106212,0.9140596907587198
0.7019095759618085,0.9140596907587198
0.7019095759618085,0.9142394822006472
0.7022371992885893,0.9142394822006472
0.7022684015101875,0.9142394822006472
0.7022996037317857,0.9142394822006472
0.7022996037317857,0.9144192736425746
0.7023152048425848,0.9144192736425746
0.7023152048425848,0.914599065084502
0.7023464070641829,0.914599065084502
0.7023776092857812,0.914599065084502
0.7023776092857812,0.9147788565264293
0.7024712159505757,0.9147788565264293
0.7024712159505757,0.9149586479683567
0.702533620393772,0.9149586479683567
0.7025648226153702,0.9149586479683567
0.7029548503853474,0.9149586479683567
0.7029548503853474,0.915138439410284
0.7030952603825392,0.915138439410284
0.7030952603825392,0.9153182308522114
0.703235670379731,0.9153182308522114
0.7032668726013293,0.9153182308522114
0.7044057536896627,0.9153182308522114
0.7044369559112609,0.9153182308522114
0.7045617647976536,0.9153182308522114
0.7045617647976536,0.9154980222941388
0.7050766014540235,0.9154980222941388
0.7050766014540235,0.9156778137360662
0.7052638147836126,0.9156778137360662
0.7052638147836126,0.9160373966199209
0.7054822303347998,0.9160373966199209
0.705513432556398,0.9160373966199209
0.7056694436643889,0.9160373966199209
0.7056694436643889,0.9162171880618483
0.7065275047583388,0.9162171880618483
0.7065275047583388,0.9163969795037756
0.7067771225311242,0.9163969795037756
0.7067771225311242,0.916576770945703
0.7067927236419234,0.916576770945703
0.7068239258635215,0.916576770945703
0.7071671503011014,0.916576770945703
0.7071671503011014,0.9167565623876304
0.7072763580766951,0.9167565623876304
0.7072763580766951,0.9169363538295577
0.7073231614090923,0.9169363538295577
0.7073543636306905,0.9169363538295577
0.707432369184686,0.9169363538295577
0.707447970295485,0.9171161452714851
0.7075727791818778,0.9171161452714851
0.7075883802926768,0.9172959367134125
0.7076039814034759,0.9172959367134125
0.7076351836250742,0.9172959367134125
0.7076975880682704,0.9172959367134125
0.7077443914006677,0.9172959367134125
0.7078379980654622,0.9172959367134125
0.7078692002870605,0.9172959367134125
0.7079472058410559,0.9172959367134125
0.7079472058410559,0.9174757281553398
0.7081188180598459,0.9174757281553398
0.7081188180598459,0.9176555195972672
0.7085556491622204,0.9176555195972672
0.7085556491622204,0.9178353110391946
0.7088832724890012,0.9178353110391946
0.7088832724890012,0.918015102481122
0.7091484913725857,0.918015102481122
0.7091484913725857,0.9181948939230493
0.7091640924833849,0.9181948939230493
0.7091640924833849,0.9183746853649766
0.7092264969265811,0.9183746853649766
0.7095697213641611,0.9183746853649766
0.7095697213641611,0.9185544768069039
0.7097569346937502,0.9185544768069039
0.7097569346937502,0.9187342682488313
0.7098661424693438,0.9187342682488313
0.7098661424693438,0.9189140596907587
0.7099441480233393,0.9189140596907587
0.7099753502449374,0.9189140596907587
0.7100689569097319,0.9189140596907587
0.7101001591313302,0.9189140596907587
0.7101001591313302,0.919093851132686
0.7101937657961247,0.919093851132686
0.7102249680177228,0.919093851132686
0.7103497769041156,0.919093851132686
0.7103497769041156,0.9192736425746134
0.7104121813473119,0.9192736425746134
0.7104433835689101,0.9192736425746134
0.7107086024524946,0.9192736425746134
0.7107086024524946,0.9194534340165408
0.71095822022528,0.9194534340165408
0.71095822022528,0.9196332254584682
0.7109738213360791,0.9196332254584682
0.7110050235576773,0.9196332254584682
0.7114574557708508,0.9196332254584682
0.7114574557708508,0.9198130169003955
0.7115042591032481,0.9198130169003955
0.7115042591032481,0.9199928083423229
0.7118006802084308,0.9199928083423229
0.7118006802084308,0.9201725997842503
0.711847483540828,0.9201725997842503
0.711847483540828,0.9203523912261776
0.7121283035352117,0.9203523912261776
0.7121283035352117,0.920532182668105
0.712362320197198,0.920532182668105
0.7123935224187962,0.920532182668105
0.7129707635183625,0.920532182668105
0.7129707635183625,0.9207119741100324
0.7130019657399607,0.9207119741100324
0.713064370183157,0.9207119741100324
0.7134856001747324,0.9207119741100324
0.7134856001747324,0.9210715569938871
0.7136260101719243,0.9210715569938871
0.7136572123935224,0.9210715569938871
0.7139692346095042,0.9210715569938871
0.7140004368311024,0.9210715569938871
0.7140004368311024,0.9212513484358145
0.7142344534930887,0.9212513484358145
0.7142344534930887,0.9214311398777418
0.7143436612686823,0.9214311398777418
0.7143748634902805,0.9214311398777418
0.7147960934818559,0.9214311398777418
0.714827295703454,0.9214311398777418
0.7148428968142532,0.9214311398777418
0.7148428968142532,0.9216109313196692
0.7148740990358513,0.9216109313196692
0.7149053012574496,0.9216109313196692
0.7150613123654405,0.9216109313196692
0.7151081156978377,0.9216109313196692
0.7156697556866048,0.9216109313196692
0.7156697556866048,0.9217907227615966
0.7157789634621985,0.9217907227615966
0.7157789634621985,0.9219705142035239
0.7158101656837967,0.9219705142035239
0.7158413679053949,0.9219705142035239
0.7159037723485913,0.9219705142035239
0.7159037723485913,0.9221503056454513
0.7159973790133858,0.9221503056454513
0.7160285812349839,0.9221503056454513
0.7164030078941621,0.9221503056454513
0.7164186090049611,0.9223300970873787
0.7170426534369247,0.9223300970873787
0.7170738556585229,0.9223300970873787
0.717089456769322,0.9223300970873787
0.717089456769322,0.922509888529306
0.7179163156416737,0.922509888529306
0.7179163156416737,0.9226896799712334
0.7180723267496646,0.9226896799712334
0.7180723267496646,0.9228694714131608
0.7184779556304409,0.9228694714131608
0.7185091578520391,0.9228694714131608
0.7185871634060345,0.9228694714131608
0.7186183656276327,0.9228694714131608
0.7187119722924272,0.9228694714131608
0.7187431745140254,0.9228694714131608
0.7189927922868108,0.9228694714131608
0.719023994508409,0.9228694714131608
0.7190551967300072,0.9228694714131608
0.7190863989516053,0.9228694714131608
0.719195606727199,0.9228694714131608
0.719195606727199,0.9230492628550881
0.7192892133919935,0.9230492628550881
0.7192892133919935,0.9232290542970155
0.719382820056788,0.9232290542970155
0.7194140222783862,0.9232290542970155
0.7195700333863772,0.9232290542970155
0.7196012356079753,0.9232290542970155
0.7197416456051671,0.9232290542970155
0.7197728478267653,0.9232290542970155
0.720084870042747,0.9232290542970155
0.7201160722643453,0.9232290542970155
0.7201472744859434,0.9232290542970155
0.7201472744859434,0.9234088457389428
0.720256482261537,0.9234088457389428
0.7202876844831352,0.9234088457389428
0.7213797622390714,0.9234088457389428
0.7214109644606695,0.9234088457389428
0.7217853911198477,0.9234088457389428
0.7218165933414459,0.9234088457389428
0.7218789977846423,0.9234088457389428
0.7218789977846423,0.9235886371808701
0.7218945988954414,0.9235886371808701
0.7219414022278386,0.9235886371808701
0.7224094355518113,0.9235886371808701
0.7224094355518113,0.9237684286227975
0.7225810477706013,0.9237684286227975
0.7225810477706013,0.9239482200647249
0.7230022777621766,0.9239482200647249
0.7230490810945739,0.9239482200647249
0.7233611033105557,0.9239482200647249
0.7233923055321538,0.9239482200647249
0.7235483166401447,0.9239482200647249
0.723579518861743,0.9239482200647249
0.7236887266373366,0.9239482200647249
0.7237199288589348,0.9239482200647249
0.7238447377453274,0.9239482200647249
0.7238447377453274,0.9241280115066522
0.7238603388561266,0.9241280115066522
0.7238603388561266,0.9243078029485796
0.7241255577397111,0.9243078029485796
0.7241255577397111,0.924487594390507
0.7241411588505101,0.924487594390507
0.7241723610721084,0.924487594390507
0.7243439732908983,0.924487594390507
0.7243439732908983,0.9246673858324344
0.7247183999500765,0.9246673858324344
0.7247183999500765,0.9248471772743617
0.7248588099472683,0.9248471772743617
0.7249056132796655,0.9248471772743617
0.7256232643764235,0.9248471772743617
0.7256544665980218,0.9248471772743617
0.7257324721520172,0.9248471772743617
0.7257324721520172,0.9250269687162891
0.725872882149209,0.9250269687162891
0.725872882149209,0.9252067601582165
0.7258884832600081,0.9252067601582165
0.7259196854816062,0.9252067601582165
0.7259976910356017,0.9252067601582165
0.7259976910356017,0.9253865516001438
0.7261849043651908,0.9253865516001438
0.7261849043651908,0.9255663430420712
0.7263409154731817,0.9255663430420712
0.7263409154731817,0.9257461344839986
0.7265281288027707,0.9257461344839986
0.7265281288027707,0.9259259259259259
0.726559331024369,0.9259259259259259
0.726559331024369,0.9261057173678533
0.7266529376891635,0.9261057173678533
0.7266841399107616,0.9261057173678533
0.7266841399107616,0.9262855088097807
0.7266997410215608,0.9262855088097807
0.7266997410215608,0.926465300251708
0.726746544353958,0.926465300251708
0.726746544353958,0.9266450916936354
0.7267933476863553,0.9266450916936354
0.7267933476863553,0.9268248831355628
0.7268869543511498,0.9268248831355628
0.7268869543511498,0.9270046745774901
0.7271053699023371,0.9270046745774901
0.7271053699023371,0.9271844660194175
0.7274797965615152,0.9271844660194175
0.7275109987831133,0.9271844660194175
0.7275734032263097,0.9271844660194175
0.7276046054479078,0.9271844660194175
0.7277762176666979,0.9271844660194175
0.7277762176666979,0.9273642574613449
0.7279166276638896,0.9273642574613449
0.7279478298854879,0.9273642574613449
0.7279946332178852,0.9273642574613449
0.7280258354394833,0.9273642574613449
0.7283690598770632,0.9273642574613449
0.7283690598770632,0.9275440489032722
0.728493868763456,0.9275440489032722
0.7285250709850541,0.9275440489032722
0.7285406720958533,0.9275440489032722
0.7285718743174514,0.9275440489032722
0.7287590876470404,0.9275440489032722
0.7287902898686387,0.9275440489032722
0.7290087054198259,0.9275440489032722
0.729024306530625,0.9277238403451996
0.7294455365222003,0.9277238403451996
0.7294455365222003,0.927903631787127
0.7297107554057849,0.927903631787127
0.729741957627383,0.927903631787127
0.7303972042809448,0.927903631787127
0.7303972042809448,0.9280834232290543
0.7306156198321321,0.9280834232290543
0.7306468220537302,0.9280834232290543
0.7308028331617211,0.9280834232290543
0.7308340353833193,0.9280834232290543
0.7308652376049175,0.9280834232290543
0.7308652376049175,0.9282632146709816
0.7309120409373148,0.9282632146709816
0.7309120409373148,0.928443006112909
0.7309432431589129,0.928443006112909
0.7312864675964929,0.928443006112909
0.7313176698180911,0.928443006112909
0.7314268775936846,0.928443006112909
0.7314580798152829,0.928443006112909
0.7317076975880683,0.928443006112909
0.7317388998096664,0.928443006112909
0.7317857031420637,0.928443006112909
0.7317857031420637,0.9286227975548363
0.7320821242472464,0.9286227975548363
0.7320821242472464,0.9288025889967637
0.7325813597928172,0.9288025889967637
0.7326125620144154,0.9288025889967637
0.7332678086679771,0.9288025889967637
0.7332678086679771,0.9289823804386911
0.7334862242191644,0.9289823804386911
0.7334862242191644,0.9291621718806184
0.7335018253299634,0.9291621718806184
0.7335330275515617,0.9291621718806184
0.7336578364379543,0.9291621718806184
0.7336578364379543,0.9293419633225458
0.7342038753159225,0.9293419633225458
0.7342350775375207,0.9293419633225458
0.7347811164154888,0.9293419633225458
0.734812318637087,0.9293419633225458
0.7352335486286624,0.9293419633225458
0.7352647508502606,0.9293419633225458
0.7353739586258542,0.9293419633225458
0.7353739586258542,0.9295217547644732
0.7354363630690505,0.9295217547644732
0.7354675652906487,0.9295217547644732
0.7355611719554432,0.9295217547644732
0.7355611719554432,0.9297015462064006
0.7359043963930232,0.9297015462064006
0.7359043963930232,0.9298813376483279
0.7363412274953977,0.9298813376483279
0.7363412274953977,0.9300611290902553
0.7364348341601922,0.9300611290902553
0.7364348341601922,0.9302409205321827
0.7365284408249867,0.9302409205321827
0.7365284408249867,0.93042071197411
0.737448906362133,0.93042071197411
0.737448906362133,0.9307802948579648
0.7375581141377267,0.9307802948579648
0.7375581141377267,0.9309600862998921
0.7375737152485257,0.9309600862998921
0.7376049174701239,0.9309600862998921
0.7377765296889138,0.9309600862998921
0.7377765296889138,0.9311398777418195
0.7378389341321102,0.9311398777418195
0.7378389341321102,0.9313196691837469
0.7380261474616993,0.9313196691837469
0.7380261474616993,0.9314994606256742
0.7381353552372929,0.9314994606256742
0.7381353552372929,0.9316792520676016
0.7387593996692564,0.9316792520676016
0.7387593996692564,0.931859043509529
0.7388530063340509,0.931859043509529
0.7388842085556492,0.931859043509529
0.7391182252176355,0.931859043509529
0.7391494274392336,0.931859043509529
0.7392742363256264,0.931859043509529
0.7392742363256264,0.9320388349514563
0.7394302474336173,0.9320388349514563
0.7394302474336173,0.9322186263933837
0.73955505632001,0.9322186263933837
0.73955505632001,0.9323984178353111
0.7395862585416082,0.9323984178353111
0.7398046740927954,0.9323984178353111
0.7398358763143936,0.9323984178353111
0.7399450840899872,0.9323984178353111
0.7399762863115854,0.9323984178353111
0.7401010951979781,0.9323984178353111
0.7401010951979781,0.9325782092772384
0.740444319635558,0.9325782092772384
0.740444319635558,0.9327580007191658
0.7411931729539143,0.9327580007191658
0.7411931729539143,0.9329377921610932
0.7412087740647134,0.9329377921610932
0.7412087740647134,0.9331175836030206
0.7412555773971107,0.9331175836030206
0.7412555773971107,0.9332973750449478
0.7413959873943025,0.9332973750449478
0.7414115885051016,0.9334771664868752
0.741489594059097,0.9334771664868752
0.7415207962806952,0.9334771664868752
0.741676807388686,0.9334771664868752
0.7417080096102843,0.9334771664868752
0.7419108240506724,0.9334771664868752
0.7419420262722706,0.9334771664868752
0.7419732284938687,0.9334771664868752
0.742004430715467,0.9334771664868752
0.7421292396018596,0.9334771664868752
0.7421292396018596,0.9336569579288025
0.7426128740366315,0.9336569579288025
0.7426128740366315,0.9338367493707299
0.7428468906986178,0.9338367493707299
0.7428468906986178,0.9340165408126573
0.7430965084714032,0.9340165408126573
0.7431277106930013,0.9340165408126573
0.7432681206901931,0.9340165408126573
0.7432993229117913,0.9340165408126573
0.743424131798184,0.9340165408126573
0.7434553340197823,0.9340165408126573
0.7435645417953758,0.9340165408126573
0.7435645417953758,0.9341963322545846
0.7442665917813348,0.9341963322545846
0.7442665917813348,0.934376123696512
0.744297794002933,0.934376123696512
0.744297794002933,0.9345559151384394
0.7443601984461293,0.9345559151384394
0.7443601984461293,0.9347357065803668
0.7445786139973166,0.9347357065803668
0.7446098162189148,0.9347357065803668
0.744828231770102,0.9347357065803668
0.744828231770102,0.9349154980222941
0.7455458828668601,0.9349154980222941
0.7455458828668601,0.9350952894642215
0.7455770850884583,0.9350952894642215
0.7455770850884583,0.9352750809061489
0.7457798995288465,0.9352750809061489
0.7457798995288465,0.9354548723480762
0.7459203095260383,0.9354548723480762
0.7459359106368374,0.9356346637900036
0.7460139161908328,0.9356346637900036
0.7460139161908328,0.935814455231931
0.7462635339636182,0.935814455231931
0.7462947361852164,0.935814455231931
0.7465131517364036,0.935814455231931
0.7465443539580018,0.935814455231931
0.7470435895035726,0.935814455231931
0.7470435895035726,0.9359942466738583
0.7470591906143718,0.9359942466738583
0.7470903928359699,0.9359942466738583
0.7477300383787325,0.9359942466738583
0.7477300383787325,0.9361740381157857
0.7477456394895317,0.9361740381157857
0.7477456394895317,0.9363538295577131
0.7478548472651253,0.9363538295577131
0.7478548472651253,0.9365336209996404
0.747964055040719,0.9365336209996404
0.747964055040719,0.9367134124415678
0.748151268370308,0.9367134124415678
0.7481824705919061,0.9367134124415678
0.7482292739243034,0.9367134124415678
0.7482292739243034,0.9368932038834952
0.7484320883646916,0.9368932038834952
0.7484320883646916,0.9370729953254225
0.7489157227994633,0.9370729953254225
0.7489469250210615,0.9370729953254225
0.7491809416830478,0.9370729953254225
0.749212143904646,0.9370729953254225
0.7500702049985959,0.9370729953254225
0.750101407220194,0.9370729953254225
0.7504602327685731,0.9370729953254225
0.7504602327685731,0.9372527867673499
0.7504914349901713,0.9372527867673499
0.7505070361009704,0.9372527867673499
0.7505070361009704,0.9374325782092773
0.7519267371836875,0.9374325782092773
0.7519267371836875,0.9376123696512046
0.752035944959281,0.9376123696512046
0.7520671471808793,0.9376123696512046
0.7521451527348747,0.9376123696512046
0.752176354956473,0.9376123696512046
0.7524103716184593,0.9376123696512046
0.7524415738400574,0.9376123696512046
0.7525039782832538,0.9376123696512046
0.7525351805048519,0.9376123696512046
0.7528316016100346,0.9376123696512046
0.7528628038316328,0.9376123696512046
0.7531280227152173,0.9376123696512046
0.7531592249368155,0.9376123696512046
0.7533932415988018,0.9376123696512046
0.7534244438204,0.9376123696512046
0.7535180504851945,0.9376123696512046
0.7535492527067927,0.9376123696512046
0.7536116571499891,0.9376123696512046
0.7536428593715873,0.9376123696512046
0.7537364660363818,0.9376123696512046
0.7537676682579799,0.9376123696512046
0.7538924771443727,0.9376123696512046
0.7539236793659708,0.9376123696512046
0.7543917126899435,0.9376123696512046
0.7543917126899435,0.937792161093132
0.7549845549003089,0.937792161093132
0.7549845549003089,0.9379719525350594
0.755015757121907,0.9379719525350594
0.755015757121907,0.9381517439769866
0.7550469593435053,0.9381517439769866
0.7550469593435053,0.938331535418914
0.7551405660082998,0.938331535418914
0.7551405660082998,0.9385113268608414
0.755358981559487,0.9385113268608414
0.755358981559487,0.9386911183027687
0.7554057848918843,0.9386911183027687
0.7554057848918843,0.9388709097446961
0.7554993915566789,0.9388709097446961
0.755530593778277,0.9388709097446961
0.7557646104402633,0.9388709097446961
0.7557646104402633,0.9390507011866235
0.7557802115510625,0.9390507011866235
0.7557802115510625,0.9392304926285509
0.7558270148834597,0.9392304926285509
0.7558270148834597,0.9394102840704782
0.7559362226590534,0.9394102840704782
0.7559518237698524,0.9395900755124056
0.756232643764236,0.9395900755124056
0.756232643764236,0.939769866954333
0.7562638459858342,0.939769866954333
0.7562950482074323,0.939769866954333
0.756388654872227,0.939769866954333
0.7564198570938251,0.939769866954333
0.7566850759774096,0.939769866954333
0.7567162781990078,0.939769866954333
0.7569970981933913,0.939769866954333
0.7569970981933913,0.9399496583962603
0.757106305968985,0.9399496583962603
0.7571375081905831,0.9399496583962603
0.7577615526225467,0.9399496583962603
0.7577615526225467,0.9401294498381877
0.7577927548441449,0.9401294498381877
0.7579175637305376,0.9401294498381877
0.7579487659521358,0.9401294498381877
0.7581047770601267,0.9401294498381877
0.7581359792817248,0.9401294498381877
0.7585728103840993,0.9401294498381877
0.7586040126056975,0.9401294498381877
0.7592436581484602,0.9401294498381877
0.7592748603700583,0.9401294498381877
0.7593060625916566,0.9401294498381877
0.7593372648132547,0.9401294498381877
0.7593684670348528,0.9401294498381877
0.7593996692564511,0.9401294498381877
0.7594464725888483,0.9401294498381877
0.7594464725888483,0.9403092412801151
0.7595088770320447,0.9403092412801151
0.7595088770320447,0.9404890327220424
0.7597896970264283,0.9404890327220424
0.7598208992480264,0.9404890327220424
0.7606477581203782,0.9404890327220424
0.7606477581203782,0.9406688241639698
0.7606789603419764,0.9406688241639698
0.7607101625635745,0.9406688241639698
0.7608193703391681,0.9406688241639698
0.7608193703391681,0.9408486156058972
0.7610065836687572,0.9408486156058972
0.7610065836687572,0.9410284070478245
0.7610221847795563,0.9410284070478245
0.7610221847795563,0.9412081984897519
0.7610689881119536,0.9412081984897519
0.7610689881119536,0.9413879899316793
0.7614122125495335,0.9413879899316793
0.7614122125495335,0.9415677813736066
0.7623950825298761,0.9415677813736066
0.7624262847514743,0.9415677813736066
0.7626134980810634,0.9415677813736066
0.7626134980810634,0.9419273642574614
0.7626759025242598,0.9419273642574614
0.7627071047458579,0.9419273642574614
0.762722705856657,0.9419273642574614
0.7627539080782552,0.9419273642574614
0.7630035258510406,0.9419273642574614
0.7630347280726387,0.9419273642574614
0.7631127336266342,0.9419273642574614
0.7631439358482324,0.9419273642574614
0.7639707947205842,0.9419273642574614
0.7640019969421823,0.9419273642574614
0.764126805828575,0.9419273642574614
0.764126805828575,0.9421071556993887
0.7644076258229586,0.9421071556993887
0.7644076258229586,0.9422869471413161
0.7644544291553559,0.9422869471413161
0.7644544291553559,0.9424667385832435
0.7645324347093513,0.9424667385832435
0.7645636369309495,0.9424667385832435
0.7652344846953103,0.9424667385832435
0.7652344846953103,0.9426465300251708
0.765343692470904,0.9426465300251708
0.7653748946925021,0.9426465300251708
0.7654997035788949,0.9426465300251708
0.765530905800493,0.9426465300251708
0.7655621080220911,0.9426465300251708
0.7655933102436894,0.9426465300251708
0.7662017535648539,0.9426465300251708
0.7662017535648539,0.9428263214670982
0.7663421635620457,0.9428263214670982
0.7663421635620457,0.9430061129090256
0.7665293768916347,0.9430061129090256
0.7665605791132328,0.9430061129090256
0.7665917813348311,0.9430061129090256
0.7665917813348311,0.9431859043509528
0.7667789946644201,0.9431859043509528
0.7668257979968174,0.9431859043509528
0.7668726013292146,0.9431859043509528
0.7669038035508128,0.9431859043509528
0.7673094324315891,0.9431859043509528
0.7673406346531874,0.9431859043509528
0.7674030390963836,0.9431859043509528
0.7674030390963836,0.9433656957928802
0.7674342413179819,0.9433656957928802
0.7677618646447627,0.9433656957928802
0.7677930668663608,0.9433656957928802
0.7685419201847171,0.9433656957928802
0.7685419201847171,0.943725278676735
0.7688071390683017,0.943725278676735
0.7688071390683017,0.9439050701186623
0.7691659646166807,0.9439050701186623
0.7691659646166807,0.9440848615605897
0.7692907735030734,0.9440848615605897
0.7692907735030734,0.944264653002517
0.7695403912758588,0.944264653002517
0.7695403912758588,0.9444444444444444
0.7696652001622516,0.9444444444444444
0.7696652001622516,0.9446242358863718
0.7696964023838497,0.9446242358863718
0.7697276046054479,0.9446242358863718
0.7698524134918406,0.9446242358863718
0.7698524134918406,0.9448040273282992
0.7701800368186215,0.9448040273282992
0.7701800368186215,0.9449838187702265
0.7702268401510187,0.9449838187702265
0.7702268401510187,0.9451636102121539
0.7702892445942151,0.9451636102121539
0.7703204468158132,0.9451636102121539
0.7705700645885987,0.9451636102121539
0.7705700645885987,0.9453434016540813
0.7706168679209959,0.9453434016540813
0.7706480701425942,0.9453434016540813
0.7711941090205623,0.9453434016540813
0.7712253112421604,0.9453434016540813
0.7716153390121376,0.9453434016540813
0.7716465412337359,0.9453434016540813
0.7725982089924802,0.9453434016540813
0.7725982089924802,0.9455231930960086
0.7726606134356766,0.9455231930960086
0.7727074167680739,0.9455231930960086
0.7728322256544666,0.9455231930960086
0.7728634278760648,0.9455231930960086
0.772910231208462,0.9455231930960086
0.7729414334300602,0.9455231930960086
0.7729726356516584,0.9455231930960086
0.7732222534244438,0.9455231930960086
0.7732222534244438,0.945702984537936
0.7733314612000375,0.945702984537936
0.7733314612000375,0.9458827759798634
0.7733470623108365,0.9458827759798634
0.7733470623108365,0.9460625674217907
0.773768292302412,0.9460625674217907
0.773768292302412,0.9462423588637181
0.7738306967456083,0.9462423588637181
0.7738618989672065,0.9462423588637181
0.7743455334019782,0.9462423588637181
0.7743455334019782,0.9464221503056455
0.7747979656151518,0.9464221503056455
0.7748291678367499,0.9464221503056455
0.7748759711691472,0.9464221503056455
0.7749071733907454,0.9464221503056455
0.775187993385129,0.9464221503056455
0.7752191956067273,0.9464221503056455
0.7758744422602889,0.9464221503056455
0.7758744422602889,0.9466019417475728
0.7760772567006771,0.9466019417475728
0.7760772567006771,0.9467817331895002
0.7761084589222753,0.9467817331895002
0.7761084589222753,0.9469615246314276
0.7761864644762707,0.9469615246314276
0.7762176666978688,0.9469615246314276
0.7762644700302661,0.9469615246314276
0.7762644700302661,0.9471413160733549
0.7768417111298325,0.9471413160733549
0.7768729133514306,0.9471413160733549
0.7775749633373896,0.9471413160733549
0.7776061655589878,0.9471413160733549
0.7776217666697869,0.9471413160733549
0.777652968891385,0.9471413160733549
0.7779493899965677,0.9471413160733549
0.7779649911073668,0.9473211075152823
0.777996193328965,0.9473211075152823
0.7780273955505632,0.9473211075152823
0.7781366033261569,0.9473211075152823
0.778167805547755,0.9473211075152823
0.7785266310961341,0.9473211075152823
0.7785578333177322,0.9473211075152823
0.7787294455365222,0.9473211075152823
0.7787606477581204,0.9473211075152823
0.7789478610877094,0.9473211075152823
0.7789790633093077,0.9473211075152823
0.7793222877468876,0.9473211075152823
0.7793534899684857,0.9473211075152823
0.7794626977440794,0.9473211075152823
0.7794938999656775,0.9473211075152823
0.7798995288464539,0.9473211075152823
0.779930731068052,0.9473211075152823
0.7802895566164311,0.9473211075152823
0.7803207588380293,0.9473211075152823
0.7806483821648101,0.9473211075152823
0.7806639832756093,0.9475008989572097
0.7807263877188055,0.9475008989572097
0.7807575899404038,0.9475008989572097
0.7807887921620019,0.9475008989572097
0.7808199943836001,0.9475008989572097
0.7808199943836001,0.947680690399137
0.7808355954943992,0.947680690399137
0.7808355954943992,0.9478604818410644
0.7809136010483947,0.9478604818410644
0.7809136010483947,0.9480402732829917
0.7809448032699928,0.9480402732829917
0.7809448032699928,0.948220064724919
0.781147617710381,0.948220064724919
0.7812100221535774,0.948220064724919
0.7812724265967737,0.948220064724919
0.7812724265967737,0.9483998561668464
0.7813036288183719,0.9483998561668464
0.7813036288183719,0.9485796476087738
0.7815532465911573,0.9485796476087738
0.7815532465911573,0.9487594390507011
0.7816156510343536,0.9487594390507011
0.7816156510343536,0.9489392304926285
0.7816468532559518,0.9489392304926285
0.78167805547755,0.9489392304926285
0.78184966769634,0.9489392304926285
0.7818808699179381,0.9489392304926285
0.7819432743611345,0.9489392304926285
0.7819432743611345,0.9491190219345559
0.7822864987987145,0.9491190219345559
0.7822864987987145,0.9492988133764833
0.7823645043527099,0.9492988133764833
0.7823645043527099,0.9494786048184106
0.7823957065743081,0.9494786048184106
0.7826141221254953,0.9494786048184106
0.7826141221254953,0.949658396260338
0.7826297232362944,0.949658396260338
0.7826609254578926,0.949658396260338
0.7829729476738744,0.949658396260338
0.7830041498954725,0.949658396260338
0.7845174576429842,0.949658396260338
0.7845174576429842,0.9498381877022654
0.7848138787481669,0.9498381877022654
0.784845080969765,0.9498381877022654
0.7850790976317514,0.9498381877022654
0.7850790976317514,0.9500179791441927
0.7850946987425504,0.9500179791441927
0.7851259009641487,0.9500179791441927
0.7852195076289432,0.9500179791441927
0.7852195076289432,0.9501977705861201
0.7855159287341259,0.9501977705861201
0.7855159287341259,0.9503775620280475
0.7856095353989204,0.9503775620280475
0.7856407376205186,0.9503775620280475
0.7857343442853131,0.9503775620280475
0.7857343442853131,0.9505573534699748
0.7857811476177103,0.9505573534699748
0.7858123498393086,0.9505573534699748
0.7859215576149022,0.9505573534699748
0.7859527598365004,0.9505573534699748
0.7862959842740803,0.9505573534699748
0.7862959842740803,0.9507371449119022
0.7863115853848794,0.9507371449119022
0.7863115853848794,0.9509169363538296
0.7865300009360666,0.9509169363538296
0.7865612031576649,0.9509169363538296
0.7866704109332584,0.9509169363538296
0.7866704109332584,0.9510967277957569
0.7867484164872539,0.9510967277957569
0.7867484164872539,0.9512765192376843
0.786935629816843,0.9512765192376843
0.7869668320384411,0.9512765192376843
0.7878092920215919,0.9512765192376843
0.7878560953539891,0.9512765192376843
0.7878560953539891,0.9514563106796117
0.7880745109051764,0.9514563106796117
0.7881057131267746,0.9514563106796117
0.7889325719991264,0.9514563106796117
0.7889325719991264,0.951636102121539
0.789057380885519,0.951636102121539
0.7890885831071173,0.951636102121539
0.7891353864395145,0.951636102121539
0.7891665886611127,0.951636102121539
0.7894786108770945,0.951636102121539
0.7895098130986926,0.951636102121539
0.7896658242066835,0.951636102121539
0.7896970264282817,0.951636102121539
0.7897906330930762,0.951636102121539
0.7897906330930762,0.9518158935634664
0.789915441979469,0.9518158935634664
0.7899466442010671,0.9518158935634664
0.7908827108490124,0.9518158935634664
0.7908827108490124,0.9519956850053938
0.7910699241786016,0.9519956850053938
0.7911011264001997,0.9519956850053938
0.7919591874941496,0.9519956850053938
0.7920215919373459,0.9519956850053938
0.7921776030453368,0.9519956850053938
0.7921776030453368,0.9521754764473211
0.7923336141533277,0.9521754764473211
0.7923648163749258,0.9521754764473211
0.7931292708040812,0.9521754764473211
0.7931292708040812,0.9523552678892485
0.7931604730256794,0.9523552678892485
0.793269680801273,0.9523552678892485
0.793269680801273,0.9525350593311759
0.7936597085712502,0.9525350593311759
0.7936597085712502,0.9527148507731033
0.7938625230116384,0.9527148507731033
0.7938625230116384,0.9528946422150306
0.7939873318980312,0.9528946422150306
0.7939873318980312,0.9530744336569579
0.7942681518924147,0.9530744336569579
0.7942681518924147,0.9532542250988852
0.7945177696652002,0.9532542250988852
0.7945489718867983,0.9532542250988852
0.7946893818839902,0.9532542250988852
0.7947205841055883,0.9532542250988852
0.7947985896595837,0.9532542250988852
0.7947985896595837,0.9534340165408126
0.7949233985459765,0.9534340165408126
0.7949233985459765,0.95361380798274
0.7949546007675746,0.95361380798274
0.7949858029891729,0.95361380798274
0.7950950107647664,0.95361380798274
0.7950950107647664,0.9537935994246673
0.7953914318699491,0.9537935994246673
0.7954226340915473,0.9537935994246673
0.796592717401479,0.9537935994246673
0.7966239196230772,0.9537935994246673
0.7968111329526663,0.9537935994246673
0.7968111329526663,0.9539733908665947
0.7969203407282599,0.9539733908665947
0.7969203407282599,0.9541531823085221
0.7972167618334426,0.9541531823085221
0.7972167618334426,0.9543329737504495
0.7973883740522325,0.9543329737504495
0.7974507784954289,0.9543329737504495
0.7977471996006116,0.9543329737504495
0.7977471996006116,0.9545127651923768
0.7979812162625979,0.9545127651923768
0.7980124184841961,0.9545127651923768
0.7980124184841961,0.9546925566343042
0.798340041810977,0.9546925566343042
0.7983868451433742,0.9546925566343042
0.7985428562513651,0.9546925566343042
0.7985428562513651,0.9548723480762316
0.7985584573621641,0.9548723480762316
0.7985584573621641,0.9550521395181589
0.7985740584729633,0.9550521395181589
0.7986052606945615,0.9550521395181589
0.7990108895753377,0.9550521395181589
0.799042091796936,0.9550521395181589
0.7991825017941278,0.9550521395181589
0.7992137040157259,0.9550521395181589
0.7994633217885113,0.9550521395181589
0.7994633217885113,0.9552319309600863
0.7995413273425068,0.9552319309600863
0.7995413273425068,0.9554117224020137
0.7998221473368904,0.9554117224020137
0.7998533495584885,0.9554117224020137
0.8000405628880777,0.9554117224020137
0.8000405628880777,0.955591513843941
0.8001653717744703,0.955591513843941
0.8001653717744703,0.9557713052858684
0.8002277762176667,0.9557713052858684
0.8002277762176667,0.9559510967277958
0.8003525851040594,0.9559510967277958
0.8003837873256576,0.9559510967277958
0.8006802084308403,0.9559510967277958
0.8006802084308403,0.9561308881697231
0.8011482417548129,0.9561308881697231
0.8011482417548129,0.9563106796116505
0.8013510561952011,0.9563106796116505
0.8013510561952011,0.9564904710535779
0.8014446628599956,0.9564904710535779
0.8014446628599956,0.9566702624955052
0.8028331617211145,0.9566702624955052
0.8028643639427128,0.9566702624955052
0.8028799650535118,0.9566702624955052
0.80291116727511,0.9566702624955052
0.8029423694967082,0.9566702624955052
0.8029735717183063,0.9566702624955052
0.8032075883802927,0.9566702624955052
0.8032387906018909,0.9566702624955052
0.8036600205934663,0.9566702624955052
0.8036600205934663,0.9568500539374326
0.8038004305906581,0.9568500539374326
0.8038004305906581,0.95702984537936
0.8038472339230553,0.95702984537936
0.8038472339230553,0.9572096368212873
0.8039408405878499,0.9572096368212873
0.803972042809448,0.9572096368212873
0.8040032450310463,0.9572096368212873
0.8040032450310463,0.9573894282632147
0.8042216605822334,0.9573894282632147
0.8042216605822334,0.9575692197051421
0.8045648850198134,0.9575692197051421
0.8045960872414116,0.9575692197051421
0.8049237105681925,0.9575692197051421
0.8049549127897906,0.9575692197051421
0.8050017161221878,0.9575692197051421
0.8050329183437861,0.9575692197051421
0.8050641205653842,0.9575692197051421
0.8050953227869825,0.9575692197051421
0.8053605416705669,0.9575692197051421
0.8053917438921652,0.9575692197051421
0.8056569627757496,0.9575692197051421
0.8056569627757496,0.9577490111470695
0.8056725638865487,0.9577490111470695
0.8057037661081469,0.9577490111470695
0.8057661705513433,0.9577490111470695
0.8057973727729414,0.9577490111470695
0.8059533838809323,0.9577490111470695
0.8059533838809323,0.9579288025889967
0.8061405972105213,0.9579288025889967
0.8061717994321196,0.9579288025889967
0.8063122094293114,0.9579288025889967
0.8063122094293114,0.9581085940309241
0.8063590127617086,0.9581085940309241
0.8063902149833068,0.9581085940309241
0.806421417204905,0.9581085940309241
0.8064526194265031,0.9581085940309241
0.8066242316452932,0.9581085940309241
0.8066242316452932,0.9582883854728514
0.8069050516396767,0.9582883854728514
0.8069050516396767,0.9584681769147788
0.806951854972074,0.9584681769147788
0.806951854972074,0.9586479683567062
0.8070454616368685,0.9586479683567062
0.8070610627476676,0.9588277597986335
0.8071546694124622,0.9588277597986335
0.8071546694124622,0.9590075512405609
0.8084183593871884,0.9590075512405609
0.8084495616087866,0.9590075512405609
0.808699179381572,0.9590075512405609
0.808699179381572,0.9591873426824883
0.8087147804923711,0.9591873426824883
0.8087459827139692,0.9591873426824883
0.8087459827139692,0.9593671341244157
0.8088083871571656,0.9593671341244157
0.8088083871571656,0.959546925566343
0.8089175949327592,0.959546925566343
0.8089331960435583,0.9597267170082704
0.8091828138163437,0.9597267170082704
0.8092140160379419,0.9597267170082704
0.8093388249243346,0.9597267170082704
0.8093700271459328,0.9597267170082704
0.8099160660239009,0.9597267170082704
0.8099160660239009,0.9599065084501978
0.8103372960154763,0.9599065084501978
0.8103684982370745,0.9599065084501978
0.8104153015694717,0.9599065084501978
0.8104153015694717,0.9600862998921251
0.8105401104558645,0.9600862998921251
0.8105713126774626,0.9600862998921251
0.8108677337826453,0.9600862998921251
0.8108989360042435,0.9600862998921251
0.8112265593310244,0.9600862998921251
0.8112577615526225,0.9600862998921251
0.8116165871010016,0.9600862998921251
0.8116477893225997,0.9600862998921251
0.8117101937657961,0.9600862998921251
0.8117413959873943,0.9600862998921251
0.8118038004305906,0.9600862998921251
0.8118350026521889,0.9600862998921251
0.812583855970545,0.9600862998921251
0.8126150581921433,0.9600862998921251
0.8127086648569378,0.9600862998921251
0.8127086648569378,0.9602660913340525
0.8127866704109332,0.9602660913340525
0.8128178726325315,0.9602660913340525
0.8128958781865269,0.9602660913340525
0.8128958781865269,0.9604458827759799
0.8130518892945178,0.9604458827759799
0.8130830915161159,0.9604458827759799
0.8132235015133078,0.9604458827759799
0.8132235015133078,0.9606256742179072
0.8135511248400886,0.9606256742179072
0.8135823270616868,0.9606256742179072
0.813613529283285,0.9606256742179072
0.813613529283285,0.9608054656598346
0.8136759337264813,0.9608054656598346
0.8136759337264813,0.960985257101762
0.8138319448344722,0.960985257101762
0.8138319448344722,0.9611650485436893
0.8140971637180567,0.9611650485436893
0.8141283659396549,0.9611650485436893
0.8142687759368467,0.9611650485436893
0.8142999781584449,0.9611650485436893
0.8144403881556367,0.9611650485436893
0.8144715903772348,0.9611650485436893
0.8147680114824175,0.9611650485436893
0.8147992137040158,0.9611650485436893
0.8149084214796094,0.9611650485436893
0.8149396237012075,0.9611650485436893
0.8150956348091984,0.9611650485436893
0.8150956348091984,0.9613448399856167
0.8154076570251801,0.9613448399856167
0.8154388592467784,0.9613448399856167
0.8157040781303628,0.9613448399856167
0.8157352803519611,0.9613448399856167
0.8161877125651347,0.9613448399856167
0.8162189147867328,0.9613448399856167
0.8163905270055228,0.9613448399856167
0.8163905270055228,0.9615246314275441
0.8164373303379201,0.9615246314275441
0.8164841336703174,0.9615246314275441
0.8166245436675091,0.9615246314275441
0.8166245436675091,0.9617044228694714
0.8167961558862991,0.9617044228694714
0.8168273581078973,0.9617044228694714
0.8168897625510937,0.9617044228694714
0.8168897625510937,0.9618842143113988
0.8170145714374863,0.9618842143113988
0.8170145714374863,0.9620640057533262
0.8174358014290618,0.9620640057533262
0.8174358014290618,0.9622437971952535
0.8175918125370526,0.9622437971952535
0.8175918125370526,0.9624235886371809
0.8177478236450435,0.9624235886371809
0.8177790258666418,0.9624235886371809
0.8182002558582171,0.9624235886371809
0.8182314580798152,0.9624235886371809
0.8184654747418016,0.9624235886371809
0.8184966769633998,0.9624235886371809
0.8185590814065962,0.9624235886371809
0.8185902836281943,0.9624235886371809
0.8186058847389934,0.9624235886371809
0.8186058847389934,0.9626033800791083
0.8192455302817561,0.9626033800791083
0.8192455302817561,0.9627831715210357
0.8192611313925552,0.9629629629629629
0.8195107491653406,0.9629629629629629
0.8195419513869387,0.9629629629629629
0.8196979624949297,0.9629629629629629
0.8196979624949297,0.9631427544048903
0.8203064058160942,0.9631427544048903
0.8203376080376923,0.9631427544048903
0.820462416924085,0.9631427544048903
0.8204936191456832,0.9631427544048903
0.8208992480264595,0.9631427544048903
0.8208992480264595,0.9633225458468176
0.8209460513588568,0.9633225458468176
0.8209772535804549,0.9633225458468176
0.821148865799245,0.9633225458468176
0.8212112702424412,0.9633225458468176
0.821523292458423,0.9633225458468176
0.8215544946800212,0.9633225458468176
0.8219757246715966,0.9633225458468176
0.8220069268931948,0.9633225458468176
0.8221161346687884,0.9633225458468176
0.8221473368903865,0.9633225458468176
0.8224437579955692,0.9633225458468176
0.8224437579955692,0.963502337288745
0.8224905613279665,0.963502337288745
0.8224905613279665,0.9636821287306724
0.8227245779899529,0.9636821287306724
0.8227869824331493,0.9636821287306724
0.8230053979843365,0.9636821287306724
0.8230053979843365,0.9638619201725998
0.823083403538332,0.9638619201725998
0.823083403538332,0.9640417116145271
0.8234266279759119,0.9640417116145271
0.8234266279759119,0.9642215030564545
0.8234734313083092,0.9642215030564545
0.8234734313083092,0.9644012944983819
0.8235358357515055,0.9644012944983819
0.8235670379731037,0.9644012944983819
0.823613841305501,0.9644012944983819
0.823613841305501,0.9645810859403092
0.8238634590782864,0.9645810859403092
0.8238946612998845,0.9645810859403092
0.8240662735186746,0.9645810859403092
0.8240974757402727,0.9645810859403092
0.8241910824050672,0.9645810859403092
0.8242222846266655,0.9645810859403092
0.8242690879590627,0.9645810859403092
0.8243002901806609,0.9645810859403092
0.8243470935130581,0.9645810859403092
0.8243782957346563,0.9645810859403092
0.8245499079534463,0.9645810859403092
0.8245811101750444,0.9645810859403092
0.8249087335018254,0.9645810859403092
0.8249087335018254,0.9647608773822366
0.8251739523854098,0.9647608773822366
0.825205154607008,0.9647608773822366
0.8253455646041998,0.9647608773822366
0.825376766825798,0.9647608773822366
0.8254391712689944,0.9647608773822366
0.8254391712689944,0.964940668824164
0.825548379044588,0.964940668824164
0.8255795812661861,0.964940668824164
0.8257199912633779,0.964940668824164
0.8257511934849762,0.964940668824164
0.8259384068145652,0.964940668824164
0.8259696090361633,0.964940668824164
0.8264376423601361,0.964940668824164
0.8264688445817342,0.964940668824164
0.8274673156728759,0.964940668824164
0.8274673156728759,0.9651204602660913
0.8275141190052732,0.9651204602660913
0.8275453212268713,0.9651204602660913
0.8276077256700677,0.9651204602660913
0.8276389278916659,0.9651204602660913
0.8283253767668258,0.9651204602660913
0.828356578988424,0.9651204602660913
0.8284189834316203,0.9651204602660913
0.8284501856532185,0.9651204602660913
0.8284813878748167,0.9651204602660913
0.8285125900964149,0.9651204602660913
0.8285749945396113,0.9651204602660913
0.8285749945396113,0.9653002517080187
0.8287466067584012,0.9653002517080187
0.8287778089799994,0.9653002517080187
0.8289182189771912,0.9653002517080187
0.8289182189771912,0.9654800431499461
0.8289962245311866,0.9654800431499461
0.8289962245311866,0.9656598345918734
0.8290118256419857,0.9656598345918734
0.8290430278635839,0.9656598345918734
0.8295266622983556,0.9656598345918734
0.8295578645199538,0.9656598345918734
0.8296358700739492,0.9656598345918734
0.8296670722955475,0.9656598345918734
0.830291116727511,0.9656598345918734
0.830291116727511,0.9658396260338008
0.8303847233923055,0.9658396260338008
0.8304159256139038,0.9658396260338008
0.8306499422758901,0.9658396260338008
0.8306811444974882,0.9658396260338008
0.83099316671347,0.9658396260338008
0.83099316671347,0.9660194174757282
0.831523604480639,0.9660194174757282
0.8315548067022372,0.9660194174757282
0.8315860089238354,0.9660194174757282
0.8316172111454335,0.9660194174757282
0.8317576211426253,0.9660194174757282
0.8317576211426253,0.9661992089176555
0.8318512278074199,0.9661992089176555
0.8318512278074199,0.9663790003595829
0.8321008455802054,0.9663790003595829
0.8321320478018035,0.9663790003595829
0.8322724577989953,0.9663790003595829
0.8323036600205934,0.9663790003595829
0.8325532777933788,0.9663790003595829
0.8325532777933788,0.9665587918015103
0.8328184966769634,0.9665587918015103
0.8328496988985615,0.9665587918015103
0.8328965022309588,0.9665587918015103
0.832927704452557,0.9665587918015103
0.8330057100065524,0.9665587918015103
0.8330057100065524,0.9667385832434376
0.8330525133389497,0.9667385832434376
0.8330525133389497,0.966918374685365
0.8332553277793379,0.966918374685365
0.8332865300009361,0.966918374685365
0.8334893444413243,0.966918374685365
0.8335205466629224,0.966918374685365
0.833785765546507,0.966918374685365
0.8338169677681051,0.966918374685365
0.8344254110892696,0.966918374685365
0.8344254110892696,0.9670981661272924
0.8344878155324659,0.9670981661272924
0.8345502199756623,0.9670981661272924
0.8345814221972604,0.9670981661272924
0.8345814221972604,0.9672779575692197
0.834675028862055,0.9672779575692197
0.8347062310836532,0.9672779575692197
0.8347062310836532,0.9674577490111471
0.8348778433024431,0.9674577490111471
0.8348778433024431,0.9676375404530745
0.8358763143935848,0.9676375404530745
0.8358763143935848,0.9678173318950019
0.8363287466067584,0.9678173318950019
0.8363287466067584,0.9679971233369291
0.8363443477175575,0.9679971233369291
0.8363755499391556,0.9679971233369291
0.836437954382352,0.9679971233369291
0.836437954382352,0.9681769147788565
0.836952791038722,0.9681769147788565
0.836952791038722,0.9683567062207838
0.8375144310274891,0.9683567062207838
0.8375456332490874,0.9683567062207838
0.8378576554650691,0.9683567062207838
0.8378888576866673,0.9683567062207838
0.8382944865674437,0.9683567062207838
0.8383256887890418,0.9683567062207838
0.8383412898998409,0.9683567062207838
0.8384036943430372,0.9683567062207838
0.8384348965646354,0.9683567062207838
0.8384348965646354,0.9685364976627112
0.8391369465505945,0.9685364976627112
0.8391681487721926,0.9685364976627112
0.8402758276389279,0.9685364976627112
0.8402758276389279,0.9687162891046386
0.8405878498549096,0.9687162891046386
0.8406190520765079,0.9687162891046386
0.8407906642952978,0.9687162891046386
0.8408374676276951,0.9687162891046386
0.8414771131704577,0.9687162891046386
0.841508315392056,0.9687162891046386
0.8415863209460513,0.9687162891046386
0.8415863209460513,0.968896080546566
0.8418047364972386,0.968896080546566
0.8418047364972386,0.9690758719884933
0.8425379887047958,0.9690758719884933
0.8425691909263939,0.9690758719884933
0.8427720053667821,0.9690758719884933
0.8427720053667821,0.9692556634304207
0.8429904209179694,0.9692556634304207
0.8430216231395675,0.9692556634304207
0.8430528253611658,0.9692556634304207
0.8430528253611658,0.9694354548723481
0.8438172797903211,0.9694354548723481
0.8438484820119192,0.9694354548723481
0.8438952853443166,0.9694354548723481
0.8438952853443166,0.9696152463142754
0.8440824986739056,0.9696152463142754
0.8441137008955037,0.9696152463142754
0.8441293020063029,0.9696152463142754
0.8441293020063029,0.9697950377562028
0.8442073075602983,0.9697950377562028
0.8442073075602983,0.9699748291981302
0.8445973353302755,0.9699748291981302
0.8446285375518737,0.9699748291981302
0.8448937564354582,0.9699748291981302
0.8448937564354582,0.9701546206400575
0.84520577865144,0.9701546206400575
0.8452369808730381,0.9701546206400575
0.8457830197510062,0.9701546206400575
0.8457830197510062,0.9703344120819849
0.8462198508533808,0.9703344120819849
0.8462510530749789,0.9703344120819849
0.8463290586289743,0.9703344120819849
0.8463602608505726,0.9703344120819849
0.846609878623358,0.9703344120819849
0.8466410808449562,0.9703344120819849
0.8467190863989517,0.9703344120819849
0.8467502886205498,0.9703344120819849
0.8467814908421479,0.9703344120819849
0.8468126930637462,0.9703344120819849
0.8469219008393397,0.9703344120819849
0.846953103060938,0.9703344120819849
0.8470779119473306,0.9703344120819849
0.8471091141689289,0.9703344120819849
0.8472651252769197,0.9703344120819849
0.8472963274985179,0.9703344120819849
0.8477487597116915,0.9703344120819849
0.8477799619332896,0.9703344120819849
0.8477955630440888,0.9703344120819849
0.8478267652656869,0.9703344120819849
0.8478579674872851,0.9703344120819849
0.8478579674872851,0.9705142035239123
0.8487472308028332,0.9705142035239123
0.8487472308028332,0.9706939949658396
0.849074854129614,0.9706939949658396
0.849074854129614,0.970873786407767
0.8494024774563949,0.970873786407767
0.8494024774563949,0.9710535778496944
0.8494960841211894,0.9710535778496944
0.8494960841211894,0.9712333692916217
0.8495116852319885,0.9712333692916217
0.8495116852319885,0.9714131607335491
0.8501669318855503,0.9714131607335491
0.8501981341071484,0.9714131607335491
0.8502137352179475,0.9714131607335491
0.8502137352179475,0.9715929521754765
0.8502293363287466,0.9715929521754765
0.8502605385503448,0.9715929521754765
0.8507129707635184,0.9715929521754765
0.8507129707635184,0.9717727436174038
0.8507909763175138,0.9717727436174038
0.8507909763175138,0.9719525350593312
0.8514774251926737,0.9719525350593312
0.851524228525071,0.9719525350593312
0.85153982963587,0.9719525350593312
0.8515710318574683,0.9719525350593312
0.8520858685138382,0.9719525350593312
0.8520858685138382,0.9721323265012586
0.8522106774002309,0.9721323265012586
0.8522106774002309,0.972312117943186
0.8523510873974227,0.972312117943186
0.8523666885082218,0.9724919093851133
0.85239789072982,0.9724919093851133
0.8524758962838154,0.9724919093851133
0.8524758962838154,0.9726717008270407
0.8527723173889981,0.9726717008270407
0.8527879184997972,0.9728514922689679
0.8528035196105963,0.9728514922689679
0.8528347218321944,0.9728514922689679
0.8528971262753908,0.9728514922689679
0.8528971262753908,0.9730312837108953
0.852928328496989,0.9730312837108953
0.8531779462697744,0.9730312837108953
0.8532091484913726,0.9730312837108953
0.8532091484913726,0.9732110751528227
0.8532403507129708,0.9732110751528227
0.8532559518237699,0.9732110751528227
0.8533183562669662,0.9732110751528227
0.8535991762613498,0.9732110751528227
0.8535991762613498,0.97339086659475
0.8536927829261444,0.97339086659475
0.8536927829261444,0.9735706580366774
0.8542856251365097,0.9735706580366774
0.8543168273581079,0.9735706580366774
0.854519641798496,0.9735706580366774
0.8545508440200942,0.9735706580366774
0.8546912540172861,0.9735706580366774
0.8547224562388842,0.9735706580366774
0.8548784673468751,0.9735706580366774
0.8548784673468751,0.9737504494786048
0.8549096695684733,0.9737504494786048
0.8551904895628569,0.9737504494786048
0.8551904895628569,0.9741100323624595
0.8555025117788386,0.9741100323624595
0.8555337140004369,0.9741100323624595
0.8556273206652314,0.9741100323624595
0.8556585228868295,0.9741100323624595
0.8559861462136104,0.9741100323624595
0.8560173484352086,0.9741100323624595
0.8566881961995694,0.9741100323624595
0.8567193984211676,0.9741100323624595
0.8568130050859621,0.9741100323624595
0.8568442073075603,0.9741100323624595
0.8568910106399575,0.9741100323624595
0.8569534150831539,0.9741100323624595
0.857140628412743,0.9741100323624595
0.8571718306343412,0.9741100323624595
0.8572498361883366,0.9741100323624595
0.8572810384099347,0.9741100323624595
0.8576086617367157,0.9741100323624595
0.8576398639583138,0.9741100323624595
0.857842678398702,0.9741100323624595
0.8578738806203001,0.9741100323624595
0.8582171050578801,0.9741100323624595
0.8582171050578801,0.9742898238043869
0.8582639083902774,0.9742898238043869
0.8582951106118756,0.9742898238043869
0.8585603294954601,0.9742898238043869
0.8585603294954601,0.9744696152463143
0.8586227339386564,0.9744696152463143
0.8586539361602546,0.9744696152463143
0.8590127617086336,0.9744696152463143
0.8590439639302319,0.9744696152463143
0.8594339917002091,0.9744696152463143
0.8594651939218072,0.9744696152463143
0.8595744016974008,0.9744696152463143
0.859605603918999,0.9744696152463143
0.8596212050297981,0.9744696152463143
0.8596368061405972,0.9746494066882416
0.8596836094729945,0.9746494066882416
0.8597148116945926,0.9746494066882416
0.8597148116945926,0.974829198130169
0.8597616150269899,0.974829198130169
0.8597928172485881,0.974829198130169
0.8599956316889763,0.974829198130169
0.8599956316889763,0.9750089895720964
0.8600112327997753,0.9750089895720964
0.8600424350213736,0.9750089895720964
0.860307653904958,0.9750089895720964
0.8603388561265563,0.9750089895720964
0.8604636650129489,0.9750089895720964
0.860494867234547,0.9750089895720964
0.8608068894505289,0.9750089895720964
0.8608068894505289,0.9751887810140237
0.8608692938937252,0.9751887810140237
0.8609004961153234,0.9751887810140237
0.8609316983369216,0.9751887810140237
0.8609629005585198,0.9751887810140237
0.8609785016693189,0.9751887810140237
0.8609785016693189,0.9753685724559511
0.8610409061125152,0.9753685724559511
0.8610409061125152,0.9755483638978785
0.8610721083341134,0.9755483638978785
0.8611033105557115,0.9755483638978785
0.861181316109707,0.9755483638978785
0.8612125183313052,0.9755483638978785
0.8616181472120815,0.9755483638978785
0.8616493494336797,0.9755483638978785
0.8616493494336797,0.9757281553398058
0.861711753876876,0.9757281553398058
0.8617585572092733,0.9757281553398058
0.8620861805360541,0.9757281553398058
0.8621173827576524,0.9757281553398058
0.8622577927548442,0.9757281553398058
0.8622889949764423,0.9757281553398058
0.8631470560703922,0.9757281553398058
0.8631782582919904,0.9757281553398058
0.8634902805079722,0.9757281553398058
0.8635214827295703,0.9757281553398058
0.8640363193859403,0.9757281553398058
0.8640675216075384,0.9757281553398058
0.8642235327155293,0.9757281553398058
0.8642547349371276,0.9757281553398058
0.864504352709913,0.9757281553398058
0.8645355549315111,0.9757281553398058
0.8648943804798902,0.9757281553398058
0.8649255827014883,0.9757281553398058
0.8653000093606665,0.9757281553398058
0.8653312115822647,0.9757281553398058
0.8654716215794565,0.9757281553398058
0.8655028238010546,0.9757281553398058
0.8655496271334518,0.9757281553398058
0.8655808293550501,0.9757281553398058
0.86575244157384,0.9757281553398058
0.8657836437954383,0.9757281553398058
0.8663296826734064,0.9757281553398058
0.8663608848950045,0.9757281553398058
0.8665324971137945,0.9757281553398058
0.8665636993353927,0.9757281553398058
0.8666417048893881,0.9757281553398058
0.8666417048893881,0.9759079467817332
0.8668601204405754,0.9759079467817332
0.8668601204405754,0.9760877382236606
0.8669537271053699,0.9760877382236606
0.8669849293269681,0.9760877382236606
0.8670629348809635,0.9760877382236606
0.8670629348809635,0.9762675296655879
0.8670941371025617,0.9762675296655879
0.8671253393241599,0.9762675296655879
0.8672345470997535,0.9762675296655879
0.8672345470997535,0.9764473211075153
0.8673281537645481,0.9764473211075153
0.8673593559861462,0.9764473211075153
0.8678273893101189,0.9764473211075153
0.8678585915317171,0.9764473211075153
0.8680458048613061,0.9764473211075153
0.8680458048613061,0.9766271125494427
0.8684670348528816,0.9766271125494427
0.8684670348528816,0.97680690399137
0.8687790570688633,0.97680690399137
0.8688102592904615,0.97680690399137
0.8689974726200506,0.97680690399137
0.8690286748416487,0.97680690399137
0.869247090392836,0.97680690399137
0.8692782926144341,0.97680690399137
0.8695279103872195,0.97680690399137
0.8695279103872195,0.9769866954332974
0.8697931292708041,0.9769866954332974
0.8698243314924022,0.9769866954332974
0.8698555337140005,0.9769866954332974
0.8698555337140005,0.9771664868752248
0.8701519548191832,0.9771664868752248
0.8701831570407813,0.9771664868752248
0.8702143592623794,0.9771664868752248
0.8702143592623794,0.9773462783171522
0.8705263814783613,0.9773462783171522
0.8705575836999594,0.9773462783171522
0.8706043870323567,0.9773462783171522
0.8706355892539549,0.9773462783171522
0.870651190364754,0.9773462783171522
0.8706823925863522,0.9773462783171522
0.8708072014727448,0.9773462783171522
0.8708384036943431,0.9773462783171522
0.8708696059159412,0.9773462783171522
0.8709008081375393,0.9773462783171522
0.8721800992230647,0.9773462783171522
0.8722113014446629,0.9773462783171522
0.872226902555462,0.9773462783171522
0.872226902555462,0.9775260697590795
0.872242503666261,0.9775260697590795
0.872242503666261,0.9777058612010069
0.8725077225498455,0.9777058612010069
0.8725389247714437,0.9777058612010069
0.8726637336578364,0.9777058612010069
0.8726637336578364,0.9778856526429341
0.8731785703142064,0.9778856526429341
0.8731785703142064,0.9780654440848615
0.8733657836437955,0.9780654440848615
0.8733969858653936,0.9780654440848615
0.8735217947517864,0.9780654440848615
0.8735217947517864,0.9782452355267889
0.873989828075759,0.9782452355267889
0.873989828075759,0.9784250269687162
0.8752535180504852,0.9784250269687162
0.8752691191612842,0.9786048184106436
0.8753003213828825,0.9786048184106436
0.8753315236044806,0.9786048184106436
0.875737152485257,0.9786048184106436
0.875737152485257,0.978784609852571
0.8760335735904397,0.978784609852571
0.8760335735904397,0.9789644012944984
0.8762363880308278,0.9789644012944984
0.8762363880308278,0.9791441927364257
0.8770164435707822,0.9791441927364257
0.8770476457923804,0.9791441927364257
0.8774376735623577,0.9791441927364257
0.8774688757839558,0.9791441927364257
0.8775156791163531,0.9791441927364257
0.8775468813379512,0.9791441927364257
0.8777028924459421,0.9791441927364257
0.8777496957783394,0.9791441927364257
0.8779681113295267,0.9791441927364257
0.8779993135511248,0.9791441927364257
0.8781085213267185,0.9791441927364257
0.8781397235483166,0.9791441927364257
0.8781397235483166,0.9793239841783531
0.8782957346563075,0.9793239841783531
0.8783581390995039,0.9793239841783531
0.8784985490966957,0.9793239841783531
0.8785297513182939,0.9793239841783531
0.8786545602046866,0.9793239841783531
0.8786857624262847,0.9793239841783531
0.8787637679802802,0.9793239841783531
0.8787949702018784,0.9793239841783531
0.8788573746450747,0.9793239841783531
0.8788573746450747,0.9795037756202805
0.8794658179662392,0.9795037756202805
0.8794970201878374,0.9795037756202805
0.8803394801709882,0.9795037756202805
0.8803394801709882,0.9796835670622078
0.8803550812817873,0.9796835670622078
0.8803550812817873,0.9798633585041352
0.8806046990545727,0.9798633585041352
0.8806359012761709,0.9798633585041352
0.8815719679241162,0.9798633585041352
0.8816031701457143,0.9798633585041352
0.8816343723673126,0.9798633585041352
0.8816811756997098,0.9798633585041352
0.8827732534556461,0.9798633585041352
0.8828044556772442,0.9798633585041352
0.8829760678960342,0.9798633585041352
0.8830072701176324,0.9798633585041352
0.8832724890012169,0.9798633585041352
0.8832724890012169,0.9800431499460626
0.883303691222815,0.9800431499460626
0.8833348934444133,0.9800431499460626
0.8839589378763768,0.9800431499460626
0.8839589378763768,0.9802229413879899
0.8841149489843677,0.9802229413879899
0.8841149489843677,0.9804027328299173
0.8842865612031576,0.9804027328299173
0.8843177634247559,0.9804027328299173
0.8844581734219477,0.9804027328299173
0.8844893756435458,0.9804027328299173
0.8845517800867422,0.9804027328299173
0.8845829823083403,0.9804027328299173
0.8851290211863084,0.9804027328299173
0.8851290211863084,0.9805825242718447
0.8852070267403039,0.9805825242718447
0.8852382289619021,0.9805825242718447
0.8853318356266966,0.9805825242718447
0.8853630378482948,0.9805825242718447
0.8857218633966738,0.9805825242718447
0.885753065618272,0.9805825242718447
0.8858466722830666,0.9805825242718447
0.8858778745046647,0.9805825242718447
0.8864083122718338,0.9805825242718447
0.886439514493432,0.9805825242718447
0.88681394115261,0.9805825242718447
0.88681394115261,0.980762315713772
0.8872975755873819,0.980762315713772
0.8873443789197791,0.980762315713772
0.888030827794939,0.980762315713772
0.888030827794939,0.9809421071556994
0.8883116477893226,0.9809421071556994
0.8883428500109207,0.9809421071556994
0.8884052544541171,0.9809421071556994
0.8884364566757154,0.9809421071556994
0.888904489999688,0.9809421071556994
0.8889356922212861,0.9809421071556994
0.8892945177696652,0.9809421071556994
0.8893257199912634,0.9809421071556994
0.8895285344316516,0.9809421071556994
0.8895597366532497,0.9809421071556994
0.8897469499828388,0.9809421071556994
0.8897781522044369,0.9809421071556994
0.8907766232955786,0.9809421071556994
0.8907766232955786,0.9811218985976268
0.8909014321819714,0.9811218985976268
0.8909014321819714,0.9813016900395541
0.891026241068364,0.9813016900395541
0.8910574432899623,0.9813016900395541
0.8911510499547568,0.9813016900395541
0.8911822521763549,0.9813016900395541
0.8913226621735467,0.9813016900395541
0.8913850666167431,0.9813016900395541
0.8914162688383412,0.9813016900395541
0.8914474710599395,0.9813016900395541
0.8915254766139349,0.9813016900395541
0.8915566788355331,0.9813016900395541
0.8918530999407158,0.9813016900395541
0.8918530999407158,0.9814814814814815
0.8920403132703049,0.9814814814814815
0.892071515491903,0.9814814814814815
0.8921651221566975,0.9814814814814815
0.8921963243782958,0.9814814814814815
0.8923991388186839,0.9814814814814815
0.8924303410402821,0.9814814814814815
0.8924459421510812,0.9814814814814815
0.8924459421510812,0.9816612729234089
0.892586352148273,0.9816612729234089
0.8926175543698711,0.9816612729234089
0.892773565477862,0.9816612729234089
0.892773565477862,0.9818410643653362
0.8928203688102593,0.9818410643653362
0.8928515710318574,0.9818410643653362
0.894333676557771,0.9818410643653362
0.894333676557771,0.9820208558072636
0.8943804798901682,0.9820208558072636
0.8943804798901682,0.982200647249191
0.8944428843333645,0.982200647249191
0.8944428843333645,0.9823804386911184
0.8953009454273144,0.9823804386911184
0.8953009454273144,0.9825602301330457
0.8953165465381135,0.9825602301330457
0.8953477487597117,0.9825602301330457
0.8953633498705108,0.9825602301330457
0.8953945520921089,0.9825602301330457
0.8956441698648944,0.9825602301330457
0.8956909731972916,0.9825602301330457
0.8965178320696433,0.9825602301330457
0.8965178320696433,0.982740021574973
0.8969234609504196,0.982740021574973
0.8969546631720179,0.982740021574973
0.8970326687260133,0.982740021574973
0.8970638709476114,0.982740021574973
0.8971730787232051,0.982740021574973
0.8972042809448033,0.982740021574973
0.8972198820556023,0.982740021574973
0.8972198820556023,0.9829198130169003
0.8978751287091641,0.9829198130169003
0.8979063309307622,0.9829198130169003
0.8979687353739586,0.9829198130169003
0.8979687353739586,0.9830996044588277
0.8985147742519267,0.9830996044588277
0.898545976473525,0.9830996044588277
0.8985771786951231,0.9830996044588277
0.8985771786951231,0.9832793959007551
0.8991856220162876,0.9832793959007551
0.8992168242378857,0.9832793959007551
0.899263627570283,0.9832793959007551
0.899263627570283,0.9834591873426825
0.899606852007863,0.9834591873426825
0.899606852007863,0.9836389787846098
0.8999812786670411,0.9836389787846098
0.9000124808886393,0.9836389787846098
0.9004025086586165,0.9836389787846098
0.9004025086586165,0.9838187702265372
0.9004649131018129,0.9838187702265372
0.900496115323411,0.9838187702265372
0.9005117164342101,0.9838187702265372
0.9005429186558083,0.9838187702265372
0.9005741208774065,0.9838187702265372
0.9006053230990047,0.9838187702265372
0.900839339760991,0.9838187702265372
0.900839339760991,0.9839985616684646
0.9008705419825892,0.9839985616684646
0.9008705419825892,0.9841783531103919
0.9012293675309682,0.9841783531103919
0.9012293675309682,0.9843581445523193
0.9012917719741645,0.9843581445523193
0.9012917719741645,0.9845379359942467
0.9014945864145527,0.9845379359942467
0.9015257886361508,0.9845379359942467
0.9017442041873381,0.9845379359942467
0.9017442041873381,0.984717727436174
0.9021342319573153,0.984717727436174
0.9021654341789135,0.984717727436174
0.9027270741676807,0.984717727436174
0.9027270741676807,0.9848975188781014
0.9027426752784798,0.9848975188781014
0.902773877500078,0.9848975188781014
0.9033199163780461,0.9848975188781014
0.9033511185996443,0.9848975188781014
0.9036163374832288,0.9848975188781014
0.9036163374832288,0.9850773103200288
0.9037411463696216,0.9850773103200288
0.9037723485912197,0.9850773103200288
0.9042559830259914,0.9850773103200288
0.9042559830259914,0.9852571017619561
0.9049580330119504,0.9852571017619561
0.9049580330119504,0.9854368932038835
0.9051296452307405,0.9854368932038835
0.9051608474523386,0.9854368932038835
0.9052076507847359,0.9854368932038835
0.905238853006334,0.9854368932038835
0.905238853006334,0.9856166846458109
0.9056756841087086,0.9856166846458109
0.9057068863303067,0.9856166846458109
0.9061749196542794,0.9856166846458109
0.9062061218758776,0.9856166846458109
0.9072669974102157,0.9856166846458109
0.9072981996318138,0.9856166846458109
0.9079378451745764,0.9856166846458109
0.9079690473961746,0.9856166846458109
0.9089987207089145,0.9856166846458109
0.9090299229305127,0.9856166846458109
0.909092327373709,0.9856166846458109
0.9091547318169053,0.9856166846458109
0.9093263440356953,0.9856166846458109
0.9093731473680926,0.9856166846458109
0.9093731473680926,0.9857964760877382
0.9097163718056726,0.9857964760877382
0.9097475740272707,0.9857964760877382
0.9099035851352616,0.9857964760877382
0.9099035851352616,0.9859762675296656
0.9099815906892571,0.9859762675296656
0.9100127929108552,0.9859762675296656
0.910324815126837,0.9859762675296656
0.910324815126837,0.986156058971593
0.9106992417860151,0.986156058971593
0.9107304440076134,0.986156058971593
0.9114948984367687,0.986156058971593
0.9114948984367687,0.9863358504135203
0.9119629317607414,0.9863358504135203
0.9119629317607414,0.9865156418554477
0.9122125495335268,0.9865156418554477
0.9122125495335268,0.9866954332973751
0.9129770039626821,0.9866954332973751
0.9129770039626821,0.9868752247393024
0.9133202284002621,0.9868752247393024
0.9133514306218603,0.9868752247393024
0.9136166495054447,0.9868752247393024
0.9136166495054447,0.9870550161812298
0.9139598739430247,0.9870550161812298
0.9139598739430247,0.9872348076231572
0.9140846828294175,0.9872348076231572
0.9141158850510156,0.9872348076231572
0.914708727261381,0.9872348076231572
0.9147399294829792,0.9872348076231572
0.9149739461449655,0.9872348076231572
0.9149739461449655,0.9874145990650846
0.9151767605853537,0.9874145990650846
0.9152079628069518,0.9874145990650846
0.9152547661393491,0.9874145990650846
0.9152859683609473,0.9874145990650846
0.9165340572248745,0.9874145990650846
0.9165340572248745,0.9875943905070119
0.9167836749976598,0.9875943905070119
0.9167836749976598,0.9877741819489392
0.9168304783300572,0.9877741819489392
0.9168616805516553,0.9877741819489392
0.9170020905488471,0.9877741819489392
0.9170332927704452,0.9877741819489392
0.9171112983244407,0.9877741819489392
0.9171112983244407,0.9879539733908665
0.9177509438672034,0.9879539733908665
0.9177821460888015,0.9879539733908665
0.9180629660831852,0.9879539733908665
0.9180941683047833,0.9879539733908665
0.9182657805235733,0.9879539733908665
0.9182657805235733,0.9881337648327939
0.9186870105151487,0.9881337648327939
0.9186870105151487,0.9883135562747213
0.9187494149583451,0.9883135562747213
0.9187806171799432,0.9883135562747213
0.9215888171237792,0.9883135562747213
0.9215888171237792,0.9884933477166487
0.9225092826609255,0.9884933477166487
0.9225404848825236,0.9884933477166487
0.9230085182064963,0.9884933477166487
0.9230085182064963,0.988673139158576
0.9231489282036881,0.988673139158576
0.9231489282036881,0.9888529306005034
0.9232113326468845,0.9888529306005034
0.9232425348684826,0.9888529306005034
0.9237729726356516,0.9888529306005034
0.9238041748572499,0.9888529306005034
0.9241786015164279,0.9888529306005034
0.9242098037380262,0.9888529306005034
0.9244126181784144,0.9888529306005034
0.9244126181784144,0.9890327220424308
0.9246466348404007,0.9890327220424308
0.9246466348404007,0.9892125134843581
0.9246622359511997,0.9892125134843581
0.9246934381727979,0.9892125134843581
0.9250834659427751,0.9892125134843581
0.9251146681643733,0.9892125134843581
0.9252706792723642,0.9892125134843581
0.9253018814939624,0.9892125134843581
0.926284751474305,0.9892125134843581
0.926284751474305,0.9893923049262855
0.9265967736902867,0.9893923049262855
0.9265967736902867,0.9895720963682129
0.9267059814658803,0.9895720963682129
0.9267371836874786,0.9895720963682129
0.9271272114574558,0.9895720963682129
0.9271272114574558,0.9897518878101402
0.9286405192049674,0.9897518878101402
0.9286405192049674,0.9899316792520676
0.9286873225373646,0.9899316792520676
0.9287185247589629,0.9899316792520676
0.9289993447533464,0.9899316792520676
0.9290305469749446,0.9899316792520676
0.92928016474773,0.9899316792520676
0.92928016474773,0.990111470693995
0.9294205747449218,0.990111470693995
0.92945177696652,0.990111470693995
0.9295921869637118,0.990111470693995
0.92962338918531,0.990111470693995
0.92962338918531,0.9902912621359223
0.9299354114012918,0.9902912621359223
0.9299354114012918,0.9904710535778497
0.9299666136228899,0.9904710535778497
0.9299978158444882,0.9904710535778497
0.9303722425036662,0.9904710535778497
0.9304034447252645,0.9904710535778497
0.9308870791600362,0.9904710535778497
0.9308870791600362,0.9906508450197771
0.9309494836032326,0.9906508450197771
0.9309806858248307,0.9906508450197771
0.931199101376018,0.9906508450197771
0.931199101376018,0.9908306364617044
0.9320259602483697,0.9908306364617044
0.9320259602483697,0.9910104279036318
0.9324783924615433,0.9910104279036318
0.9324783924615433,0.9911902193455592
0.9330400324503104,0.9911902193455592
0.9330712346719087,0.9911902193455592
0.9340697057630504,0.9911902193455592
0.9341009079846485,0.9911902193455592
0.9346001435302194,0.9911902193455592
0.9346313457518175,0.9911902193455592
0.9356298168429592,0.9911902193455592
0.9356610190645573,0.9911902193455592
0.9360978501669319,0.9911902193455592
0.9361290523885301,0.9911902193455592
0.9379231801304253,0.9911902193455592
0.9379231801304253,0.9913700107874865
0.9382820056788044,0.9913700107874865
0.9382820056788044,0.9915498022294139
0.9386720334487816,0.9915498022294139
0.9387032356703797,0.9915498022294139
0.9390464601079597,0.9915498022294139
0.9390464601079597,0.9917295936713413
0.9390776623295579,0.9917295936713413
0.939108864551156,0.9917295936713413
0.9394988923211333,0.9917295936713413
0.9394988923211333,0.9919093851132686
0.9397641112047178,0.9919093851132686
0.9397641112047178,0.992089176555196
0.9407937845174577,0.992089176555196
0.9407937845174577,0.9922689679971234
0.9414802333926175,0.9922689679971234
0.9415114356142157,0.9922689679971234
0.9415738400574121,0.9922689679971234
0.9415738400574121,0.9924487594390508
0.9416206433898093,0.9924487594390508
0.9416518456114076,0.9924487594390508
0.9426347155917502,0.9924487594390508
0.9426659178133483,0.9924487594390508
0.9427751255889419,0.9924487594390508
0.9428063278105401,0.9924487594390508
0.9429779400293301,0.9924487594390508
0.9429779400293301,0.992628550880978
0.9440700177852663,0.992628550880978
0.9440700177852663,0.9928083423229054
0.9449280788792161,0.9928083423229054
0.9449592811008144,0.9928083423229054
0.9451620955412026,0.9928083423229054
0.9451932977628007,0.9928083423229054
0.9458173421947643,0.9928083423229054
0.9458173421947643,0.9929881337648327
0.945942151081157,0.9929881337648327
0.945942151081157,0.9931679252067601
0.9465037910699242,0.9931679252067601
0.9465037910699242,0.9933477166486875
0.9476582732690567,0.9933477166486875
0.9476582732690567,0.9935275080906149
0.9488127554681893,0.9935275080906149
0.9488127554681893,0.9938870909744696
0.9489375643545821,0.9938870909744696
0.9489687665761802,0.9938870909744696
0.9495460076757465,0.9938870909744696
0.9495460076757465,0.994066882416397
0.9517457642984181,0.994066882416397
0.9517769665200162,0.994066882416397
0.9519329776280071,0.994066882416397
0.9519797809604044,0.994066882416397
0.9520109831820026,0.994066882416397
0.9520421854036007,0.994066882416397
0.9522293987331898,0.994066882416397
0.9522606009547879,0.994066882416397
0.9526662298355643,0.994066882416397
0.9526662298355643,0.9942466738583243
0.9540391275858842,0.9942466738583243
0.9540703298074823,0.9942466738583243
0.9541015320290804,0.9942466738583243
0.9541015320290804,0.9944264653002517
0.9545695653530532,0.9944264653002517
0.9545695653530532,0.9946062567421791
0.9546007675746513,0.9946062567421791
0.955599238665793,0.9946062567421791
0.9556304408873911,0.9946062567421791
0.9557396486629848,0.9946062567421791
0.9557396486629848,0.9947860481841064
0.9559736653249712,0.9947860481841064
0.9560048675465693,0.9947860481841064
0.9567225186433274,0.9947860481841064
0.9567225186433274,0.9949658396260338
0.9572685575212955,0.9949658396260338
0.9572997597428937,0.9949658396260338
0.9574245686292864,0.9949658396260338
0.9574557708508846,0.9949658396260338
0.9576429841804737,0.9949658396260338
0.9576429841804737,0.9951456310679612
0.9580954163936473,0.9951456310679612
0.9581266186152454,0.9951456310679612
0.9582670286124372,0.9951456310679612
0.9582982308340354,0.9951456310679612
0.9585322474960217,0.9951456310679612
0.9585634497176199,0.9951456310679612
0.958766264158008,0.9951456310679612
0.958766264158008,0.9953254225098885
0.9589222752659989,0.9953254225098885
0.9589534774875971,0.9953254225098885
0.9591562919279852,0.9953254225098885
0.9591874941495835,0.9953254225098885
0.9597491341383506,0.9953254225098885
0.9597803363599489,0.9953254225098885
0.960326375237917,0.9953254225098885
0.9603575774595151,0.9953254225098885
0.960513588567506,0.9953254225098885
0.960513588567506,0.9955052139518159
0.9607944085618896,0.9955052139518159
0.9607944085618896,0.9956850053937433
0.9618396829854285,0.9956850053937433
0.9618708852070268,0.9956850053937433
0.9619644918718213,0.9956850053937433
0.9619956940934195,0.9956850053937433
0.9631501762925521,0.9956850053937433
0.9631501762925521,0.9958647968356706
0.9631969796249493,0.9958647968356706
0.9631969796249493,0.996044588277598
0.9634621985085338,0.996044588277598
0.963493400730132,0.996044588277598
0.9642734562700864,0.996044588277598
0.9643046584916846,0.996044588277598
0.9643982651564792,0.996044588277598
0.9644294673780773,0.996044588277598
0.964538675153671,0.996044588277598
0.9645698773752691,0.996044588277598
0.9647882929264564,0.996044588277598
0.9647882929264564,0.9962243797195254
0.9650223095884427,0.9962243797195254
0.9650535118100408,0.9962243797195254
0.9655215451340136,0.9962243797195254
0.9655527473556117,0.9962243797195254
0.9656931573528035,0.9962243797195254
0.9656931573528035,0.9964041711614527
0.9661611906767762,0.9964041711614527
0.9662235951199726,0.9964041711614527
0.9665356173359543,0.9964041711614527
0.9665668195575525,0.9964041711614527
0.9669880495491279,0.9964041711614527
0.9670192517707261,0.9964041711614527
0.9675652906486942,0.9964041711614527
0.9676120939810915,0.9964041711614527
0.9677525039782833,0.9964041711614527
0.9677837061998814,0.9964041711614527
0.9688913850666168,0.9964041711614527
0.9689225872882149,0.9964041711614527
0.9691098006178039,0.9964041711614527
0.9691410028394022,0.9964041711614527
0.9697338450497676,0.9964041711614527
0.9697650472713657,0.9964041711614527
0.9712471527972791,0.9964041711614527
0.9712783550188774,0.9964041711614527
0.9721052138912291,0.9964041711614527
0.9721364161128272,0.9964041711614527
0.9725108427720054,0.9964041711614527
0.9725420449936035,0.9964041711614527
0.9726824549907953,0.9964041711614527
0.9726824549907953,0.9965839626033801
0.9726980561015944,0.9965839626033801
0.9726980561015944,0.9967637540453075
0.9730412805391744,0.9967637540453075
0.9730412805391744,0.9969435454872349
0.9731192860931699,0.9969435454872349
0.973150488314768,0.9969435454872349
0.9734313083091516,0.9969435454872349
0.9734625105307498,0.9969435454872349
0.9736653249711379,0.9969435454872349
0.9736965271927361,0.9969435454872349
0.9739461449655216,0.9969435454872349
0.9739773471871197,0.9969435454872349
0.9745233860650878,0.9969435454872349
0.9745233860650878,0.9971233369291622
0.9750070204998595,0.9971233369291622
0.9750382227214578,0.9971233369291622
0.9753190427158414,0.9971233369291622
0.9753190427158414,0.9973031283710896
0.9753658460482386,0.9973031283710896
0.9753970482698369,0.9973031283710896
0.9754594527130331,0.9973031283710896
0.9754906549346314,0.9973031283710896
0.9755062560454304,0.9973031283710896
0.9755374582670286,0.9973031283710896
0.9756934693750196,0.9973031283710896
0.9757246715966177,0.9973031283710896
0.9758494804830103,0.9973031283710896
0.9758806827046086,0.9973031283710896
0.9759118849262067,0.9973031283710896
0.975943087147805,0.9973031283710896
0.9760522949233985,0.9973031283710896
0.9760834971449968,0.9973031283710896
0.9777684171112984,0.9973031283710896
0.9777996193328965,0.9973031283710896
0.9780180348840838,0.9973031283710896
0.9780492371056819,0.9973031283710896
0.9782520515460701,0.9973031283710896
0.9782832537676682,0.9973031283710896
0.9784704670972574,0.9973031283710896
0.9785016693188555,0.9973031283710896
0.9786888826484446,0.9973031283710896
0.9787512870916409,0.9973031283710896
0.9788916970888327,0.9973031283710896
0.9789228993104309,0.9973031283710896
0.9792037193048145,0.9973031283710896
0.9792349215264127,0.9973031283710896
0.9793285281912072,0.9973031283710896
0.9793597304128054,0.9973031283710896
0.9794377359668008,0.9973031283710896
0.979468938188399,0.9973031283710896
0.9807638303847234,0.9973031283710896
0.9807950326063216,0.9973031283710896
0.980873038160317,0.9973031283710896
0.9809042403819151,0.9973031283710896
0.9812474648194951,0.9973031283710896
0.9812786670410933,0.9973031283710896
0.9813098692626915,0.9973031283710896
0.9813410714842897,0.9973031283710896
0.9817623014758651,0.9973031283710896
0.9817935036974632,0.9973031283710896
0.981918312583856,0.9973031283710896
0.981918312583856,0.997482919813017
0.9819963181378514,0.997482919813017
0.9820275203594496,0.997482919813017
0.9822615370214359,0.997482919813017
0.9822927392430341,0.997482919813017
0.9825891603482168,0.997482919813017
0.982620362569815,0.997482919813017
0.9829947892289931,0.997482919813017
0.9830259914505913,0.997482919813017
0.9832600081125776,0.997482919813017
0.9832912103341758,0.997482919813017
0.9837592436581485,0.997482919813017
0.9837592436581485,0.9976627112549442
0.9840868669849293,0.9976627112549442
0.9840868669849293,0.9978425026968716
0.9841024680957284,0.9978425026968716
0.9841336703173266,0.9978425026968716
0.9842584792037193,0.9978425026968716
0.9842896814253175,0.9978425026968716
0.9843364847577147,0.9978425026968716
0.9843676869793129,0.9978425026968716
0.9846173047520983,0.9978425026968716
0.9846485069736965,0.9978425026968716
0.9849449280788792,0.9978425026968716
0.9849449280788792,0.998022294138799
0.9851945458516647,0.998022294138799
0.985256950294861,0.998022294138799
0.9855845736216419,0.998022294138799
0.98561577584324,0.998022294138799
0.9856781802864364,0.998022294138799
0.9857093825080345,0.998022294138799
0.9866298480451808,0.998022294138799
0.9866766513775781,0.998022294138799
0.9876127180255234,0.998022294138799
0.9876127180255234,0.9982020855807263
0.987893538019907,0.9982020855807263
0.9879247402415052,0.9982020855807263
0.9882835657898842,0.9982020855807263
0.9883147680114824,0.9982020855807263
0.9883771724546788,0.9982020855807263
0.9883771724546788,0.9983818770226537
0.9885643857842679,0.9983818770226537
0.988595588005866,0.9983818770226537
0.9886891946706605,0.9983818770226537
0.9887203968922588,0.9983818770226537
0.9897188679834004,0.9983818770226537
0.9897188679834004,0.998561668464581
0.9901556990857749,0.998561668464581
0.9901556990857749,0.9987414599065084
0.9904677213017566,0.9987414599065084
0.9904677213017566,0.9989212513484358
0.9905769290773503,0.9989212513484358
0.9906081312989485,0.9989212513484358
0.9909045524041312,0.9989212513484358
0.9909357546257294,0.9989212513484358
0.9912009735093139,0.9989212513484358
0.991232175730912,0.9989212513484358
0.9914817935036975,0.9989212513484358
0.9915129957252956,0.9989212513484358
0.9915285968360947,0.9989212513484358
0.9915285968360947,0.9991010427903632
0.991575400168492,0.9991010427903632
0.9916066023900901,0.9991010427903632
0.991762613498081,0.9991010427903632
0.9917938157196793,0.9991010427903632
0.9918718212736747,0.9991010427903632
0.9919030234952728,0.9991010427903632
0.9920746357140628,0.9991010427903632
0.992105837935661,0.9991010427903632
0.9921526412680582,0.9991010427903632
0.9921838434896565,0.9991010427903632
0.9924490623732409,0.9991010427903632
0.9924958657056382,0.9991010427903632
0.9926362757028301,0.9991010427903632
0.9926674779244282,0.9991010427903632
0.9930887079160036,0.9991010427903632
0.9931199101376018,0.9991010427903632
0.9934943367967799,0.9991010427903632
0.9935255390183781,0.9991010427903632
0.9936035445723735,0.9991010427903632
0.9936347467939717,0.9991010427903632
0.9941651845611408,0.9991010427903632
0.9941963867827389,0.9991010427903632
0.9941963867827389,0.9992808342322905
0.9942431901151362,0.9992808342322905
0.9942431901151362,0.9994606256742179
0.9951480545414834,0.9994606256742179
0.9951480545414834,0.9996404171161453
0.9963961434054105,0.9996404171161453
0.9964273456270086,0.9996404171161453
0.9964585478486068,0.9996404171161453
0.9964585478486068,0.9998202085580726
0.9968641767293831,0.9998202085580726
0.9968953789509813,0.9998202085580726
0.9969577833941776,0.9998202085580726
0.9969889856157759,0.9998202085580726
0.9973478111641549,0.9998202085580726
0.9973790133857531,0.9998202085580726
0.9976442322693376,0.9998202085580726
0.9976754344909358,0.9998202085580726
0.9986115011388811,0.9998202085580726
0.9986115011388811,1.0
0.9993603544572374,1.0
0.9993915566788355,1.0
1.0,1.0
