log_likelihood,partial_aic,concordance_index,n
-12212604.523207264,24425251.046414528,0.6595683532200382,1283156
