log_likelihood,partial_aic,concordance_index,n
-4151324.5012830766,8302691.002566153,0.5669858813585518,361710
