log_likelihood,partial_aic,concordance_index,n
-4151260.119811808,8302562.239623616,0.5669852990519045,361710
