model,fpr,tpr
Naive Majority Class,0.0,0.0
Naive Majority Class,1.0,1.0
Logistic Regression,0.0,0.0
Logistic Regression,1.560378859987205e-05,0.0
Logistic Regression,4.6811365799616146e-05,0.0
Logistic Regression,4.6811365799616146e-05,0.00017943656917279743
Logistic Regression,6.24151543994882e-05,0.00017943656917279743
Logistic Regression,6.24151543994882e-05,0.00035887313834559486
Logistic Regression,7.801894299936025e-05,0.00035887313834559486
Logistic Regression,7.801894299936025e-05,0.0010766194150367845
Logistic Regression,9.362273159923229e-05,0.0014354925533823794
Logistic Regression,0.00010922652019910435,0.0016149291225551767
Logistic Regression,0.0001248303087989764,0.0016149291225551767
Logistic Regression,0.0001248303087989764,0.0017943656917279742
Logistic Regression,0.00020284925179833664,0.0017943656917279742
Logistic Regression,0.0002184530403982087,0.0017943656917279742
Logistic Regression,0.0002184530403982087,0.0019738022609007717
Logistic Regression,0.00023405682899808072,0.0019738022609007717
Logistic Regression,0.0002496606175979528,0.002332675399246366
Logistic Regression,0.0002496606175979528,0.002512111968419164
Logistic Regression,0.0002652644061978248,0.002512111968419164
Logistic Regression,0.0002652644061978248,0.002870985106764759
Logistic Regression,0.0002808681947976969,0.002870985106764759
Logistic Regression,0.0002808681947976969,0.003050421675937556
Logistic Regression,0.000312075771997441,0.003050421675937556
Logistic Regression,0.00032767956059731303,0.003050421675937556
Logistic Regression,0.00032767956059731303,0.003409294814283151
Logistic Regression,0.00034328334919718506,0.003409294814283151
Logistic Regression,0.00035888713779705714,0.0035887313834559484
Logistic Regression,0.00037449092639692917,0.003947604521801543
Logistic Regression,0.00039009471499680125,0.003947604521801543
Logistic Regression,0.00039009471499680125,0.004306477660147138
Logistic Regression,0.0004525098693962894,0.004665350798492732
Logistic Regression,0.00048371744659603353,0.004665350798492732
Logistic Regression,0.00048371744659603353,0.0048447873676655305
Logistic Regression,0.0004993212351959056,0.005024223936838328
Logistic Regression,0.0004993212351959056,0.005383097075183922
Logistic Regression,0.0006709629097944981,0.005741970213529518
Logistic Regression,0.0006865666983943701,0.005741970213529518
Logistic Regression,0.0006865666983943701,0.006100843351875112
Logistic Regression,0.0007021704869942422,0.0062802799210479095
Logistic Regression,0.0007177742755941143,0.0062802799210479095
Logistic Regression,0.0007333780641939863,0.006639153059393504
Logistic Regression,0.0007333780641939863,0.0069980261977390995
Logistic Regression,0.0007489818527938583,0.0069980261977390995
Logistic Regression,0.0007645856413937304,0.007356899336084694
Logistic Regression,0.0008113970071933466,0.007356899336084694
Logistic Regression,0.0008113970071933466,0.007536335905257491
Logistic Regression,0.0008738121615928348,0.007536335905257491
Logistic Regression,0.0008894159501927068,0.0077157724744302885
Logistic Regression,0.0009050197387925788,0.0077157724744302885
Logistic Regression,0.0009362273159923229,0.008074645612775884
Logistic Regression,0.0009674348931920671,0.008074645612775884
Logistic Regression,0.0009674348931920671,0.008433518751121478
Logistic Regression,0.000983038681791939,0.008612955320294276
Logistic Regression,0.000983038681791939,0.008792391889467073
Logistic Regression,0.0009986424703918111,0.008792391889467073
Logistic Regression,0.0010142462589916832,0.00897182845863987
Logistic Regression,0.0010298500475915552,0.00897182845863987
Logistic Regression,0.0011234727791907876,0.009689574735331061
Logistic Regression,0.001248303087989764,0.010048447873676656
Logistic Regression,0.001263906876589636,0.01040732101202225
Logistic Regression,0.001263906876589636,0.010586757581195047
Logistic Regression,0.0013263220309891242,0.01112506728871344
Logistic Regression,0.0013575296081888683,0.01112506728871344
Logistic Regression,0.0013731333967887402,0.011304503857886236
Logistic Regression,0.0013887371853886124,0.011304503857886236
Logistic Regression,0.0014355485511882286,0.011663376996231833
Logistic Regression,0.0014667561283879726,0.01184281356540463
Logistic Regression,0.0014823599169878447,0.01184281356540463
Logistic Regression,0.0014823599169878447,0.012201686703750225
Logistic Regression,0.0017944356889852855,0.013996052395478199
Logistic Regression,0.0018100394775851577,0.013996052395478199
Logistic Regression,0.0018568508433847739,0.014175488964650996
Logistic Regression,0.0020440963065832384,0.015072671810514983
Logistic Regression,0.0020597000951831103,0.015431544948860577
Logistic Regression,0.0020909076723828546,0.015431544948860577
Logistic Regression,0.0020909076723828546,0.015610981518033374
Logistic Regression,0.0021533228267823427,0.015790418087206173
Logistic Regression,0.002184530403982087,0.015790418087206173
Logistic Regression,0.002184530403982087,0.01596985465637897
Logistic Regression,0.002184530403982087,0.016508164363897362
Logistic Regression,0.002231341769781703,0.016867037502242957
Logistic Regression,0.002231341769781703,0.017046474071415754
Logistic Regression,0.0022937569241811913,0.017046474071415754
Logistic Regression,0.0022937569241811913,0.01722591064058855
Logistic Regression,0.002324964501380935,0.01722591064058855
Logistic Regression,0.0023405682899808075,0.01722591064058855
Logistic Regression,0.0023405682899808075,0.01740534720976135
Logistic Regression,0.0023561720785806794,0.01740534720976135
Logistic Regression,0.0023873796557804237,0.017584783778934146
Logistic Regression,0.0024185872329801675,0.01794365691727974
Logistic Regression,0.002449794810179912,0.01794365691727974
Logistic Regression,0.0024653985987797837,0.01794365691727974
Logistic Regression,0.0024653985987797837,0.018302530055625335
Logistic Regression,0.002559021330379016,0.018302530055625335
Logistic Regression,0.00259022890757876,0.019020276332316528
Logistic Regression,0.00259022890757876,0.019199712901489325
Logistic Regression,0.0026058326961786323,0.019379149470662122
Logistic Regression,0.0026838516391779923,0.01955858603983492
Logistic Regression,0.0027150592163777366,0.01955858603983492
Logistic Regression,0.0027150592163777366,0.019917459178180514
Logistic Regression,0.002761870582177353,0.019917459178180514
Logistic Regression,0.0027930781593770966,0.02009689574735331
Logistic Regression,0.002808681947976969,0.02009689574735331
Logistic Regression,0.002808681947976969,0.02027633231652611
Logistic Regression,0.0030115311997753053,0.02153238830073569
Logistic Regression,0.003776116841169036,0.02709492194509241
Logistic Regression,0.00380732441836878,0.02709492194509241
Logistic Regression,0.003932154727167756,0.027633231652610803
Logistic Regression,0.003947758515767628,0.027992104790956398
Logistic Regression,0.004025777458766988,0.028171541360129195
Logistic Regression,0.004025777458766988,0.028350977929301992
Logistic Regression,0.004041381247366861,0.028350977929301992
Logistic Regression,0.0040725888245666045,0.02853041449847479
Logistic Regression,0.004244230499165197,0.028709851067647587
Logistic Regression,0.004259834287765069,0.028709851067647587
Logistic Regression,0.004259834287765069,0.028889287636820384
Logistic Regression,0.004275438076364942,0.028889287636820384
Logistic Regression,0.004322249442164558,0.02906872420599318
Logistic Regression,0.004337853230764429,0.02906872420599318
Logistic Regression,0.004369060807964174,0.02906872420599318
Logistic Regression,0.004369060807964174,0.02924816077516598
Logistic Regression,0.004400268385163918,0.029427597344338776
Logistic Regression,0.004447079750963534,0.029427597344338776
Logistic Regression,0.004478287328163278,0.029427597344338776
Logistic Regression,0.004556306271162638,0.029607033913511573
Logistic Regression,0.005492533587154961,0.0346312578503499
Logistic Regression,0.005508137375754833,0.0346312578503499
Logistic Regression,0.005508137375754833,0.034990130988695495
Logistic Regression,0.005648571473153682,0.03552844069621389
Logistic Regression,0.005664175261753554,0.03552844069621389
Logistic Regression,0.005664175261753554,0.035707877265386684
Logistic Regression,0.0057109866275531695,0.036246186972905076
Logistic Regression,0.005726590416153042,0.036246186972905076
Logistic Regression,0.005882628302151763,0.036246186972905076
Logistic Regression,0.005898232090751634,0.036246186972905076
Logistic Regression,0.005898232090751634,0.03642562354207787
Logistic Regression,0.0071933465445410145,0.043244213170644176
Logistic Regression,0.007208950333140887,0.043244213170644176
Logistic Regression,0.007240157910340631,0.043244213170644176
Logistic Regression,0.007240157910340631,0.04360308630898977
Logistic Regression,0.007255761698940503,0.04378252287816257
Logistic Regression,0.0075054223165384555,0.04503857886237215
Logistic Regression,0.007567837470937944,0.04539745200071774
Logistic Regression,0.007630252625337432,0.04539745200071774
Logistic Regression,0.007645856413937304,0.04539745200071774
Logistic Regression,0.007848705665735641,0.04593576170823614
Logistic Regression,0.007864309454335512,0.04593576170823614
Logistic Regression,0.007879913242935384,0.04611519827740894
Logistic Regression,0.008129573860533338,0.04719181769244572
Logistic Regression,0.008129573860533338,0.04737125426161852
Logistic Regression,0.008160781437733081,0.04755069083079132
Logistic Regression,0.008160781437733081,0.047730127399964115
Logistic Regression,0.008191989014932826,0.04790956396913691
Logistic Regression,0.008410442055331034,0.048986183384173695
Logistic Regression,0.008441649632530778,0.048986183384173695
Logistic Regression,0.008582083729929626,0.04988336623003768
Logistic Regression,0.008597687518529499,0.04988336623003768
Logistic Regression,0.008644498884329116,0.04988336623003768
Logistic Regression,0.008660102672928988,0.04988336623003768
Logistic Regression,0.008675706461528859,0.05006280279921048
Logistic Regression,0.008706914038728603,0.050242239368383276
Logistic Regression,0.008753725404528219,0.050242239368383276
Logistic Regression,0.008769329193128091,0.050421675937556074
Logistic Regression,0.008800536770327836,0.050421675937556074
Logistic Regression,0.008800536770327836,0.05078054907590167
Logistic Regression,0.008816140558927708,0.05078054907590167
Logistic Regression,0.008862951924727323,0.050959985645074465
Logistic Regression,0.008878555713327196,0.050959985645074465
Logistic Regression,0.009081404965125533,0.05257491476762964
Logistic Regression,0.009159423908124893,0.05257491476762964
Logistic Regression,0.009175027696724765,0.05257491476762964
Logistic Regression,0.009190631485324638,0.05275435133680244
Logistic Regression,0.009190631485324638,0.052933787905975235
Logistic Regression,0.009315461794123613,0.05329266104432083
Logistic Regression,0.009331065582723485,0.05329266104432083
Logistic Regression,0.00936227315992323,0.05347209761349363
Logistic Regression,0.0093778769485231,0.05347209761349363
Logistic Regression,0.0093778769485231,0.053651534182666424
Logistic Regression,0.009393480737122973,0.05383097075183922
Logistic Regression,0.00944029210292259,0.05383097075183922
Logistic Regression,0.00944029210292259,0.05401040732101202
Logistic Regression,0.009471499680122333,0.05401040732101202
Logistic Regression,0.00959632998892131,0.05418984389018482
Logistic Regression,0.009627537566121055,0.05436928045935762
Logistic Regression,0.009643141354720925,0.05436928045935762
Logistic Regression,0.009643141354720925,0.05454871702853042
Logistic Regression,0.009658745143320798,0.05454871702853042
Logistic Regression,0.009721160297720287,0.055445899874394404
Logistic Regression,0.009783575452119775,0.05580477301274
Logistic Regression,0.009783575452119775,0.055984209581912796
Logistic Regression,0.010688595190912354,0.061367306657096714
Logistic Regression,0.01073540655671197,0.06172617979544231
Logistic Regression,0.010782217922511586,0.06172617979544231
Logistic Regression,0.010907048231310562,0.061905616364615106
Logistic Regression,0.010922652019910434,0.061905616364615106
Logistic Regression,0.010922652019910434,0.0620850529337879
Logistic Regression,0.011078689905909154,0.0622644895029607
Logistic Regression,0.011172312637508387,0.06334110891799749
Logistic Regression,0.011172312637508387,0.06352054548717029
Logistic Regression,0.011187916426108259,0.06352054548717029
Logistic Regression,0.011265935369107619,0.06352054548717029
Logistic Regression,0.011328350523507108,0.06352054548717029
Logistic Regression,0.011406369466506468,0.06352054548717029
Logistic Regression,0.011406369466506468,0.06369998205634309
Logistic Regression,0.011421973255106339,0.06369998205634309
Logistic Regression,0.011453180832306084,0.06369998205634309
Logistic Regression,0.011468784620905956,0.06369998205634309
Logistic Regression,0.011546803563905316,0.06387941862551588
Logistic Regression,0.011546803563905316,0.06423829176386148
Logistic Regression,0.011640426295504549,0.06513547460972546
Logistic Regression,0.011702841449904036,0.06549434774807106
Logistic Regression,0.011718445238503909,0.06549434774807106
Logistic Regression,0.011718445238503909,0.06567378431724386
Logistic Regression,0.011749652815703653,0.06567378431724386
Logistic Regression,0.011874483124502629,0.06603265745558945
Logistic Regression,0.011936898278902118,0.06639153059393504
Logistic Regression,0.011983709644701733,0.06639153059393504
Logistic Regression,0.01203052101050135,0.06639153059393504
Logistic Regression,0.012826314229094825,0.07141575453077337
Logistic Regression,0.013075974846692777,0.07249237394581015
Logistic Regression,0.013153993789692137,0.07321012022250134
Logistic Regression,0.01316959757829201,0.07338955679167414
Logistic Regression,0.01316959757829201,0.07374842993001973
Logistic Regression,0.013185201366891882,0.07374842993001973
Logistic Regression,0.01324761652129137,0.07410730306836533
Logistic Regression,0.013263220309891242,0.07410730306836533
Logistic Regression,0.014183843837283692,0.07841378072851247
Logistic Regression,0.014230655203083309,0.07913152700520366
Logistic Regression,0.014246258991683181,0.07913152700520366
Logistic Regression,0.014246258991683181,0.07966983671272206
Logistic Regression,0.014261862780283052,0.07966983671272206
Logistic Regression,0.014495919609281134,0.08038758298941324
Logistic Regression,0.014511523397881006,0.08056701955858604
Logistic Regression,0.014527127186480878,0.08056701955858604
Logistic Regression,0.014542730975080749,0.08074645612775884
Logistic Regression,0.014558334763680621,0.08110532926610443
Logistic Regression,0.015057655998876528,0.08236138525031401
Logistic Regression,0.015057655998876528,0.08254082181948681
Logistic Regression,0.015088863576076271,0.08254082181948681
Logistic Regression,0.015088863576076271,0.08272025838865961
Logistic Regression,0.015338524193674223,0.0836174412345236
Logistic Regression,0.015354127982274096,0.0836174412345236
Logistic Regression,0.01538533555947384,0.08397631437286919
Logistic Regression,0.015432146925273456,0.08397631437286919
Logistic Regression,0.015432146925273456,0.08415575094204199
Logistic Regression,0.015447750713873328,0.08415575094204199
Logistic Regression,0.015588184811272178,0.08523237035707877
Logistic Regression,0.015713015120071155,0.08630898977211555
Logistic Regression,0.015728618908671024,0.08630898977211555
Logistic Regression,0.01575982648587077,0.08630898977211555
Logistic Regression,0.01577543027447064,0.08630898977211555
Logistic Regression,0.01593146816046936,0.08684729947963395
Logistic Regression,0.015978279526268978,0.08702673604880674
Logistic Regression,0.01599388331486885,0.08720617261797954
Logistic Regression,0.017569865963455927,0.09546025479992823
Logistic Regression,0.01760107354065567,0.09546025479992823
Logistic Regression,0.017632281117855416,0.09563969136910103
Logistic Regression,0.01766348869505516,0.09563969136910103
Logistic Regression,0.017679092483655033,0.09563969136910103
Logistic Regression,0.017679092483655033,0.09581912793827382
Logistic Regression,0.017694696272254902,0.09581912793827382
Logistic Regression,0.01781952658105388,0.09635743764579222
Logistic Regression,0.017835130369653753,0.09635743764579222
Logistic Regression,0.017866337946853494,0.09635743764579222
Logistic Regression,0.017866337946853494,0.09653687421496501
Logistic Regression,0.017881941735453367,0.09653687421496501
Logistic Regression,0.018006772044252346,0.09653687421496501
Logistic Regression,0.018022375832852218,0.09671631078413781
Logistic Regression,0.018162809930251066,0.09689574735331061
Logistic Regression,0.018178413718850938,0.0970751839224834
Logistic Regression,0.018209621296050683,0.0970751839224834
Logistic Regression,0.018240828873250424,0.097434057060829
Logistic Regression,0.019770000156037887,0.10281715413601292
Logistic Regression,0.01995724561923635,0.10317602727435851
Logistic Regression,0.020004056985035965,0.10317602727435851
Logistic Regression,0.02003526456223571,0.10317602727435851
Logistic Regression,0.020082075928035327,0.10317602727435851
Logistic Regression,0.020082075928035327,0.10335546384353131
Logistic Regression,0.0200976797166352,0.10335546384353131
Logistic Regression,0.020144491082434816,0.10335546384353131
Logistic Regression,0.020144491082434816,0.1035349004127041
Logistic Regression,0.02016009487103469,0.1035349004127041
Logistic Regression,0.02019130244823443,0.1035349004127041
Logistic Regression,0.020238113814034047,0.1035349004127041
Logistic Regression,0.020284925179833664,0.1038937735510497
Logistic Regression,0.020362944122833022,0.1038937735510497
Logistic Regression,0.020362944122833022,0.1040732101202225
Logistic Regression,0.020378547911432895,0.1040732101202225
Logistic Regression,0.02040975548863264,0.1040732101202225
Logistic Regression,0.020425359277232512,0.1042526466893953
Logistic Regression,0.020440963065832384,0.1042526466893953
Logistic Regression,0.020503378220231874,0.10461151982774089
Logistic Regression,0.020518982008831746,0.10461151982774089
Logistic Regression,0.020831057780829186,0.10532926610443208
Logistic Regression,0.02084666156942906,0.10550870267360488
Logistic Regression,0.020893472935228672,0.10550870267360488
Logistic Regression,0.020893472935228672,0.10586757581195047
Logistic Regression,0.020909076723828544,0.10604701238112327
Logistic Regression,0.0211587373414265,0.10622644895029607
Logistic Regression,0.021345982804624963,0.10640588551946886
Logistic Regression,0.021361586593224836,0.10640588551946886
Logistic Regression,0.02148641690202381,0.10658532208864166
Logistic Regression,0.021533228267823428,0.10766194150367844
Logistic Regression,0.02162685099942266,0.10766194150367844
Logistic Regression,0.021673662365222276,0.10802081464202404
Logistic Regression,0.021689266153822148,0.10802081464202404
Logistic Regression,0.02170486994242202,0.10820025121119684
Logistic Regression,0.02207936086881895,0.10873856091871524
Logistic Regression,0.022110568446018695,0.10873856091871524
Logistic Regression,0.02229781390921716,0.10927687062623363
Logistic Regression,0.02229781390921716,0.10945630719540643
Logistic Regression,0.022422644218016135,0.10963574376457923
Logistic Regression,0.02245385179521588,0.10963574376457923
Logistic Regression,0.022469455583815752,0.10963574376457923
Logistic Regression,0.022719116201413703,0.11035349004127042
Logistic Regression,0.022734719990013575,0.11035349004127042
Logistic Regression,0.023218437436609608,0.11232729230217119
Logistic Regression,0.02323404122520948,0.11250672887134398
Logistic Regression,0.02329645637960897,0.11250672887134398
Logistic Regression,0.023343267745408586,0.11250672887134398
Logistic Regression,0.023374475322608328,0.11268616544051678
Logistic Regression,0.023405682899808072,0.11268616544051678
Logistic Regression,0.02345249426560769,0.11268616544051678
Logistic Regression,0.02345249426560769,0.11286560200968958
Logistic Regression,0.023483701842807434,0.11286560200968958
Logistic Regression,0.02351490942000718,0.11322447514803517
Logistic Regression,0.023592928363006537,0.11322447514803517
Logistic Regression,0.02360853215160641,0.11340391171720797
Logistic Regression,0.023655343517406027,0.11340391171720797
Logistic Regression,0.023655343517406027,0.11358334828638077
Logistic Regression,0.02376457003760513,0.11394222142472636
Logistic Regression,0.02451355189039899,0.11735151623900951
Logistic Regression,0.02452915567899886,0.11735151623900951
Logistic Regression,0.024560363256198606,0.1175309528081823
Logistic Regression,0.024607174621998223,0.1175309528081823
Logistic Regression,0.024638382199197964,0.1175309528081823
Logistic Regression,0.024653985987797836,0.1177103893773551
Logistic Regression,0.024716401142197326,0.1177103893773551
Logistic Regression,0.024716401142197326,0.1178898259465279
Logistic Regression,0.02474760871939707,0.1178898259465279
Logistic Regression,0.02490364660539579,0.11878700879239189
Logistic Regression,0.024950457971195408,0.11896644536156468
Logistic Regression,0.025028476914194766,0.11932531849991028
Logistic Regression,0.025090892068594255,0.11968419163825587
Logistic Regression,0.025917892864387473,0.12345235959088462
Logistic Regression,0.025949100441587217,0.12345235959088462
Logistic Regression,0.02621436484778504,0.12381123272923021
Logistic Regression,0.026229968636384913,0.12381123272923021
Logistic Regression,0.026229968636384913,0.12399066929840301
Logistic Regression,0.026245572424984785,0.1241701058675758
Logistic Regression,0.026261176213584658,0.1241701058675758
Logistic Regression,0.026323591367984147,0.1243495424367486
Logistic Regression,0.02649523304258274,0.1247084155750942
Logistic Regression,0.026526440619782484,0.1247084155750942
Logistic Regression,0.02655764819698223,0.1247084155750942
Logistic Regression,0.02740025278137532,0.12757940068185897
Logistic Regression,0.02755629066737404,0.12829714695855016
Logistic Regression,0.02757189445597391,0.12829714695855016
Logistic Regression,0.02764991339897327,0.12865602009689575
Logistic Regression,0.027681120976173014,0.12865602009689575
Logistic Regression,0.02771232855337276,0.12901489323524135
Logistic Regression,0.02772793234197263,0.12901489323524135
Logistic Regression,0.027899574016571223,0.12973263951193253
Logistic Regression,0.027930781593770968,0.12973263951193253
Logistic Regression,0.028383291463167256,0.13080925892696932
Logistic Regression,0.028430102828966873,0.13098869549614212
Logistic Regression,0.028445706617566745,0.13098869549614212
Logistic Regression,0.02872657481236444,0.1318858783420061
Logistic Regression,0.02991246274595472,0.13421855374125247
Logistic Regression,0.02991246274595472,0.13439799031042526
Logistic Regression,0.029943670323154464,0.13439799031042526
Logistic Regression,0.029990481688954077,0.13439799031042526
Logistic Regression,0.030208934729352287,0.13439799031042526
Logistic Regression,0.03022453851795216,0.13457742687959806
Logistic Regression,0.03031816124955139,0.13457742687959806
Logistic Regression,0.03031816124955139,0.13475686344877086
Logistic Regression,0.031207577199744096,0.13708953884801722
Logistic Regression,0.03122318098834397,0.13708953884801722
Logistic Regression,0.031269992354143586,0.13708953884801722
Logistic Regression,0.031332407508543075,0.13708953884801722
Logistic Regression,0.03173810601213975,0.13762784855553561
Logistic Regression,0.03175370980073962,0.1378072851247084
Logistic Regression,0.03194095526393809,0.1385250314013996
Logistic Regression,0.03197216284113783,0.1385250314013996
Logistic Regression,0.032034577995537314,0.1387044679705724
Logistic Regression,0.03206578557273706,0.1387044679705724
Logistic Regression,0.032081389361336934,0.1388839045397452
Logistic Regression,0.0320969931499368,0.1388839045397452
Logistic Regression,0.03228423861313527,0.13960165081643638
Logistic Regression,0.03261191817373258,0.13996052395478198
Logistic Regression,0.032643125750932325,0.13996052395478198
Logistic Regression,0.03267433332813207,0.14031939709312757
Logistic Regression,0.03275235227113143,0.14049883366230037
Logistic Regression,0.032767956059731304,0.14049883366230037
Logistic Regression,0.032830371214130794,0.14067827023147317
Logistic Regression,0.03284597500273066,0.14067827023147317
Logistic Regression,0.03290839015713015,0.14103714336981876
Logistic Regression,0.032939597734329897,0.14103714336981876
Logistic Regression,0.033002012888729386,0.14103714336981876
Logistic Regression,0.03311123940892849,0.14103714336981876
Logistic Regression,0.03312684319752836,0.14103714336981876
Logistic Regression,0.03312684319752836,0.14121657993899156
Logistic Regression,0.03318925835192785,0.14139601650816436
Logistic Regression,0.03320486214052772,0.14139601650816436
Logistic Regression,0.03323606971772746,0.14139601650816436
Logistic Regression,0.03325167350632734,0.14157545307733715
Logistic Regression,0.0344999765943171,0.14947066212094023
Logistic Regression,0.03454678796011672,0.14947066212094023
Logistic Regression,0.0347808447891148,0.15054728153597705
Logistic Regression,0.03482765615491441,0.15054728153597705
Logistic Regression,0.03509292056111224,0.1527005203660506
Logistic Regression,0.03510852434971211,0.1528799569352234
Logistic Regression,0.03510852434971211,0.1530593935043962
Logistic Regression,0.03513973192691185,0.1530593935043962
Logistic Regression,0.0351709395041116,0.1530593935043962
Logistic Regression,0.035436203910309425,0.153238830073569
Logistic Regression,0.03545180769890929,0.153238830073569
Logistic Regression,0.03545180769890929,0.1534182666427418
Logistic Regression,0.035561034219108396,0.1537771397810874
Logistic Regression,0.035561034219108396,0.1539565763502602
Logistic Regression,0.03560784558490802,0.154136012919433
Logistic Regression,0.03732426233089394,0.15772474430288894
Logistic Regression,0.03732426233089394,0.15790418087206173
Logistic Regression,0.037417885062493175,0.15790418087206173
Logistic Regression,0.03754271537129215,0.15880136371792572
Logistic Regression,0.03760513052569164,0.1593396734254441
Logistic Regression,0.03765194189149126,0.1593396734254441
Logistic Regression,0.03771435704589074,0.1595191099946169
Logistic Regression,0.037807979777489974,0.1596985465637897
Logistic Regression,0.03791720629768908,0.1598779831329625
Logistic Regression,0.0379640176634887,0.1598779831329625
Logistic Regression,0.038057640395087924,0.1602368562713081
Logistic Regression,0.03808884797228767,0.1602368562713081
Logistic Regression,0.038120055549487414,0.1602368562713081
Logistic Regression,0.038120055549487414,0.1605957294096537
Logistic Regression,0.03957120788927552,0.16328727794724565
Logistic Regression,0.039711641986674366,0.16346671451641845
Logistic Regression,0.03974284956387411,0.16346671451641845
Logistic Regression,0.03975845335247398,0.16346671451641845
Logistic Regression,0.040023717758671806,0.16364615108559125
Logistic Regression,0.040039321547271675,0.16382558765476404
Logistic Regression,0.040086132913071296,0.16418446079310964
Logistic Regression,0.040101736701671165,0.16418446079310964
Logistic Regression,0.041521681464259524,0.16992643100663915
Logistic Regression,0.041521681464259524,0.17010586757581195
Logistic Regression,0.04156849283005914,0.17010586757581195
Logistic Regression,0.04163090798445863,0.17010586757581195
Logistic Regression,0.041646511773058496,0.17010586757581195
Logistic Regression,0.041755738293257606,0.17064417728333034
Logistic Regression,0.041786945870457344,0.17082361385250314
Logistic Regression,0.04180254965905722,0.17082361385250314
Logistic Regression,0.04191177617925632,0.17082361385250314
Logistic Regression,0.042083417853854915,0.17118248699084873
Logistic Regression,0.04209902164245479,0.17118248699084873
Logistic Regression,0.04209902164245479,0.17136192356002153
Logistic Regression,0.04356577777084276,0.17602727435851426
Logistic Regression,0.043581381559442633,0.17620671092768705
Logistic Regression,0.04392466490863982,0.17710389377355104
Logistic Regression,0.04536021345982805,0.18248699084873496
Logistic Regression,0.04540702482562766,0.18248699084873496
Logistic Regression,0.045438232402827405,0.18248699084873496
Logistic Regression,0.04567228923182549,0.18302530055625335
Logistic Regression,0.04595315742662318,0.18374304683294457
Logistic Regression,0.046124799101221775,0.18410191997129016
Logistic Regression,0.04615600667842152,0.18410191997129016
Logistic Regression,0.046171610467021396,0.18410191997129016
Logistic Regression,0.046187214255621264,0.18428135654046296
Logistic Regression,0.04620281804422114,0.18428135654046296
Logistic Regression,0.04623402562142088,0.18428135654046296
Logistic Regression,0.04626523319862062,0.18446079310963576
Logistic Regression,0.04631204456442024,0.18464022967880855
Logistic Regression,0.04632764835302011,0.18464022967880855
Logistic Regression,0.046421271084619346,0.18464022967880855
Logistic Regression,0.04646808245041896,0.18464022967880855
Logistic Regression,0.046499290027618705,0.18464022967880855
Logistic Regression,0.04651489381621858,0.18464022967880855
Logistic Regression,0.046546101393418325,0.18481966624798135
Logistic Regression,0.046561705182018194,0.18517853938632695
Logistic Regression,0.04668653549081717,0.18517853938632695
Logistic Regression,0.04682696958821602,0.18607572223219093
Logistic Regression,0.04684257337681589,0.18607572223219093
Logistic Regression,0.04690498853121538,0.18625515880136373
Logistic Regression,0.04692059231981525,0.18643459537053653
Logistic Regression,0.04698300747421474,0.18643459537053653
Logistic Regression,0.04704542262861423,0.18697290507805492
Logistic Regression,0.04704542262861423,0.18715234164722772
Logistic Regression,0.04735749840061167,0.1875112147855733
Logistic Regression,0.04735749840061167,0.1876906513547461
Logistic Regression,0.04738870597781141,0.1878700879239189
Logistic Regression,0.047544743863810135,0.1880495244930917
Logistic Regression,0.04893348104919874,0.19594473353669478
Logistic Regression,0.048980292414998364,0.19594473353669478
Logistic Regression,0.04913633030099708,0.19630360667504038
Logistic Regression,0.049151934089596956,0.19630360667504038
Logistic Regression,0.049214349243996446,0.19648304324421317
Logistic Regression,0.049417198495794776,0.19684191638255877
Logistic Regression,0.04949521743879414,0.19720078952090436
Logistic Regression,0.04951082122739401,0.19720078952090436
Logistic Regression,0.049604443958993244,0.19755966265924996
Logistic Regression,0.04965125532479286,0.19755966265924996
Logistic Regression,0.05050946369778582,0.19953346492015073
Logistic Regression,0.050540671274985564,0.19953346492015073
Logistic Regression,0.05057187885218531,0.19953346492015073
Logistic Regression,0.05066550158378454,0.19953346492015073
Logistic Regression,0.05080593568118339,0.19953346492015073
Logistic Regression,0.050837143258383136,0.19953346492015073
Logistic Regression,0.05088395462418275,0.19971290148932352
Logistic Regression,0.05088395462418275,0.19989233805849632
Logistic Regression,0.05094636977858224,0.20007177462766912
Logistic Regression,0.05097757735578198,0.20007177462766912
Logistic Regression,0.05105559629878134,0.2013278306118787
Logistic Regression,0.051086803875981086,0.2013278306118787
Logistic Regression,0.051086803875981086,0.2015072671810515
Logistic Regression,0.05110240766458096,0.2015072671810515
Logistic Regression,0.05132086070497917,0.2020455768885699
Logistic Regression,0.05136767207077878,0.20222501345774269
Logistic Regression,0.05224148423237162,0.20653149111788982
Logistic Regression,0.05225708802097149,0.20653149111788982
Logistic Regression,0.05228829559817123,0.20653149111788982
Logistic Regression,0.05231950317537098,0.20671092768706262
Logistic Regression,0.05241312590697021,0.20671092768706262
Logistic Regression,0.0527564092561674,0.2070698008254082
Logistic Regression,0.05277201304476727,0.2070698008254082
Logistic Regression,0.05280322062196701,0.2070698008254082
Logistic Regression,0.052881239564966376,0.2070698008254082
Logistic Regression,0.05291244714216612,0.2070698008254082
Logistic Regression,0.05303727745096509,0.2079669836712722
Logistic Regression,0.05308408881676471,0.2079669836712722
Logistic Regression,0.05311529639396446,0.2079669836712722
Logistic Regression,0.05406712749855665,0.21012022250134577
Logistic Regression,0.054191957807355626,0.21047909563969136
Logistic Regression,0.054207561595955495,0.21047909563969136
Logistic Regression,0.05434799569335435,0.21065853220886416
Logistic Regression,0.054379203270554094,0.21065853220886416
Logistic Regression,0.05551827983834475,0.21227346133141933
Logistic Regression,0.05558069499274424,0.21227346133141933
Logistic Regression,0.0556587139357436,0.21227346133141933
Logistic Regression,0.05567431772434347,0.21227346133141933
Logistic Regression,0.0560488086507404,0.2137089538848017
Logistic Regression,0.05606441243934027,0.2137089538848017
Logistic Regression,0.05609562001654002,0.2140678270231473
Logistic Regression,0.0561580351709395,0.2144267001614929
Logistic Regression,0.05620484653673912,0.2144267001614929
Logistic Regression,0.05628286547973848,0.2146061367306657
Logistic Regression,0.056298469268338355,0.2146061367306657
Logistic Regression,0.05645450715433707,0.2149650098690113
Logistic Regression,0.05647011094293695,0.2149650098690113
Logistic Regression,0.05657933746313605,0.2151444464381841
Logistic Regression,0.056672960194735285,0.2153238830073569
Logistic Regression,0.05742194204752914,0.21622106585322087
Logistic Regression,0.058904301964516986,0.21998923380584964
Logistic Regression,0.058966717118916476,0.22016867037502244
Logistic Regression,0.05899792469611622,0.22016867037502244
Logistic Regression,0.05971569897171033,0.22142472635923202
Logistic Regression,0.06013700126390688,0.2228602189126144
Logistic Regression,0.06026183157270585,0.2230396554817872
Logistic Regression,0.060277435361305726,0.2230396554817872
Logistic Regression,0.06030864293850547,0.2230396554817872
Logistic Regression,0.06030864293850547,0.22321909205096
Logistic Regression,0.060402265670104704,0.2235779651893056
Logistic Regression,0.06044907703590432,0.2235779651893056
Logistic Regression,0.06046468082450419,0.2235779651893056
Logistic Regression,0.06046468082450419,0.22375740175847839
Logistic Regression,0.06048028461310406,0.22375740175847839
Logistic Regression,0.06051149219030381,0.22375740175847839
Logistic Regression,0.06055830355610342,0.22375740175847839
Logistic Regression,0.060589511133303166,0.22375740175847839
Logistic Regression,0.060605114921903035,0.22375740175847839
Logistic Regression,0.060651926287702655,0.22375740175847839
Logistic Regression,0.06099520963689984,0.22393683832765118
Logistic Regression,0.06099520963689984,0.22429571146599678
Logistic Regression,0.061026417214099585,0.22429571146599678
Logistic Regression,0.061042021002699454,0.22465458460434237
Logistic Regression,0.06105762479129933,0.22465458460434237
Logistic Regression,0.06105762479129933,0.22483402117351517
Logistic Regression,0.06143211571769626,0.22591064058855195
Logistic Regression,0.061463323294896004,0.22591064058855195
Logistic Regression,0.06147892708349587,0.22626951372689755
Logistic Regression,0.06149453087209574,0.22626951372689755
Logistic Regression,0.06149453087209574,0.22644895029607034
Logistic Regression,0.06151013466069562,0.22644895029607034
Logistic Regression,0.06175979527829357,0.22734613314193433
Logistic Regression,0.0618534180098928,0.22752556971110713
Logistic Regression,0.06188462558709255,0.22752556971110713
Logistic Regression,0.06210307862749075,0.22824331598779832
Logistic Regression,0.06214988999329037,0.22824331598779832
Logistic Regression,0.06214988999329037,0.22842275255697111
Logistic Regression,0.06218109757049012,0.2286021891261439
Logistic Regression,0.06236834303368858,0.2286021891261439
Logistic Regression,0.062461965765287814,0.2289610622644895
Logistic Regression,0.06257119228548691,0.2293199354028351
Logistic Regression,0.06258679607408679,0.2293199354028351
Logistic Regression,0.06266481501708615,0.2294993719720079
Logistic Regression,0.06268041880568602,0.2294993719720079
Logistic Regression,0.06278964532588513,0.2296788085411807
Logistic Regression,0.06289887184608423,0.2302171182486991
Logistic Regression,0.06293007942328398,0.2302171182486991
Logistic Regression,0.06310172109788256,0.2302171182486991
Logistic Regression,0.06428760903147285,0.23254979364794545
Logistic Regression,0.06430321282007272,0.23254979364794545
Logistic Regression,0.0644280431288717,0.23254979364794545
Logistic Regression,0.0644280431288717,0.23290866678629105
Logistic Regression,0.06444364691747156,0.23290866678629105
Logistic Regression,0.06455287343767066,0.23308810335546384
Logistic Regression,0.06458408101487041,0.23308810335546384
Logistic Regression,0.06466209995786977,0.23326753992463664
Logistic Regression,0.06640972428105545,0.236497398169747
Logistic Regression,0.06642532806965531,0.236497398169747
Logistic Regression,0.06645653564685505,0.236497398169747
Logistic Regression,0.06647213943545492,0.236497398169747
Logistic Regression,0.06650334701265467,0.2366768347389198
Logistic Regression,0.06653455458985441,0.2366768347389198
Logistic Regression,0.06661257353285378,0.2366768347389198
Logistic Regression,0.06664378111005352,0.2368562713080926
Logistic Regression,0.06667498868725326,0.2368562713080926
Logistic Regression,0.06678421520745237,0.23703570787726538
Logistic Regression,0.06679981899605224,0.23703570787726538
Logistic Regression,0.06692464930485122,0.23721514444643818
Logistic Regression,0.0677672538892443,0.23954781984568455
Logistic Regression,0.06779846146644405,0.23954781984568455
Logistic Regression,0.06781406525504392,0.23954781984568455
Logistic Regression,0.06786087662084354,0.23972725641485734
Logistic Regression,0.06797010314104264,0.24026556612237573
Logistic Regression,0.06797010314104264,0.24044500269154853
Logistic Regression,0.06798570692964252,0.24044500269154853
Logistic Regression,0.06807932966124175,0.24044500269154853
Logistic Regression,0.06814174481564124,0.24044500269154853
Logistic Regression,0.06815734860424111,0.24044500269154853
Logistic Regression,0.06836019785603945,0.24062443926072133
Logistic Regression,0.06836019785603945,0.24098331239906692
Logistic Regression,0.06845382058763867,0.24098331239906692
Logistic Regression,0.06882831151403561,0.2418804952449309
Logistic Regression,0.06895314182283459,0.2424188049524493
Logistic Regression,0.06896874561143446,0.2424188049524493
Logistic Regression,0.06912478349743317,0.2431365512291405
Logistic Regression,0.0691715948632328,0.2431365512291405
Logistic Regression,0.06929642517203177,0.2431365512291405
Logistic Regression,0.069390047903631,0.2431365512291405
Logistic Regression,0.06940565169223087,0.2431365512291405
Logistic Regression,0.06946806684663036,0.24403373407500448
Logistic Regression,0.06968651988702856,0.24421317064417727
Logistic Regression,0.07134052147861501,0.24708415575094203
Logistic Regression,0.0714029366330145,0.24726359232011483
Logistic Regression,0.07144974799881411,0.24726359232011483
Logistic Regression,0.07152776694181347,0.24744302888928763
Logistic Regression,0.07162138967341271,0.24780190202763322
Logistic Regression,0.07163699346201258,0.24780190202763322
Logistic Regression,0.07169940861641207,0.24816077516597881
Logistic Regression,0.07185544650241078,0.2483402117351516
Logistic Regression,0.07191786165681027,0.2485196483043244
Logistic Regression,0.07193346544541014,0.2485196483043244
Logistic Regression,0.07198027681120976,0.2485196483043244
Logistic Regression,0.07199588059980963,0.2485196483043244
Logistic Regression,0.07207389954280899,0.24887852144267
Logistic Regression,0.07215191848580836,0.24887852144267
Logistic Regression,0.07224554121740759,0.2494168311501884
Logistic Regression,0.07226114500600746,0.2494168311501884
Logistic Regression,0.07229235258320721,0.2494168311501884
Logistic Regression,0.07230795637180708,0.2494168311501884
Logistic Regression,0.07255761698940502,0.2501345774268796
Logistic Regression,0.07274486245260349,0.2504934505652252
Logistic Regression,0.07277607002980324,0.2504934505652252
Logistic Regression,0.07407118448359262,0.2519289431186076
Logistic Regression,0.07561595955497995,0.25390274537950835
Logistic Regression,0.07570958228657917,0.25390274537950835
Logistic Regression,0.07572518607517906,0.25408218194868115
Logistic Regression,0.07572518607517906,0.25426161851785395
Logistic Regression,0.07577199744097866,0.25426161851785395
Logistic Regression,0.07583441259537815,0.25426161851785395
Logistic Regression,0.07603726184717649,0.25479992822537234
Logistic Regression,0.07631813004197419,0.25533823793289073
Logistic Regression,0.07634933761917394,0.25533823793289073
Logistic Regression,0.07644296035077316,0.25533823793289073
Logistic Regression,0.07648977171657279,0.25533823793289073
Logistic Regression,0.07678624369997035,0.25551767450206353
Logistic Regression,0.0769266777973692,0.2556971110712363
Logistic Regression,0.07695788537456895,0.2556971110712363
Logistic Regression,0.07703590431756831,0.2560559842095819
Logistic Regression,0.07705150810616818,0.2560559842095819
Logistic Regression,0.07716073462636729,0.2565942939171003
Logistic Regression,0.07723875356936664,0.2565942939171003
Logistic Regression,0.07723875356936664,0.2567737304862731
Logistic Regression,0.07803454678796011,0.2580297864704827
Logistic Regression,0.07811256573095948,0.2580297864704827
Logistic Regression,0.07811256573095948,0.2582092230396555
Logistic Regression,0.07828420740555807,0.2585680961780011
Logistic Regression,0.07840903771435705,0.2591064058855195
Logistic Regression,0.07851826423455616,0.2591064058855195
Logistic Regression,0.07967294459094668,0.2632334469764938
Logistic Regression,0.0797197559567463,0.2632334469764938
Logistic Regression,0.07973535974534617,0.2632334469764938
Logistic Regression,0.07978217111114579,0.2634128835456666
Logistic Regression,0.07981337868834552,0.2634128835456666
Logistic Regression,0.07987579384274501,0.2634128835456666
Logistic Regression,0.07996941657434425,0.2637717566840122
Logistic Regression,0.08045313402094029,0.2644895029607034
Logistic Regression,0.08045313402094029,0.2646689395298762
Logistic Regression,0.08064037948413876,0.2650278126682218
Logistic Regression,0.08087443631313683,0.26610443208325857
Logistic Regression,0.08090564389033657,0.26610443208325857
Logistic Regression,0.08098366283333594,0.26646330522160416
Logistic Regression,0.08099926662193581,0.26664274179077696
Logistic Regression,0.08109288935353504,0.26664274179077696
Logistic Regression,0.08113970071933466,0.26664274179077696
Logistic Regression,0.08224756970992557,0.2704109097434057
Logistic Regression,0.08252843790472326,0.2709492194509241
Logistic Regression,0.08298094777411956,0.2723847120043065
Logistic Regression,0.0830121553513193,0.2723847120043065
Logistic Regression,0.0830121553513193,0.27256414857347927
Logistic Regression,0.08305896671711892,0.27256414857347927
Logistic Regression,0.08357389174091469,0.275435133680244
Logistic Regression,0.08360509931811444,0.275435133680244
Logistic Regression,0.08376113720411316,0.2756145702494168
Logistic Regression,0.08377674099271303,0.2756145702494168
Logistic Regression,0.08393277887871176,0.2756145702494168
Logistic Regression,0.08410442055331034,0.2761528799569352
Logistic Regression,0.08413562813051009,0.2761528799569352
Logistic Regression,0.08421364707350945,0.276332316526108
Logistic Regression,0.08422925086210932,0.276332316526108
Logistic Regression,0.08455693042270664,0.2768706262336264
Logistic Regression,0.0845725342113065,0.2768706262336264
Logistic Regression,0.08466615694290573,0.2768706262336264
Logistic Regression,0.0847441758859051,0.2770500628027992
Logistic Regression,0.08477538346310484,0.277229499371972
Logistic Regression,0.08479098725170471,0.277229499371972
Logistic Regression,0.08491581756050369,0.2775883725103176
Logistic Regression,0.08494702513770344,0.2775883725103176
Logistic Regression,0.08494702513770344,0.2777678090794904
Logistic Regression,0.08497823271490318,0.2777678090794904
Logistic Regression,0.08505625165790254,0.2779472456486632
Logistic Regression,0.08508745923510229,0.2779472456486632
Logistic Regression,0.08511866681230203,0.2779472456486632
Logistic Regression,0.08514987438950176,0.2779472456486632
Logistic Regression,0.08527470469830074,0.2779472456486632
Logistic Regression,0.0853059122755005,0.2779472456486632
Logistic Regression,0.08533711985270023,0.2783061187870088
Logistic Regression,0.08536832742989998,0.2783061187870088
Logistic Regression,0.08536832742989998,0.2784855553561816
Logistic Regression,0.08539953500709972,0.2784855553561816
Logistic Regression,0.08546195016149921,0.2786649919253544
Logistic Regression,0.08550876152729883,0.2786649919253544
Logistic Regression,0.08560238425889806,0.2786649919253544
Logistic Regression,0.08569600699049729,0.2788444284945272
Logistic Regression,0.08572721456769704,0.2788444284945272
Logistic Regression,0.08586764866509589,0.27902386506369997
Logistic Regression,0.08586764866509589,0.27920330163287277
Logistic Regression,0.08728759342768425,0.2820742867396375
Logistic Regression,0.08795855633747875,0.2836892158621927
Logistic Regression,0.08811459422347746,0.2845863987080567
Logistic Regression,0.08813019801207733,0.2847658352772295
Logistic Regression,0.08820821695507669,0.2847658352772295
Logistic Regression,0.08839546241827516,0.2847658352772295
Logistic Regression,0.08839546241827516,0.2851247084155751
Logistic Regression,0.08839546241827516,0.2853041449847479
Logistic Regression,0.08858270788147363,0.28566301812309347
Logistic Regression,0.08861391545867336,0.28566301812309347
Logistic Regression,0.08867633061307285,0.28566301812309347
Logistic Regression,0.08878555713327196,0.28584245469226627
Logistic Regression,0.09036153978185904,0.28817513009151263
Logistic Regression,0.09039274735905878,0.28817513009151263
Logistic Regression,0.09140699361805046,0.2903283689215862
Logistic Regression,0.09142259740665033,0.2903283689215862
Logistic Regression,0.0934510899246337,0.2951731562892517
Logistic Regression,0.0934510899246337,0.2953525928584245
Logistic Regression,0.0942312793546273,0.2967880854118069
Logistic Regression,0.09424688314322717,0.2967880854118069
Logistic Regression,0.09434050587482641,0.2976852682576709
Logistic Regression,0.09434050587482641,0.2980441413960165
Logistic Regression,0.0944029210292259,0.2982235779651893
Logistic Regression,0.0944029210292259,0.2984030145343621
Logistic Regression,0.09441852481782577,0.2984030145343621
Logistic Regression,0.0946213740696241,0.29912076081105327
Logistic Regression,0.09480861953282257,0.29947963394939886
Logistic Regression,0.09664986658760748,0.3018123093486453
Logistic Regression,0.09668107416480722,0.3019917459178181
Logistic Regression,0.09669667795340708,0.3021711824869909
Logistic Regression,0.0980854151387957,0.305580477301274
Logistic Regression,0.09850671743099225,0.306477660147138
Logistic Regression,0.0987563780485902,0.3066570967163108
Logistic Regression,0.09888120835738917,0.3070159698546564
Logistic Regression,0.09892801972318879,0.3070159698546564
Logistic Regression,0.100488398583176,0.31114301094563074
Logistic Regression,0.10387442070934823,0.3184999102817154
Logistic Regression,0.10448296846474324,0.3210120222501346
Logistic Regression,0.10452977983054286,0.3210120222501346
Logistic Regression,0.10454538361914273,0.3210120222501346
Logistic Regression,0.1045609874077426,0.3211914588193074
Logistic Regression,0.10457659119634247,0.3211914588193074
Logistic Regression,0.10462340256214209,0.3213708953884802
Logistic Regression,0.10498228969993914,0.32208864166517137
Logistic Regression,0.10502910106573876,0.32208864166517137
Logistic Regression,0.10524755410613697,0.32262695137268976
Logistic Regression,0.10534117683773621,0.32262695137268976
Logistic Regression,0.10535678062633608,0.32262695137268976
Logistic Regression,0.10537238441493595,0.32280638794186256
Logistic Regression,0.10565325260973364,0.32334469764938095
Logistic Regression,0.10571566776413313,0.32334469764938095
Logistic Regression,0.1059497245931312,0.32424188049524494
Logistic Regression,0.1060121397475307,0.32442131706441774
Logistic Regression,0.10610576247912994,0.32460075363359053
Logistic Regression,0.10613697005632967,0.32460075363359053
Logistic Regression,0.10615257384492954,0.32460075363359053
Logistic Regression,0.10626180036512865,0.32478019020276333
Logistic Regression,0.10677672538892444,0.3258568096178001
Logistic Regression,0.10680793296612417,0.3258568096178001
Logistic Regression,0.10694836706352302,0.3262156827561457
Logistic Regression,0.10697957464072277,0.3262156827561457
Logistic Regression,0.10816546257431305,0.3281894850170465
Logistic Regression,0.1082434815173124,0.3281894850170465
Logistic Regression,0.10825908530591227,0.3281894850170465
Logistic Regression,0.10829029288311202,0.3281894850170465
Logistic Regression,0.1083058966717119,0.3281894850170465
Logistic Regression,0.10832150046031176,0.3283689215862193
Logistic Regression,0.10833710424891163,0.3283689215862193
Logistic Regression,0.10836831182611138,0.3283689215862193
Logistic Regression,0.10838391561471125,0.3283689215862193
Logistic Regression,0.10844633076911074,0.3283689215862193
Logistic Regression,0.10846193455771061,0.3283689215862193
Logistic Regression,0.10916410504470485,0.32908666786291046
Logistic Regression,0.10939816187370294,0.33034272384712005
Logistic Regression,0.10952299218250192,0.33052216041629284
Logistic Regression,0.10953859597110178,0.33052216041629284
Logistic Regression,0.10961661491410114,0.33070159698546564
Logistic Regression,0.10966342627990076,0.33088103355463844
Logistic Regression,0.10966342627990076,0.33106047012381123
Logistic Regression,0.10967903006850063,0.33106047012381123
Logistic Regression,0.10974144522290012,0.33106047012381123
Logistic Regression,0.10975704901149999,0.33106047012381123
Logistic Regression,0.1099755020518982,0.33123990669298403
Logistic Regression,0.11002231341769782,0.33141934326215683
Logistic Regression,0.11011593614929704,0.33141934326215683
Logistic Regression,0.11033438918969526,0.332137089538848
Logistic Regression,0.110365596766895,0.3324959626771936
Logistic Regression,0.11039680434409474,0.3324959626771936
Logistic Regression,0.11041240813269462,0.3324959626771936
Logistic Regression,0.11066206875029257,0.333034272384712
Logistic Regression,0.11067767253889245,0.3332137089538848
Logistic Regression,0.11070888011609219,0.3332137089538848
Logistic Regression,0.11072448390469206,0.3332137089538848
Logistic Regression,0.11119259756268822,0.3337520186614032
Logistic Regression,0.11317427871487197,0.33608469406064956
Logistic Regression,0.1132679014464712,0.33698187690651354
Logistic Regression,0.11386084541326634,0.33805849632155033
Logistic Regression,0.11387644920186621,0.3382379328907231
Logistic Regression,0.11389205299046609,0.3382379328907231
Logistic Regression,0.11398567572206532,0.3384173694598959
Logistic Regression,0.11401688329926506,0.3384173694598959
Logistic Regression,0.11417292118526379,0.3387762425982415
Logistic Regression,0.1142197325510634,0.3391351157365871
Logistic Regression,0.11423533633966328,0.3391351157365871
Logistic Regression,0.11440697801426186,0.3398528620132783
Logistic Regression,0.11443818559146161,0.3398528620132783
Logistic Regression,0.11448499695726122,0.3400322985824511
Logistic Regression,0.11450060074586109,0.3400322985824511
Logistic Regression,0.11454741211166071,0.3400322985824511
Logistic Regression,0.11464103484325994,0.3402117351516239
Logistic Regression,0.11476586515205892,0.3403911717207967
Logistic Regression,0.11479707272925867,0.3403911717207967
Logistic Regression,0.11481267651785854,0.3403911717207967
Logistic Regression,0.11484388409505827,0.3403911717207967
Logistic Regression,0.11485948788365816,0.3403911717207967
Logistic Regression,0.11485948788365816,0.3405706082899695
Logistic Regression,0.11509354471265623,0.3407500448591423
Logistic Regression,0.11512475228985598,0.3407500448591423
Logistic Regression,0.11521837502145521,0.3409294814283151
Logistic Regression,0.11531199775305444,0.3409294814283151
Logistic Regression,0.11537441290745393,0.3409294814283151
Logistic Regression,0.1153900166960538,0.3411089179974879
Logistic Regression,0.11540562048465368,0.3411089179974879
Logistic Regression,0.11693479176744113,0.34451821281177103
Logistic Regression,0.116950395556041,0.34451821281177103
Logistic Regression,0.116950395556041,0.3446976493809438
Logistic Regression,0.11696599934464087,0.3446976493809438
Logistic Regression,0.11696599934464087,0.3448770859501166
Logistic Regression,0.11709082965343985,0.3448770859501166
Logistic Regression,0.11710643344203973,0.3448770859501166
Logistic Regression,0.11713764101923947,0.3448770859501166
Logistic Regression,0.11713764101923947,0.3450565225192894
Logistic Regression,0.11715324480783934,0.3450565225192894
Logistic Regression,0.1172312637508387,0.3452359590884622
Logistic Regression,0.11737169784823755,0.3452359590884622
Logistic Regression,0.11738730163683743,0.3452359590884622
Logistic Regression,0.11752773573423628,0.3452359590884622
Logistic Regression,0.1183547365300295,0.347209761349363
Logistic Regression,0.11838594410722923,0.347209761349363
Logistic Regression,0.1184015478958291,0.347209761349363
Logistic Regression,0.11855758578182783,0.3473891979185358
Logistic Regression,0.11865120851342706,0.3473891979185358
Logistic Regression,0.11894768049682462,0.3475686344877086
Logistic Regression,0.11897888807402437,0.3475686344877086
Logistic Regression,0.11899449186262424,0.3475686344877086
Logistic Regression,0.11913492596002309,0.3475686344877086
Logistic Regression,0.12100738059200775,0.35115736587116453
Logistic Regression,0.12103858816920748,0.3515162390095101
Logistic Regression,0.1210853995350071,0.3515162390095101
Logistic Regression,0.12111660711220684,0.3515162390095101
Logistic Regression,0.12155351319300327,0.3524134218553741
Logistic Regression,0.12183438138780096,0.3531311681320653
Logistic Regression,0.12189679654220045,0.3531311681320653
Logistic Regression,0.12199041927379968,0.3531311681320653
Logistic Regression,0.12202162685099942,0.3531311681320653
Logistic Regression,0.12208404200539891,0.3531311681320653
Logistic Regression,0.12247413672039571,0.3540283509779293
Logistic Regression,0.12250534429759545,0.3540283509779293
Logistic Regression,0.12256775945199494,0.3540283509779293
Logistic Regression,0.12259896702919469,0.3540283509779293
Logistic Regression,0.12261457081779456,0.3540283509779293
Logistic Regression,0.12297345795559161,0.3545666606854477
Logistic Regression,0.12305147689859097,0.3545666606854477
Logistic Regression,0.12316070341879008,0.35510497039296607
Logistic Regression,0.12317630720738995,0.35510497039296607
Logistic Regression,0.12330113751618893,0.35528440696213887
Logistic Regression,0.12330113751618893,0.35582271666965726
Logistic Regression,0.12351959055658714,0.35618158980800285
Logistic Regression,0.123535194345187,0.35618158980800285
Logistic Regression,0.12355079813378689,0.35636102637717565
Logistic Regression,0.12358200571098663,0.35636102637717565
Logistic Regression,0.12369123223118574,0.35654046294634845
Logistic Regression,0.12461185575857818,0.3579759554997308
Logistic Regression,0.12462745954717805,0.3579759554997308
Logistic Regression,0.12489272395337588,0.3581553920689036
Logistic Regression,0.12490832774197576,0.3581553920689036
Logistic Regression,0.12495513910777536,0.3581553920689036
Logistic Regression,0.12500195047357499,0.3583348286380764
Logistic Regression,0.1250487618393746,0.3583348286380764
Logistic Regression,0.12507996941657434,0.3583348286380764
Logistic Regression,0.12536083761137204,0.358693701776422
Logistic Regression,0.12553247928597064,0.3588731383455948
Logistic Regression,0.1255480830745705,0.3588731383455948
Logistic Regression,0.12556368686317038,0.3590525749147676
Logistic Regression,0.12559489444037011,0.3590525749147676
Logistic Regression,0.12752976422675424,0.36048806746815
Logistic Regression,0.12759217938115375,0.36048806746815
Logistic Regression,0.12785744378735156,0.3608469406064956
Logistic Regression,0.1279510665189508,0.361385250314014
Logistic Regression,0.12798227409615054,0.361385250314014
Logistic Regression,0.12807589682774978,0.361385250314014
Logistic Regression,0.12813831198214926,0.36174412345235957
Logistic Regression,0.12815391577074914,0.36174412345235957
Logistic Regression,0.1286220294287453,0.36353848914408754
Logistic Regression,0.1288560862577434,0.36407679885160593
Logistic Regression,0.1288560862577434,0.3646151085591243
Logistic Regression,0.13072854088972802,0.3662300376816795
Logistic Regression,0.13075974846692778,0.3662300376816795
Logistic Regression,0.13079095604412752,0.3662300376816795
Logistic Regression,0.13096259771872612,0.3664094742508523
Logistic Regression,0.13099380529592586,0.3664094742508523
Logistic Regression,0.1311342393933247,0.3665889108200251
Logistic Regression,0.1313058810679233,0.36676834738919795
Logistic Regression,0.13133708864512303,0.36676834738919795
Logistic Regression,0.13150873031972163,0.36676834738919795
Logistic Regression,0.1315243341083215,0.36676834738919795
Logistic Regression,0.13172718336011985,0.36676834738919795
Logistic Regression,0.13175839093731959,0.36676834738919795
Logistic Regression,0.13177399472591944,0.36694778395837074
Logistic Regression,0.13178959851451932,0.36694778395837074
Logistic Regression,0.13391171376410194,0.3699982056343083
Logistic Regression,0.1339741289185014,0.3701776422034811
Logistic Regression,0.1340989592273004,0.3703570787726539
Logistic Regression,0.13433301605629847,0.3703570787726539
Logistic Regression,0.1343642236334982,0.3703570787726539
Logistic Regression,0.13441103499929782,0.3703570787726539
Logistic Regression,0.1348167335028945,0.3710748250493451
Logistic Regression,0.1350976016976922,0.3716131347568635
Logistic Regression,0.13514441306349181,0.37179257132603627
Logistic Regression,0.13534726231529015,0.37268975417190026
Logistic Regression,0.13564373429868773,0.37304862731024585
Logistic Regression,0.13567494187588747,0.37304862731024585
Logistic Regression,0.1357685646074867,0.37358693701776424
Logistic Regression,0.13579977218468645,0.37358693701776424
Logistic Regression,0.1358777911276858,0.37376637358693704
Logistic Regression,0.13590899870488554,0.37376637358693704
Logistic Regression,0.13590899870488554,0.37394581015610984
Logistic Regression,0.13634590478568195,0.3750224295711466
Logistic Regression,0.13636150857428184,0.3750224295711466
Logistic Regression,0.13651754646028055,0.3753813027094922
Logistic Regression,0.13653315024888044,0.3753813027094922
Logistic Regression,0.13667358434627927,0.375560739278665
Logistic Regression,0.13668918813487915,0.375560739278665
Logistic Regression,0.13668918813487915,0.3757401758478378
Logistic Regression,0.1367672070778785,0.3757401758478378
Logistic Regression,0.13692324496387723,0.3760990489861834
Logistic Regression,0.13695445254107697,0.3760990489861834
Logistic Regression,0.13840560488086506,0.3778934146779114
Logistic Regression,0.13842120866946495,0.3780728512470842
Logistic Regression,0.13843681245806483,0.3780728512470842
Logistic Regression,0.13848362382386442,0.37843172438542977
Logistic Regression,0.1385148314010642,0.37843172438542977
Logistic Regression,0.1389517374818606,0.37897003409294816
Logistic Regression,0.13896734127046048,0.37914947066212096
Logistic Regression,0.13910777536785932,0.37968778036963935
Logistic Regression,0.13913898294505905,0.37968778036963935
Logistic Regression,0.13970071933465444,0.38094383635384893
Logistic Regression,0.13971632312325433,0.3813027094921945
Logistic Regression,0.1397319269118542,0.3813027094921945
Logistic Regression,0.13976313448905395,0.3814821460613673
Logistic Regression,0.1397787382776538,0.3814821460613673
Logistic Regression,0.13993477616365255,0.3816615826305401
Logistic Regression,0.1399503799522524,0.3818410191997129
Logistic Regression,0.14021564435845024,0.3821998923380585
Logistic Regression,0.14026245572424983,0.3821998923380585
Logistic Regression,0.14044970118744832,0.3823793289072313
Logistic Regression,0.14048090876464805,0.3823793289072313
Logistic Regression,0.14071496559364613,0.3825587654764041
Logistic Regression,0.140730569382246,0.3825587654764041
Logistic Regression,0.140855399691045,0.3829176386147497
Logistic Regression,0.14105824894284333,0.3838148214606137
Logistic Regression,0.14108945652004307,0.3838148214606137
Logistic Regression,0.14126109819464167,0.3839942580297865
Logistic Regression,0.14127670198324152,0.3839942580297865
Logistic Regression,0.14215051414483437,0.38525031401399606
Logistic Regression,0.14378891194782092,0.388839045397452
Logistic Regression,0.14394494983381964,0.389736228243316
Logistic Regression,0.14406978014261862,0.3902745379508344
Logistic Regression,0.14424142181721722,0.3904539745200072
Logistic Regression,0.1458798196202038,0.39368383276511754
Logistic Regression,0.14719053786259303,0.3976314372869191
Logistic Regression,0.1473309719599919,0.39834918356361027
Logistic Regression,0.14734657574859175,0.39834918356361027
Logistic Regression,0.1474870098459906,0.39834918356361027
Logistic Regression,0.1477210666749887,0.39852862013278306
Logistic Regression,0.14778348182938816,0.39870805670195586
Logistic Regression,0.14779908561798805,0.39888749327112866
Logistic Regression,0.14783029319518778,0.39888749327112866
Logistic Regression,0.14790831213818714,0.39888749327112866
Logistic Regression,0.14814236896718525,0.39942580297864705
Logistic Regression,0.14853246368218204,0.39960523954781985
Logistic Regression,0.1485948788365815,0.39960523954781985
Logistic Regression,0.14886014324277935,0.39960523954781985
Logistic Regression,0.1488757470313792,0.39960523954781985
Logistic Regression,0.14895376597437857,0.39960523954781985
Logistic Regression,0.1490473887059778,0.39996411268616544
Logistic Regression,0.14928144553497588,0.40014354925533824
Logistic Regression,0.14937506826657512,0.40014354925533824
Logistic Regression,0.1503425031597672,0.4022967880854118
Logistic Regression,0.15037371073696693,0.4022967880854118
Logistic Regression,0.15063897514316477,0.4026556612237574
Logistic Regression,0.15085742818356296,0.4028350977929302
Logistic Regression,0.15087303197216284,0.4028350977929302
Logistic Regression,0.15087303197216284,0.403014534362103
Logistic Regression,0.15372852528593942,0.40606495603804055
Logistic Regression,0.1537441290745393,0.40606495603804055
Logistic Regression,0.15422784652113533,0.40678270231473174
Logistic Regression,0.15433707304133443,0.40714157545307733
Logistic Regression,0.1543526768299343,0.40714157545307733
Logistic Regression,0.15457112987033253,0.40732101202225013
Logistic Regression,0.15461794123613212,0.40732101202225013
Logistic Regression,0.15574141401532293,0.4100125605598421
Logistic Regression,0.15588184811272177,0.4100125605598421
Logistic Regression,0.15589745190132165,0.4100125605598421
Logistic Regression,0.1559286594785214,0.4100125605598421
Logistic Regression,0.155975470844321,0.4100125605598421
Logistic Regression,0.15658401859971602,0.41108917997487887
Logistic Regression,0.15667764133131523,0.41108917997487887
Logistic Regression,0.1568024716401142,0.41108917997487887
Logistic Regression,0.1568180754287141,0.41108917997487887
Logistic Regression,0.15683367921731398,0.41126861654405167
Logistic Regression,0.15684928300591383,0.41126861654405167
Logistic Regression,0.1584252656545009,0.41306298223577964
Logistic Regression,0.15847207702030053,0.41306298223577964
Logistic Regression,0.15925226645029414,0.4146779113583348
Logistic Regression,0.15928347402749388,0.4146779113583348
Logistic Regression,0.16241983553606815,0.4209581912793827
Logistic Regression,0.16369934620125767,0.4229319935402835
Logistic Regression,0.1637305537784574,0.4229319935402835
Logistic Regression,0.16407383712765458,0.4231114301094563
Logistic Regression,0.1641206484934542,0.4231114301094563
Logistic Regression,0.16424547880225318,0.4231114301094563
Logistic Regression,0.16433910153385242,0.4231114301094563
Logistic Regression,0.1643547053224523,0.4234703032478019
Logistic Regression,0.16438591289965204,0.4234703032478019
Logistic Regression,0.16444832805405152,0.4234703032478019
Logistic Regression,0.16449513941985114,0.4234703032478019
Logistic Regression,0.16527532884984475,0.42418804952449307
Logistic Regression,0.16554059325604256,0.42454692266283867
Logistic Regression,0.16558740462184218,0.42454692266283867
Logistic Regression,0.16653923572643436,0.42562354207787545
Logistic Regression,0.16657044330363413,0.42562354207787545
Logistic Regression,0.16661725466943375,0.42562354207787545
Logistic Regression,0.1689890305366143,0.4288534003229858
Logistic Regression,0.1690982570568134,0.4292122734613314
Logistic Regression,0.16951955934900995,0.4293917100305042
Logistic Regression,0.16961318208060916,0.4293917100305042
Logistic Regression,0.16962878586920904,0.4293917100305042
Logistic Regression,0.1698160313324075,0.4297505831688498
Logistic Regression,0.16983163512100738,0.4297505831688498
Logistic Regression,0.17011250331580507,0.4297505831688498
Logistic Regression,0.1701437108930048,0.4299300197380226
Logistic Regression,0.17020612604740432,0.4299300197380226
Logistic Regression,0.1708770889571988,0.43118607572223216
Logistic Regression,0.17095510790019816,0.43118607572223216
Logistic Regression,0.17106433442039728,0.43136551229140496
Logistic Regression,0.17107993820899714,0.43136551229140496
Logistic Regression,0.17129839124939536,0.43136551229140496
Logistic Regression,0.17334248755597859,0.43441593396734257
Logistic Regression,0.17337369513317832,0.43477480710568817
Logistic Regression,0.17348292165337745,0.43495424367486096
Logistic Regression,0.17351412923057719,0.43513368024403376
Logistic Regression,0.1735609405963768,0.43513368024403376
Logistic Regression,0.17357654438497666,0.43531311681320656
Logistic Regression,0.17360775196217643,0.43531311681320656
Logistic Regression,0.17360775196217643,0.43549255338237935
Logistic Regression,0.17362335575077628,0.43549255338237935
Logistic Regression,0.17368577090517578,0.43549255338237935
Logistic Regression,0.17371697848237552,0.43549255338237935
Logistic Regression,0.1738418087911745,0.43585142652072495
Logistic Regression,0.17387301636837424,0.43585142652072495
Logistic Regression,0.1740134504657731,0.43585142652072495
Logistic Regression,0.1740134504657731,0.43603086308989775
Logistic Regression,0.17402905425437296,0.43603086308989775
Logistic Regression,0.17420069592897156,0.43603086308989775
Logistic Regression,0.1742943186605708,0.43603086308989775
Logistic Regression,0.17452837548956887,0.43621029965907054
Logistic Regression,0.17454397927816873,0.43621029965907054
Logistic Regression,0.1745751868553685,0.43621029965907054
Logistic Regression,0.17624479223555478,0.4383635384891441
Logistic Regression,0.17658807558475198,0.4389018481966625
Logistic Regression,0.17758671805514378,0.4397990310425265
Logistic Regression,0.1776335294209434,0.4397990310425265
Logistic Regression,0.17813285065613932,0.4403373407500449
Logistic Regression,0.17814845444473917,0.4403373407500449
Logistic Regression,0.17817966202193894,0.4403373407500449
Logistic Regression,0.17934994616692934,0.44105508702673607
Logistic Regression,0.1793655499555292,0.44105508702673607
Logistic Regression,0.1795371916301278,0.44231114301094565
Logistic Regression,0.17955279541872768,0.44231114301094565
Logistic Regression,0.17961521057312715,0.44231114301094565
Logistic Regression,0.1796464181503269,0.44231114301094565
Logistic Regression,0.1798180598249255,0.44267001614929125
Logistic Regression,0.17991168255652473,0.44267001614929125
Logistic Regression,0.1799272863451246,0.44267001614929125
Logistic Regression,0.18365659182049401,0.44805311322447516
Logistic Regression,0.18375021455209326,0.44805311322447516
Logistic Regression,0.183781422129293,0.44805311322447516
Logistic Regression,0.1838282334950926,0.44823254979364796
Logistic Regression,0.1851077441602821,0.4507446617620671
Logistic Regression,0.18520136689188135,0.4507446617620671
Logistic Regression,0.18526378204628083,0.4507446617620671
Logistic Regression,0.18562266918407788,0.4507446617620671
Logistic Regression,0.18591914116747546,0.4511035349004127
Logistic Regression,0.18593474495607534,0.4511035349004127
Logistic Regression,0.18615319799647354,0.4516418446079311
Logistic Regression,0.18620000936227316,0.4516418446079311
Logistic Regression,0.18626242451667266,0.4518212811771039
Logistic Regression,0.1862936320938724,0.4518212811771039
Logistic Regression,0.18638725482547164,0.4520007177462767
Logistic Regression,0.1864496699798711,0.4520007177462767
Logistic Regression,0.186465273768471,0.4520007177462767
Logistic Regression,0.1867305381746688,0.4525390274537951
Logistic Regression,0.1867461419632687,0.4525390274537951
Logistic Regression,0.18676174575186855,0.4527184640229679
Logistic Regression,0.18677734954046843,0.4527184640229679
Logistic Regression,0.1869021798492674,0.4527184640229679
Logistic Regression,0.18691778363786726,0.4527184640229679
Logistic Regression,0.18710502910106575,0.4528979005921407
Logistic Regression,0.1873546897186637,0.4532567737304863
Logistic Regression,0.18738589729586344,0.4532567737304863
Logistic Regression,0.18749512381606254,0.4532567737304863
Logistic Regression,0.18765116170206125,0.4534362102996591
Logistic Regression,0.18841574734345498,0.45558944912973265
Logistic Regression,0.18844695492065475,0.45558944912973265
Logistic Regression,0.1886342003838532,0.45612775883725104
Logistic Regression,0.18866540796105294,0.45612775883725104
Logistic Regression,0.18871221932685256,0.45612775883725104
Logistic Regression,0.18886825721285128,0.45630719540642384
Logistic Regression,0.1934245634840139,0.4649201507267181
Logistic Regression,0.19347137484981353,0.4649201507267181
Logistic Regression,0.1935025824270133,0.4649201507267181
Logistic Regression,0.19398629987360932,0.4661762067109277
Logistic Regression,0.19411113018240828,0.4661762067109277
Logistic Regression,0.1941579415482079,0.4663556432801005
Logistic Regression,0.19418914912540766,0.4663556432801005
Logistic Regression,0.19445441353160547,0.4670733895567917
Logistic Regression,0.19447001732020536,0.4670733895567917
Logistic Regression,0.19457924384040445,0.46725282612596447
Logistic Regression,0.19459484762900434,0.46743226269513727
Logistic Regression,0.19648290604958885,0.46940606495603804
Logistic Regression,0.19726309547958246,0.4704826843710748
Logistic Regression,0.19732551063398193,0.4704826843710748
Logistic Regression,0.1975127560971804,0.4708415575094204
Logistic Regression,0.1975751712515799,0.471200430647766
Logistic Regression,0.19759077504017974,0.471200430647766
Logistic Regression,0.1976219826173795,0.471200430647766
Logistic Regression,0.19770000156037887,0.471200430647766
Logistic Regression,0.19954124861516376,0.4724564866319756
Logistic Regression,0.19979090923276172,0.4726359232011484
Logistic Regression,0.19988453196436096,0.4726359232011484
Logistic Regression,0.1999001357529608,0.4726359232011484
Logistic Regression,0.2001810039477585,0.4728153597703212
Logistic Regression,0.2001966077363584,0.4728153597703212
Logistic Regression,0.201585344921747,0.47443028889287636
Logistic Regression,0.20160094871034687,0.47443028889287636
Logistic Regression,0.20166336386474637,0.47443028889287636
Logistic Regression,0.20178819417354535,0.47496859860039475
Logistic Regression,0.20294287452993587,0.47604521801543154
Logistic Regression,0.20295847831853575,0.47604521801543154
Logistic Regression,0.2037074601713296,0.4778395837071595
Logistic Regression,0.20380108290292884,0.4787367665530235
Logistic Regression,0.20389470563452805,0.4790956396913691
Logistic Regression,0.2041599700407259,0.4794545128297147
Logistic Regression,0.20419117761792563,0.4798133859680603
Logistic Regression,0.20428480034952487,0.4798133859680603
Logistic Regression,0.20434721550392435,0.4799928225372331
Logistic Regression,0.20436281929252423,0.4799928225372331
Logistic Regression,0.20439402686972397,0.4799928225372331
Logistic Regression,0.2047685177961209,0.4801722591064059
Logistic Regression,0.20487774431632,0.4801722591064059
Logistic Regression,0.2049401594707195,0.48035169567557867
Logistic Regression,0.20501817841371886,0.48035169567557867
Logistic Regression,0.2052210276655172,0.48035169567557867
Logistic Regression,0.2052678390313168,0.48035169567557867
Logistic Regression,0.20528344281991667,0.48035169567557867
Logistic Regression,0.20539266934011577,0.48053113224475147
Logistic Regression,0.20545508449451527,0.48053113224475147
Logistic Regression,0.20556431101471437,0.48053113224475147
Logistic Regression,0.2056579337463136,0.48053113224475147
Logistic Regression,0.20567353753491346,0.48053113224475147
Logistic Regression,0.20570474511211323,0.48053113224475147
Logistic Regression,0.20572034890071308,0.48053113224475147
Logistic Regression,0.20579836784371244,0.48089000538309706
Logistic Regression,0.20584517920951206,0.48106944195226986
Logistic Regression,0.20586078299811195,0.48106944195226986
Logistic Regression,0.206219670135909,0.48178718822896105
Logistic Regression,0.20634450044470798,0.48196662479813385
Logistic Regression,0.20703106714310235,0.4837609904898618
Logistic Regression,0.2070466709317022,0.4837609904898618
Logistic Regression,0.20709348229750182,0.4837609904898618
Logistic Regression,0.20720270881770095,0.4837609904898618
Logistic Regression,0.2072183126063008,0.4837609904898618
Logistic Regression,0.20737435049229952,0.4839404270590346
Logistic Regression,0.20740555806949929,0.4839404270590346
Logistic Regression,0.20745236943529888,0.4841198636282074
Logistic Regression,0.2096212960506811,0.4851964830432442
Logistic Regression,0.20963689983928097,0.4851964830432442
Logistic Regression,0.20966810741648073,0.4851964830432442
Logistic Regression,0.20982414530247945,0.4859142293199354
Logistic Regression,0.2098397490910793,0.4859142293199354
Logistic Regression,0.21030786274907548,0.486273102458281
Logistic Regression,0.2103546741148751,0.4864525390274538
Logistic Regression,0.21040148548067472,0.4864525390274538
Logistic Regression,0.21041708926927458,0.4864525390274538
Logistic Regression,0.21121288248786804,0.48770859501166336
Logistic Regression,0.2112440900650678,0.48770859501166336
Logistic Regression,0.21169659993446407,0.48824690471918175
Logistic Regression,0.21172780751166384,0.48842634128835455
Logistic Regression,0.21193065676346218,0.48860577785752735
Logistic Regression,0.21194626055206203,0.48860577785752735
Logistic Regression,0.21210229843806075,0.48860577785752735
Logistic Regression,0.21211790222666063,0.48878521442670014
Logistic Regression,0.21216471359246025,0.48878521442670014
Logistic Regression,0.21294490302245386,0.48950296070339133
Logistic Regression,0.2131477522742522,0.4898618338417369
Logistic Regression,0.21321016742865168,0.4898618338417369
Logistic Regression,0.2144272629394417,0.4911178898259465
Logistic Regression,0.21575358497043082,0.49434774807105686
Logistic Regression,0.21595643422222915,0.49452718464022966
Logistic Regression,0.21600324558802877,0.49452718464022966
Logistic Regression,0.21737637898481751,0.49578324062443924
Logistic Regression,0.21845304039820868,0.4965009869011304
Logistic Regression,0.21934245634840138,0.4970392966086488
Logistic Regression,0.219389267714201,0.4970392966086488
Logistic Regression,0.2194984942344001,0.4970392966086488
Logistic Regression,0.21977936242919782,0.4970392966086488
Logistic Regression,0.22004462683539563,0.4970392966086488
Logistic Regression,0.22015385335559473,0.4970392966086488
Logistic Regression,0.22041911776179257,0.4972187331778216
Logistic Regression,0.2204503253389923,0.4972187331778216
Logistic Regression,0.2204659291275922,0.4972187331778216
Logistic Regression,0.2206219670135909,0.4973981697469944
Logistic Regression,0.22098085415138796,0.4975776063161672
Logistic Regression,0.22137094886638475,0.498654225731204
Logistic Regression,0.2214021564435845,0.498654225731204
Logistic Regression,0.22141776023218437,0.498654225731204
Logistic Regression,0.2214489678093841,0.4988336623003768
Logistic Regression,0.22148017538658385,0.4988336623003768
Logistic Regression,0.22152698675238347,0.4988336623003768
Logistic Regression,0.22165181706118245,0.4988336623003768
Logistic Regression,0.22183906252438093,0.4990130988695496
Logistic Regression,0.22187027010158067,0.4990130988695496
Logistic Regression,0.22188587389018052,0.4990130988695496
Logistic Regression,0.2231341769781703,0.4999102817154136
Logistic Regression,0.22316538455537005,0.4999102817154136
Logistic Regression,0.22321219592116967,0.5000897182845864
Logistic Regression,0.2232434034983694,0.5000897182845864
Logistic Regression,0.22325900728696926,0.5000897182845864
Logistic Regression,0.2233526300185685,0.5000897182845864
Logistic Regression,0.22338383759576824,0.5000897182845864
Logistic Regression,0.22339944138436812,0.5000897182845864
Logistic Regression,0.22339944138436812,0.5002691548537592
Logistic Regression,0.223415045172968,0.5002691548537592
Logistic Regression,0.2235242716931671,0.5002691548537592
Logistic Regression,0.223539875481767,0.5002691548537592
Logistic Regression,0.223539875481767,0.500448591422932
Logistic Regression,0.22358668684756658,0.500448591422932
Logistic Regression,0.22396117777396352,0.501345774268796
Logistic Regression,0.22400798913976314,0.5017046474071416
Logistic Regression,0.22402359292836302,0.5018840839763143
Logistic Regression,0.22403919671696287,0.5018840839763143
Logistic Regression,0.22405480050556276,0.5022429571146599
Logistic Regression,0.2240860080827625,0.5022429571146599
Logistic Regression,0.2240860080827625,0.5024223936838328
Logistic Regression,0.2253187073821524,0.5034990130988696
Logistic Regression,0.22545914147955123,0.5038578862372152
Logistic Regression,0.22595846271474715,0.504934505652252
Logistic Regression,0.225974066503347,0.504934505652252
Logistic Regression,0.22609889681214598,0.504934505652252
Logistic Regression,0.22940689999531885,0.5087026736048806
Logistic Regression,0.23053037277450966,0.5094204198815718
Logistic Regression,0.23060839171750902,0.5095998564507447
Logistic Regression,0.23065520308330864,0.5095998564507447
Logistic Regression,0.23076442960350774,0.5095998564507447
Logistic Regression,0.2310609015869053,0.5106764758657815
Logistic Regression,0.23107650537550517,0.5106764758657815
Logistic Regression,0.2311077129527049,0.5106764758657815
Logistic Regression,0.2313885811475026,0.5112147855732998
Logistic Regression,0.23143539251330222,0.5112147855732998
Logistic Regression,0.23152901524490146,0.5115736587116454
Logistic Regression,0.2315602228221012,0.5115736587116454
Logistic Regression,0.2316694493423003,0.5115736587116454
Logistic Regression,0.23168505313090018,0.5115736587116454
Logistic Regression,0.23174746828529966,0.5115736587116454
Logistic Regression,0.23176307207389954,0.5115736587116454
Logistic Regression,0.23179427965109928,0.5115736587116454
Logistic Regression,0.23204394026869724,0.5121119684191638
Logistic Regression,0.2328397334872907,0.5130091512650278
Logistic Regression,0.23299577137328945,0.5133680244033734
Logistic Regression,0.23302697895048918,0.5135474609725462
Logistic Regression,0.23658464275126,0.5209043603086309
Logistic Regression,0.23660024653985987,0.5209043603086309
Logistic Regression,0.237318020815454,0.5218015431544949
Logistic Regression,0.23755207764445208,0.5223398528620132
Logistic Regression,0.2375832852216518,0.5223398528620132
Logistic Regression,0.23761449279885155,0.5223398528620132
Logistic Regression,0.2376925117418509,0.5223398528620132
Logistic Regression,0.2377081155304508,0.5223398528620132
Logistic Regression,0.2378173420506499,0.5225192894311861
Logistic Regression,0.23784854962784965,0.5226987260003588
Logistic Regression,0.2378641534164495,0.5226987260003588
Logistic Regression,0.23791096478224913,0.5226987260003588
Logistic Regression,0.23791096478224913,0.5228781625695317
Logistic Regression,0.24385600823880038,0.5311322447514804
Logistic Regression,0.24448015978279528,0.5316705544589987
Logistic Regression,0.24449576357139513,0.5316705544589987
Logistic Regression,0.24460499009159423,0.5316705544589987
Logistic Regression,0.2446205938801941,0.5316705544589987
Logistic Regression,0.2447298204003932,0.5316705544589987
Logistic Regression,0.24476102797759297,0.5316705544589987
Logistic Regression,0.2449170658635917,0.5316705544589987
Logistic Regression,0.24526034921278886,0.5318499910281715
Logistic Regression,0.24732004930797197,0.5363359052574915
Logistic Regression,0.24733565309657185,0.5363359052574915
Logistic Regression,0.24738246446237147,0.5363359052574915
Logistic Regression,0.24738246446237147,0.5365153418266643
Logistic Regression,0.24760091750276966,0.5372330881033555
Logistic Regression,0.24774135160016852,0.5372330881033555
Logistic Regression,0.247803766754568,0.537591961241701
Logistic Regression,0.24866197512756097,0.5384891440875651
Logistic Regression,0.25168911011593614,0.5424367486093666
Logistic Regression,0.251704713904536,0.5424367486093666
Logistic Regression,0.25203239346513334,0.5431544948860578
Logistic Regression,0.2520479972537332,0.5431544948860578
Logistic Regression,0.25220403513973194,0.5431544948860578
Logistic Regression,0.2524536957573299,0.5431544948860578
Logistic Regression,0.2525473184889291,0.5433339314552306
Logistic Regression,0.25257852606612885,0.5435133680244034
Logistic Regression,0.2526721487977281,0.5435133680244034
Logistic Regression,0.25275016774072745,0.5435133680244034
Logistic Regression,0.2528281866837268,0.5436928045935762
Logistic Regression,0.2528749980495264,0.5436928045935762
Logistic Regression,0.253046639724125,0.5444105508702674
Logistic Regression,0.25507513224210837,0.5463843531311682
Logistic Regression,0.25510633981930814,0.5463843531311682
Logistic Regression,0.255121943607908,0.5463843531311682
Logistic Regression,0.2551687549737076,0.5463843531311682
Logistic Regression,0.2552935852825066,0.5463843531311682
Logistic Regression,0.25530918907110645,0.5463843531311682
Logistic Regression,0.2553403966483062,0.5463843531311682
Logistic Regression,0.25544962316850534,0.5465637897003409
Logistic Regression,0.25546522695710516,0.5465637897003409
Logistic Regression,0.2564326618502972,0.5471020994078594
Logistic Regression,0.2565730959476961,0.5471020994078594
Logistic Regression,0.256588699736296,0.5471020994078594
Logistic Regression,0.25690077550829343,0.5481787188228961
Logistic Regression,0.2571504361258914,0.5485375919612417
Logistic Regression,0.2574000967434893,0.5485375919612417
Logistic Regression,0.25749371947508853,0.5485375919612417
Logistic Regression,0.2575249270522883,0.5485375919612417
Logistic Regression,0.2575249270522883,0.5487170285304145
Logistic Regression,0.2575717384180879,0.5487170285304145
Logistic Regression,0.25760294599528766,0.5487170285304145
Logistic Regression,0.257680964938287,0.5490759016687601
Logistic Regression,0.2580242482874842,0.5492553382379329
Logistic Regression,0.2591633248552749,0.5512291404988336
Logistic Regression,0.2591945324324746,0.5514085770680065
Logistic Regression,0.25924134379827424,0.5514085770680065
Logistic Regression,0.25927255137547395,0.5514085770680065
Logistic Regression,0.2597094574562704,0.5521263233446977
Logistic Regression,0.2598186839764695,0.5524851964830433
Logistic Regression,0.2602555900572659,0.5528440696213889
Logistic Regression,0.2613634590478568,0.554458998743944
Logistic Regression,0.26141027041365644,0.554458998743944
Logistic Regression,0.26156630829965516,0.5549973084514624
Logistic Regression,0.26158191208825504,0.5549973084514624
Logistic Regression,0.26178476134005335,0.555356181589808
Logistic Regression,0.2618159689172531,0.555356181589808
Logistic Regression,0.2618471764944528,0.555356181589808
Logistic Regression,0.26190959164885236,0.555356181589808
Logistic Regression,0.26195640301465195,0.555356181589808
Logistic Regression,0.26219045984365,0.5558944912973264
Logistic Regression,0.2622060636322499,0.5558944912973264
Logistic Regression,0.2622528749980495,0.5558944912973264
Logistic Regression,0.262440120461248,0.5560739278664992
Logistic Regression,0.26248693182704763,0.5560739278664992
Logistic Regression,0.26251813940424734,0.5560739278664992
Logistic Regression,0.26251813940424734,0.556253364435672
Logistic Regression,0.2625337431928472,0.556253364435672
Logistic Regression,0.2625337431928472,0.5564328010048448
Logistic Regression,0.263782046280837,0.558944912973264
Logistic Regression,0.26386006522383637,0.558944912973264
Logistic Regression,0.26392248037823585,0.5593037861116096
Logistic Regression,0.26393808416683573,0.5593037861116096
Logistic Regression,0.26699642673241064,0.5605598420958191
Logistic Regression,0.26707444567541,0.5605598420958191
Logistic Regression,0.26772980479660463,0.5616364615108559
Logistic Regression,0.26791705025980306,0.5616364615108559
Logistic Regression,0.26793265404840294,0.5618158980800287
Logistic Regression,0.2679482578370028,0.5618158980800287
Logistic Regression,0.269633467005789,0.564148573479275
Logistic Regression,0.26989873141198684,0.5645074466176206
Logistic Regression,0.2699143352005867,0.5645074466176206
Logistic Regression,0.27007037308658544,0.5648663197559662
Logistic Regression,0.2700859768751853,0.5648663197559662
Logistic Regression,0.2701795996067845,0.5648663197559662
Logistic Regression,0.27025761854978386,0.5648663197559662
Logistic Regression,0.27027322233838375,0.5650457563251391
Logistic Regression,0.2707101284191802,0.5664812488785215
Logistic Regression,0.2707101284191802,0.5666606854476942
Logistic Regression,0.27089737388237867,0.5668401220168671
Logistic Regression,0.2709129776709785,0.5668401220168671
Logistic Regression,0.27100660040257774,0.5668401220168671
Logistic Regression,0.2712562610201757,0.5668401220168671
Logistic Regression,0.27562532182813987,0.572223219092051
Logistic Regression,0.2757813597141386,0.572223219092051
Logistic Regression,0.2768112097617301,0.5732998385070878
Logistic Regression,0.2768892287047295,0.5734792750762605
Logistic Regression,0.27690483249332937,0.5734792750762605
Logistic Regression,0.276951643859129,0.5734792750762605
Logistic Regression,0.2769828514363287,0.5734792750762605
Logistic Regression,0.2770296628021284,0.5734792750762605
Logistic Regression,0.27709207795652785,0.5734792750762605
Logistic Regression,0.27724811584252657,0.5738381482146061
Logistic Regression,0.27727932341972633,0.5738381482146061
Logistic Regression,0.2775757954031239,0.5738381482146061
Logistic Regression,0.27997877884750416,0.5752736407679885
Logistic Regression,0.27999438263610404,0.5752736407679885
Logistic Regression,0.2800880053677033,0.5754530773371613
Logistic Regression,0.28010360915630317,0.5754530773371613
Logistic Regression,0.280244043253702,0.5756325139063341
Logistic Regression,0.2806029303914991,0.5756325139063341
Logistic Regression,0.28088379858629675,0.5759913870446797
Logistic Regression,0.28573657684085696,0.5846043423649739
Logistic Regression,0.28578338820665655,0.5846043423649739
Logistic Regression,0.28579899199525644,0.5847837789341468
Logistic Regression,0.2858301995724562,0.5847837789341468
Logistic Regression,0.2862046904988531,0.5851426520724924
Logistic Regression,0.2862358980760529,0.5851426520724924
Logistic Regression,0.28662599279104967,0.5851426520724924
Logistic Regression,0.28664159657964955,0.5851426520724924
Logistic Regression,0.2867352193112488,0.5853220886416651
Logistic Regression,0.2867664268884485,0.5853220886416651
Logistic Regression,0.28684444583144786,0.5853220886416651
Logistic Regression,0.2871565216034453,0.5856809617800107
Logistic Regression,0.2872813519122443,0.5856809617800107
Logistic Regression,0.2926334514020004,0.5914229319935402
Logistic Regression,0.2926490551906003,0.5916023685627131
Logistic Regression,0.2926490551906003,0.5917818051318858
Logistic Regression,0.29266465897920013,0.5917818051318858
Logistic Regression,0.2946775477085836,0.5937556073927867
Logistic Regression,0.2958166242763743,0.5948322268078234
Logistic Regression,0.296097492471172,0.5953705365153418
Logistic Regression,0.2961287000483717,0.5953705365153418
Logistic Regression,0.29645637960896903,0.5953705365153418
Logistic Regression,0.2965500023405683,0.5957294096536874
Logistic Regression,0.29675285159236664,0.596088282792033
Logistic Regression,0.29679966295816623,0.596088282792033
Logistic Regression,0.29692449326696524,0.5962677193612058
Logistic Regression,0.29840685318395305,0.5973443387762426
Logistic Regression,0.3001700812957386,0.5984209581912794
Logistic Regression,0.30020128887293834,0.5986003947604521
Logistic Regression,0.3002324964501381,0.5986003947604521
Logistic Regression,0.30057577979933525,0.5991387044679706
Logistic Regression,0.30057577979933525,0.5993181410371433
Logistic Regression,0.30059138358793513,0.5993181410371433
Logistic Regression,0.3006694025309345,0.5993181410371433
Logistic Regression,0.3009502707257322,0.6000358873138346
Logistic Regression,0.3009814783029319,0.6000358873138346
Logistic Regression,0.30485121787570024,0.6050601112506729
Logistic Regression,0.30489802924149983,0.6050601112506729
Logistic Regression,0.3058654641346919,0.6066750403732281
Logistic Regression,0.31012529842245695,0.6093665889108201
Logistic Regression,0.31014090221105683,0.6093665889108201
Logistic Regression,0.3103905628286548,0.6097254620491657
Logistic Regression,0.3105466007146535,0.6097254620491657
Logistic Regression,0.31059341208045316,0.6099048986183384
Logistic Regression,0.3118105075912432,0.6115198277408936
Logistic Regression,0.31259069702123676,0.612058137448412
Logistic Regression,0.31333967887403064,0.6127758837251032
Logistic Regression,0.3134333016056298,0.6127758837251032
Logistic Regression,0.3134489053942297,0.6127758837251032
Logistic Regression,0.31348011297142947,0.6127758837251032
Logistic Regression,0.31365175464602807,0.612955320294276
Logistic Regression,0.31371416980042754,0.6131347568634488
Logistic Regression,0.3138077925320268,0.6131347568634488
Logistic Regression,0.314026245572425,0.6131347568634488
Logistic Regression,0.3142915099786228,0.6134936300017944
Logistic Regression,0.3143695289216222,0.6136730665709672
Logistic Regression,0.3152589448718149,0.6145702494168311
Logistic Regression,0.3152901524490146,0.6145702494168311
Logistic Regression,0.3153525676034141,0.6145702494168311
Logistic Regression,0.3155710206438123,0.6145702494168311
Logistic Regression,0.3156022282210121,0.6145702494168311
Logistic Regression,0.3158050774728104,0.6145702494168311
Logistic Regression,0.31586749262720987,0.6145702494168311
Logistic Regression,0.31589870020440963,0.6145702494168311
Logistic Regression,0.3159299077816094,0.614749685986004
Logistic Regression,0.31621077597640707,0.614749685986004
Logistic Regression,0.3166632858458034,0.6156468688318679
Logistic Regression,0.3170689843494,0.6160057419702135
Logistic Regression,0.31713139950379954,0.6160057419702135
Logistic Regression,0.3171470032923994,0.6160057419702135
Logistic Regression,0.3179896078767925,0.6167234882469047
Logistic Regression,0.31822366470579055,0.6169029248160776
Logistic Regression,0.3182704760715902,0.6169029248160776
Logistic Regression,0.31834849501458956,0.6169029248160776
Logistic Regression,0.31839530638038915,0.6170823613852503
Logistic Regression,0.31845772153478863,0.6170823613852503
Logistic Regression,0.3184733253233885,0.6170823613852503
Logistic Regression,0.31880100488398583,0.6170823613852503
Logistic Regression,0.3197684397771779,0.6179795442311143
Logistic Regression,0.31983085493157737,0.6179795442311143
Logistic Regression,0.3199400814517765,0.6181589808002871
Logistic Regression,0.3199556852403764,0.6181589808002871
Logistic Regression,0.32020534585797433,0.6181589808002871
Logistic Regression,0.3202677610123738,0.6181589808002871
Logistic Regression,0.32036138374397305,0.6185178539386327
Logistic Regression,0.3207670822475697,0.6188767270769783
Logistic Regression,0.3210167428651677,0.6192356002153239
Logistic Regression,0.3210323466537675,0.6192356002153239
Logistic Regression,0.32686816359011966,0.6239009510138166
Logistic Regression,0.32688376737871955,0.6239009510138166
Logistic Regression,0.32688376737871955,0.6240803875829894
Logistic Regression,0.32733627724811587,0.6242598241521622
Logistic Regression,0.3280228439465102,0.6256953167055446
Logistic Regression,0.3280228439465102,0.6260541898438902
Logistic Regression,0.32817888183250893,0.626233626413063
Logistic Regression,0.3283661272957074,0.626233626413063
Logistic Regression,0.3285845803361056,0.626233626413063
Logistic Regression,0.3286001841247055,0.626233626413063
Logistic Regression,0.32883424095370356,0.6265924995514086
Logistic Regression,0.3288654485309033,0.6265924995514086
Logistic Regression,0.3289278636853028,0.6267719361205814
Logistic Regression,0.3289434674739027,0.6267719361205814
Logistic Regression,0.32906829778270164,0.6267719361205814
Logistic Regression,0.3291151091485013,0.6269513726897542
Logistic Regression,0.32919312809150064,0.6273102458280998
Logistic Regression,0.32919312809150064,0.6274896823972725
Logistic Regression,0.3325479426404731,0.6310784137807285
Logistic Regression,0.33257915021767287,0.6310784137807285
Logistic Regression,0.3325947540062727,0.6310784137807285
Logistic Regression,0.3327819994694712,0.6317961600574197
Logistic Regression,0.33281320704667094,0.6321550331957653
Logistic Regression,0.33284441462387065,0.6323344697649381
Logistic Regression,0.33300045250986937,0.6323344697649381
Logistic Regression,0.3330628676642689,0.6323344697649381
Logistic Regression,0.33335933964766645,0.6326933429032837
Logistic Regression,0.33337494343626634,0.6326933429032837
Logistic Regression,0.33353098132226505,0.6326933429032837
Logistic Regression,0.33390547224866196,0.6330522160416293
Logistic Regression,0.3339366798258617,0.6330522160416293
Logistic Regression,0.33481049198745455,0.6341288354566661
Logistic Regression,0.3350133412392529,0.6341288354566661
Logistic Regression,0.3351069639708521,0.6341288354566661
Logistic Regression,0.33518498291385146,0.6343082720258388
Logistic Regression,0.3381965141136268,0.6357437645792212
Logistic Regression,0.3381965141136268,0.6359232011483941
Logistic Regression,0.338290136845226,0.6359232011483941
Logistic Regression,0.3383057406338259,0.6359232011483941
Logistic Regression,0.338539797462824,0.6366409474250853
Logistic Regression,0.33857100504002374,0.6366409474250853
Logistic Regression,0.33860221261722345,0.6366409474250853
Logistic Regression,0.34006896874561143,0.6378970034092948
Logistic Regression,0.340115780111411,0.6378970034092948
Logistic Regression,0.34034983694040916,0.6380764399784676
Logistic Regression,0.34038104451760887,0.6382558765476404
Logistic Regression,0.3409895922730039,0.6389736228243316
Logistic Regression,0.3427060090189898,0.6398708056701956
Logistic Regression,0.34273721659618955,0.6398708056701956
Logistic Regression,0.34278402796198915,0.6398708056701956
Logistic Regression,0.34295566963658775,0.6404091153777139
Logistic Regression,0.3430180847909873,0.6405885519468868
Logistic Regression,0.3430336885795871,0.6405885519468868
Logistic Regression,0.3430336885795871,0.6407679885160595
Logistic Regression,0.34311170752258646,0.6407679885160595
Logistic Regression,0.3471842963471531,0.6447155930378611
Logistic Regression,0.3472311077129527,0.6447155930378611
Logistic Regression,0.34724671150155256,0.6447155930378611
Logistic Regression,0.34754318348495017,0.6448950296070339
Logistic Regression,0.3475743910621499,0.6448950296070339
Logistic Regression,0.3493220153853356,0.6461510855912435
Logistic Regression,0.3496965063117325,0.646509958729589
Logistic Regression,0.34972771388893226,0.6466893952987619
Logistic Regression,0.35027384648992776,0.6472277050062802
Logistic Regression,0.3514909420007178,0.6484837609904899
Logistic Regression,0.3515221495779175,0.6484837609904899
Logistic Regression,0.35161577230951674,0.6486631975596626
Logistic Regression,0.3520838859675129,0.6493809438363538
Logistic Regression,0.3521463011219124,0.6493809438363538
Logistic Regression,0.35228673521931125,0.6499192535438723
Logistic Regression,0.3536442648275001,0.6506369998205634
Logistic Regression,0.3536598686161,0.6506369998205634
Logistic Regression,0.35369107619329976,0.6506369998205634
Logistic Regression,0.3544868694118932,0.651893055804773
Logistic Regression,0.3545024732004931,0.651893055804773
Logistic Regression,0.3546116997206922,0.651893055804773
Logistic Regression,0.35642173919827735,0.6553023506190562
Logistic Regression,0.35879351506545787,0.6578144625874753
Logistic Regression,0.35879351506545787,0.6579938991566481
Logistic Regression,0.3588403264312575,0.6579938991566481
Logistic Regression,0.36055674317724346,0.6599677014175489
Logistic Regression,0.3608688189492409,0.6606854476942401
Logistic Regression,0.36127451745283756,0.6608648842634128
Logistic Regression,0.3613057250300373,0.6608648842634128
Logistic Regression,0.3617738386880335,0.6612237574017584
Logistic Regression,0.3619766879398318,0.6612237574017584
Logistic Regression,0.36199229172843167,0.6612237574017584
Logistic Regression,0.3621483296144304,0.6614031939709313
Logistic Regression,0.3663145411705962,0.6673246007536336
Logistic Regression,0.3664237676907953,0.6673246007536336
Logistic Regression,0.3677656935103843,0.6684012201686704
Logistic Regression,0.3677812972989842,0.6684012201686704
Logistic Regression,0.3679529389735828,0.6684012201686704
Logistic Regression,0.3679997503393824,0.6685806567378432
Logistic Regression,0.36801535412798225,0.6685806567378432
Logistic Regression,0.3680933730709816,0.668760093307016
Logistic Regression,0.3709644701733581,0.6701955858603984
Logistic Regression,0.37124533836815576,0.6709133321370896
Logistic Regression,0.37144818761995413,0.6710927687062623
Logistic Regression,0.371463791408554,0.6712722052754352
Logistic Regression,0.37154181035155337,0.6712722052754352
Logistic Regression,0.37180707475775115,0.6718105149829535
Logistic Regression,0.37449092639692916,0.6727076978288176
Logistic Regression,0.3746469642829279,0.6728871343979903
Logistic Regression,0.37467817186012764,0.6730665709671632
Logistic Regression,0.3749122286891257,0.6739637538130271
Logistic Regression,0.37719038182470704,0.6753992463664095
Logistic Regression,0.3772215894019068,0.6753992463664095
Logistic Regression,0.37736202349930564,0.6757581195047551
Logistic Regression,0.3775960803283037,0.6759375560739279
Logistic Regression,0.37864153416449514,0.677552485196483
Logistic Regression,0.378657137953095,0.677552485196483
Logistic Regression,0.379999063772684,0.6782702314731742
Logistic Regression,0.3800146675612839,0.6782702314731742
Logistic Regression,0.38009268650428324,0.6784496680423471
Logistic Regression,0.380123894081483,0.6784496680423471
Logistic Regression,0.3801551016586827,0.6784496680423471
Logistic Regression,0.3802331206016821,0.6784496680423471
Logistic Regression,0.38026432817888184,0.6784496680423471
Logistic Regression,0.38037355469908096,0.6784496680423471
Logistic Regression,0.38149702747827174,0.6815000897182846
Logistic Regression,0.3816374615756706,0.6815000897182846
Logistic Regression,0.38165306536427046,0.6815000897182846
Logistic Regression,0.38169987673007005,0.6815000897182846
Logistic Regression,0.38294817981805984,0.6827561457024942
Logistic Regression,0.3829637836066597,0.6827561457024942
Logistic Regression,0.38299499118385943,0.6827561457024942
Logistic Regression,0.38347870863045547,0.6831150188408398
Logistic Regression,0.38354112378485494,0.6831150188408398
Logistic Regression,0.3835723313620547,0.6831150188408398
Logistic Regression,0.3836191427278543,0.6831150188408398
Logistic Regression,0.3839780298656514,0.6834738919791854
Logistic Regression,0.3841184639630502,0.6834738919791854
Logistic Regression,0.38414967154025,0.6834738919791854
Logistic Regression,0.3843057094262487,0.6836533285483581
Logistic Regression,0.3850702950676424,0.6850888211017405
Logistic Regression,0.3850858988562423,0.6850888211017405
Logistic Regression,0.385241936742241,0.6850888211017405
Logistic Regression,0.38555401251423843,0.6854476942400861
Logistic Regression,0.3856008238800381,0.6854476942400861
Logistic Regression,0.38561642766863796,0.6854476942400861
Logistic Regression,0.3860845413266341,0.6863448770859502
Logistic Regression,0.38619376784683324,0.6865243136551229
Logistic Regression,0.38658386256183,0.6867037502242958
Logistic Regression,0.3865994663504299,0.6867037502242958
Logistic Regression,0.38677110802502845,0.6867037502242958
Logistic Regression,0.3869895610654267,0.6872420599318141
Logistic Regression,0.3870363724312263,0.6874214965009869
Logistic Regression,0.38727042926022437,0.6876009330701597
Logistic Regression,0.38730163683742413,0.6876009330701597
Logistic Regression,0.39051601728899776,0.6902924816077517
Logistic Regression,0.39057843244339724,0.6902924816077517
Logistic Regression,0.390609640020597,0.6902924816077517
Logistic Regression,0.3906720551749965,0.6904719181769244
Logistic Regression,0.3907812816951956,0.6904719181769244
Logistic Regression,0.3910153385241937,0.6906513547460973
Logistic Regression,0.391218187775992,0.6910102278844429
Logistic Regression,0.3942141151871674,0.6942400861295532
Logistic Regression,0.3942921341301668,0.6942400861295532
Logistic Regression,0.39447937959336526,0.6942400861295532
Logistic Regression,0.3945261909591649,0.6942400861295532
Logistic Regression,0.39454179474776474,0.6942400861295532
Logistic Regression,0.3946198136907641,0.6942400861295532
Logistic Regression,0.39466662505656375,0.694419522698726
Logistic Regression,0.39488507809696194,0.6951372689754172
Logistic Regression,0.3949162856741617,0.6951372689754172
Logistic Regression,0.39685115546054583,0.6969316346671451
Logistic Regression,0.3969447781921451,0.6969316346671451
Logistic Regression,0.3970852122895439,0.6978288175130092
Logistic Regression,0.3971164198667436,0.6980082540821819
Logistic Regression,0.3971476274439434,0.6980082540821819
Logistic Regression,0.3975221183703403,0.6980082540821819
Logistic Regression,0.39756892973613994,0.6980082540821819
Logistic Regression,0.3976625524677392,0.6981876906513548
Logistic Regression,0.3978654017195375,0.6981876906513548
Logistic Regression,0.39789660929673726,0.6981876906513548
Logistic Regression,0.39791221308533714,0.6981876906513548
Logistic Regression,0.39794342066253685,0.6981876906513548
Logistic Regression,0.4007521026105138,0.7005203660506011
Logistic Regression,0.4008925367079127,0.7006998026197739
Logistic Regression,0.4009081404965126,0.7006998026197739
Logistic Regression,0.40098615943951194,0.7006998026197739
Logistic Regression,0.4012358200571099,0.7008792391889467
Logistic Regression,0.4015478958291073,0.7014175488964651
Logistic Regression,0.40157910340630704,0.7017764220348107
Logistic Regression,0.4016571223493064,0.7017764220348107
Logistic Regression,0.40337353909529233,0.7033913511573658
Logistic Regression,0.4039352754848877,0.7035707877265387
Logistic Regression,0.4039508792734876,0.7037502242957114
Logistic Regression,0.40406010579368673,0.7039296608648843
Logistic Regression,0.4041849361024857,0.7046474071415755
Logistic Regression,0.40426295504548504,0.7046474071415755
Logistic Regression,0.4043253701998845,0.7046474071415755
Logistic Regression,0.40437218156568416,0.7046474071415755
Logistic Regression,0.40438778535428405,0.7046474071415755
Logistic Regression,0.4059013528484716,0.7057240265566123
Logistic Regression,0.4059169566370715,0.7057240265566123
Logistic Regression,0.4059637680028711,0.7057240265566123
Logistic Regression,0.4060729945230702,0.7057240265566123
Logistic Regression,0.40622903240906894,0.705903463125785
Logistic Regression,0.4062914475634684,0.705903463125785
Logistic Regression,0.4065099006038666,0.7062623362641306
Logistic Regression,0.40697801426186275,0.7066212094024762
Logistic Regression,0.40714965593646135,0.7066212094024762
Logistic Regression,0.41309469939301263,0.7111071236317962
Logistic Regression,0.4132819448562111,0.7116454333393145
Logistic Regression,0.4133443600106106,0.7116454333393145
Logistic Regression,0.4133599637992105,0.7118248699084874
Logistic Regression,0.4135472092624089,0.7123631796160057
Logistic Regression,0.4137188509370075,0.7125426161851786
Logistic Regression,0.4137344547256074,0.7125426161851786
Logistic Regression,0.41401532292040505,0.7125426161851786
Logistic Regression,0.41434300248100236,0.7130809258926969
Logistic Regression,0.41437421005820213,0.7130809258926969
Logistic Regression,0.4145926630986003,0.7132603624618697
Logistic Regression,0.41506077675659653,0.7136192356002153
Logistic Regression,0.41509198433379624,0.7136192356002153
Logistic Regression,0.4154976828373929,0.7146958550152521
Logistic Regression,0.41565372072339163,0.7146958550152521
Logistic Regression,0.415731739666391,0.7150547281535977
Logistic Regression,0.4168084010797822,0.7163107841378072
Logistic Regression,0.41683960865698194,0.7163107841378072
Logistic Regression,0.41811911932217144,0.7182845863987081
Logistic Regression,0.4182595534195703,0.7184640229678808
Logistic Regression,0.41827515720817016,0.7184640229678808
Logistic Regression,0.41830636478536987,0.7184640229678808
Logistic Regression,0.4183999875169691,0.7184640229678808
Logistic Regression,0.4184311950941689,0.7184640229678808
Logistic Regression,0.41849361024856835,0.7184640229678808
Logistic Regression,0.4186028367687675,0.7184640229678808
Logistic Regression,0.4225349914959352,0.7222321909205096
Logistic Regression,0.42319035061712984,0.7231293737663735
Logistic Regression,0.42782467583129186,0.7260003588731383
Logistic Regression,0.4280119212944903,0.7260003588731383
Logistic Regression,0.42802752508309017,0.7260003588731383
Logistic Regression,0.4295254887886779,0.7277947245648663
Logistic Regression,0.42966592288607675,0.7281535977032119
Logistic Regression,0.429759545617676,0.7283330342723847
Logistic Regression,0.43053973504766957,0.728871343979903
Logistic Regression,0.4305865464134692,0.728871343979903
Logistic Regression,0.432068906330457,0.7312040193791495
Logistic Regression,0.4321001139076568,0.7312040193791495
Logistic Regression,0.432443397256854,0.7317423290866678
Logistic Regression,0.4328178881832509,0.7317423290866678
Logistic Regression,0.4328803033376504,0.7317423290866678
Logistic Regression,0.4330363412236491,0.7321012022250134
Logistic Regression,0.43309875637804857,0.7321012022250134
Logistic Regression,0.43344203972724576,0.7321012022250134
Logistic Regression,0.43345764351584565,0.7321012022250134
Logistic Regression,0.4334888510930454,0.7321012022250134
Logistic Regression,0.43364488897904413,0.7321012022250134
Logistic Regression,0.43523647541623106,0.7328189485017046
Logistic Regression,0.43528328678203065,0.7328189485017046
Logistic Regression,0.43540811709082966,0.7329983850708774
Logistic Regression,0.43542372087942954,0.7329983850708774
Logistic Regression,0.43601666484622464,0.733357258209223
Logistic Regression,0.4361102875778239,0.7335366947783959
Logistic Regression,0.43615709894362353,0.7335366947783959
Logistic Regression,0.43618830652082324,0.7335366947783959
Logistic Regression,0.4362039103094231,0.7335366947783959
Logistic Regression,0.43707772247101595,0.7338955679167415
Logistic Regression,0.4375302323404123,0.7340750044859142
Logistic Regression,0.44054176354018754,0.7346133141934327
Logistic Regression,0.4407914241577855,0.7346133141934327
Logistic Regression,0.44199291587997563,0.7362282433159878
Logistic Regression,0.4420241234571754,0.7362282433159878
Logistic Regression,0.4427106901555698,0.7367665530235062
Logistic Regression,0.44281991667576887,0.7367665530235062
Logistic Regression,0.4428667280415685,0.7367665530235062
Logistic Regression,0.4442086538611575,0.737843172438543
Logistic Regression,0.44439589932435597,0.7383814821460614
Logistic Regression,0.44441150311295585,0.7383814821460614
Logistic Regression,0.4496075647167132,0.7426879598062085
Logistic Regression,0.44999765943171,0.7430468329445541
Logistic Regression,0.4504501693011063,0.7434057060828997
Logistic Regression,0.45057499960990527,0.7434057060828997
Logistic Regression,0.45130837767409926,0.7437645792212453
Logistic Regression,0.451339585251299,0.7437645792212453
Logistic Regression,0.4513551890398989,0.7437645792212453
Logistic Regression,0.4514020004056985,0.7437645792212453
Logistic Regression,0.451464415560098,0.7437645792212453
Logistic Regression,0.4517920951206953,0.7437645792212453
Logistic Regression,0.4518076989092952,0.7437645792212453
Logistic Regression,0.452072963315493,0.7443028889287637
Logistic Regression,0.4520885671040929,0.7443028889287637
Logistic Regression,0.4521353784698925,0.7444823254979365
Logistic Regression,0.45216658604709226,0.7444823254979365
Logistic Regression,0.45219779362429197,0.7444823254979365
Logistic Regression,0.4524474542418899,0.7444823254979365
Logistic Regression,0.45254107697348916,0.7448411986362821
Logistic Regression,0.45257228455068893,0.7448411986362821
Logistic Regression,0.45258788833928876,0.7448411986362821
Logistic Regression,0.45272832243668765,0.7448411986362821
Logistic Regression,0.4527439262252875,0.7450206352054549
Logistic Regression,0.4529779830542856,0.7453795083438005
Logistic Regression,0.45299358684288543,0.7453795083438005
Logistic Regression,0.4530247944200852,0.7455589449129733
Logistic Regression,0.45472560737747125,0.74663556432801
Logistic Regression,0.454756814954671,0.74663556432801
Logistic Regression,0.45477241874327085,0.74663556432801
Logistic Regression,0.4564732317006569,0.7486093665889109
Logistic Regression,0.459141479551235,0.7498654225731204
Logistic Regression,0.4591726871284348,0.7498654225731204
Logistic Regression,0.4596876121522306,0.7507626054189844
Logistic Regression,0.45976563109522994,0.7509420419881572
Logistic Regression,0.45978123488382977,0.7509420419881572
Logistic Regression,0.4598904614040289,0.75112147855733
Logistic Regression,0.4599060651926288,0.75112147855733
Logistic Regression,0.4600621030786275,0.7513009151265028
Logistic Regression,0.46032736748482533,0.7514803516956756
Logistic Regression,0.4603897826392248,0.7514803516956756
Logistic Regression,0.4603897826392248,0.7516597882648484
Logistic Regression,0.461341613743817,0.752018661403194
Logistic Regression,0.46180972740181314,0.7521980979723668
Logistic Regression,0.4618721425562127,0.7521980979723668
Logistic Regression,0.4618877463448125,0.7521980979723668
Logistic Regression,0.46215301075101034,0.7521980979723668
Logistic Regression,0.4621842183282101,0.7521980979723668
Logistic Regression,0.46243387894580806,0.7523775345415395
Logistic Regression,0.46252750167740725,0.7523775345415395
Logistic Regression,0.46254310546600713,0.7523775345415395
Logistic Regression,0.46332329489600077,0.7527364076798851
Logistic Regression,0.4633545024732005,0.7527364076798851
Logistic Regression,0.46343252141619984,0.752915844249058
Logistic Regression,0.46354174793639896,0.7534541539565763
Logistic Regression,0.46355735172499885,0.7534541539565763
Logistic Regression,0.4636197668793983,0.7534541539565763
Logistic Regression,0.4636821820337978,0.7534541539565763
Logistic Regression,0.4636977858223977,0.7534541539565763
Logistic Regression,0.46884703606035544,0.7563251390633411
Logistic Regression,0.4690810928893535,0.7563251390633411
Logistic Regression,0.4701109429369451,0.7568634487708595
Logistic Regression,0.4701577543027447,0.7568634487708595
Logistic Regression,0.4703137921887434,0.7568634487708595
Logistic Regression,0.4703293959773433,0.7568634487708595
Logistic Regression,0.4703762073431429,0.7568634487708595
Logistic Regression,0.4704386224975424,0.7568634487708595
Logistic Regression,0.4719677937803299,0.7575811950475507
Logistic Regression,0.47204581272332924,0.7577606316167235
Logistic Regression,0.4759311560846974,0.7608110532926611
Logistic Regression,0.4764148735312934,0.7609904898618338
Logistic Regression,0.47672694930329085,0.7613493630001794
Logistic Regression,0.47691419476648933,0.7615287995693523
Logistic Regression,0.4811428214770546,0.766194150367845
Logistic Regression,0.4811584252656545,0.766194150367845
Logistic Regression,0.48123644420865386,0.766194150367845
Logistic Regression,0.48142368967185234,0.766194150367845
Logistic Regression,0.48788365815219936,0.7719361205813745
Logistic Regression,0.48789926194079924,0.7719361205813745
Logistic Regression,0.4879928846723985,0.7719361205813745
Logistic Regression,0.4880240922495982,0.7719361205813745
Logistic Regression,0.49404715464914883,0.7751659788264849
Logistic Regression,0.49407836222634854,0.7751659788264849
Logistic Regression,0.49496777817654125,0.7766014713798672
Logistic Regression,0.4952018350055393,0.7769603445182128
Logistic Regression,0.49526425015993886,0.7769603445182128
Logistic Regression,0.49977374506530187,0.7789341467791135
Logistic Regression,0.49994538673990047,0.779472456486632
Logistic Regression,0.4999765943171002,0.779472456486632
Logistic Regression,0.5000858208372992,0.779472456486632
Logistic Regression,0.5001482359916988,0.779472456486632
Logistic Regression,0.5001794435688985,0.779472456486632
Logistic Regression,0.5002262549346982,0.779472456486632
Logistic Regression,0.5002418587232981,0.779472456486632
Logistic Regression,0.5004447079750963,0.779472456486632
Logistic Regression,0.5004603117636962,0.779472456486632
Logistic Regression,0.5006943685926943,0.7798313296249776
Logistic Regression,0.500850406478693,0.7800107661941503
Logistic Regression,0.5008660102672929,0.7800107661941503
Logistic Regression,0.5009596329988921,0.7801902027633232
Logistic Regression,0.5010064443646918,0.7801902027633232
Logistic Regression,0.5010220481532917,0.7801902027633232
Logistic Regression,0.501349727713889,0.7809079490400144
Logistic Regression,0.5015057655998877,0.7809079490400144
Logistic Regression,0.5015213693884876,0.7809079490400144
Logistic Regression,0.5015993883314869,0.7809079490400144
Logistic Regression,0.5016305959086866,0.7809079490400144
Logistic Regression,0.5029725217282757,0.7819845684550512
Logistic Regression,0.5030973520370746,0.7819845684550512
Logistic Regression,0.5031129558256745,0.7819845684550512
Logistic Regression,0.5035498619064709,0.7819845684550512
Logistic Regression,0.5036434846380701,0.7819845684550512
Logistic Regression,0.5036746922152698,0.7819845684550512
Logistic Regression,0.5038307301012686,0.7821640050242239
Logistic Regression,0.5040023717758672,0.7823434415933967
Logistic Regression,0.5092608485340241,0.7862910461151983
Logistic Regression,0.509385678842823,0.7862910461151983
Logistic Regression,0.5097133584034204,0.786470482684371
Logistic Regression,0.5097445659806201,0.786470482684371
Logistic Regression,0.5099318114438186,0.7866499192535439
Logistic Regression,0.5100566417526176,0.7866499192535439
Logistic Regression,0.510243887215816,0.7870087923918895
Logistic Regression,0.5103219061588153,0.7871882289610622
Logistic Regression,0.5103375099474152,0.7871882289610622
Logistic Regression,0.5127248896031956,0.789162031221963
Logistic Regression,0.512802908546195,0.789162031221963
Logistic Regression,0.5148314010641784,0.7904180872061726
Logistic Regression,0.5151746844133755,0.7904180872061726
Logistic Regression,0.5152058919905753,0.7904180872061726
Logistic Regression,0.5155023639739729,0.790956396913691
Logistic Regression,0.5165634215987642,0.7914947066212094
Logistic Regression,0.5166102329645638,0.7914947066212094
Logistic Regression,0.5168754973707617,0.7914947066212094
Logistic Regression,0.5169067049479613,0.7914947066212094
Logistic Regression,0.5175308564919563,0.7925713260362461
Logistic Regression,0.5175464602805561,0.7925713260362461
Logistic Regression,0.517686894377955,0.792750762605419
Logistic Regression,0.5177649133209543,0.792750762605419
Logistic Regression,0.5181550080359512,0.7934685088821102
Logistic Regression,0.5185451027509479,0.7936479454512829
Logistic Regression,0.5188259709457457,0.7940068185896285
Logistic Regression,0.5189664050431445,0.7940068185896285
Logistic Regression,0.5193408959695414,0.7940068185896285
Logistic Regression,0.5194969338555401,0.7940068185896285
Logistic Regression,0.51951253764414,0.7940068185896285
Logistic Regression,0.5195905565871394,0.7940068185896285
Logistic Regression,0.5196061603757393,0.7940068185896285
Logistic Regression,0.519637367952939,0.7940068185896285
Logistic Regression,0.5196841793187386,0.7940068185896285
Logistic Regression,0.519762198261738,0.7940068185896285
Logistic Regression,0.5198246134161374,0.7940068185896285
Logistic Regression,0.519871424781937,0.7941862551588014
Logistic Regression,0.5205111801145318,0.794545128297147
Logistic Regression,0.5205267839031317,0.794545128297147
Logistic Regression,0.5205735952689313,0.794545128297147
Logistic Regression,0.5206516142119306,0.7947245648663197
Logistic Regression,0.5209792937725279,0.7949040014354926
Logistic Regression,0.5210105013497277,0.7949040014354926
Logistic Regression,0.5211665392357264,0.7950834380046653
Logistic Regression,0.5212133506015261,0.7950834380046653
Logistic Regression,0.5215254263735235,0.7956217477121837
Logistic Regression,0.5216346528937226,0.7956217477121837
Logistic Regression,0.5234602961599076,0.7975955499730845
Logistic Regression,0.5240376363381029,0.7983132962497757
Logistic Regression,0.5243965234758999,0.7988516059572941
Logistic Regression,0.5246149765162982,0.7990310425264668
Logistic Regression,0.5249738636540953,0.7990310425264668
Logistic Regression,0.5252235242716932,0.7992104790956397
Logistic Regression,0.525239128060293,0.7992104790956397
Logistic Regression,0.5269087334404794,0.8001076619415037
Logistic Regression,0.5271427902694774,0.8001076619415037
Logistic Regression,0.5272520167896765,0.8002870985106765
Logistic Regression,0.5284691123004666,0.8010048447873677
Logistic Regression,0.5285315274548661,0.8010048447873677
Logistic Regression,0.5285627350320657,0.8010048447873677
Logistic Regression,0.5291400752102611,0.8013637179257133
Logistic Regression,0.5292493017304601,0.8013637179257133
Logistic Regression,0.5293273206734596,0.8013637179257133
Logistic Regression,0.5293429244620594,0.8013637179257133
Logistic Regression,0.5323544556618347,0.8035169567557868
Logistic Regression,0.5327133427996318,0.8036963933249597
Logistic Regression,0.5327757579540312,0.8038758298941324
Logistic Regression,0.5330722299374288,0.8040552664633053
Logistic Regression,0.5331346450918283,0.804234703032478
Logistic Regression,0.533165852669028,0.804234703032478
Logistic Regression,0.5334935322296254,0.8045935761708236
Logistic Regression,0.5335091360182252,0.8045935761708236
Logistic Regression,0.5335559473840248,0.8045935761708236
Logistic Regression,0.5335715511726247,0.8047730127399965
Logistic Regression,0.5346170050088161,0.8049524493091692
Logistic Regression,0.5347730428948149,0.8049524493091692
Logistic Regression,0.534866665626414,0.8049524493091692
Logistic Regression,0.5362866103890025,0.8056701955858604
Logistic Regression,0.5363178179662021,0.8056701955858604
Logistic Regression,0.5373632718023936,0.8058496321550332
Logistic Regression,0.5373944793795934,0.8058496321550332
Logistic Regression,0.5379874233463885,0.8063879418625516
Logistic Regression,0.538783216564982,0.8067468150008972
Logistic Regression,0.5388768392965813,0.8067468150008972
Logistic Regression,0.5389392544509807,0.8067468150008972
Logistic Regression,0.5426529561377502,0.8090794904001436
Logistic Regression,0.5427153712921498,0.8090794904001436
Logistic Regression,0.5427309750807496,0.8090794904001436
Logistic Regression,0.5427777864465492,0.8090794904001436
Logistic Regression,0.5428558053895486,0.8090794904001436
Logistic Regression,0.5430118432755473,0.8090794904001436
Logistic Regression,0.5430430508527471,0.8090794904001436
Logistic Regression,0.5443069577293367,0.8099766732460075
Logistic Regression,0.5501583784542887,0.8124887852144267
Logistic Regression,0.5504236428604865,0.8124887852144267
Logistic Regression,0.5504392466490864,0.8124887852144267
Logistic Regression,0.5505016618034859,0.8124887852144267
Logistic Regression,0.5507513224210838,0.8132065314911179
Logistic Regression,0.5507825299982836,0.8132065314911179
Logistic Regression,0.5546990809368515,0.8171541360129194
Logistic Regression,0.555853761293242,0.8180513188587835
Logistic Regression,0.5558693650818419,0.8180513188587835
Logistic Regression,0.556462309048637,0.818410191997129
Logistic Regression,0.5564779128372369,0.818410191997129
Logistic Regression,0.5569616302838329,0.8191279382738202
Logistic Regression,0.5569928378610327,0.8191279382738202
Logistic Regression,0.5570240454382324,0.8191279382738202
Logistic Regression,0.5571020643812318,0.819307374842993
Logistic Regression,0.5577574235024264,0.8194868114121658
Logistic Regression,0.5579446689656249,0.8196662479813386
Logistic Regression,0.5591773682650147,0.8200251211196842
Logistic Regression,0.5591929720536146,0.820204557688857
Logistic Regression,0.5592085758422145,0.820204557688857
Logistic Regression,0.560238425889806,0.8214606136730666
Logistic Regression,0.5623449373507887,0.8223577965189306
Logistic Regression,0.5623605411393886,0.8223577965189306
Logistic Regression,0.5635620328615788,0.8236138525031401
Logistic Regression,0.5636244480159783,0.8236138525031401
Logistic Regression,0.5637492783247773,0.8236138525031401
Logistic Regression,0.563780485901977,0.8236138525031401
Logistic Regression,0.5638116934791767,0.823793289072313
Logistic Regression,0.5639365237879758,0.823793289072313
Logistic Regression,0.564139373039774,0.8239727256414857
Logistic Regression,0.5683836035389392,0.8279203301632873
Logistic Regression,0.5683992073275391,0.8279203301632873
Logistic Regression,0.5685084338477382,0.8279203301632873
Logistic Regression,0.5699595861875263,0.8293558227166696
Logistic Regression,0.5701468316507248,0.8295352592858425
Logistic Regression,0.5722377393231076,0.8309707518392249
Logistic Regression,0.5722533431117075,0.8311501884083976
Logistic Regression,0.5729711173873017,0.8311501884083976
Logistic Regression,0.5730647401189009,0.8315090615467432
Logistic Regression,0.5731115514847005,0.831688498115916
Logistic Regression,0.5737513068172952,0.8320473712542616
Logistic Regression,0.573782514394495,0.8320473712542616
Logistic Regression,0.5738137219716948,0.8320473712542616
Logistic Regression,0.5739385522804937,0.8320473712542616
Logistic Regression,0.5739541560690936,0.8320473712542616
Logistic Regression,0.5740321750120929,0.8320473712542616
Logistic Regression,0.5746251189788881,0.83258568096178
Logistic Regression,0.5746719303446877,0.83258568096178
Logistic Regression,0.5747031379218874,0.83258568096178
Logistic Regression,0.5806637851670385,0.8358155392068903
Logistic Regression,0.582317786758625,0.8376099048986183
Logistic Regression,0.5823333905472249,0.8376099048986183
Logistic Regression,0.5895579446689656,0.8419163825587654
Logistic Regression,0.5896515674005649,0.8419163825587654
Logistic Regression,0.5948320252157224,0.8447873676655302
Logistic Regression,0.5949100441587217,0.8447873676655302
Logistic Regression,0.5949256479473216,0.8447873676655302
Logistic Regression,0.5949880631017211,0.8447873676655302
Logistic Regression,0.595362554028118,0.844966804234703
Logistic Regression,0.5960179131493126,0.8453256773730486
Logistic Regression,0.5960491207265124,0.8453256773730486
Logistic Regression,0.596095932092312,0.8453256773730486
Logistic Regression,0.5973286313917019,0.8469406064956038
Logistic Regression,0.5973442351803018,0.8469406064956038
Logistic Regression,0.5973910465461014,0.8469406064956038
Logistic Regression,0.5981556321874951,0.8471200430647766
Logistic Regression,0.5981868397646949,0.8471200430647766
Logistic Regression,0.5983428776506936,0.8471200430647766
Logistic Regression,0.5983584814392935,0.8471200430647766
Logistic Regression,0.5983584814392935,0.8472994796339494
Logistic Regression,0.5983740852278934,0.8472994796339494
Logistic Regression,0.5989514254060886,0.8474789162031222
Logistic Regression,0.599029444349088,0.8474789162031222
Logistic Regression,0.5990450481376879,0.8474789162031222
Logistic Regression,0.5991074632920873,0.8474789162031222
Logistic Regression,0.5991698784464868,0.847658352772295
Logistic Regression,0.5992166898122864,0.847658352772295
Logistic Regression,0.5993103125438857,0.8478377893414678
Logistic Regression,0.5996067845272832,0.8481966624798134
Logistic Regression,0.599637992104483,0.8481966624798134
Logistic Regression,0.601822522508465,0.8490938453256773
Logistic Regression,0.6019941641830636,0.8492732818948502
Logistic Regression,0.6020097679716635,0.8492732818948502
Logistic Regression,0.6021814096462621,0.8494527184640229
Logistic Regression,0.6022438248006616,0.8494527184640229
Logistic Regression,0.6068157348604241,0.8521442670016149
Logistic Regression,0.6082200758344126,0.8525031401399605
Logistic Regression,0.6083449061432116,0.8530414498474789
Logistic Regression,0.6085477553950099,0.8530414498474789
Logistic Regression,0.6087037932810087,0.8530414498474789
Logistic Regression,0.6092499258820041,0.8537591961241701
Logistic Regression,0.6104514176041943,0.8553741252467253
Logistic Regression,0.6105138327585938,0.8553741252467253
Logistic Regression,0.6105294365471936,0.8553741252467253
Logistic Regression,0.610607455490193,0.8553741252467253
Logistic Regression,0.6111067767253889,0.855553561815898
Logistic Regression,0.6119805888869818,0.8571684909384533
Logistic Regression,0.6120430040413812,0.8571684909384533
Logistic Regression,0.6125423252765771,0.8575273640767989
Logistic Regression,0.6125735328537769,0.8575273640767989
Logistic Regression,0.6125891366423768,0.8575273640767989
Logistic Regression,0.6128544010485746,0.8575273640767989
Logistic Regression,0.6129168162029741,0.8575273640767989
Logistic Regression,0.612932419991574,0.8575273640767989
Logistic Regression,0.6131196654547724,0.8577068006459716
Logistic Regression,0.6138686473075663,0.8586039834918356
Logistic Regression,0.614024685193565,0.8586039834918356
Logistic Regression,0.6140402889821649,0.8586039834918356
Logistic Regression,0.6144147799085617,0.8586039834918356
Logistic Regression,0.614508402640161,0.8586039834918356
Logistic Regression,0.6192051430087225,0.8605777857527364
Logistic Regression,0.6194704074149203,0.8605777857527364
Logistic Regression,0.6196888604553186,0.8605777857527364
Logistic Regression,0.619751275609718,0.8605777857527364
Logistic Regression,0.6197824831869178,0.8605777857527364
Logistic Regression,0.6200321438045158,0.8607572223219092
Logistic Regression,0.6202974082107136,0.860936658891082
Logistic Regression,0.620609483982711,0.8611160954602548
Logistic Regression,0.6206718991371105,0.8611160954602548
Logistic Regression,0.62071871050291,0.8611160954602548
Logistic Regression,0.6207343142915099,0.8611160954602548
Logistic Regression,0.6226067689234946,0.8616544051677731
Logistic Regression,0.6226223727120945,0.8616544051677731
Logistic Regression,0.6226535802892943,0.8616544051677731
Logistic Regression,0.6227940143866931,0.861833841736946
Logistic Regression,0.6228408257524927,0.861833841736946
Logistic Regression,0.6297220965250363,0.8673963753813028
Logistic Regression,0.6298625306224351,0.8673963753813028
Logistic Regression,0.6354174793639896,0.8711645433339315
Logistic Regression,0.6355423096727886,0.8711645433339315
Logistic Regression,0.6360572346965844,0.8720617261797955
Logistic Regression,0.6361664612167834,0.8722411627489682
Logistic Regression,0.6391311810507592,0.8740355284406962
Logistic Regression,0.6396305022859551,0.8742149650098691
Logistic Regression,0.6396929174403545,0.8743944015790418
Logistic Regression,0.6397865401719538,0.8743944015790418
Logistic Regression,0.6404418992931484,0.8743944015790418
Logistic Regression,0.640488710658948,0.8743944015790418
Logistic Regression,0.6411440697801426,0.8745738381482147
Logistic Regression,0.6411752773573424,0.8745738381482147
Logistic Regression,0.6417994289013372,0.8749327112865602
Logistic Regression,0.6419710705759358,0.8749327112865602
Logistic Regression,0.6419866743645357,0.8749327112865602
Logistic Regression,0.6430321282007271,0.8758298941324242
Logistic Regression,0.6431101471437265,0.8758298941324242
Logistic Regression,0.6432661850297252,0.876009330701597
Logistic Regression,0.6433129963955249,0.876009330701597
Logistic Regression,0.6433286001841247,0.876009330701597
Logistic Regression,0.6434378267043238,0.876009330701597
Logistic Regression,0.6434690342815236,0.8761887672707698
Logistic Regression,0.6436874873219217,0.8763682038399426
Logistic Regression,0.6440307706711189,0.8765476404091154
Logistic Regression,0.6440463744597188,0.8765476404091154
Logistic Regression,0.6442804312887169,0.8765476404091154
Logistic Regression,0.6443272426545165,0.8765476404091154
Logistic Regression,0.6447173373695133,0.8767270769782882
Logistic Regression,0.644764148735313,0.876906513547461
Logistic Regression,0.6451854510275095,0.8772653866858066
Logistic Regression,0.6481969822272848,0.8787008792391889
Logistic Regression,0.6485402655764819,0.8787008792391889
Logistic Regression,0.6486026807308815,0.8787008792391889
Logistic Regression,0.6539235726434378,0.8830073568993361
Logistic Regression,0.6539391764320377,0.8830073568993361
Logistic Regression,0.655249894674427,0.8833662300376817
Logistic Regression,0.6572627834038104,0.8844428494527184
Logistic Regression,0.6579649538908047,0.8844428494527184
Logistic Regression,0.6579961614680044,0.8844428494527184
Logistic Regression,0.6580741804110037,0.8844428494527184
Logistic Regression,0.6583082372400019,0.8844428494527184
Logistic Regression,0.6583238410286018,0.8844428494527184
Logistic Regression,0.6583550486058015,0.8844428494527184
Logistic Regression,0.6590884266699955,0.8849811591602369
Logistic Regression,0.6595409365393917,0.8849811591602369
Logistic Regression,0.6595721441165915,0.8849811591602369
Logistic Regression,0.6597437857911901,0.8851605957294096
Logistic Regression,0.661101315399379,0.8860577785752737
Logistic Regression,0.6611325229765788,0.8860577785752737
Logistic Regression,0.6620999578697708,0.8864166517136193
Logistic Regression,0.663785167038557,0.8871343979903105
Logistic Regression,0.6639724125017554,0.8873138345594832
Logistic Regression,0.6639880162903553,0.8873138345594832
Logistic Regression,0.664144054176354,0.8873138345594832
Logistic Regression,0.6641752617535538,0.8873138345594832
Logistic Regression,0.6645809602571504,0.8873138345594832
Logistic Regression,0.6654391686301434,0.8880315808361744
Logistic Regression,0.6654859799959431,0.8880315808361744
Logistic Regression,0.6660009050197387,0.8882110174053472
Logistic Regression,0.6662037542715371,0.8882110174053472
Logistic Regression,0.6663597921575358,0.8882110174053472
Logistic Regression,0.666703075506733,0.88839045397452
Logistic Regression,0.6669839437015307,0.8885698905436928
Logistic Regression,0.6670151512787305,0.8885698905436928
Logistic Regression,0.6698082294381076,0.890184819666248
Logistic Regression,0.673912025839874,0.8914408756504576
Logistic Regression,0.6739744409942734,0.8916203122196303
Logistic Regression,0.6740368561486729,0.8916203122196303
Logistic Regression,0.6780002184530404,0.8937735510497039
Logistic Regression,0.6780158222416403,0.8937735510497039
Logistic Regression,0.6782810866478381,0.8939529876188768
Logistic Regression,0.6790612760778317,0.8948501704647407
Logistic Regression,0.6791080874436313,0.8948501704647407
Logistic Regression,0.6791861063866307,0.8948501704647407
Logistic Regression,0.6792017101752306,0.8948501704647407
Logistic Regression,0.6818699580258086,0.8959267898797775
Logistic Regression,0.6819323731802082,0.8959267898797775
Logistic Regression,0.6821196186434066,0.8961062264489503
Logistic Regression,0.6822132413750058,0.8962856630181231
Logistic Regression,0.6822444489522056,0.8962856630181231
Logistic Regression,0.6823536754724047,0.8962856630181231
Logistic Regression,0.6823692792610045,0.8962856630181231
Logistic Regression,0.6856460748669777,0.8973622824331599
Logistic Regression,0.6856772824441775,0.8973622824331599
Logistic Regression,0.6856928862327774,0.8973622824331599
Logistic Regression,0.6857865089643765,0.8973622824331599
Logistic Regression,0.6858177165415763,0.8973622824331599
Logistic Regression,0.6858489241187761,0.8973622824331599
Logistic Regression,0.6861453961021736,0.8975417190023327
Logistic Regression,0.6862234150451729,0.8977211555715054
Logistic Regression,0.6876277560191615,0.8979005921406783
Logistic Regression,0.6921840622903241,0.9007715772474431
Logistic Regression,0.6926365721597204,0.9011304503857887
Logistic Regression,0.6935884032643126,0.9022070698008254
Logistic Regression,0.6936040070529125,0.9022070698008254
Logistic Regression,0.6936976297845117,0.9022070698008254
Logistic Regression,0.6937288373617114,0.9022070698008254
Logistic Regression,0.6939316866135098,0.9023865063699982
Logistic Regression,0.6973021049510821,0.903463125785035
Logistic Regression,0.6973021049510821,0.9036425623542078
Logistic Regression,0.6973489163168818,0.9036425623542078
Logistic Regression,0.6974113314712812,0.9036425623542078
Logistic Regression,0.6974269352598811,0.9036425623542078
Logistic Regression,0.6983319549986737,0.9041808720617261
Logistic Regression,0.6986908421364707,0.904360308630899
Logistic Regression,0.6987220497136705,0.904360308630899
Logistic Regression,0.7006725232886545,0.9063341108917997
Logistic Regression,0.7034031862936321,0.9083079131527005
Logistic Regression,0.7034812052366315,0.9083079131527005
Logistic Regression,0.7038088847972288,0.9083079131527005
Logistic Regression,0.7056969432178133,0.9093845325677373
Logistic Regression,0.7079750963533946,0.9111788982594653
Logistic Regression,0.7079907001419945,0.911358334828638
Logistic Regression,0.7080219077191943,0.911358334828638
Logistic Regression,0.7082715683367922,0.9115377713978109
Logistic Regression,0.7085680403201897,0.9118966445361565
Logistic Regression,0.7085836441087896,0.9118966445361565
Logistic Regression,0.7119072510805624,0.9142293199354028
Logistic Regression,0.7120164776007615,0.9142293199354028
Logistic Regression,0.7121569116981603,0.9142293199354028
Logistic Regression,0.7121881192753601,0.9142293199354028
Logistic Regression,0.712312949584159,0.9142293199354028
Logistic Regression,0.7126094215675566,0.9144087565045756
Logistic Regression,0.7140293663301449,0.9147676296429212
Logistic Regression,0.7141385928503441,0.9147676296429212
Logistic Regression,0.7142166117933434,0.9147676296429212
Logistic Regression,0.714263423159143,0.9147676296429212
Logistic Regression,0.7145754989311405,0.914947066212094
Logistic Regression,0.7148095557601386,0.914947066212094
Logistic Regression,0.7148251595487385,0.914947066212094
Logistic Regression,0.7151528391093357,0.914947066212094
Logistic Regression,0.7151684428979356,0.914947066212094
Logistic Regression,0.7151996504751353,0.914947066212094
Logistic Regression,0.7155273300357327,0.914947066212094
Logistic Regression,0.7163855384087257,0.915844249057958
Logistic Regression,0.7165415762947244,0.915844249057958
Logistic Regression,0.7166039914491239,0.915844249057958
Logistic Regression,0.7166195952377237,0.915844249057958
Logistic Regression,0.7203957120788927,0.916741431903822
Logistic Regression,0.7207077878508902,0.9171003050421676
Logistic Regression,0.7210042598342877,0.9171003050421676
Logistic Regression,0.7210666749886873,0.9171003050421676
Logistic Regression,0.7210822787772871,0.9171003050421676
Logistic Regression,0.7211446939316866,0.9171003050421676
Logistic Regression,0.7211759015088863,0.9172797416113404
Logistic Regression,0.7211915052974862,0.9172797416113404
Logistic Regression,0.7215659962238832,0.9172797416113404
Logistic Regression,0.7219560909388799,0.9172797416113404
Logistic Regression,0.7220653174590791,0.9172797416113404
Logistic Regression,0.7221589401906783,0.9174591781805131
Logistic Regression,0.7282600215332282,0.9208684729947963
Logistic Regression,0.7304133443600106,0.9215862192714875
Logistic Regression,0.7307098163434081,0.9217656558406603
Logistic Regression,0.731817685333999,0.9219450924098331
Logistic Regression,0.7319269118541982,0.9219450924098331
Logistic Regression,0.7321453648945964,0.9221245289790059
Logistic Regression,0.7322233838375958,0.9221245289790059
Logistic Regression,0.7322701952033954,0.9221245289790059
Logistic Regression,0.7323794217235945,0.9221245289790059
Logistic Regression,0.732441836877994,0.9221245289790059
Logistic Regression,0.7329099505359902,0.9221245289790059
Logistic Regression,0.7329723656903896,0.9223039655481787
Logistic Regression,0.7330815922105888,0.9223039655481787
Logistic Regression,0.7331440073649882,0.9223039655481787
Logistic Regression,0.7339554043721815,0.9230217118248699
Logistic Regression,0.7344703293959773,0.9235600215323883
Logistic Regression,0.7350320657855728,0.9239188946707338
Logistic Regression,0.7350944809399722,0.9239188946707338
Logistic Regression,0.7351100847285721,0.9239188946707338
Logistic Regression,0.7351724998829716,0.9239188946707338
Logistic Regression,0.7351881036715715,0.9239188946707338
Logistic Regression,0.7353753491347699,0.9239188946707338
Logistic Regression,0.7393699190163372,0.924636640947425
Logistic Regression,0.7450340942780908,0.9262515700699803
Logistic Regression,0.7450653018552905,0.9262515700699803
Logistic Regression,0.7464540390406791,0.926431006639153
Logistic Regression,0.7465632655608782,0.926431006639153
Logistic Regression,0.7466412845038776,0.926431006639153
Logistic Regression,0.7490130603710581,0.9276870626233626
Logistic Regression,0.7490442679482578,0.9276870626233626
Logistic Regression,0.7501989483046484,0.928225372330881
Logistic Regression,0.7504330051336464,0.9285842454692266
Logistic Regression,0.7504486089222463,0.9285842454692266
Logistic Regression,0.7506514581740447,0.9287636820383994
Logistic Regression,0.7508074960600434,0.9287636820383994
Logistic Regression,0.7509167225802424,0.9289431186075722
Logistic Regression,0.7510727604662412,0.929122555176745
Logistic Regression,0.7512756097180395,0.9293019917459178
Logistic Regression,0.7514316476040382,0.9293019917459178
Logistic Regression,0.7536161780080204,0.9298403014534362
Logistic Regression,0.7536317817966203,0.9298403014534362
Logistic Regression,0.7537098007396196,0.9298403014534362
Logistic Regression,0.7551453492908078,0.9301991745917818
Logistic Regression,0.7575171251579884,0.9312757940068186
Logistic Regression,0.7576575592553872,0.9312757940068186
Logistic Regression,0.7577511819869864,0.9312757940068186
Logistic Regression,0.757813597141386,0.9312757940068186
Logistic Regression,0.7589994850749762,0.9314552305759913
Logistic Regression,0.761090392747359,0.9325318499910281
Logistic Regression,0.7611216003245588,0.9325318499910281
Logistic Regression,0.7616209215597547,0.9328907231293737
Logistic Regression,0.7622918844695492,0.9332495962677193
Logistic Regression,0.7623699034125486,0.9332495962677193
Logistic Regression,0.7631188852653424,0.933608469406065
Logistic Regression,0.7631344890539423,0.933608469406065
Logistic Regression,0.7637742443865371,0.9339673425444106
Logistic Regression,0.7639926974269352,0.9341467791135833
Logistic Regression,0.7640707163699346,0.9341467791135833
Logistic Regression,0.7641019239471344,0.9341467791135833
Logistic Regression,0.7668481907407119,0.9348645253902745
Logistic Regression,0.7726996114656639,0.9366588910820025
Logistic Regression,0.7727308190428636,0.9366588910820025
Logistic Regression,0.772808837985863,0.9366588910820025
Logistic Regression,0.7728400455630627,0.9366588910820025
Logistic Regression,0.7728712531402625,0.9366588910820025
Logistic Regression,0.7729492720832618,0.9368383276511754
Logistic Regression,0.7798149390672056,0.9393504396195945
Logistic Regression,0.7798929580102049,0.9393504396195945
Logistic Regression,0.7799241655874046,0.9393504396195945
Logistic Regression,0.7800958072620032,0.9393504396195945
Logistic Regression,0.7832009611933778,0.9402476224654585
Logistic Regression,0.7851982461341613,0.9409653687421496
Logistic Regression,0.7853074726543605,0.9409653687421496
Logistic Regression,0.7855259256947587,0.9409653687421496
Logistic Regression,0.7861500772387535,0.9411448053113225
Logistic Regression,0.786212492393153,0.9413242418804952
Logistic Regression,0.7866650022625493,0.9413242418804952
Logistic Regression,0.7947945761230827,0.9431186075722232
Logistic Regression,0.794997425374881,0.9431186075722232
Logistic Regression,0.7950130291634809,0.9434774807105688
Logistic Regression,0.7959648602680731,0.94419522698726
Logistic Regression,0.796105294365472,0.94419522698726
Logistic Regression,0.7961677095198714,0.94419522698726
Logistic Regression,0.7964797852918689,0.94419522698726
Logistic Regression,0.8031269992354143,0.9479633949398888
Logistic Regression,0.8108196670151513,0.9513726897541719
Logistic Regression,0.8108976859581506,0.9513726897541719
Logistic Regression,0.8160625399847082,0.9533464920150727
Logistic Regression,0.8162497854479067,0.9535259285842455
Logistic Regression,0.8211649788568665,0.9547819845684551
Logistic Regression,0.8214302432630642,0.9554997308451463
Logistic Regression,0.8214458470516641,0.9554997308451463
Logistic Regression,0.8219919796526597,0.955679167414319
Logistic Regression,0.8221012061728588,0.955679167414319
Logistic Regression,0.8224913008878556,0.955679167414319
Logistic Regression,0.8227097539282537,0.955679167414319
Logistic Regression,0.8227565652940534,0.955679167414319
Logistic Regression,0.8228501880256526,0.955679167414319
Logistic Regression,0.8228813956028523,0.955679167414319
Logistic Regression,0.8229594145458518,0.955679167414319
Logistic Regression,0.8230842448546507,0.955679167414319
Logistic Regression,0.8231466600090502,0.955679167414319
Logistic Regression,0.8231622637976501,0.955679167414319
Logistic Regression,0.8233183016836488,0.955679167414319
Logistic Regression,0.8236303774556463,0.9558586039834919
Logistic Regression,0.8236303774556463,0.9560380405526646
Logistic Regression,0.8239424532276437,0.9562174771218375
Logistic Regression,0.8244105668856399,0.9565763502601831
Logistic Regression,0.8316039134301808,0.9607033913511573
Logistic Regression,0.8328366127295708,0.9610622644895029
Logistic Regression,0.8328522165181707,0.9610622644895029
Logistic Regression,0.8335075756393653,0.9612417010586758
Logistic Regression,0.8343189726465586,0.9616005741970214
Logistic Regression,0.8343345764351584,0.9616005741970214
Logistic Regression,0.8343657840123582,0.9616005741970214
Logistic Regression,0.8345998408413563,0.9617800107661941
Logistic Regression,0.8404200539891086,0.963753813027095
Logistic Regression,0.8405604880865074,0.963753813027095
Logistic Regression,0.8408101487041053,0.963753813027095
Logistic Regression,0.8408257524927052,0.963753813027095
Logistic Regression,0.8431507169940862,0.9644715593037861
Logistic Regression,0.8432755473028851,0.9644715593037861
Logistic Regression,0.8442585859846771,0.9653687421496501
Logistic Regression,0.8443678125048761,0.9653687421496501
Logistic Regression,0.8454288701296675,0.9655481787188229
Logistic Regression,0.8454600777068673,0.9655481787188229
Logistic Regression,0.8457097383244652,0.9657276152879957
Logistic Regression,0.8469112300466554,0.9660864884263413
Logistic Regression,0.8507653658308237,0.967163107841378
Logistic Regression,0.8510618378142213,0.967163107841378
Logistic Regression,0.8513895173748186,0.967163107841378
Logistic Regression,0.8518420272442149,0.9675219809797236
Logistic Regression,0.8530903303322046,0.9677014175488965
Logistic Regression,0.8533243871612027,0.9677014175488965
Logistic Regression,0.8533399909498026,0.9677014175488965
Logistic Regression,0.8534024061042021,0.9678808541180692
Logistic Regression,0.8538705197621983,0.9680602906872421
Logistic Regression,0.8554465024107853,0.9694957832406245
Logistic Regression,0.8554621061993852,0.9694957832406245
Logistic Regression,0.8581303540499633,0.9703929660864884
Logistic Regression,0.8649492096681074,0.9720078952090436
Logistic Regression,0.8649804172453072,0.9720078952090436
Logistic Regression,0.865245681651505,0.9721873317782164
Logistic Regression,0.8653080968059045,0.9721873317782164
Logistic Regression,0.8653237005945044,0.9721873317782164
Logistic Regression,0.865370511960304,0.9721873317782164
Logistic Regression,0.8653861157489038,0.9721873317782164
Logistic Regression,0.8661194938130978,0.9727256414857348
Logistic Regression,0.866587607471094,0.9730845146240804
Logistic Regression,0.8666656264140934,0.9732639511932532
Logistic Regression,0.8667904567228923,0.9732639511932532
Logistic Regression,0.8668216643000921,0.9732639511932532
Logistic Regression,0.8672741741694884,0.9732639511932532
Logistic Regression,0.8689437795496746,0.9738022609007716
Logistic Regression,0.8755129745502208,0.9755966265924996
Logistic Regression,0.8755285783388207,0.9755966265924996
Logistic Regression,0.8757938427450185,0.9755966265924996
Logistic Regression,0.8758250503222182,0.9755966265924996
Logistic Regression,0.8760278995740166,0.9757760631616723
Logistic Regression,0.8761059185170159,0.9757760631616723
Logistic Regression,0.8763555791346139,0.9757760631616723
Logistic Regression,0.8779471655718009,0.9772115557150547
Logistic Regression,0.8780563920919999,0.9772115557150547
Logistic Regression,0.8783372602867976,0.9772115557150547
Logistic Regression,0.8787429587903943,0.9772115557150547
Logistic Regression,0.8803969603819808,0.9779293019917459
Logistic Regression,0.8809274891943764,0.9779293019917459
Logistic Regression,0.8818169051445691,0.9779293019917459
Logistic Regression,0.8819105278761683,0.9779293019917459
Logistic Regression,0.8868569288623278,0.9784676116992643
Logistic Regression,0.8869661553825269,0.9784676116992643
Logistic Regression,0.8870129667483265,0.9784676116992643
Logistic Regression,0.8881988546819167,0.9790059214067827
Logistic Regression,0.8882612698363163,0.9790059214067827
Logistic Regression,0.8882768736249161,0.9791853579759555
Logistic Regression,0.8888230062259117,0.9791853579759555
Logistic Regression,0.8900244979481018,0.9791853579759555
Logistic Regression,0.8900401017367017,0.9791853579759555
Logistic Regression,0.8915536692308893,0.9795442311143011
Logistic Regression,0.8923338586608829,0.9795442311143011
Logistic Regression,0.8923494624494828,0.9795442311143011
Logistic Regression,0.8991839218562266,0.9811591602368562
Logistic Regression,0.8994491862624245,0.9811591602368562
Logistic Regression,0.8995272052054238,0.9813385968060291
Logistic Regression,0.8995584127826236,0.9813385968060291
Logistic Regression,0.8997300544572222,0.9813385968060291
Logistic Regression,0.9004010173670167,0.9815180333752018
Logistic Regression,0.9006038666188151,0.9815180333752018
Logistic Regression,0.9006506779846146,0.9815180333752018
Logistic Regression,0.9006662817732145,0.9815180333752018
Logistic Regression,0.9007755082934137,0.9815180333752018
Logistic Regression,0.9074071184483593,0.9831329624977571
Logistic Regression,0.9074227222369591,0.9831329624977571
Logistic Regression,0.908171704089753,0.9833123990669298
Logistic Regression,0.9100129511445378,0.9836712722052754
Logistic Regression,0.9100909700875373,0.9836712722052754
Logistic Regression,0.9101845928191364,0.9836712722052754
Logistic Regression,0.9103874420709348,0.9836712722052754
Logistic Regression,0.9105746875341333,0.9836712722052754
Logistic Regression,0.9106214988999329,0.9836712722052754
Logistic Regression,0.9109803860377299,0.9843890184819666
Logistic Regression,0.9141947664893036,0.9847478916203122
Logistic Regression,0.9152558241140949,0.9847478916203122
Logistic Regression,0.9153494468456941,0.9847478916203122
Logistic Regression,0.915723937772091,0.9847478916203122
Logistic Regression,0.9157863529264906,0.9847478916203122
Logistic Regression,0.9158331642922901,0.9847478916203122
Logistic Regression,0.9217626039602416,0.986721693881213
Logistic Regression,0.9223399441384368,0.9870805670195586
Logistic Regression,0.922683227487634,0.9872600035887313
Logistic Regression,0.9227456426420335,0.9872600035887313
Logistic Regression,0.9227612464306334,0.9872600035887313
Logistic Regression,0.9311872922745643,0.9886954961421137
Logistic Regression,0.9343704651489382,0.9888749327112866
Logistic Regression,0.935244277310531,0.9890543692804593
Logistic Regression,0.9352754848877307,0.9890543692804593
Logistic Regression,0.9354783341395291,0.9890543692804593
Logistic Regression,0.9355407492939286,0.9890543692804593
Logistic Regression,0.9374756190803127,0.9895926789879778
Logistic Regression,0.9378657137953095,0.9897721155571505
Logistic Regression,0.9378813175839094,0.9897721155571505
Logistic Regression,0.937928128949709,0.9897721155571505
Logistic Regression,0.9416262268478787,0.990310425264669
Logistic Regression,0.9416886420022782,0.990310425264669
Logistic Regression,0.9417042457908781,0.990310425264669
Logistic Regression,0.9423127935462731,0.990310425264669
Logistic Regression,0.9428277185700689,0.990310425264669
Logistic Regression,0.9466818543542372,0.9908487349721873
Logistic Regression,0.9468066846630362,0.9912076081105329
Logistic Regression,0.9469627225490349,0.9912076081105329
Logistic Regression,0.9470095339148346,0.9912076081105329
Logistic Regression,0.9473060058982321,0.9913870446797057
Logistic Regression,0.9473840248412314,0.9913870446797057
Logistic Regression,0.9473996286298313,0.9913870446797057
Logistic Regression,0.9486479317178211,0.9913870446797057
Logistic Regression,0.949022422644218,0.9913870446797057
Logistic Regression,0.9490380264328179,0.9913870446797057
Logistic Regression,0.9491472529530169,0.9913870446797057
Logistic Regression,0.9506608204472046,0.9917459178180513
Logistic Regression,0.9510353113736015,0.9919253543872241
Logistic Regression,0.9510665189508013,0.9919253543872241
Logistic Regression,0.9556540327991636,0.9930019738022609
Logistic Regression,0.955732051742163,0.9930019738022609
Logistic Regression,0.9625196997831074,0.9938991566481249
Logistic Regression,0.9644389657808916,0.9942580297864705
Logistic Regression,0.9644545695694915,0.9942580297864705
Logistic Regression,0.9646262112440901,0.9942580297864705
Logistic Regression,0.9646886263984895,0.9942580297864705
Logistic Regression,0.965250362788085,0.9942580297864705
Logistic Regression,0.9652659665766848,0.9944374663556432
Logistic Regression,0.9692761402468519,0.9953346492015073
Logistic Regression,0.9694633857100504,0.99551408577068
Logistic Regression,0.9701343486198449,0.99551408577068
Logistic Regression,0.9703215940830434,0.99551408577068
Logistic Regression,0.9733175214942188,0.9958729589090256
Logistic Regression,0.9733487290714186,0.9958729589090256
Logistic Regression,0.9734423518030177,0.9958729589090256
Logistic Regression,0.9745346170050088,0.9965907051857168
Logistic Regression,0.9836160219701343,0.9969495783240624
Logistic Regression,0.983772059856133,0.9969495783240624
Logistic Regression,0.9841933621483296,0.9969495783240624
Logistic Regression,0.9878446486806997,0.9974878880315808
Logistic Regression,0.9879226676236991,0.9974878880315808
Logistic Regression,0.9888744987282913,0.9974878880315808
Logistic Regression,0.9990637726840077,0.9996411268616544
Logistic Regression,0.9993446408788054,0.9996411268616544
Logistic Regression,1.0,1.0
Random Forest,0.0,0.0
Random Forest,1.560378859987205e-05,0.0
Random Forest,1.560378859987205e-05,0.00017943656917279743
Random Forest,9.362273159923229e-05,0.00017943656917279743
Random Forest,0.0001248303087989764,0.00017943656917279743
Random Forest,0.00014043409739884844,0.00035887313834559486
Random Forest,0.00018724546319846458,0.0005383097075183922
Random Forest,0.00023405682899808072,0.0005383097075183922
Random Forest,0.00023405682899808072,0.0007177462766911897
Random Forest,0.0004369060807964174,0.0016149291225551767
Random Forest,0.0004369060807964174,0.002153238830073569
Random Forest,0.0004525098693962894,0.002512111968419164
Random Forest,0.00048371744659603353,0.002870985106764759
Random Forest,0.00048371744659603353,0.0032298582451103534
Random Forest,0.0005773401781952658,0.003947604521801543
Random Forest,0.0005929439667951378,0.004306477660147138
Random Forest,0.0009206235273924509,0.006459716490220707
Random Forest,0.0011234727791907876,0.008254082181948681
Random Forest,0.001279510665189508,0.008254082181948681
Random Forest,0.002574625118978888,0.015072671810514983
Random Forest,0.00259022890757876,0.015072671810514983
Random Forest,0.00259022890757876,0.01525210837968778
Random Forest,0.0026058326961786323,0.01525210837968778
Random Forest,0.0026058326961786323,0.015610981518033374
Random Forest,0.0026058326961786323,0.015790418087206173
Random Forest,0.004447079750963534,0.025121119684191638
Random Forest,0.004462683539563406,0.025121119684191638
Random Forest,0.004509494905363023,0.025479992822537233
Random Forest,0.005274080546756752,0.03104252646689395
Random Forest,0.005305288123956497,0.03122196303606675
Random Forest,0.005352099489756113,0.03158083617441235
Random Forest,0.0053989108555557285,0.03158083617441235
Random Forest,0.005492533587154961,0.03158083617441235
Random Forest,0.005523741164354706,0.03158083617441235
Random Forest,0.005523741164354706,0.031760272743585144
Random Forest,0.0055549487415544494,0.03247801902027633
Random Forest,0.0057109866275531695,0.033016328727794725
Random Forest,0.005757797993352786,0.03319576529696752
Random Forest,0.00578900557055253,0.03319576529696752
Random Forest,0.005820213147752274,0.03319576529696752
Random Forest,0.005835816936352147,0.03337520186614032
Random Forest,0.005882628302151763,0.03355463843531312
Random Forest,0.0059450434565512505,0.033734075004485914
Random Forest,0.005960647245151123,0.03391351157365871
Random Forest,0.006101081342549971,0.034990130988695495
Random Forest,0.006116685131149843,0.034990130988695495
Random Forest,0.006210307862749075,0.036246186972905076
Random Forest,0.0062571192285486915,0.036246186972905076
Random Forest,0.0062571192285486915,0.03642562354207787
Random Forest,0.006272723017148564,0.03660506011125067
Random Forest,0.006428760903147284,0.03714336981876906
Random Forest,0.006740836675144725,0.03750224295711466
Random Forest,0.00677204425234447,0.03750224295711466
Random Forest,0.006787648040944341,0.03768167952628746
Random Forest,0.006787648040944341,0.03786111609546026
Random Forest,0.006834459406743957,0.038040552664633055
Random Forest,0.007208950333140887,0.03839942580297865
Random Forest,0.0072713654875403745,0.03893773551049704
Random Forest,0.007333780641939863,0.039296608648842636
Random Forest,0.007396195796339352,0.039296608648842636
Random Forest,0.007536629893738199,0.04019379149470662
Random Forest,0.007708271568336793,0.04091153777139781
Random Forest,0.007957932185934744,0.04216759375560739
Random Forest,0.008051554917533977,0.04234703032478019
Random Forest,0.010438934573314402,0.04593576170823614
Random Forest,0.010953859597110179,0.04808900053830971
Random Forest,0.011000670962909794,0.048268437107482506
Random Forest,0.01263906876589636,0.052933787905975235
Random Forest,0.012654672554496232,0.05311322447514803
Random Forest,0.012982352115093545,0.05329266104432083
Random Forest,0.014573938552280494,0.05759913870446797
Random Forest,0.014886014324277934,0.05903463125785035
Random Forest,0.014917221901477679,0.05903463125785035
Random Forest,0.015354127982274096,0.059931814103714336
Random Forest,0.03247148407633373,0.10514982953525928
Random Forest,0.03251829544213335,0.10514982953525928
Random Forest,0.032689937116731946,0.10586757581195047
Random Forest,0.032767956059731304,0.10586757581195047
Random Forest,0.03284597500273066,0.10604701238112327
Random Forest,0.03290839015713015,0.10640588551946886
Random Forest,0.03306442804312887,0.10730306836533285
Random Forest,0.034312731131118636,0.11519827740893594
Random Forest,0.034812052366314544,0.11663376996231832
Random Forest,0.03492127888651365,0.11663376996231832
Random Forest,0.034999297829513006,0.11681320653149112
Random Forest,0.03552982664190866,0.1182486990848735
Random Forest,0.03646605395790098,0.12327292302171182
Random Forest,0.03648165774650085,0.12345235959088462
Random Forest,0.03657528047810008,0.12345235959088462
Random Forest,0.03676252594129855,0.12381123272923021
Random Forest,0.040148548067470785,0.1311681320653149
Random Forest,0.040148548067470785,0.1313475686344877
Random Forest,0.040398208685068736,0.1320653149111789
Random Forest,0.04130322842386131,0.13744841198636282
Random Forest,0.04130322842386131,0.13762784855553561
Random Forest,0.04135003978966093,0.13762784855553561
Random Forest,0.04156849283005914,0.1378072851247084
Random Forest,0.0430976641128466,0.14319038219989233
Random Forest,0.0430976641128466,0.14336981876906513
Random Forest,0.04317568305584596,0.14336981876906513
Random Forest,0.04453321266403483,0.1449847478916203
Random Forest,0.04540702482562766,0.14606136730665709
Random Forest,0.04595315742662318,0.14624080387582988
Random Forest,0.04598436500382293,0.14624080387582988
Random Forest,0.046062383946822286,0.14642024044500268
Random Forest,0.046499290027618705,0.14695855015252107
Random Forest,0.04659291275921794,0.14695855015252107
Random Forest,0.050852747046983005,0.1530593935043962
Random Forest,0.050961973567182114,0.153238830073569
Random Forest,0.05197621982617379,0.154136012919433
Random Forest,0.05339616458876215,0.1598779831329625
Random Forest,0.05345857974316164,0.1607751659788265
Random Forest,0.05372384414935946,0.1609546025479993
Random Forest,0.05386427824675831,0.16113403911717208
Random Forest,0.05386427824675831,0.16131347568634488
Random Forest,0.06789208419804328,0.18464022967880855
Random Forest,0.06800131071824239,0.18481966624798135
Random Forest,0.06801691450684226,0.18535797595549974
Random Forest,0.16145240064287608,0.3455948322268078
Random Forest,0.16305959086866292,0.34882469047191816
Random Forest,0.16307519465726278,0.34882469047191816
Random Forest,0.16310640223446252,0.34882469047191816
Random Forest,0.1631220060230624,0.34882469047191816
Random Forest,0.16315321360026214,0.34882469047191816
Random Forest,0.1737325822709754,0.3705365153418267
Random Forest,0.17387301636837424,0.3705365153418267
Random Forest,0.17465320579836785,0.3712542616185179
Random Forest,0.17471562095276733,0.3712542616185179
Random Forest,0.17474682852996706,0.3712542616185179
Random Forest,0.17476243231856695,0.3716131347568635
Random Forest,0.17491847020456566,0.37179257132603627
Random Forest,0.17588590509775773,0.37251031760272746
Random Forest,0.17630720738995428,0.37286919074107305
Random Forest,0.17675971725935058,0.37286919074107305
Random Forest,0.17677532104795043,0.37286919074107305
Random Forest,0.1768533399909498,0.37286919074107305
Random Forest,0.17850734158253623,0.37358693701776424
Random Forest,0.1800833242311233,0.3750224295711466
Random Forest,0.18151887278231155,0.3753813027094922
Random Forest,0.18158128793671102,0.376457922124529
Random Forest,0.182314666000905,0.3768167952628746
Random Forest,0.18257993040710285,0.3769962318320474
Random Forest,0.1825955341957027,0.3769962318320474
Random Forest,0.18295442133349976,0.3769962318320474
Random Forest,0.18482687596548442,0.3775345415395658
Random Forest,0.18485808354268415,0.3778934146779114
Random Forest,0.1849517062742834,0.37897003409294816
Random Forest,0.18518576310328147,0.37897003409294816
Random Forest,0.18520136689188135,0.37897003409294816
Random Forest,0.18596595253327508,0.3825587654764041
Random Forest,0.18604397147627444,0.3825587654764041
Random Forest,0.18615319799647354,0.3825587654764041
Random Forest,0.18635604724827187,0.3825587654764041
Random Forest,0.18637165103687175,0.3825587654764041
Random Forest,0.1864496699798711,0.3825587654764041
Random Forest,0.18648087755707085,0.3827382020455769
Random Forest,0.18886825721285128,0.3891979185357976
Random Forest,0.18913352161904912,0.3893773551049704
Random Forest,0.18914912540764897,0.3899156648124888
Random Forest,0.18921154056204847,0.3899156648124888
Random Forest,0.18927395571644795,0.3902745379508344
Random Forest,0.18950801254544603,0.3904539745200072
Random Forest,0.1896484466428449,0.39063341108918
Random Forest,0.19005414514644156,0.39171003050421677
Random Forest,0.19006974893504142,0.39171003050421677
Random Forest,0.19006974893504142,0.39188946707338956
Random Forest,0.19017897545524054,0.39206890364256236
Random Forest,0.19021018303244028,0.39206890364256236
Random Forest,0.19030380576403952,0.39296608648842635
Random Forest,0.19050665501583786,0.39296608648842635
Random Forest,0.19058467395883721,0.39404270590346313
Random Forest,0.19060027774743707,0.39404270590346313
Random Forest,0.19211384524162467,0.3949398887493271
Random Forest,0.19244152480222199,0.3961959447335367
Random Forest,0.19251954374522134,0.3965548178718823
Random Forest,0.19264437405402032,0.3970931275794007
Random Forest,0.19353379000421303,0.39799031042526467
Random Forest,0.19379905441041084,0.40014354925533824
Random Forest,0.19437639458860612,0.4013996052395478
Random Forest,0.1993540031519653,0.4075004485914229
Random Forest,0.19958805998096338,0.4082181948681141
Random Forest,0.19966607892396274,0.4082181948681141
Random Forest,0.19969728650116247,0.4082181948681141
Random Forest,0.22219794966217798,0.44231114301094565
Random Forest,0.2229625353035717,0.44231114301094565
Random Forest,0.2241952346029616,0.4439260721335008
Random Forest,0.2244136876433598,0.4441055087026736
Random Forest,0.2244292914319597,0.4441055087026736
Random Forest,0.22488180130135596,0.4448232549793648
Random Forest,0.22589604756034765,0.4462587475327472
Random Forest,0.22622372712094496,0.44643818410192
Random Forest,0.22636416121834382,0.44643818410192
Random Forest,0.22656701047014216,0.44643818410192
Random Forest,0.22856429541092577,0.44841198636282076
Random Forest,0.23035873109991106,0.45038578862372153
Random Forest,0.2304523538315103,0.45038578862372153
Random Forest,0.2304991651973099,0.45038578862372153
Random Forest,0.2323404122520948,0.4512829714695855
Random Forest,0.23235601604069467,0.4512829714695855
Random Forest,0.23241843119509417,0.4512829714695855
Random Forest,0.2423892521104124,0.4602547999282254
Random Forest,0.2424516672648119,0.4602547999282254
Random Forest,0.242560893785011,0.46061367306657097
Random Forest,0.3015276109039275,0.5377713978108739
Random Forest,0.30355610342191086,0.5426161851785394
Random Forest,0.30358731099911057,0.5426161851785394
Random Forest,0.3038837829825082,0.5427956217477122
Random Forest,0.30433629285190444,0.5436928045935762
Random Forest,0.30471078377830135,0.5445899874394402
Random Forest,0.3055377845740946,0.5458460434236497
Random Forest,0.30561580351709394,0.5460254799928226
Random Forest,0.3069109179708833,0.5463843531311682
Random Forest,0.30792516422987504,0.5471020994078594
Random Forest,0.3094543355126625,0.5505113942221425
Random Forest,0.3096259771872611,0.5505113942221425
Random Forest,0.31048418556025403,0.5512291404988336
Random Forest,0.31260630080983665,0.5542795621747713
Random Forest,0.31316803719943204,0.5542795621747713
Random Forest,0.313292867508231,0.5542795621747713
Random Forest,0.3134333016056298,0.5542795621747713
Random Forest,0.31878540109538595,0.5600215323883008
Random Forest,0.3192535147533821,0.5602009689574735
Random Forest,0.32380982102454475,0.5688139242777678
Random Forest,0.3240750854307426,0.5688139242777678
Random Forest,0.3293023546116997,0.569531670554459
Random Forest,0.3293179584002996,0.569531670554459
Random Forest,0.3300357326758937,0.5700699802619774
Random Forest,0.330363412236491,0.5700699802619774
Random Forest,0.33047263875669014,0.570428853400323
Random Forest,0.3335621888994648,0.5707877265386686
Random Forest,0.3533165852669028,0.5867575811950475
Random Forest,0.3555011156708849,0.5874753274717387
Random Forest,0.4812052366314541,0.6945989592678988
Random Forest,0.48702544977920637,0.6967521980979724
Random Forest,0.49172219014776786,0.6994437466355643
Random Forest,0.49470251377034347,0.7012381123272923
Random Forest,0.495732363817935,0.7014175488964651
Random Forest,0.5222744082263173,0.7198995155212632
Random Forest,0.5242092780127015,0.7206172617979544
Random Forest,0.5242872969557009,0.7206172617979544
Random Forest,0.525738449295489,0.7209761349363
Random Forest,0.5295457737138577,0.7215144446438184
Random Forest,0.5803048980292415,0.7559662659249955
Random Forest,0.5806013700126391,0.7561457024941683
Random Forest,0.5874514332079829,0.7574017584783779
Random Forest,0.5922261925195438,0.7584783778934147
Random Forest,0.592429041771342,0.7584783778934147
Random Forest,0.9326228408257525,0.9888749327112866
Random Forest,0.9331533696381481,0.9890543692804593
Random Forest,0.9338243325479426,0.9890543692804593
Random Forest,0.9347761636525348,0.9890543692804593
Random Forest,0.9366486182845195,0.9895926789879778
Random Forest,0.9367734485933185,0.9897721155571505
Random Forest,0.9404247351256885,0.9901309886954961
Random Forest,0.9472123831666328,0.9910281715413601
Random Forest,0.9475868740930298,0.9910281715413601
Random Forest,0.9476804968246291,0.9910281715413601
Random Forest,0.9567619017897545,0.9913870446797057
Random Forest,0.9590868662911355,0.9919253543872241
Random Forest,0.9632530778473013,0.9928225372330881
Random Forest,0.9671852325744691,0.9933608469406064
Random Forest,0.9675441197122662,0.9933608469406064
Random Forest,0.9676221386552655,0.9935402835097793
Random Forest,0.9697286501162482,0.9940785932172976
Random Forest,0.9781546959601791,0.99551408577068
Random Forest,0.9783731490005774,0.9956935223398529
Random Forest,0.979028508121772,0.9960523954781985
Random Forest,0.9792313573735703,0.9960523954781985
Random Forest,0.9841777583597298,0.9965907051857168
Random Forest,0.9844586265545274,0.9965907051857168
Random Forest,0.9892021782888886,0.9978467611699264
Random Forest,0.9898107260442836,0.9978467611699264
Random Forest,1.0,1.0
GBT Classifier,0.0,0.0
GBT Classifier,1.560378859987205e-05,0.0
GBT Classifier,1.560378859987205e-05,0.00017943656917279743
GBT Classifier,3.12075771997441e-05,0.0005383097075183922
GBT Classifier,3.12075771997441e-05,0.0007177462766911897
GBT Classifier,0.00037449092639692917,0.002870985106764759
GBT Classifier,0.0005773401781952658,0.0037681679526287456
GBT Classifier,0.0005929439667951378,0.0037681679526287456
GBT Classifier,0.0006865666983943701,0.004665350798492732
GBT Classifier,0.000951831104592195,0.006818589628566302
GBT Classifier,0.000983038681791939,0.007536335905257491
GBT Classifier,0.0010454538361914273,0.007895209043603087
GBT Classifier,0.0010610576247912992,0.007895209043603087
GBT Classifier,0.0010610576247912992,0.008254082181948681
GBT Classifier,0.0010610576247912992,0.008433518751121478
GBT Classifier,0.0010922652019910435,0.008433518751121478
GBT Classifier,0.0013575296081888683,0.01040732101202225
GBT Classifier,0.0014043409739884845,0.010766194150367845
GBT Classifier,0.0014355485511882286,0.011304503857886236
GBT Classifier,0.001591586437186949,0.01184281356540463
GBT Classifier,0.0017632281117855415,0.012022250134577427
GBT Classifier,0.0017788319003854136,0.012201686703750225
GBT Classifier,0.0033704183375723624,0.021352951731562892
GBT Classifier,0.0034172297033719786,0.022429571146599676
GBT Classifier,0.0034172297033719786,0.022609007715772473
GBT Classifier,0.004228626710565325,0.02853041449847479
GBT Classifier,0.004275438076364942,0.02906872420599318
GBT Classifier,0.004275438076364942,0.02924816077516598
GBT Classifier,0.005679779050353426,0.038040552664633055
GBT Classifier,0.005695382838953298,0.03821998923380585
GBT Classifier,0.0064911760575467724,0.043244213170644176
GBT Classifier,0.006522383634746516,0.043244213170644176
GBT Classifier,0.008020347340334234,0.05185716849093845
GBT Classifier,0.00959632998892131,0.06011125067288713
GBT Classifier,0.009721160297720287,0.06047012381123273
GBT Classifier,0.009721160297720287,0.060649560380405525
GBT Classifier,0.010594972459313122,0.06495603804055267
GBT Classifier,0.010672991402312482,0.06513547460972546
GBT Classifier,0.010688595190912354,0.06531491117889826
GBT Classifier,0.011624822506904676,0.07033913511573658
GBT Classifier,0.011687237661304164,0.07033913511573658
GBT Classifier,0.011812067970103141,0.07105688139242777
GBT Classifier,0.011874483124502629,0.07105688139242777
GBT Classifier,0.011921294490302246,0.07141575453077337
GBT Classifier,0.011936898278902118,0.07141575453077337
GBT Classifier,0.012685880131695975,0.07482504934505652
GBT Classifier,0.012888729383494313,0.07500448591422933
GBT Classifier,0.012935540749293928,0.07518392248340212
GBT Classifier,0.012935540749293928,0.07536335905257492
GBT Classifier,0.0129511445378938,0.07536335905257492
GBT Classifier,0.012982352115093545,0.07536335905257492
GBT Classifier,0.012997955903693417,0.07536335905257492
GBT Classifier,0.012997955903693417,0.07554279562174772
GBT Classifier,0.013185201366891882,0.0764399784676117
GBT Classifier,0.013466069561689577,0.07751659788264849
GBT Classifier,0.013512880927489195,0.07823434415933968
GBT Classifier,0.013512880927489195,0.07841378072851247
GBT Classifier,0.014027805951284972,0.08038758298941324
GBT Classifier,0.014308674146082669,0.08182307554279562
GBT Classifier,0.014495919609281134,0.08236138525031401
GBT Classifier,0.014495919609281134,0.0828996949578324
GBT Classifier,0.014511523397881006,0.0828996949578324
GBT Classifier,0.014761184015478959,0.08415575094204199
GBT Classifier,0.014792391592678703,0.08433518751121478
GBT Classifier,0.014932825690077551,0.08469406064956038
GBT Classifier,0.014948429478677423,0.08487349721873318
GBT Classifier,0.014979637055877166,0.08487349721873318
GBT Classifier,0.014995240844477039,0.08505293378790597
GBT Classifier,0.014995240844477039,0.08523237035707877
GBT Classifier,0.015010844633076911,0.08523237035707877
GBT Classifier,0.015010844633076911,0.08559124349542437
GBT Classifier,0.016134317412267698,0.08810335546384353
GBT Classifier,0.016134317412267698,0.08828279203301632
GBT Classifier,0.01614992120086757,0.08846222860218912
GBT Classifier,0.01766348869505516,0.09402476224654585
GBT Classifier,0.019442320595440574,0.10012560559842096
GBT Classifier,0.019457924384040447,0.10012560559842096
GBT Classifier,0.021033907032627523,0.1038937735510497
GBT Classifier,0.03721503581069484,0.14408756504575632
GBT Classifier,0.037495904005492534,0.1451641844607931
GBT Classifier,0.03758952673709177,0.14624080387582988
GBT Classifier,0.03762073431429151,0.14659967701417548
GBT Classifier,0.037667545680091126,0.14677911358334828
GBT Classifier,0.037683149468690995,0.14713798672169387
GBT Classifier,0.037745564623090484,0.14749685986003946
GBT Classifier,0.039664830620874746,0.1537771397810874
GBT Classifier,0.03983647229547334,0.15539206890364257
GBT Classifier,0.04060105793686707,0.15898080028709852
GBT Classifier,0.040788303400065534,0.15916023685627131
GBT Classifier,0.04088192613166477,0.15916023685627131
GBT Classifier,0.041022360229063616,0.1593396734254441
GBT Classifier,0.041084775383463105,0.1596985465637897
GBT Classifier,0.04150607767565965,0.1602368562713081
GBT Classifier,0.042520323934651334,0.16113403911717208
GBT Classifier,0.04590634606082357,0.16849093845325677
GBT Classifier,0.04635885593021986,0.16992643100663915
GBT Classifier,0.1478927083495873,0.33070159698546564
GBT Classifier,0.1479863310811865,0.33106047012381123
GBT Classifier,0.14803314244698612,0.33123990669298403
GBT Classifier,0.148048746235586,0.33141934326215683
GBT Classifier,0.14818918033298484,0.33141934326215683
GBT Classifier,0.1482203879101846,0.33141934326215683
GBT Classifier,0.14857927504798166,0.3326753992463664
GBT Classifier,0.14879772808837985,0.3326753992463664
GBT Classifier,0.1488913508199791,0.3332137089538848
GBT Classifier,0.14901618112877807,0.3332137089538848
GBT Classifier,0.14918782280337667,0.333931455230576
GBT Classifier,0.1492190303805764,0.3341108917997488
GBT Classifier,0.14954670994117372,0.3342903283689216
GBT Classifier,0.14992120086757066,0.33536694778395837
GBT Classifier,0.15207452369435298,0.3411089179974879
GBT Classifier,0.15260505250674863,0.34254441055087026
GBT Classifier,0.1545243185045329,0.3477480710568814
GBT Classifier,0.15460233744753227,0.34882469047191816
GBT Classifier,0.1546491488133319,0.34882469047191816
GBT Classifier,0.15466475260193174,0.34882469047191816
GBT Classifier,0.1547427715449311,0.34918356361026376
GBT Classifier,0.15617832009611934,0.35043961959447334
GBT Classifier,0.15634996177071794,0.35097792930199173
GBT Classifier,0.15639677313651754,0.35097792930199173
GBT Classifier,0.15900260583269618,0.3518751121478557
GBT Classifier,0.15906502098709566,0.3518751121478557
GBT Classifier,0.1591586437186949,0.3520545487170285
GBT Classifier,0.15918985129589464,0.3522339852862013
GBT Classifier,0.15925226645029414,0.3522339852862013
GBT Classifier,0.15939270054769297,0.3524134218553741
GBT Classifier,0.1612807589682775,0.3540283509779293
GBT Classifier,0.16179568399207328,0.35492553382379327
GBT Classifier,0.16190491051227238,0.35510497039296607
GBT Classifier,0.16190491051227238,0.35528440696213887
GBT Classifier,0.1637305537784574,0.35564328010048446
GBT Classifier,0.16394900681885563,0.35600215323883005
GBT Classifier,0.17732145364894597,0.3813027094921945
GBT Classifier,0.17758671805514378,0.3813027094921945
GBT Classifier,0.1776959445753429,0.3818410191997129
GBT Classifier,0.17772715215254264,0.3818410191997129
GBT Classifier,0.17777396351834227,0.3818410191997129
GBT Classifier,0.17814845444473917,0.3820204557688857
GBT Classifier,0.20551749964891475,0.4238291763861475
GBT Classifier,0.20675019894830465,0.42634128835456664
GBT Classifier,0.2067658027369045,0.42634128835456664
GBT Classifier,0.2088411066206875,0.43118607572223216
GBT Classifier,0.20898154071808636,0.43136551229140496
GBT Classifier,0.20905955966108572,0.43136551229140496
GBT Classifier,0.20913757860408508,0.43154494886057776
GBT Classifier,0.21116607112206845,0.43280100484478734
GBT Classifier,0.2111816749106683,0.43280100484478734
GBT Classifier,0.21122848627646792,0.43280100484478734
GBT Classifier,0.21138452416246664,0.43280100484478734
GBT Classifier,0.21149375068266574,0.43280100484478734
GBT Classifier,0.21683024638382198,0.44213170644177285
GBT Classifier,0.2730975080749606,0.5185716849093845
GBT Classifier,0.27328475353815906,0.5187511214785573
GBT Classifier,0.2733783762697583,0.5198277408935941
GBT Classifier,0.2734407914241578,0.5198277408935941
GBT Classifier,0.2755473028851405,0.5244930916920868
GBT Classifier,0.27560971803954,0.5244930916920868
GBT Classifier,0.27560971803954,0.5246725282612597
GBT Classifier,0.2770296628021284,0.5262874573838148
GBT Classifier,0.2804624962941002,0.5329266104432083
GBT Classifier,0.2826470266980823,0.5336443567198995
GBT Classifier,0.2847691419476649,0.5366947783958371
GBT Classifier,0.28813956028523724,0.5379508343800466
GBT Classifier,0.288170767862437,0.5379508343800466
GBT Classifier,0.2884516360572347,0.5379508343800466
GBT Classifier,0.28846723984583456,0.5379508343800466
GBT Classifier,0.288779315617832,0.5379508343800466
GBT Classifier,0.2899652035514223,0.5399246366409475
GBT Classifier,0.2904021096322187,0.5408218194868114
GBT Classifier,0.2904645247866182,0.5408218194868114
GBT Classifier,0.2908390157130151,0.541180692625157
GBT Classifier,0.2923369794186028,0.5415395657635026
GBT Classifier,0.2923681869958026,0.5415395657635026
GBT Classifier,0.29310156505999657,0.542077875471021
GBT Classifier,0.2932576029459953,0.5426161851785394
GBT Classifier,0.295972662162373,0.5463843531311682
GBT Classifier,0.29762666375395946,0.5471020994078594
GBT Classifier,0.29767347511975906,0.5471020994078594
GBT Classifier,0.30957916582146144,0.5584066032657455
GBT Classifier,0.310359355251455,0.5593037861116096
GBT Classifier,0.3104061666172547,0.5593037861116096
GBT Classifier,0.3146660009050197,0.5654046294634847
GBT Classifier,0.3214380451573642,0.5749147676296429
GBT Classifier,0.3233573111551485,0.5777857527364076
GBT Classifier,0.3237318020815454,0.5779651893055805
GBT Classifier,0.32398146269914335,0.5785034990130988
GBT Classifier,0.3246836331861376,0.57922124528979
GBT Classifier,0.501349727713889,0.7211555715054728
GBT Classifier,0.5047981649944606,0.722770500628028
GBT Classifier,0.9050977577355782,0.9811591602368562
GBT Classifier,0.9052537956215769,0.9813385968060291
GBT Classifier,0.9058935509541717,0.9815180333752018
GBT Classifier,0.9141167475463042,0.9827740893594115
GBT Classifier,0.9145068422613011,0.9827740893594115
GBT Classifier,0.9203270554090534,0.984927328189485
GBT Classifier,0.920498697083652,0.984927328189485
GBT Classifier,0.920982414530248,0.984927328189485
GBT Classifier,0.9210292258960475,0.984927328189485
GBT Classifier,0.9211384524162467,0.9852862013278306
GBT Classifier,0.9297985550891756,0.986721693881213
GBT Classifier,0.9298141588777755,0.986721693881213
GBT Classifier,0.9300482157067737,0.9869011304503857
GBT Classifier,0.9357592023343267,0.9876188767270769
GBT Classifier,0.935977655374725,0.9877983132962498
GBT Classifier,0.9359932591633249,0.9879777498654225
GBT Classifier,0.9359932591633249,0.9881571864345954
GBT Classifier,0.9360868818949241,0.9883366230037681
GBT Classifier,0.9510197075850017,0.9917459178180513
GBT Classifier,0.9529545773713858,0.9924636640947425
GBT Classifier,0.9606628489397225,0.9940785932172976
GBT Classifier,0.963299889213101,0.9949757760631617
GBT Classifier,0.9753772215894019,0.9956935223398529
GBT Classifier,0.976094995864996,0.9962318320473712
GBT Classifier,0.9767503549861907,0.9962318320473712
GBT Classifier,0.9818683976469487,0.9965907051857168
GBT Classifier,0.981962020378548,0.9965907051857168
GBT Classifier,0.9894674426950864,0.9983850708774448
GBT Classifier,0.9900603866618815,0.9983850708774448
GBT Classifier,0.9969104498572253,0.9996411268616544
GBT Classifier,1.0,1.0
