covariate,Coefficient,Hazard_Ratio,p_value,HR_lower_95CI,HR_upper_95CI
hour,0.0112262710525254,1.0112895221029479,0.0,1.01077733723795,1.0118019665041724
day_of_week,-0.009611658797758483,0.9904343855557078,2.1631057393904433e-29,0.988778142993611,0.9920934023897117
calls_past_30min,-0.1700644389011402,0.843610453514239,1.1670345655427908e-204,0.8344490816313719,0.8528724076095189
calls_past_60min,0.07526193710552782,1.0781665257198176,4.75727087805619e-90,1.0702914977591385,1.0860994968347788
Event_Alarm_Level,0.140057711635454,1.150340184954986,4.255674601438327e-13,1.1075825392906602,1.1947484672065647
